subject,Af3,Af4,Af7,Af8,Afz,C1,C2,C3,C4,C5,C6,Cp1,Cp2,Cp3,Cp4,Cp5,Cp6,Cpz,Cz,F1,F2,F3,F4,F5,F6,F7,F8,Fc1,Fc2,Fc3,Fc4,Fc5,Fc6,Fcz,Fp1,Fp2,Fpz,Ft7,Ft8,Fz,Iz,O1,O2,Oz,P1,P2,P3,P4,P5,P6,P7,P8,Po3,Po4,Po7,Po8,Poz,Pz,T10,T7,T8,T9,Tp7,Tp8
001,-4.975145233510623e-07,-5.146702351591686e-08,-6.041852188879847e-07,-7.842598299337077e-07,2.2192479352195302e-07,1.943525157036626e-06,1.5557175571731478e-06,2.7033823461524155e-06,2.022248399708769e-06,1.9536797890194723e-06,8.365974871818305e-07,2.664239738549489e-06,1.2096943468965046e-06,3.0756049821155077e-06,6.769474295550972e-07,2.076779700678765e-06,3.967778439315174e-07,2.032040661063977e-06,1.5217396690701864e-06,-1.974050700624372e-08,1.3071079250059928e-07,7.608696085056931e-07,6.930974870837577e-07,1.746032575499812e-08,-1.4216461411206151e-08,-6.539521416946903e-07,-1.428381124307309e-06,6.715625728183053e-07,8.139369374729872e-07,1.0460730182916531e-06,1.5585266895301557e-06,4.284529179158851e-07,7.916938631549865e-07,2.3115729564411588e-07,4.68379597484593e-08,-3.490591554156657e-07,2.773361776289647e-07,7.833444655593427e-08,6.203736884030893e-08,1.5460378111234216e-07,-8.061078399354334e-07,-1.4982879965249938e-06,-1.3575566849761518e-06,-7.45958795840896e-07,1.5867806027428643e-06,6.31027977034767e-07,1.9274817538626247e-06,-8.972699320198326e-08,1.077532100593784e-06,-9.208887496404765e-07,4.060236948337417e-07,-1.187405390532341e-06,1.7193264226263893e-07,-7.837554144259016e-07,-3.56696571544719e-07,-2.3680591569955444e-06,7.180418608504038e-07,2.2176618931116513e-06,6.861064164475932e-07,4.6729635804552064e-07,3.3184911873142314e-07,-4.239827661438426e-07,3.2950021979802567e-07,8.125304155891129e-07
002,8.27362731517005e-08,2.2743375274284244e-07,-4.5075333105056596e-07,2.0690456038323e-07,3.887317240698576e-07,8.102999396964099e-07,-8.604559984094675e-08,1.5901823822780516e-06,2.2092996747543765e-07,1.2347539894661077e-06,-4.0467561778838796e-07,8.582972633152581e-07,-2.295350298183979e-07,1.3555422983804426e-06,-1.3778819603032824e-07,9.257948452822426e-07,1.2099850317301612e-07,3.61549364169714e-08,-2.704182459652279e-07,3.4452337083686825e-07,1.304510753556704e-07,2.1359293625833465e-07,4.324221682540964e-08,-1.5394650069765101e-06,-8.028885085148766e-09,-9.330973578981309e-08,6.669377975145286e-07,7.403273468763101e-08,2.8018066423046447e-07,7.220934524638391e-07,2.4815976145681546e-07,9.129256614480916e-07,3.125341763378975e-07,7.547990665563054e-07,4.955092900816806e-07,2.4614303367929744e-07,3.21699874403949e-07,7.236519718238016e-07,7.413151905716363e-07,7.70565123988667e-08,-8.795397744057043e-07,-2.395259036733236e-06,5.822014051019217e-07,-9.623382966527826e-07,-2.2999311648375172e-07,-1.4199071676819399e-06,5.07085676928164e-07,-4.0349216648820606e-07,9.860765462585186e-09,1.0861000754317514e-06,6.298640453524367e-07,2.3316624248458947e-06,-9.190507163683731e-07,-2.6389803724961706e-07,1.1087332274061572e-08,2.6368567868046032e-06,-1.913134749946042e-06,-1.1605194554609564e-07,5.702600308984943e-07,2.403138847197747e-08,1.379930454405022e-06,1.9320818358263217e-06,2.186244616893848e-06,1.449469174595403e-06
003,-4.62217877640735e-07,6.045051914318038e-07,-5.473017187768497e-07,7.042116391550927e-07,7.187152864335798e-07,1.3991500234113651e-06,2.962159282006121e-06,7.067912202597624e-07,2.211038252589588e-06,-1.4038714298456451e-06,-9.213771899371104e-07,2.51162712921072e-06,2.7328998026721097e-06,3.460143309813989e-06,4.218043177842968e-06,1.3880602685465524e-06,1.9759743335350396e-06,3.9801438893379396e-06,1.9528655730290413e-06,9.505682674929779e-07,1.6446778091339208e-06,1.4166458971095497e-07,1.623232781894806e-06,-1.3191920241697542e-06,1.033799369016968e-06,-1.215927603261322e-06,1.6902101048218838e-07,1.183513332348849e-06,2.7951053024506504e-06,-2.9877599236876193e-07,1.4646768441192345e-06,-2.5723459795396705e-06,1.3029850741365802e-06,1.4898601455118032e-06,-1.7162757991687697e-08,5.004655678141783e-07,7.17260503158176e-09,-2.126069967056228e-06,1.5582844771923827e-08,9.322585318901153e-07,1.5083025609266743e-07,2.0649399587051916e-06,2.1520091552682174e-06,2.106873388814849e-06,4.22595817976729e-06,4.972090336825065e-06,4.041384607952666e-06,4.8215473673485014e-06,2.139522882359157e-06,3.5319461079987193e-06,1.2116089147740739e-06,2.5115464298549173e-06,3.7392655191032723e-06,4.8539883452303015e-06,2.478113359538256e-06,4.547516288175972e-06,4.515635103518333e-06,4.3898287066237225e-06,1.3189620282059718e-07,-9.58246485692466e-07,-6.622760798825669e-07,-9.538838817218556e-07,-8.474719537504538e-07,-7.767584549073903e-07
004,-4.693260704200715e-07,1.692453674399752e-07,3.0714364493446487e-07,-4.5092523958348486e-07,-1.6294668743613812e-07,-5.476482008366658e-08,6.682522475037726e-08,-5.895720350728805e-07,1.9131631243169035e-07,-4.906554121763333e-07,7.992502892079246e-07,-1.2189189811503344e-08,-2.2014045662125798e-07,-5.37465686602916e-07,-4.1494651828635846e-07,-7.972949350475055e-07,1.6784376828364533e-06,-1.7152027413100913e-07,-1.42822006854445e-07,-2.878752190216424e-07,1.452163566727457e-07,-6.503456611207129e-07,9.814743195225879e-08,-9.7223437997963e-07,-3.419659700119726e-07,-1.1458251280846897e-06,5.57150554484794e-07,-7.91525724039401e-08,4.109528327924666e-08,-3.346671306003805e-07,2.8081769285937256e-07,-3.036540153437855e-07,2.633620715750221e-07,6.98642828687716e-08,3.649450832452483e-07,1.953076774076625e-09,2.158004765551203e-07,5.381872580676595e-07,-2.4896181803321567e-05,1.2112912942004495e-07,-1.214081665064543e-06,7.17166238377417e-08,-2.2008252779927999e-07,-3.4073397357884354e-07,4.7599363241955766e-07,-1.6938205924724638e-07,-1.0099140814961423e-07,6.041189057082382e-08,-1.3967446443652653e-07,4.876569659581008e-07,-5.346399269531008e-07,3.294146725230769e-07,5.688173451188523e-08,-9.855446908095446e-08,3.625881261944063e-07,9.65730999035595e-08,-5.733182635337647e-07,-3.016349291932453e-07,-9.65267071936398e-07,-9.105091010029662e-07,4.402141598062177e-08,-1.4124178511219167e-06,-1.0592712816650565e-06,2.92350136308564e-07
005,8.840727244245985e-07,-6.800893879083448e-07,-9.719407791353997e-07,-2.8757964936904917e-07,4.963665647166099e-07,1.5150656281594073e-06,1.6386582643579382e-06,1.0144832323270883e-06,1.3836529391478789e-06,9.682632618104718e-07,-1.99781792224711e-06,1.4762045090918308e-06,1.7797962105166997e-06,1.0169250911514406e-06,8.342481528452649e-07,1.0938351650181134e-06,-5.073992580527889e-06,1.988235042267202e-06,2.0627223138441663e-06,1.26534859838237e-06,1.1209074271709332e-06,3.9783722086966476e-07,6.770713281818757e-07,-4.1139481607629115e-06,-7.139663967746245e-07,-5.603459908123162e-06,-3.573408410505069e-06,9.422542740332124e-07,1.5938489677200046e-06,1.3452153251566537e-06,-2.0515535971618545e-06,-5.028669367428891e-06,-2.0958985568338908e-06,1.3177323349597242e-06,1.686396722985637e-07,6.546566271496781e-08,5.952852257662792e-07,-6.830669569671192e-07,-7.089574767807758e-07,1.1127349089957403e-06,1.403734647278654e-06,2.0808801719962654e-06,2.1176574608598404e-06,2.063877134570856e-06,1.7851909901562183e-06,2.2407086572052547e-06,8.314415815914564e-07,1.3426623802920601e-06,-2.0528091723654726e-06,-8.442293103692857e-07,-2.4500826005372324e-06,-1.2007577291770084e-06,1.7647918989248563e-06,2.208552189186186e-06,2.183948410284679e-08,-8.699256390932227e-06,2.824809287979883e-06,2.0381954512334193e-06,-4.614509546650653e-06,-3.5427142612189195e-07,-1.1785210360369284e-06,2.893642385805347e-06,-3.9178239163947825e-06,-1.1853477257964843e-06
006,-1.432200192314419e-07,-6.538671767568639e-07,-1.4075252731422735e-07,-6.898806723058964e-07,-1.26884197187758e-07,8.281730587099049e-07,7.779404700074333e-07,1.1571058041533204e-06,1.2766738939686402e-06,1.2410723456029587e-06,6.444851063759484e-07,4.963597694385398e-07,1.4589946877531635e-06,5.560807700536877e-07,1.4529014618509556e-06,8.941655492331886e-08,9.605855828682528e-07,2.865600490417184e-08,6.389417454473493e-07,-1.733838549590385e-07,2.991915664000009e-07,-1.9712051352049456e-07,2.5110354806833864e-07,-1.7850625823966814e-07,-4.831104391682088e-07,-3.5008699225866345e-07,-1.341686013529665e-06,-1.0237242174893764e-06,7.330041729747332e-07,-1.0432859327662622e-06,7.595302966026874e-07,5.927204883618546e-08,5.342875790324479e-07,-8.328712687026164e-07,6.220563213108347e-08,-6.405604765606779e-07,-3.7615077917833687e-07,1.9669140980242208e-07,6.165659632956833e-07,-1.2483863518989438e-07,4.1044900977911454e-07,5.373760139639821e-07,2.705855924608211e-07,-3.0726558558947916e-08,4.456100613103862e-07,1.23187649323194e-06,4.989287854556175e-07,7.829312925517926e-07,5.718453055633772e-07,7.886353407119337e-07,5.346167850579872e-07,6.765868578741595e-07,5.373937405980214e-07,6.099013315021444e-07,-1.6301547893111346e-07,5.603530296773072e-07,3.896026828451586e-07,5.184934742884322e-07,-5.252324779098745e-07,-7.015650471469971e-07,6.42349023779148e-07,-1.8801103926779882e-08,-3.044151132094549e-07,6.34725334167185e-07
007,3.6173433034545536e-06,3.2213923250912333e-06,3.4986517534986985e-06,3.245294067423743e-06,4.2459886159173794e-06,5.218473981245564e-06,5.832176737722256e-06,5.1234273525736125e-06,5.798718558366289e-06,6.369823578819876e-06,4.559013890828578e-06,8.488626081320311e-06,8.386286198595738e-06,8.56797896201233e-06,8.395354094886298e-06,8.87951667328919e-06,7.915110178717471e-06,8.50188577959433e-06,5.152582462354556e-06,3.909621564845763e-06,3.970665970493818e-06,3.88042129916921e-06,3.9295002969383105e-06,4.338572081326215e-06,3.987527841639079e-06,4.992195858148058e-06,2.6646906802726893e-06,4.459786462264184e-06,4.6453578677632396e-06,4.281838934730705e-06,4.493569555761182e-06,5.3921044934531665e-06,3.892267335571991e-06,4.488384762421709e-06,3.899639389989205e-06,3.6506612548020376e-06,3.779899300103749e-06,6.710985080032271e-06,2.9496655920857646e-06,3.412182386484484e-06,1.1219145172614182e-05,1.556301947465584e-05,1.5981953692484873e-05,1.9338861394921013e-05,1.381615258735408e-05,1.5007550252809783e-05,1.3158599389232802e-05,1.441062021227867e-05,1.3259302897345961e-05,1.43276002082687e-05,1.364659013734707e-05,1.3851392171992263e-05,1.6023278917110506e-05,2.0468617081427905e-05,1.6127268689999825e-05,2.0486744676592238e-05,1.858602910174864e-05,1.4893215554925124e-05,3.655850167381125e-07,7.05281966880059e-06,3.254479468505127e-06,6.874723614640414e-06,1.0296081920240053e-05,8.561497483137421e-06
008,4.629774997353362e-06,4.8946388604861415e-06,4.999992375264763e-06,4.938577025640324e-06,4.756666927458461e-06,5.199317912150737e-06,5.440962606998333e-06,5.515166440223987e-06,6.101565113581095e-06,5.285143947763395e-06,4.729302423198457e-06,5.0693521641970425e-06,5.4308258434364655e-06,6.27310463663254e-06,5.629801895354507e-06,6.4117209007526675e-06,5.447620347393476e-06,3.2865311266843944e-06,4.8424764819593575e-06,4.923706162014269e-06,4.934707350864933e-06,5.173388995825132e-06,4.889617945822575e-06,4.936329510830262e-06,4.689171715137153e-06,4.217297140842743e-06,4.295826857411465e-06,5.056872000506269e-06,5.154512246420646e-06,4.940529507107689e-06,5.122368563920427e-06,4.891559517077665e-06,4.1416921424418795e-06,5.115199446614395e-06,5.602166590264275e-06,5.40259196903658e-06,5.363025279322691e-06,3.913488164636383e-06,3.816827706166757e-06,4.758375442647931e-06,7.339600127694139e-06,1.1586878651267137e-05,8.361875693766798e-06,8.699734181135167e-06,6.362886221229376e-06,5.492184904141674e-06,6.583068281965347e-06,5.503858301014447e-06,7.311459841168664e-06,5.680680733353255e-06,5.5300166615773315e-06,5.686286537472848e-06,9.098835489574394e-06,6.4995189789802435e-06,9.792629630634658e-06,7.709692858512166e-06,6.577671731732048e-06,5.30722440361146e-06,4.98370392328362e-06,5.284627918561888e-06,3.7240606317066195e-06,4.800303846332064e-06,5.2019549199063455e-06,3.719874179866898e-06
009,-4.294778032469832e-06,-4.400812017689132e-06,-5.570800918770293e-06,-8.954410687791962e-07,-3.941392440177369e-06,-1.5037592739947223e-06,-1.3035766076707026e-06,-2.3585538934920547e-06,-1.3524105209067888e-06,-1.969167109036597e-06,-2.425851475281657e-06,-7.594326089972204e-07,-4.366363027046876e-07,-1.8301608338917436e-06,-2.1191892544282846e-06,-3.1957026705965864e-06,-3.399965815526711e-06,-3.454737661393994e-07,-8.871245948224692e-07,-4.819016096885789e-06,-3.588546580514558e-06,-4.906183558544005e-06,-1.9961473116013862e-06,-3.5949330301416856e-06,-2.6398686868494233e-06,-2.6243352916724915e-06,-1.081125442383437e-06,-3.521852892957703e-06,-2.713645671958457e-06,-4.30642146096533e-06,-2.306036236186351e-06,-3.8942617492365934e-06,-1.9442741808319665e-06,-3.373613283680393e-06,-3.689505344577069e-06,-2.1241374092182183e-06,-3.1197854197950733e-06,-5.730373481505488e-06,-3.0580592381168767e-06,-4.313000935536384e-06,-1.6607286533326587e-06,-4.439442972045098e-08,-1.3772462504473388e-06,-8.705010442850469e-07,-3.455761521384016e-07,-1.5545831759651652e-06,3.343349991070483e-08,-2.1286724515182776e-06,-6.528650015119763e-07,-2.1848198537750514e-06,-4.454331135291338e-06,-5.670711495717228e-06,-2.8425117381259877e-07,-1.8897286166500905e-06,-5.173597878428928e-07,-3.0757832585370107e-06,-1.6596042053415068e-06,-9.801020574665776e-07,-8.740009009185055e-07,-8.661511464230405e-06,-1.3597631033897823e-06,-3.591243285129116e-06,-1.620855094894089e-06,-5.0211102601903576e-06
010,3.008884098284956e-06,2.2562110262208563e-06,2.7511487435414892e-06,1.0973688029147774e-06,-6.114109090489478e-07,2.3319685876300336e-06,5.755810437009349e-06,3.497469615938681e-06,5.025367435988855e-06,2.7327740568733204e-06,3.1353642814155866e-06,2.7687226077522866e-06,4.858815415858609e-06,-5.503334984672818e-07,5.757917132690851e-06,1.8606824099894891e-06,2.9481841604500046e-06,2.9076977058455567e-06,4.848066225533769e-06,1.2194272834516861e-06,2.3934509904496524e-06,3.0884453150738732e-06,3.156806747758354e-06,2.6601370905823794e-06,2.3597465379533358e-06,2.000991365313091e-06,-7.437136123527642e-07,-1.7641815833600002e-06,4.32376986596051e-06,2.8614802587362044e-06,3.3371138344050247e-06,1.7165212533444036e-07,2.488287431263142e-06,2.4793643535488758e-06,1.3562584050675562e-06,8.95917288742666e-07,1.529925450342705e-06,1.19698601240722e-06,1.0043096201580987e-06,2.631619663640474e-06,-8.944191745313669e-08,7.17778835045748e-07,9.017227073645955e-07,1.3038943613272727e-06,1.6764649334148116e-06,4.463836083098529e-06,-1.4741562687507437e-06,4.527456734735938e-06,3.841817690583263e-07,-3.4805937990343474e-06,-1.3357131134455912e-07,1.4976600578381034e-06,-1.6884865131552015e-06,2.7815875530676223e-06,1.0861038377190587e-08,4.837053681680677e-07,2.777417087856696e-06,3.3358888660576196e-06,-1.2651595167112011e-06,-5.036527855324596e-07,2.2992462395597995e-06,-1.1363631923004874e-06,7.083326290503674e-08,1.482894507105839e-06
011,8.132082172974243e-07,4.851110401570901e-07,7.341913318322959e-07,-4.1272947307365345e-06,7.7234172000867e-07,7.075782343983837e-07,1.0849687995656115e-06,8.21448788069442e-07,8.072175658844431e-07,6.837538904216767e-07,8.842537257504474e-07,4.262427162348923e-08,-2.4762188706562766e-06,5.98660020437856e-07,4.194605344526905e-07,1.5658122642986376e-07,1.3262873057003437e-07,8.54588316366919e-07,8.52591688173123e-07,1.0103448317169903e-06,8.111552032783977e-07,7.656892451660118e-07,7.227822595492898e-07,7.544590897155802e-07,1.20050832290104e-07,7.845644844891859e-07,1.740198069404257e-07,1.011420016188438e-06,7.229010341939951e-07,1.048334554509041e-06,6.772243579004129e-07,6.584252145831557e-07,9.134444628631321e-07,1.0430475981609188e-06,9.429108695022175e-07,3.13102843909459e-07,-2.3321811962834834e-07,-4.5292693794725015e-07,1.1027702583213045e-07,9.09714128539683e-07,2.390050698341671e-07,-1.949633626843446e-07,-8.7989560090066e-07,-3.9362355075467016e-07,6.541197814498176e-07,2.829749217994406e-07,5.039472427459171e-07,1.0632677554946094e-07,4.6345283592184284e-07,6.875245227486663e-08,6.780446694690475e-07,3.550349145367154e-07,3.137931186639888e-07,-2.9383531081734796e-07,8.62551071703422e-07,-2.7335082477236024e-07,-1.0788426624854633e-07,4.4791692519242616e-07,6.39901738731125e-07,6.489717882657823e-07,-2.2429434438498708e-07,5.620860435484705e-07,-1.0244628494525522e-06,1.5690090764668532e-07
012,8.337819364072249e-07,-1.2799545075941803e-06,6.692655542552962e-07,-1.0663207362726134e-06,-7.681003509221056e-07,1.054946350819516e-06,1.4642866332757872e-06,1.4052939263143023e-06,2.4049741153327104e-06,1.2820624053786433e-06,2.0034060094906365e-06,1.9809802666012286e-06,2.2492047861852654e-06,2.0133611726186104e-06,3.2708380166888465e-06,2.2122839495447863e-06,3.203564565834693e-06,1.689727399456519e-06,1.2905861743576222e-06,4.038317538759267e-07,-2.1063003128838624e-07,3.5927538507616516e-07,-1.9137322314911037e-07,8.345988763505227e-07,-2.1406199247969948e-07,8.327703781718619e-07,-2.84971743855285e-07,7.496994012343787e-07,1.1088667180239622e-06,8.233101629637112e-07,1.654465129251908e-06,9.46592807741656e-07,1.115991283189352e-06,7.77770081496335e-07,-1.0479166595603889e-06,-1.3572813485662045e-06,-1.6611384077189494e-06,1.0013033116639594e-06,3.148512986408336e-07,2.15081199774341e-07,-2.487365137068739e-07,2.5351939363435425e-06,2.255457383203623e-06,2.6385984021151503e-06,2.5693858565130545e-06,2.143555885722649e-06,2.5402696717717803e-06,2.140824385908382e-06,2.7588450892803774e-06,2.5154390531596778e-06,2.706980844416824e-06,1.1849006982358807e-06,2.721518325760433e-06,1.3118745120806233e-06,2.713901328192643e-06,1.1564452938141307e-06,2.318591717358036e-06,2.3302969119593337e-06,5.393602760106578e-07,1.1710889746520755e-06,1.4085086863257232e-06,6.264135943011958e-07,1.8634548882925885e-06,1.7266064731359911e-06
013,6.779906275360035e-06,1.4326821020049311e-05,6.373196354653858e-06,7.678034581127233e-06,8.177088741371795e-06,1.4592576782611317e-05,1.125565981124405e-05,1.2654381003253017e-05,8.85044362466682e-06,8.19568550171046e-06,5.3618277830417e-06,1.4870461554341997e-05,1.2645164158115747e-05,1.3738037175778277e-05,9.766986247489334e-06,9.518084430963312e-06,5.258660419612602e-06,1.4203111670849531e-05,1.3217625316661335e-05,1.0093846685233355e-05,9.784087495293852e-06,9.969219329450112e-06,1.1560043368328452e-05,7.4824732130169915e-06,8.917537760195404e-06,5.185138911984861e-06,4.146186663080188e-06,1.2769920576285582e-05,1.0823654885383843e-05,1.2158806642509052e-05,1.009307321144343e-05,7.97587109383694e-06,6.238019985132717e-06,1.3262595353460286e-05,6.345557021200103e-06,7.6265257901553004e-06,6.886806518916532e-06,5.687139409246226e-06,2.754756616092232e-06,9.465933860255213e-06,9.213511946595732e-06,1.161735692025047e-05,1.0601685203465294e-05,1.317657297930444e-05,1.5432271612062798e-05,1.4698814910970996e-05,1.3022861684847597e-05,1.18844898680094e-05,1.1889080754247864e-05,7.612796902513902e-06,7.045583944180483e-06,6.771943218640659e-06,1.1708116147175598e-05,1.1138385200219406e-05,1.0648005578814063e-05,7.175755805763185e-06,1.5085271641441532e-05,1.5002623121140713e-05,4.464453052311252e-07,5.0728540762043476e-06,3.322710359812208e-06,5.1716780123355795e-06,6.095745566045124e-06,5.528406997456136e-06
014,8.80122715733749e-06,9.144050811672707e-06,6.638170360536388e-06,9.17961129390039e-06,9.622202994538268e-06,9.268259476495493e-06,7.519358682761603e-06,8.700119298532815e-06,8.219690936737336e-06,6.869616940579691e-06,5.985766588803417e-06,9.462005754800967e-06,8.332100441943527e-06,8.454662830791699e-06,7.717611757418724e-06,7.237297477010642e-06,7.3780005541903686e-06,9.464355845621074e-06,1.0523972294474866e-05,1.0594460431596343e-05,1.0915371798025079e-05,1.0307185232948817e-05,1.1197007620972617e-05,7.156753578922443e-06,9.90331509912179e-06,6.73465486743466e-06,9.886892323411989e-06,1.1249560917986551e-05,1.0731734704105867e-05,9.839775767841232e-06,1.0264811184714396e-05,6.640706861331872e-06,8.497177941665595e-06,1.1166448282208173e-05,8.035287829506848e-06,8.574551170460277e-06,8.059695812552492e-06,7.021770030492378e-06,5.1810368624041475e-06,1.0962150190571739e-05,6.2190256860560764e-06,8.845826328622004e-06,8.662737745395486e-06,6.6485454168070856e-06,9.981477057343978e-06,8.426241467438452e-06,8.930513213906683e-06,8.5368765121148e-06,1.0148093409876276e-05,9.150938706239744e-06,1.0112509427432644e-05,1.060816819239661e-05,1.2035580441252189e-05,1.0192507508811287e-05,1.1391099784962006e-05,1.0539219163296652e-05,9.194451330739638e-06,9.272779643947897e-06,3.1013382568226364e-06,6.2242106664573825e-06,3.1016175932207625e-06,6.1869065222760545e-06,5.786879894665686e-06,5.076572047543327e-06
015,-1.0803213032597354e-06,5.387102455012286e-07,-1.0185301826286275e-06,-1.815624657548624e-06,1.8218310477009228e-07,6.181269126888474e-07,2.1649599089635324e-06,9.437142332073467e-07,2.9009847284996583e-06,-1.3653122111428428e-06,1.0101090117807133e-06,4.103540458907918e-06,5.361881959992706e-06,3.7222802599910713e-06,7.287415346682656e-06,1.6291947155307822e-06,6.060741444463589e-06,3.3918474844294264e-06,1.4056299803457771e-06,8.844075262862105e-07,-5.262747778759764e-07,-3.5306376258086047e-07,-2.002776163210363e-07,-1.0763900996183679e-06,-8.14414764178783e-07,-2.1630541856339942e-06,-1.6394072549726795e-06,1.612587437734565e-08,1.691913593543167e-07,-3.1158097876676677e-07,1.7575920982190574e-07,-1.7003996033902895e-06,-2.42584166739807e-06,1.2684577440379486e-06,1.104706112642521e-07,5.304624894874817e-07,-1.9513238999429297e-07,-4.025950557518858e-06,-2.6559358873258617e-06,1.4135439925771073e-07,4.5300545838022835e-06,3.873550322210457e-06,5.091111568200773e-06,4.025274603876731e-06,7.101695667674918e-06,5.733535555411525e-06,6.642908666973353e-06,8.73816078357002e-06,4.069613315263781e-06,7.816127944356632e-06,1.8725964770850316e-06,5.85382842444419e-06,6.125423145834981e-06,7.0072319820460165e-06,5.084280068961353e-06,4.009875528542684e-06,6.866920157411714e-06,5.657026375808104e-06,-3.738374154491994e-06,-6.215824051939392e-06,-4.51945402848471e-07,-3.06788535862174e-06,-2.0572636348016004e-06,4.542829235221234e-06
016,1.322256551162191e-06,1.5746783382640878e-06,9.289400077508944e-07,1.6210187275568095e-06,2.0659038838501185e-06,1.8600873458022947e-06,1.6325722323834337e-06,1.2253747232078232e-06,1.432294052717288e-06,6.445179441963674e-07,5.897114760100892e-07,2.1721878420256125e-06,2.0534533161820604e-06,1.685314943752951e-06,1.8537596927053991e-06,1.2483284913081365e-06,1.2070153131490846e-06,2.1379149691635742e-06,1.984509673659737e-06,1.9623042780027756e-06,1.936823537239779e-06,1.4090894147951021e-06,1.8443518215025833e-06,8.468584935223824e-07,1.1491200713335338e-06,5.508380199828815e-07,1.432679661191029e-07,1.4894611664911527e-06,1.9029312692660576e-06,1.5268715384921222e-06,1.7094358944997347e-06,2.935753428165969e-07,4.770368287996568e-07,2.026944021121512e-06,1.4331591901914124e-06,1.5893563083170064e-06,1.4425556931478816e-06,1.0445410011647383e-06,3.550333014122919e-07,2.1549202198925293e-06,2.1322411494711614e-06,3.1421543343142347e-06,3.645079027822107e-06,3.1715214149454654e-06,2.719552668630921e-06,3.2423382501561593e-06,2.697889756666629e-06,2.7749037772737157e-06,2.3172528311239687e-06,2.4824240442473384e-06,1.6400163024283111e-06,1.3663992660412273e-06,3.0704451312419467e-06,3.5001218488020163e-06,2.3878553357586416e-06,2.989974859979021e-06,3.7257613536748463e-06,3.256977428834434e-06,6.278400948164102e-07,1.1058057959697414e-06,-3.274696513803234e-07,7.510704875311954e-07,1.216681967171885e-06,-1.436552543587545e-06
017,8.746353523361796e-06,8.079442740083105e-06,5.571952233784326e-06,5.719263451589387e-06,1.0284644384324839e-05,1.879161846961056e-05,1.8328318615111648e-05,1.6473905864549797e-05,1.645432309009756e-05,1.1577559797301939e-05,1.316578430809602e-05,1.8312432885128768e-05,2.0037729413439867e-05,1.8659554763881526e-05,1.7039645136914204e-05,1.822152347756885e-05,1.4851645093640417e-05,1.9232679645621837e-05,1.7836712384976577e-05,1.2229611195501273e-05,1.113388173245876e-05,1.0763677998620713e-05,1.1049861547748113e-05,9.438427101699006e-06,7.461343245490837e-06,5.023378054316433e-06,5.456770060964852e-06,1.4379027648834877e-05,1.4377464225814187e-05,1.5405125443407983e-05,1.5080119495009295e-05,1.337131067859649e-05,1.0996716261830576e-05,1.5997958849411053e-05,4.898835548305722e-06,7.675033451508992e-06,5.9525385273467125e-06,9.992575325457134e-06,4.926282116172437e-06,1.1123359424063385e-05,1.2100895351862993e-05,1.5097745626068942e-05,1.709345051776173e-05,1.604067294015334e-05,1.9686925942554426e-05,1.8353011394147736e-05,1.9013872827628918e-05,1.666767430048268e-05,1.682790697469601e-05,1.4635169271505934e-05,1.5025992522258412e-05,1.2260856277381767e-05,1.7476859799954886e-05,1.6594491199033404e-05,1.530750941770774e-05,1.375102478885267e-05,1.8910177685278946e-05,2.0885099163570155e-05,2.294311793158828e-05,1.2571510329175896e-05,6.787785934260173e-06,1.1382854818456578e-05,1.4708697495514488e-05,9.429918863085907e-06
018,-2.0114766274760397e-07,2.90143675310455e-07,-4.035735298111947e-07,3.8435477309280265e-07,3.73741892519326e-08,-1.581616577456954e-07,-6.160251296219633e-08,-2.1121698935832516e-07,1.634516237354576e-07,-2.208086800167331e-07,7.651010880449721e-07,-1.8152961771298305e-07,-2.5448745778406768e-08,-1.2933141338988664e-07,5.056594277049336e-08,-2.060629834636607e-07,1.8706491766298754e-07,-1.393725277911489e-07,-3.484201282320924e-08,-2.620086312117663e-08,1.6100872612931133e-07,-7.526831714794981e-08,1.3958950626807799e-09,-1.5094636400435153e-07,2.2700940994993066e-07,-2.8416529902548937e-07,-3.5723100859457195e-07,-9.621796448582709e-08,3.389447154429849e-08,-1.2274486531568697e-07,2.54195311110213e-08,-1.1404525005899969e-07,1.7883669991104627e-07,3.473580490643875e-08,-3.321430083054085e-07,-1.198102899282526e-07,-2.9863423790023835e-07,-9.0655746548638e-08,2.5857843273702926e-07,-3.789595016691307e-08,-3.705149800637326e-07,-1.882178410155789e-07,-1.899953285712362e-07,-3.186278367338181e-07,-2.0218183750273668e-07,-1.276481345502971e-07,-2.2436828889397183e-07,-4.0548858616118335e-08,-2.5751709564592635e-07,-1.406212819029965e-07,-1.7933360633845002e-07,-1.827070372954086e-07,-3.355726239859274e-07,-2.3150609146519938e-07,-2.0282544009940056e-07,1.1782128141002074e-08,-3.437042855071016e-07,-2.0607777497435325e-07,-1.8746867239943985e-07,-1.2612341758211527e-07,2.7819958669753727e-07,-3.0837670857683683e-07,-4.669679560527719e-08,1.5472872691318119e-07
019,4.125760518318037e-06,2.4331371529293274e-06,5.0200527130584846e-06,1.5510514058266039e-06,4.695991659225639e-06,9.416295382504978e-06,7.626738899491846e-06,9.897689781533917e-06,5.646650689336542e-06,8.853330866442354e-06,2.3029932748763566e-06,1.0368132630844632e-05,9.326069242273451e-06,1.0007268311761912e-05,8.117619441933525e-06,1.0933784468765737e-05,4.684967476057414e-06,9.55211170908493e-06,8.988586155482617e-06,6.382654734602046e-06,4.903875175864055e-06,5.871177723053656e-06,3.613928983895576e-06,5.975314175998619e-06,9.234931675756555e-07,5.625745790889008e-06,2.848177845867023e-06,8.896246048466446e-06,7.597203300760329e-06,7.760998202578079e-06,4.448119493275776e-06,5.71020229665918e-06,1.102389766851312e-06,8.569525767319081e-06,3.2445530107123312e-06,2.017101538224523e-06,2.624747983961174e-06,6.011725417657735e-06,1.7805200882641379e-06,6.006190560305794e-06,6.000320436170006e-06,7.019989411686103e-06,6.12104406628349e-06,5.84067513909398e-06,9.901164488387818e-06,8.907747232858396e-06,8.748835300234002e-06,7.3272456615456225e-06,7.1937078389878624e-06,4.355904596079184e-06,6.494253596169113e-06,4.265028561382105e-06,7.555801579245203e-06,7.087130566383749e-06,6.032303227062348e-06,5.295064023922858e-06,8.072799755710628e-06,9.51457553016391e-06,1.5439866778292137e-06,5.36970065652715e-06,7.098372725625196e-07,3.533281490799153e-06,6.1950336237870694e-06,2.1053776702704545e-06
020,-2.792030669490487e-07,-4.0550955258056273e-07,-1.0493574396648553e-07,-1.7811239311754678e-07,-9.08570492022908e-08,-3.889678564890117e-07,-7.786433487235733e-07,-3.0837739400239047e-07,5.3981315018286485e-08,1.1715987988288516e-07,1.0225604656595668e-07,-8.579307644920454e-07,-6.248190917336986e-07,-2.7608790316627013e-07,-4.3372574293867754e-07,1.876853862977771e-08,4.179296365554963e-08,-6.916281672608872e-07,-2.3460560957578773e-07,-2.556308798420452e-07,-1.573825465878363e-07,5.4380655312324204e-08,-1.345506304350592e-07,-1.6003861154221113e-07,1.2681631329092004e-07,2.7992825729306755e-08,-7.80914137330905e-08,-1.4880043506163226e-07,-7.404968039581468e-08,-1.96847534785854e-07,4.6976610858200295e-08,3.0201343187258295e-07,6.213203163739426e-07,-1.1448297979524539e-07,-6.951995758407655e-08,-1.8011768306313054e-07,-5.384914073842417e-08,6.190022605889891e-07,5.192355934552998e-07,-2.803616023363625e-07,-5.927851213002597e-07,2.029770133209212e-08,-6.210978470067575e-08,-5.185896116288293e-07,-3.008657530070035e-07,-8.430407017674669e-07,-8.487550083359589e-07,1.3728355471562224e-07,-1.8585534712094692e-07,-4.59158379305138e-08,4.455191710835971e-08,5.091685060631203e-07,-1.3793668705489163e-07,-1.8735448273779365e-07,-1.4601504936256787e-07,2.48640495993555e-07,-5.539827821649252e-07,-4.6995632628137145e-07,5.392071883813696e-07,8.96483029450899e-07,7.988941485575457e-07,-4.3627017498643075e-08,1.3823331507439964e-07,4.476216421739682e-07
021,-1.098178892184424e-06,-9.598682503704165e-07,-7.386197843661643e-07,-5.816407791513479e-07,-1.0591420915021017e-06,-1.4095768577394e-06,-1.3522011530661285e-06,-1.254466348369259e-06,-8.362444697694188e-07,2.5381421426194105e-05,-1.0993795149468965e-06,-9.452893547147015e-07,-8.609034672144864e-07,-9.647339184103587e-07,-1.0365478622698354e-06,-7.775339436891874e-07,-1.1526198347052762e-06,-7.735254533577957e-07,-1.4480246925064994e-06,5.299286075145704e-05,-8.779820210422664e-07,-1.0099930322350898e-06,-9.127010089633363e-07,-9.901291998139648e-07,-7.85671530472713e-07,-6.853239759297216e-07,-8.850327144744957e-07,-1.346007223743685e-06,-1.420291740223448e-06,-1.2052229409374297e-06,-9.424185207317405e-07,-1.2665076549826136e-06,-9.90001265751689e-07,-1.4294517614979176e-06,-4.274931014967051e-07,-4.922214084577841e-07,-4.4825350342984477e-07,-1.5256545221695858e-07,-9.388131682569627e-07,-1.141708860167826e-06,4.572435174035156e-07,-4.5784282904549845e-08,-3.701198348017267e-07,-1.4187914143916176e-07,-9.985329538570038e-07,-8.030851146095948e-07,-9.07868476706449e-07,-9.619520578937905e-07,-5.969742982509997e-07,-1.182518160255576e-06,1.722460171429767e-07,-1.1346287685811701e-06,-4.5161739467206234e-07,-7.830586799616267e-07,1.538570305059367e-07,-7.583837524007998e-07,-4.5892314057045355e-07,-7.780459212857186e-07,-1.3710722780108265e-06,-1.6680074327495574e-07,-1.3729139778433962e-06,1.7259511183537399e-07,2.1884102411578806e-07,-1.4563019808232041e-06
022,-1.6887262326492125e-06,-1.4102926339837607e-06,-1.115145980166392e-06,-2.8357471512940593e-07,-1.8484096695531491e-06,-1.8457975931609736e-06,-1.6631233137736538e-06,-1.1383222225795168e-06,-2.050295454519058e-06,1.1496407484421791e-06,-1.016315961085766e-06,-1.5105200396839e-06,-1.1491602062204415e-07,-6.197341565666917e-07,-9.506530998105377e-07,-7.133406478638876e-07,-9.307080706005991e-07,-2.150861688224913e-06,-1.8617129467554427e-06,-1.5076523864242164e-06,-1.1836341181898553e-06,-1.1585320872443851e-06,-1.2337378163891162e-06,-1.4717222376179083e-06,-1.1757487098802644e-06,-2.6810508811906083e-06,5.149323223839175e-07,-1.4672896836867126e-06,-2.105363105310013e-06,5.58173726604283e-07,9.893818414004073e-06,3.6540458795510027e-06,-1.222509499256976e-06,-1.983913899077034e-06,-5.89754204187964e-07,-5.638383179005703e-07,-8.150087050345338e-07,2.625230718634775e-07,-2.893105454185704e-06,-1.0242914084430728e-06,-1.026350642432683e-06,8.182643275767448e-07,3.860302437593138e-08,-1.8617869811848986e-06,-1.3864610423171847e-06,-7.714118239256714e-07,-5.452056343948568e-06,-2.428560901293658e-05,-6.438695818331529e-07,-5.469791481260884e-07,4.83598863195716e-07,-1.7945772488268592e-06,-5.999583157355269e-07,2.898239799539049e-06,-1.7058798358963444e-07,-1.2953341628604944e-06,-8.52895577177168e-07,-1.6468040849194314e-06,-7.666628221207303e-07,-2.1489055296051215e-06,-2.0506966532058546e-06,-7.984856167557093e-07,4.662346448667054e-07,-2.0940411209424163e-06
023,1.102130994612634e-05,1.1227997575118803e-05,1.2153097273723638e-05,1.0479171373339873e-05,1.0458935383237289e-05,1.3322980284498573e-05,1.0718629278665944e-05,1.2659784296107865e-05,1.0800671362331983e-05,1.2614610401892266e-05,7.4205862016580065e-06,1.4285832954447966e-05,1.3678447116833771e-05,1.407155980714687e-05,1.3020668358370207e-05,1.3153475068535989e-05,1.3125883575202113e-05,1.4363652063622611e-05,1.283171964623544e-05,1.0347045840227355e-05,1.101058702762831e-05,1.016443006881479e-05,1.11161698963411e-05,1.1027844702960056e-05,1.126036243436089e-05,1.006061380904228e-05,7.408064929930337e-06,1.1552309384984278e-05,1.1751959717264926e-05,8.870281857174112e-06,9.838551260429421e-06,9.068635117329153e-06,8.78207548077785e-06,1.110131231683687e-05,1.1916085653773757e-05,1.0908002180764885e-05,1.0747428578425574e-05,9.993603542712234e-06,6.6489708804252135e-06,1.1241833051000538e-05,6.5538808724821524e-06,9.524061671828687e-06,7.790052942777656e-06,7.647386631820035e-06,1.5198371411101377e-05,1.400887922235598e-05,1.458534100554273e-05,1.1926811828441862e-05,1.28952807487212e-05,1.156058393723524e-05,1.1235563597547285e-05,8.662359898789286e-06,1.2905681337338485e-05,1.0267769782023476e-05,1.0374485262763948e-05,8.40735339220044e-06,1.3039704111072771e-05,1.1935817856718982e-05,8.7889710568549e-07,1.0476808876067398e-05,7.061280661604417e-06,6.760653429300232e-06,1.1444397687880056e-05,8.517175132077053e-06
024,1.0534533850075055e-06,7.28732438778631e-06,7.884539258290638e-06,4.150971547394752e-06,1.157620208760075e-05,2.6046625410545593e-06,2.5504652028237524e-06,1.6072952762931376e-06,2.4303228827637675e-06,8.939116057758465e-07,9.639687139170065e-07,5.300306980397615e-07,1.5983021273141114e-06,8.02320512110873e-07,1.7095003727549895e-06,8.612436121094718e-07,1.1003905197318099e-06,1.8304041057866395e-06,3.0401159571247757e-06,1.9293798596323156e-06,5.874709611298763e-06,2.547668697793714e-06,6.16961540846237e-06,-7.207047525589206e-06,2.257534141171558e-06,2.3096420370881742e-06,2.182416020830691e-06,4.204052155595362e-06,4.698275524345471e-06,4.957078259207146e-06,5.862578569984901e-06,1.0410586276590446e-06,1.9046745262032386e-06,3.97032051812243e-06,1.4363868346755811e-05,8.95165142927721e-06,1.2229805735533823e-05,1.9715136326166806e-06,7.808432782969063e-07,6.434020103600631e-06,1.5701702940867233e-06,1.815068423970034e-06,1.9925070831004644e-06,1.9511652242308013e-06,1.4141981304502782e-06,1.1857620175470854e-06,4.474771468218578e-07,1.2746584880270634e-06,4.5899320094150616e-07,1.9990309992329825e-06,7.51921301179859e-07,1.998797937038384e-06,1.6481662429196668e-06,1.5134928787597947e-06,2.5112684090071355e-06,2.1985690834461418e-06,1.3199819636678401e-06,1.084683854042143e-06,8.42878856194881e-07,1.405771552851478e-06,1.1490124943858181e-06,1.7372295733949112e-06,7.488776384162034e-07,2.075652461136513e-06
025,5.246443827083109e-06,6.047352952608494e-06,4.537007653701287e-06,2.314437960530924e-06,7.087904139923417e-06,9.320338374416322e-06,9.253933998733638e-06,9.215767002951634e-06,8.779917590765127e-06,6.4459336186444804e-06,2.8875202088762724e-06,8.821124680516485e-06,8.94231759807517e-06,9.463547552695363e-06,9.728125858239736e-06,7.467869033490683e-06,8.33425543187838e-06,8.474124740595243e-06,9.141486459140938e-06,8.607086218099147e-06,8.574720908780994e-06,7.693385848227786e-06,7.5992190017299025e-06,6.186479911431093e-06,5.868500758618044e-06,3.7284538939451985e-06,3.5654466655455828e-06,9.140971665075068e-06,9.299101052501137e-06,8.520075154373508e-06,8.185349768964662e-06,6.310400850554914e-06,5.7461896127814135e-06,9.121721210746458e-06,5.369032050701388e-06,4.734316621128195e-06,5.026263635962456e-06,4.14464338447232e-06,3.5263774538855468e-06,9.034254786224142e-06,1.749186053274657e-06,4.751917048229537e-06,3.0986946851184476e-06,3.6241612569530463e-06,8.259074416680205e-06,8.525887301621721e-06,9.116290298044874e-06,9.292943202006153e-06,7.385336964455327e-06,7.575418823434237e-06,4.928019641256721e-06,4.116985659779616e-06,7.160090756027779e-06,6.472935769507895e-06,5.393149840894029e-06,3.7833216509241615e-06,6.7117634102737355e-06,8.42543321644555e-06,1.0701403613428092e-06,3.209269585861313e-06,3.1836535094757593e-06,1.883775158989868e-06,4.3684102146136275e-06,4.190568307957039e-06
026,7.985135236842707e-07,-2.973078269278685e-07,8.511365952600497e-07,-1.9113325610337205e-06,7.065371751433844e-07,8.949977960024349e-07,9.102897536451744e-07,1.006375831230497e-06,5.981148326171782e-07,5.735635694561908e-07,3.2626562726776574e-07,1.0403504842786099e-06,1.1009914817971895e-06,6.577601656525491e-07,8.695778568196421e-07,5.972226658207684e-07,6.645364704344778e-07,1.0405950911330853e-06,8.949169399842962e-07,8.257183375805279e-07,6.744849211076823e-07,8.340785442169555e-07,1.03221584818126e-06,-7.459251183870108e-07,-5.653458248703565e-07,4.971904594124241e-07,4.091300341408156e-07,9.624762863968515e-07,7.244729283868232e-07,7.913637855590218e-07,2.7393343542156415e-07,3.634585359044424e-07,3.765601630792658e-07,7.409250491115532e-07,1.0992704479475388e-06,1.0033344217677968e-06,1.003778725014859e-06,5.20206325725148e-07,-4.5750169046037485e-08,8.09575786111512e-07,8.123449621113897e-07,1.6552626590692318e-06,1.8856756419748865e-06,1.9271751753990883e-06,1.2986898755670678e-06,1.2889781000809702e-06,9.275734085275844e-07,1.0641177774116863e-06,6.049529615846796e-07,1.3085999796280574e-06,4.559253527360147e-07,9.667996347236566e-07,1.4881004082359815e-06,1.7912759316015066e-06,1.2653633256137038e-06,1.6807979804104137e-06,1.8077378364043463e-06,1.2547817183118138e-06,5.376767748378232e-09,3.2689165937591425e-07,1.285904338361572e-08,1.8485605718044858e-07,4.6220061768318036e-07,4.27033630744681e-07
027,3.1357239178645802e-06,3.4348151573824904e-06,1.3599683992551487e-06,1.5426880347081749e-06,4.462146375309798e-06,1.436633061023993e-06,2.8485089817748067e-06,9.489025557457945e-07,-8.757535673002784e-07,-2.3359972591523982e-06,1.2206932708357394e-07,5.452357440321148e-07,1.9432394097323616e-06,8.305053641033062e-07,1.0006110797728556e-06,-7.754828391121435e-07,5.253257816541634e-07,1.3501767911693507e-06,2.504852860080265e-06,3.3486802817599615e-06,4.437704692129703e-06,2.960350996485926e-06,4.298450417703255e-06,2.760109339381362e-06,-2.8569053198550675e-06,1.757930059353485e-06,-1.1331439196895774e-07,3.2928558489466357e-06,4.127727490117294e-06,2.442851337769523e-06,-2.453092051383125e-07,1.912840498624198e-06,8.040383855834194e-07,4.727124751645374e-06,-1.77796185018764e-07,2.5573776237616572e-06,2.5956730327931057e-06,4.15445535626255e-07,-1.6853499500052095e-07,4.546665326161357e-06,-2.7801522825923966e-06,6.53072704611997e-07,1.360545005440386e-06,1.4408538187977555e-07,5.1574805205097764e-06,4.10354403492269e-06,3.574760188144117e-06,3.12302771119668e-06,2.479247202899592e-06,2.408173076767189e-06,4.846151455983487e-07,1.40191944775975e-06,3.865271297929251e-06,5.0353059631378085e-06,9.951772673762982e-07,3.427607405366246e-06,7.016128338102228e-06,4.930850060748158e-06,-2.1376810608769474e-06,5.720283191269772e-07,-2.913736772473643e-06,-5.133849129774959e-07,1.3437699796828e-06,4.2594712292389824e-07
028,7.607342367602049e-06,5.68550845152734e-06,6.3275931536848814e-06,4.766030371501132e-06,7.0900062095777365e-06,1.2909576772410441e-05,1.1855084347677015e-05,1.2235828989874012e-05,6.884229785231753e-06,1.2371843948403696e-05,3.805905734194608e-06,1.4835492691297704e-05,9.576419734392889e-06,1.701227932140541e-05,9.564782999539813e-06,1.680433504201684e-05,7.089448907529348e-06,1.3716927649981904e-05,1.2630202076081765e-05,1.0582176843826871e-05,9.010687557530463e-06,3.6402169236607475e-06,6.500444910125916e-06,6.524237615843731e-06,5.556841866182196e-06,5.743621384843164e-06,6.371912927737716e-07,1.2244873219802827e-05,9.554303194131931e-06,1.1960600701828575e-05,7.05314312859256e-06,9.419858486636272e-06,4.191562948614522e-06,1.2634658445190644e-05,6.6954154954448205e-06,6.341052168378906e-06,6.359662856482107e-06,9.247576496229328e-06,8.289224761399661e-07,1.1066415320477352e-05,7.272603136115837e-06,1.3329536505516295e-05,1.0184792088402238e-05,1.0236003371208264e-05,1.5829696427795648e-05,1.2596498453951828e-05,1.738976662428423e-05,1.1416266375276644e-05,1.6411295282275447e-05,1.1260524594450188e-05,1.2404857661305823e-05,9.908209098489245e-06,1.567641273446247e-05,1.1276528802339585e-05,1.3591991737404717e-05,1.0239658854608628e-05,1.328587800611027e-05,1.3617939160699093e-05,4.722444702863682e-06,1.1671498537510741e-05,3.2712598479612944e-06,1.0775423047294503e-05,1.2556205800209217e-05,3.728149635540016e-06
029,4.681650646113964e-06,4.775849696980828e-06,4.269550705876522e-06,4.488609952657075e-06,4.958157904168737e-06,4.641497128263804e-06,4.862831431581157e-06,4.030837661472575e-06,5.392230554448344e-06,3.538221706349652e-06,5.577827901198322e-06,5.546176510113357e-06,6.252105158674121e-06,5.609372095263158e-06,7.606648082811552e-06,4.019941551282168e-06,7.5929719730067795e-06,5.242432029604716e-06,5.207397363857407e-06,3.6549489294475217e-06,4.725129553284036e-06,2.836365338343889e-06,4.736425417321364e-06,3.0072906889278637e-06,4.265561370450261e-06,3.0898697520476674e-06,3.972895099697245e-06,4.805292676091006e-06,4.6738381773291984e-06,4.519269224248541e-06,4.736128899674677e-06,3.808490249312521e-06,4.536316232087312e-06,5.014500794105449e-06,4.548238261074717e-06,4.433592234293168e-06,4.5033106348110145e-06,3.4152342647713515e-06,4.378987783673915e-06,4.991819015991625e-06,5.966293705927734e-06,8.608977124339321e-06,1.2450764799985052e-05,9.401673112243993e-06,7.331137627610002e-06,9.646036943547797e-06,6.315580541377582e-06,1.1121031473500766e-05,5.504852149837145e-06,1.2273480943255977e-05,4.749809140915035e-06,9.849006167734323e-06,8.232170325619675e-06,1.571318357921275e-05,7.585986957958302e-06,1.7489875118586562e-05,1.0224764451772697e-05,8.27306457019578e-06,1.458139928921689e-06,3.482099183920212e-06,4.336302008404567e-06,2.6561701466470586e-06,3.5751730752635415e-06,5.6631862582111824e-06
030,1.215247913579917e-06,9.213823748282978e-07,1.1493742261321478e-06,9.1673261529401e-07,1.2841617329912566e-06,2.097692818257919e-06,1.973632915216082e-06,1.8746197278204426e-06,1.4164316730087038e-06,8.763949112782828e-07,8.002995643710159e-07,2.03090831480786e-06,1.7730819052361197e-06,1.8006092937104784e-06,1.1357240432150249e-06,1.2879677718789732e-06,4.2057858034856063e-07,1.7847331797864407e-06,2.011596095070524e-06,1.4274706460502082e-06,1.4172328549906712e-06,8.013606809563364e-07,1.4077209605998947e-06,8.707334630306486e-07,1.3506624765692789e-06,8.459926096647956e-07,7.374406806301075e-07,1.8357679765150392e-06,1.5764083608353584e-06,1.6025218693523318e-06,1.5854975785419736e-06,1.0611255343891466e-06,9.642792771982556e-07,1.8107929506409006e-06,1.0658788620407883e-06,8.189096021843261e-07,1.0016352289354303e-06,8.667346487852017e-07,5.145390491097962e-07,1.376218637589841e-06,1.0074021126190772e-07,1.051477634496532e-06,1.3380661630653947e-06,1.0962313042137888e-06,1.5521136128724683e-06,1.0454955916210488e-06,1.6697478063261107e-06,1.0224937551185796e-06,7.694815630461418e-07,7.847540639454124e-07,7.9723103195319e-07,8.73395087937511e-07,1.0757618255123762e-06,1.2551794818396649e-06,1.0737385367414736e-06,1.2609951266932e-06,1.1338180682194192e-06,1.5180849430782735e-06,-2.0474528657159427e-07,7.701235458049897e-07,2.899124711716127e-07,6.516139683869934e-08,7.802114374830864e-07,4.841252852342464e-07
031,9.44420192294575e-06,7.96105464807769e-06,7.3122867347256716e-06,7.539870916286484e-06,1.0087861091147857e-05,1.0678387394406018e-05,1.1054977356200397e-05,1.0415026319364561e-05,1.0374013470452543e-05,8.167227632286162e-06,6.628759770397794e-06,9.64142454139815e-06,8.554037092175197e-06,1.0256309200122591e-05,7.483058266867788e-06,8.604852094057835e-06,5.010272583007442e-06,9.024098336771943e-06,1.0448584439551215e-05,1.1506889604829483e-05,1.16019160697806e-05,1.0054044762688965e-05,1.0212581628588752e-05,8.421895196006603e-06,6.5201001199165165e-06,6.4592972266900625e-06,6.3506801496415605e-06,1.0845351859287551e-05,1.2083793218258924e-05,1.11993889921161e-05,1.0408230224785768e-05,8.737583834908998e-06,7.2082741311713695e-06,1.185372369456797e-05,7.996760660523993e-06,7.86641019008791e-06,7.668890148524212e-06,6.050162924080514e-06,5.228287295062457e-06,1.19372582794443e-05,4.5852068485423866e-06,8.18963055243156e-06,1.1153325818335694e-06,5.42245571917364e-06,8.311624409690444e-06,5.938056689087617e-06,9.097871475166565e-06,3.7909868703302863e-06,8.46958512746287e-06,1.488030872640837e-06,7.474379018638049e-06,1.2804997835345367e-06,8.005911126304492e-06,5.60112813715666e-07,8.380385361291112e-06,-1.1400785216517364e-06,5.570393478028333e-06,6.927596114499076e-06,1.6814008146444804e-06,4.171108349117611e-06,4.822746691815115e-06,3.344328133426823e-06,6.756311116341985e-06,3.3371757739562067e-06
032,3.194410638673624e-06,3.1187992780323937e-06,2.8722543312641884e-06,5.385773452990477e-06,3.032134806540741e-06,6.497270932537246e-06,5.1705262891910735e-06,6.468131514558095e-06,6.338803693855256e-06,4.536548986302209e-06,3.981792426412432e-06,7.789432456433053e-06,6.635472124614893e-06,8.027181473730614e-06,7.576164266900125e-06,3.336964021407214e-06,7.956872893786078e-06,5.847895781343539e-06,6.930173620753147e-06,3.41197733682201e-06,3.4323406207622785e-06,3.6790769736035324e-06,3.502402538722618e-06,3.633856963875528e-06,4.243404262751119e-06,1.785181878295173e-06,4.070919714992447e-06,4.7006137385245455e-06,4.903377141932845e-06,5.87803933408009e-06,5.088361933724014e-06,4.367670653571552e-06,3.903911013228799e-06,5.093872589045819e-06,3.713377252395296e-06,3.4275869167249484e-06,3.4785697164472214e-06,2.3723623888348927e-06,2.982380533930024e-06,3.96902136176633e-06,3.508605127005053e-06,1.0078327059013113e-05,1.08061625209428e-05,9.076527737048161e-06,6.885552652422475e-06,7.0031105615702145e-06,8.191708526563234e-06,7.399752930728257e-06,7.159394115872981e-06,7.181166870872643e-06,3.6705161506401356e-06,7.100905297924102e-06,9.745626082726618e-06,9.761682124020661e-06,7.890170764659024e-06,7.1340626118140055e-06,9.2951195700306e-06,6.914112114286395e-06,8.67471197037848e-06,2.304626209429766e-06,3.4724273489113173e-06,7.905847727402145e-07,3.108742976727048e-06,4.178589261054075e-06
035,-2.0502079474137386e-07,-1.5746347300092283e-06,-2.516582746452525e-06,-1.5390042249024834e-06,-1.0530498640500166e-06,3.597693605667733e-06,5.194086388019425e-06,3.8841186623800535e-06,3.886744717421205e-06,3.3379462704529045e-06,2.8686822899313e-06,6.364654078293335e-06,6.3972547963557476e-06,6.0202893503408675e-06,5.490006697231813e-06,4.511139009898659e-06,2.9841504595252508e-06,6.5992548403068175e-06,4.6676894332010936e-06,-1.4265459014901287e-07,-1.4908252849604676e-08,-1.5186801117357027e-07,-6.71917865930832e-08,-1.5603320806984548e-07,-5.664517821924459e-07,1.796963698694441e-07,-6.303102333501327e-07,1.600620037402668e-06,2.203064667092762e-06,-1.5593750746814782e-08,1.804942056019756e-06,6.266902119220524e-09,1.7653057486767789e-06,2.0930812801996954e-06,-2.0276680638299415e-06,-2.204451015835526e-06,-2.1241146361849563e-06,-7.619382309144189e-08,5.187381111467092e-07,1.9738950546862516e-09,2.026438542943422e-06,4.933570195979404e-06,3.3499279521747705e-06,3.789807337094574e-06,7.4583868162476725e-06,7.355771737147452e-06,6.7277790106983576e-06,4.897431255062745e-06,4.656075780164375e-06,3.5101151710834337e-06,2.6833270470663597e-06,2.3288085494117284e-06,5.667980109579395e-06,3.7491616451371216e-06,5.6774867928621286e-06,2.4094261329798203e-06,6.87170159397837e-06,7.288876357963402e-06,1.6480501045565593e-07,2.102536446674119e-06,1.4646143742535442e-06,9.137146827819315e-07,3.469837358743889e-06,2.6305613960906037e-06
036,5.539158377065405e-06,5.227377186679536e-06,4.309056144539985e-06,4.644301548663341e-06,5.931498246804282e-06,8.229523303100309e-06,7.649654834859312e-06,8.170587960859615e-06,6.968756042852978e-06,5.921229859307583e-06,5.762098159043979e-06,8.690599211149378e-06,8.70392365109126e-06,8.377838176333498e-06,8.448947668907878e-06,6.769455290433882e-06,6.926873747732022e-06,8.678803495216294e-06,8.11630661841226e-06,6.274138158306141e-06,5.690171435478441e-06,6.120521622941218e-06,7.460698524287291e-06,4.812071065379341e-06,5.255949624517664e-06,4.261695508609294e-06,4.882791666029249e-06,7.1682458368352415e-06,6.147492398449095e-06,7.2931090539841864e-06,5.617832709591962e-06,6.920558521088213e-06,3.736185429696709e-06,7.4327073978124355e-06,4.537917582937613e-06,4.829748489670511e-06,4.510508699364795e-06,5.506480468400299e-06,3.4589919960570693e-06,6.6634984488486365e-06,6.7315886880958025e-06,8.290051499222787e-06,8.482583083278295e-06,7.1908655752533715e-06,8.443400902194971e-06,8.555644953270215e-06,7.974973434771897e-06,8.442253971626026e-06,5.915071904082605e-06,7.885932547617894e-06,5.977729010412071e-06,6.791111637107949e-06,7.497081923009025e-06,8.866307644265399e-06,7.692032060125146e-06,8.95581641669203e-06,8.285561036939966e-06,8.390244396264019e-06,1.930743888778753e-06,7.406716995107325e-06,3.6103811065699922e-06,8.592379286685462e-06,6.577349407409627e-06,4.052657591053863e-06
038,1.5261642977310742e-06,1.655941859681736e-06,9.538670140223522e-07,2.586474858442624e-07,2.2219976182756683e-06,2.6948746393544895e-06,1.8852096356720322e-06,3.1525320693950973e-06,1.2683814815339048e-06,3.397754280625099e-06,1.077615215192492e-06,3.4762818970814455e-06,1.608068328409591e-06,3.4558417678868037e-06,7.809601571488284e-07,3.726802902675377e-06,1.2095987757463844e-06,2.770023710747641e-06,2.6039179177763e-06,2.949108609907145e-06,2.5987921112243073e-06,2.891063319439856e-06,2.8001619139387345e-06,2.2001500546975206e-06,7.354426169990948e-07,9.353025434827857e-07,9.155890639715528e-07,3.097929893191044e-06,2.378986529997194e-06,2.6704115680397177e-06,1.9402698268197453e-06,2.317586130655594e-06,1.220507989722192e-06,2.377790671482981e-06,7.315899365407233e-07,2.3221157410487107e-07,5.766458341092027e-07,2.125478830605726e-06,1.1452711646659156e-06,2.7288088475295604e-06,6.4780987972096115e-06,7.849288102272945e-06,6.014469973950168e-06,7.586462145201874e-06,4.7803971816311554e-06,3.257039708681201e-06,4.390813285905417e-06,2.5309045288395876e-06,4.567692634380398e-06,2.7524849362433482e-06,4.35153124313428e-06,1.5581512929448755e-06,6.797469804315943e-06,6.640615892870921e-06,5.697730723339136e-06,4.6719309363372475e-06,6.682652321692817e-06,3.936617468713075e-06,-1.1789075173101387e-06,3.0953714641888882e-06,5.1557213905902e-07,9.275937832125052e-07,2.7292223713266676e-06,2.5597503793426127e-06
039,1.737843167578669e-06,2.2615974465026822e-06,4.688616404186093e-06,3.773056775674843e-06,1.3823857820544578e-06,6.585925720945434e-06,6.595153479157918e-06,5.2669908657634655e-06,5.273640793539658e-06,2.8918573132872283e-06,3.489018297771539e-06,5.9479954207717245e-06,6.703057070414709e-06,4.411866130818736e-06,6.550383952514277e-06,3.468651144920348e-06,6.293312318748493e-06,7.158021788302439e-06,7.136644242029105e-06,1.7364388841687495e-06,2.713022159948662e-06,2.416115655308515e-06,2.8818940219883486e-06,2.437205635180079e-06,2.7464843001617766e-06,4.807213963853834e-06,2.2701258372332416e-06,4.2026346497750555e-06,3.817145856160207e-06,1.6334935264876484e-06,2.25819473482003e-06,2.4596066533031933e-06,4.916128617851812e-07,4.45292759039609e-06,4.20533452323527e-06,4.7258904124173885e-06,2.2148679343403223e-06,2.3414978125154463e-06,1.6794218695729102e-06,2.696529669035291e-06,2.5373751974062236e-06,1.5255724743477737e-06,5.955211364052821e-06,6.646915674029949e-06,4.235874791225447e-06,5.4388320732695616e-06,3.5259830392325946e-06,9.02836740912505e-06,3.1176456594807583e-06,8.017164304203936e-06,2.1725336754932356e-06,5.949673366745673e-06,3.6119756900566093e-06,7.248512360141729e-06,3.2724372316189544e-06,8.528846023962496e-06,3.93321701544695e-06,4.849716628030336e-06,1.3580902534669503e-06,2.489062799984216e-06,2.6465959262953367e-06,2.247032287339923e-06,3.488704909001562e-06,3.572268382600562e-06
040,1.0982565895164998e-06,-8.738170321742226e-09,-4.193179936962758e-07,-1.8033205619676933e-06,6.60684728343886e-07,-3.219271076407421e-07,-7.193183513599433e-07,1.098589905822942e-08,-2.0080972227931428e-06,-1.5493599040794728e-06,-1.7457533614901356e-06,-5.745415159140841e-07,-8.371280245242958e-07,-1.7560166215758603e-06,-7.926176428985151e-07,-2.640093654705626e-06,-3.0266613983600963e-06,1.064364522140703e-07,-2.4725096778010676e-07,3.081364910597369e-07,-1.4538072711723737e-07,-1.0877454038734713e-07,5.044852986543916e-07,2.1792034397916038e-07,-1.3444262001319376e-06,-2.06863916130546e-06,-6.65333562163605e-07,-1.2890768301071244e-06,4.865113132098368e-07,-1.0522600713776506e-08,2.536057790659218e-07,-2.0347601373372946e-07,-2.060941527540709e-06,-1.7752444552065246e-08,-4.896600742167982e-08,3.2996181134788355e-07,-2.8253034599308383e-07,-3.1517705521384565e-07,-1.7073260603507147e-06,6.113169715071847e-07,-1.1365736993510518e-06,-7.83576050811283e-07,-1.733645805491642e-07,-7.871679080691463e-08,-1.2247690777113906e-06,-1.8442646146999607e-06,-3.215083116181873e-07,-1.0014801981588219e-06,-8.93067514267923e-07,-3.001923585925636e-06,-2.5735699210694184e-06,-2.9773090203905846e-06,-2.4564317908923223e-06,-2.2977132625018794e-06,-3.3302353550962953e-06,-1.7377290437463158e-06,-1.0401857594628342e-07,-4.210180584821792e-07,-6.729027726592236e-07,1.3254955005575493e-08,-2.678747866810366e-06,-2.106115776712873e-06,4.93911719899091e-07,-1.1020102788330103e-06
041,-3.0018866614531133e-07,6.012955677419284e-07,-9.116983081518449e-07,-9.9451173792962e-08,4.283012358278304e-07,7.932825421711994e-07,8.538877081379243e-07,7.590062013701893e-07,9.738100208404608e-07,7.694276544618254e-07,8.847051194779838e-07,9.813115736198845e-07,1.1712312250491101e-06,1.3380172797211434e-06,1.1724459391165345e-06,1.4514840817063113e-06,1.3029731777934503e-06,7.580632989046259e-07,7.614557530654309e-07,4.601259940349189e-07,7.824914384014621e-07,-6.971966823181683e-07,7.072259262868077e-07,-7.248220555863812e-07,6.282202095505058e-07,-2.1389090165757004e-06,2.4378454215354573e-07,5.64068652528708e-07,8.734589846145603e-07,-7.436413994423533e-07,9.914270079201026e-07,3.176461310027941e-07,8.794002805190522e-07,6.215991276913896e-07,-6.901024185619181e-07,-1.3626587604404107e-07,-3.958528765967181e-07,7.265361881240092e-08,3.600084352670343e-07,4.3750855844938715e-07,1.240003789042727e-06,2.1167357453009347e-06,1.6866605546851825e-06,1.5671568327281825e-06,1.555606727647134e-06,1.1945842449526291e-06,1.5619879042063046e-06,1.2043825206264948e-06,1.7336413309912687e-06,1.6421580251255508e-06,2.023684244714317e-06,2.0206274992159723e-06,1.980493284664128e-06,1.5511979554466576e-06,2.3815231754050443e-06,2.262210105680385e-06,1.4568726997551501e-06,1.1731456634315844e-06,3.225556179738958e-07,7.926527906406276e-07,4.0082336343307766e-07,3.4659235860379707e-07,1.4408241279878441e-06,9.388194169506813e-07
042,3.4922583370444497e-06,3.374366390384409e-06,2.525438133476455e-06,2.464259869506393e-06,3.90579454013647e-06,6.855211448472524e-06,5.6727913689626175e-06,7.3112242272730736e-06,4.234598738332501e-06,5.533463203466463e-06,3.24367546119193e-06,1.0813836218049259e-05,9.230563327248142e-06,1.0811681852614025e-05,6.124338232478604e-06,8.81384136803121e-06,3.7877659006983464e-06,9.779195575489466e-06,5.7623421876450195e-06,4.341757211632978e-06,3.421094144297573e-06,4.25513623658286e-06,3.4226281238058194e-06,3.236656874012585e-06,3.339117163665153e-06,3.1892365892035483e-06,2.5265812698920682e-06,4.947984941619624e-06,4.268338566089079e-06,4.972025451246094e-06,3.764526731112857e-06,2.878252944009671e-06,3.118444894775958e-06,4.303738185768074e-06,3.141743788483025e-06,2.911403568261045e-06,3.010833838955992e-06,2.793663736508298e-06,2.3691115410391958e-06,4.238552507782038e-06,6.780233021141709e-06,1.3279015148299074e-05,1.1997182296570079e-05,1.1376949240703965e-05,1.4336365019629246e-05,1.361493573036719e-05,1.2990134202033242e-05,1.0197640109916689e-05,1.12472339443928e-05,8.731513433636003e-06,8.941353607466816e-06,6.7210835383038546e-06,1.427336716691496e-05,1.3799984182131177e-05,1.3301612410554111e-05,1.029804057051298e-05,1.4571298983273138e-05,1.4567634356869425e-05,9.806257800378712e-07,3.2081251028923776e-06,2.9218735007070298e-06,1.3460524614313934e-06,5.149165569794205e-06,3.961268453278628e-06
043,3.685338241372917e-06,2.8353231011285047e-06,3.249557302693839e-06,1.4403470208845296e-07,4.943029158571962e-06,7.86451316136112e-06,6.1191377497542464e-06,1.0233722361455517e-05,7.850628710401234e-06,7.969312881870214e-06,6.131288382154576e-06,9.191572558661509e-06,8.354043058584025e-06,1.1892971073958079e-05,8.668060985787926e-06,6.8424108731909e-06,4.154098169431196e-06,7.064394454771735e-06,6.75305180307888e-06,4.553920947010056e-06,4.807817078340131e-06,4.6531703007538585e-06,5.075043279550224e-06,3.3438497928637697e-06,5.3676979637785754e-08,4.738344841620464e-06,-8.657487087180384e-08,6.936647898166088e-06,5.598259912907634e-06,5.302002440349779e-06,4.863325214856238e-06,4.935696726773093e-06,3.2375991278602518e-06,5.937838577233279e-06,3.7795120186064245e-06,3.385474430464725e-06,3.418388861571262e-06,6.899173695534489e-06,2.5118013816749252e-06,4.896541862105317e-06,4.465299925043771e-06,6.896691089020544e-06,5.257044063175442e-06,5.0930653493244754e-06,9.494683571807104e-06,9.228092268136832e-06,6.582712562737981e-06,5.339505545519196e-06,3.288155544995683e-06,7.577878594166969e-06,4.959983071237206e-06,5.603431532038842e-06,9.191491205206527e-06,4.638244958007137e-06,8.897143774471766e-06,8.235372096524697e-06,7.4806252280043195e-06,7.341793054219115e-06,2.3079967206090414e-06,9.603413102760137e-06,2.7341186316605956e-06,5.222070515579787e-07,6.5921555160820565e-06,4.298038583617355e-06
044,1.3530121653251808e-05,1.1039968583020679e-05,1.0894490005556156e-05,1.1725522666153203e-05,1.5599691595449272e-05,2.298704539999466e-05,2.3917146884544856e-05,2.6533675618762858e-05,2.249866736653159e-05,2.5003966551704617e-05,2.0379118906525582e-05,3.9017800448775326e-05,4.007810604663441e-05,4.052311313852443e-05,4.131568336487927e-05,3.390511930626231e-05,4.034837189164185e-05,3.621113397204639e-05,2.3973439786048066e-05,1.616327766519326e-05,1.5700453685410507e-05,1.3857811272168569e-05,1.131691758837902e-05,1.1199728733319545e-05,9.84855432057715e-06,8.302392242873584e-06,1.0020534175151848e-05,1.781084896391303e-05,1.749786518680678e-05,1.6446820772336437e-05,1.3878616581816447e-05,1.482308424514965e-05,1.1431328415328201e-05,1.700948737629888e-05,1.3169176116547245e-05,1.4263032996595775e-05,1.3841384087917243e-05,1.2943483736677291e-05,8.548321828698999e-06,1.6924408248881484e-05,2.033533282890099e-05,4.644645144761082e-05,3.935654854289766e-05,3.5353266979013345e-05,5.543927875904007e-05,5.470569953082175e-05,5.559006057453575e-05,5.322896968484917e-05,4.9264805722156496e-05,4.923702045683996e-05,4.441330515274794e-05,4.7083988082978226e-05,6.134593337501719e-05,5.189734455703634e-05,4.495011377339364e-05,4.99195329359855e-05,5.3395338216828025e-05,5.600491757850879e-05,1.0320684487771928e-05,2.286406373790537e-05,1.985453484221331e-05,1.1037516262221456e-05,3.2410137787967325e-05,2.7233850088594076e-05
045,1.0252567536421785e-05,5.586880714592329e-06,1.0506522376194361e-05,4.32478640979708e-06,7.470929071084261e-06,8.228969050709895e-06,9.893478293592459e-06,7.144929798721383e-06,7.696574343750675e-06,5.468483839739333e-06,4.061098196615145e-06,8.668858732984375e-06,1.1859801330347917e-05,7.792730454272793e-06,7.802465272397869e-06,6.915832097706632e-06,5.105180041170699e-06,8.746909731871278e-06,7.470648240910862e-06,6.948414023461145e-06,7.3512847308703235e-06,6.806772162953297e-06,7.262044599667159e-06,8.777777747464009e-06,1.641746955522128e-06,7.452469306192705e-06,1.5935459993661395e-06,8.27635070807655e-06,7.892848907973657e-06,6.985610580972065e-06,8.042221454914638e-06,6.2226430639789376e-06,3.597744542266618e-06,8.72876002909335e-06,9.358106947218236e-06,6.006953996906219e-06,7.820091838132683e-06,7.236624659372176e-06,3.1428846865793686e-06,8.14724984721105e-06,6.362035770049782e-06,7.696306499862402e-06,8.761010576976276e-06,8.328944394596124e-06,9.126073570201618e-06,9.493634085479346e-06,9.073695829753049e-06,7.842151522849259e-06,6.8837026368586285e-06,6.698031207371206e-06,6.889524731496247e-06,4.559164301279398e-06,9.465381288667374e-06,6.742631412136639e-06,6.410668151617833e-06,5.953566959813536e-06,9.363393999813686e-06,9.25257660165226e-06,4.1021231023866115e-07,6.168188249109437e-06,2.4399158244270142e-06,7.258284888221821e-06,6.813832977313362e-06,3.151573025416088e-06
046,-2.0977098787415472e-07,-1.0404542056896742e-06,-1.8202846264311602e-06,-1.80182726774785e-06,-1.1721529738009696e-07,-1.4707572154099371e-06,-5.472807990620585e-07,-9.361896274702539e-07,-5.006685945805137e-07,-9.80574375108022e-07,-9.058879555065365e-07,-7.519060848427545e-07,-4.2742837644077794e-07,-5.015320427762339e-07,-6.653564011317771e-07,-1.1630046492935763e-06,-3.323792239327422e-07,-3.91182252058086e-07,6.143420884628287e-07,-3.085884290899839e-08,-5.372488616704152e-07,9.252275757041192e-08,-4.5749853465286625e-07,-2.480995922820337e-07,-1.861793833726679e-08,-3.32682096431411e-07,-1.259691705094871e-07,-1.2505007814751827e-07,-1.0241180394930672e-06,5.554176009887406e-08,-9.481992069898696e-07,1.8287870749465312e-06,-6.375202991360557e-07,2.0418079365468493e-07,-1.0460238271230251e-06,-6.305101355165776e-07,-2.3076143719892202e-07,-1.8136000548443295e-06,-1.1648022765312104e-06,-4.656658260362852e-07,-3.4629885651585727e-06,-1.494491807472687e-06,-3.6788616152026076e-06,-2.2468237234699872e-06,-1.0496176359302872e-06,-1.3629150640753115e-06,-2.1539685921522152e-06,-3.433377407065134e-06,-5.710148702148733e-07,-1.6613978255103405e-06,-6.239503057668773e-07,-3.3521183168197047e-06,-5.333204618149451e-07,-2.1176643380582865e-06,-2.1568771945734406e-06,-2.9249151035580448e-06,-1.4297260466006769e-06,-1.1275018638070099e-06,-3.5162494077118597e-06,-1.2090607721828562e-06,-2.787900526212238e-07,-1.1601695625376136e-06,-9.213332680272372e-07,-6.358284506028785e-07
047,1.0545369499946845e-06,1.5517407947760064e-07,8.073840580470206e-07,2.5680309823516995e-07,7.22153235248019e-07,8.929743834269712e-07,5.815280591794393e-07,1.2348128923789737e-06,3.268068776313316e-07,1.6604971942208916e-06,-7.392104793678177e-07,9.951712774150943e-07,6.378723863462883e-07,1.0283415543807974e-06,5.101635636981598e-07,1.2782504703055866e-06,8.398422749224932e-08,9.126268053964809e-07,8.372671828862806e-07,9.089897774049556e-07,6.050238295959179e-07,1.173992086713167e-06,7.521252287346736e-07,4.3318949996468324e-07,3.032087215430731e-08,1.6786224697405209e-06,5.086983130719525e-08,9.768122020623642e-07,6.975130400565915e-07,1.112646304597081e-06,1.7795020569215115e-07,1.5946308170040527e-06,-3.137109125034566e-07,7.149867265830874e-07,8.696607929659454e-07,2.8383684225456015e-07,4.1831329046971854e-07,2.013260166616966e-06,6.388728574179445e-07,6.476068478360698e-07,6.623347521176936e-07,5.944921262594382e-07,8.36082938154574e-07,7.640735940366677e-07,9.076779156973974e-07,1.0153103156604482e-06,8.578015972589631e-07,7.82721707239608e-07,7.442414570878798e-07,7.677449995726423e-07,1.035916202396916e-06,1.0786255526841484e-06,6.448825349999417e-07,9.864944271311703e-07,5.056314340517344e-07,1.1891056999316033e-06,1.0858037913235972e-06,1.1817804835419235e-06,3.7459005406002256e-07,2.1829292826476787e-06,7.083813037877199e-07,2.1608111424575355e-06,1.7447749819714617e-06,8.252573913455173e-07
048,1.0096808765170725e-05,1.0595274363125617e-05,7.645287346449981e-06,1.0432758681488326e-05,1.588387486973587e-05,4.219662864251526e-05,2.2049207410805712e-05,1.8479513439049774e-05,2.1524313325437572e-05,1.9565649277745426e-05,1.4818317543676891e-05,2.3912728934245098e-05,2.595053525822884e-05,2.308243701889987e-05,2.4905128425337147e-05,2.095525914025217e-05,2.1817516389512288e-05,2.527953800512403e-05,2.326758865370596e-05,1.7326120224538288e-05,1.6641495869943718e-05,1.476498493354404e-05,1.9170687660664134e-05,9.626222146518232e-06,1.3425304471825262e-05,1.0377661661149948e-05,9.837353186761112e-06,1.9437348217006072e-05,2.214538665213802e-05,1.6475295355388625e-05,2.0175017451469387e-05,1.4805162960922578e-05,1.3751703721633085e-05,2.1060003742660958e-05,1.0854507444924388e-05,1.1798324049961135e-05,1.0840963511420266e-05,1.7709592645010292e-05,1.1099559601803515e-05,1.930961589785795e-05,2.2924618190571442e-05,3.531075597493009e-05,2.7111956246906716e-05,2.5257566070009076e-05,2.713715157907945e-05,2.8287109297876077e-05,2.8256124018427955e-05,2.825634266709513e-05,2.9073815929412008e-05,2.7285318349046747e-05,2.9766278564844493e-05,2.1500252631536683e-05,3.2613433848036436e-05,2.8571759020879265e-05,3.9244941609617845e-05,3.064114478030265e-05,2.4275485145129975e-05,2.7793300951999303e-05,6.956392202746353e-06,2.506526449508303e-05,1.3437836260267767e-05,1.1246562995811751e-05,2.4313141476266292e-05,1.5491398142727488e-05
049,-9.499260873923964e-07,-9.702331175229071e-07,5.240377335103393e-07,1.6091630782941012e-06,-4.6090169225797236e-07,-1.4332259251988372e-06,-1.1857000527129226e-06,-1.6557296810037181e-06,9.289982016819012e-07,-2.683688487563423e-06,1.3187609866200412e-06,-7.633020931943273e-07,3.267394177496028e-08,-7.302952978725543e-07,1.066867623919355e-06,-4.227399167093463e-06,4.093362809930002e-06,-1.0770655447283945e-06,-1.1179458918611297e-06,-7.86623866062389e-07,-9.486052555634955e-07,-8.025813451737068e-07,-9.371248241150865e-07,2.386884145545035e-07,-8.616297719374986e-07,2.0394401307694083e-07,-6.118674413683674e-07,-1.5170836969477615e-06,-8.368761721947918e-07,-1.5680982837173229e-06,-4.5735474844866543e-07,-4.284832704809774e-08,3.434026695633455e-06,-1.6431667541092225e-06,5.1114705153620284e-08,-3.1707245592584537e-07,-1.2626523293571973e-07,-2.844924209161698e-07,1.2590739446982537e-05,-8.486084645313885e-07,-2.052874136617264e-06,2.7042430782764975e-06,-2.348374581014389e-06,3.9196568703587095e-08,1.1994891626577446e-06,-6.092493639202979e-07,5.179031096777245e-07,4.218670994971687e-07,-3.8424166127770975e-07,-1.8221545117643299e-06,8.111399953554405e-07,-1.2355000319077204e-06,1.0789029591165443e-06,4.979237987942021e-07,1.761327863582875e-06,-1.3341532849448231e-06,1.4474799687125818e-06,1.0398366677158717e-06,-5.399937673351721e-07,7.715884531974072e-07,1.1537405090261563e-07,9.61713055340401e-08,5.388143669475648e-07,-3.359895361146808e-07
050,1.2971118968774434e-07,-1.6333264177196605e-07,1.2237033017371606e-07,1.1123981253467739e-08,4.3934807232993397e-07,6.962441469714052e-07,7.062734204154294e-07,8.95872003146997e-07,7.997506275417714e-07,1.8169652477548431e-06,8.961332911635456e-07,4.3817257101778835e-07,3.8074804270172805e-07,8.467704501148698e-07,3.153353087177516e-07,9.59593627142288e-07,7.24083742005337e-07,9.638698096605606e-07,6.911793969297201e-07,7.397193995047357e-07,2.0257151814258354e-07,6.430727636690921e-07,1.840444501106432e-07,6.146747896554606e-07,3.2577028272243874e-07,7.666155949675519e-07,5.2442777028488405e-08,1.1163679966875394e-06,5.662352264198218e-07,1.3571849526052486e-06,7.297361361137456e-07,9.976556024029324e-07,1.5323399335329021e-06,5.745885713187888e-07,4.904768613645175e-07,3.86631741934021e-07,2.9128174371312336e-07,1.142507763236574e-06,1.8246656210465627e-06,-5.463204863548574e-07,-6.925464981661552e-08,9.62666844463612e-07,9.81116892514012e-07,5.863958641455751e-07,3.627603130095048e-07,5.721626635299255e-07,8.610881593021951e-07,7.151273860008385e-07,1.4528622280886239e-06,1.3128147466226862e-06,1.2647988036554224e-06,1.7443257463672474e-06,6.131971965001807e-07,9.68585923968201e-07,1.7994777380853979e-06,1.437317511516505e-06,4.927182688494918e-07,5.726269707135365e-07,7.151414967497321e-07,9.445271979512948e-07,1.2892244925606983e-06,8.81494904348112e-07,1.058555513236318e-06,1.2872115487525414e-06
051,-2.9834027373409534e-07,-2.469994924534428e-07,-2.578899327042291e-07,-2.9354159197333797e-07,-2.892614072928881e-07,-3.006870702991866e-07,-2.01486731259737e-07,-3.05285715359682e-07,-1.0867293815479265e-07,-7.733903943639182e-07,-4.412057420613312e-07,-2.2806701727115627e-07,-1.6166856674001166e-07,-3.972895705684274e-07,-2.0580334902481923e-07,-2.360922697268823e-07,-3.8586795662542366e-07,-2.7086035888308723e-07,-1.7837299278320274e-07,-3.6023191843849595e-07,-1.890052662678603e-07,-4.4869814771508776e-07,-3.9011244555027024e-08,-3.5727352515346474e-07,-1.9544816487563307e-07,-4.703523082474438e-07,-2.061486760125937e-07,-6.583503113229574e-07,-2.634140789224449e-07,-3.002660922576183e-07,-2.219862507391265e-07,-1.8227818900372058e-07,-8.723238298896537e-08,-1.2318329862912284e-07,-3.655084979896415e-07,-3.34959528677831e-07,-2.7377124783883903e-07,-7.606345022591331e-07,-1.410640332365546e-07,-1.2274476130517338e-07,-2.834387535143973e-07,-2.849960418239924e-07,-3.706602884469871e-07,-4.056485051910753e-07,-3.6516150672674737e-07,-1.161849233242088e-07,-4.406434782326741e-07,-1.6267628303399783e-07,-3.942889722688293e-07,-4.329991732966869e-07,-5.445606324595546e-07,-4.835861449030036e-07,-4.77742226728296e-07,-3.686842159239409e-07,-6.598106605439129e-07,-3.247228480735603e-07,-3.719819739410494e-07,-2.8448038191101895e-07,-2.1771215879056214e-07,-2.6012134743886566e-07,-3.7073869324806807e-07,-5.002859554851891e-07,-2.9701339119252906e-07,-9.233517392565614e-07
052,5.758208624493638e-06,7.94247455931224e-06,4.8205046522333815e-06,4.8170799432426374e-06,1.034117775059542e-05,2.080149542236833e-05,2.242696489001344e-05,2.035991717705176e-05,1.8024667453063426e-05,1.2690662296606374e-05,1.2160888426811247e-05,2.7994861007580513e-05,3.4419958536656424e-05,2.740963014516506e-05,2.8270682703371844e-05,2.2165428539196894e-05,1.4798039478596034e-05,3.527066775453985e-05,2.0744801734271284e-05,1.0915301604266526e-05,1.2719180550286266e-05,3.7175312474650977e-06,9.720837197646153e-06,6.312745311502654e-06,7.573875171501609e-06,3.4405870307345596e-06,2.971075392750623e-06,1.555455434392842e-05,1.4592008664732059e-05,1.2120595565825985e-05,1.1945313773985693e-05,8.302928395252942e-06,1.006996227044675e-05,1.3910156584657642e-05,5.560367696841221e-06,6.103019411773012e-06,5.58369019602947e-06,4.036620183790305e-06,4.775443894052805e-06,1.3250235853181857e-05,1.3213152303162664e-05,4.015621344527176e-05,2.8060453295566744e-05,3.272254081729599e-05,4.7115286012336047e-05,4.7802867886771273e-05,3.698346029568528e-05,3.545304337544283e-05,3.174002915665173e-05,2.3132761997359303e-05,2.253451147870817e-05,1.3448878135874262e-05,4.8275504990913616e-05,3.919009703046661e-05,2.3592069625119686e-05,2.017887729791527e-05,4.122292921438601e-05,5.1714589015863e-05,1.7120182897942783e-06,9.188807918859037e-06,7.901364377537508e-06,4.066522894530512e-06,1.513653869832517e-05,1.078181598479911e-05
053,-1.7853563434930628e-06,-3.80758382913076e-06,-2.9556604224762084e-06,-3.834362276422156e-06,-3.3386268794320583e-06,-1.695487723773004e-06,-2.792430610648322e-06,8.193681272875546e-07,-2.4658918151062756e-06,6.507000329781332e-07,-3.831312187958902e-06,-6.555502176249626e-07,-2.709243575621943e-06,4.7614511257608494e-07,-2.2042980829473825e-06,7.974943171978263e-07,-2.001817431071702e-06,-2.478676868359412e-06,-2.8243066132962434e-06,-2.5330251937992933e-06,-4.279171709848006e-06,-1.0775317302290684e-06,-4.207171268343885e-06,-5.112320932066877e-07,-3.147387998694379e-06,-4.829366696145451e-07,-2.5877070305130645e-06,-2.685505754208754e-06,-4.1065445166652975e-06,-1.7326173892831498e-06,-4.209967041110932e-06,-9.968502498483231e-08,-3.086397818205345e-06,-3.850433072860759e-06,-3.4593206951433327e-06,-4.319838443583581e-06,-4.285004454127315e-06,-1.3497726475730567e-07,1.940406367557685e-06,-3.7374605601671436e-06,6.036226615197563e-07,3.011700192693002e-07,-1.761595270555641e-06,-1.4061711326640246e-06,-2.308636634904217e-07,-2.346441188592543e-06,9.122824205020092e-07,-2.744310895719877e-06,1.2889086991067168e-06,-1.2610402860512261e-06,-2.8839139660594275e-06,-1.5145819005726812e-07,1.0914420634577811e-06,-2.343033970366429e-06,1.1823780319843973e-06,-8.41137751011644e-07,-1.484771043655548e-06,-2.163041049083587e-06,-7.197522508157005e-07,1.1748396595498865e-06,2.489148101869729e-06,3.359567170499961e-08,2.2037449487448297e-06,-3.6889707804809873e-07
054,4.882720491295711e-06,3.054415250796738e-06,4.9123668701948016e-06,2.428453777026589e-06,3.2207437388758113e-06,2.2317714072781333e-05,2.094130911413005e-05,2.258660669411994e-05,1.880090661749353e-05,1.2044470620109649e-05,1.36316857247926e-05,2.0399424570971776e-05,1.901442066187542e-05,1.7908346107245472e-05,2.3811513728396567e-05,2.169551994552181e-05,1.9175760892478807e-05,2.6544923146078177e-05,2.1346778853121156e-05,7.521398785141633e-06,6.095550589107939e-06,7.771734553811778e-06,6.294372687266713e-06,7.736463214016657e-06,3.2726652330979674e-06,7.175456063683272e-06,3.6812474971435274e-06,1.421975630150735e-05,1.2218481004739706e-05,1.3214126188845795e-05,1.2550706264632386e-05,1.0455035152865647e-05,9.035741299620013e-06,1.1882274596761483e-05,2.8762578002640305e-06,2.0492997361358293e-06,2.4131659173005124e-06,8.303154580431583e-06,8.226455189764517e-06,7.5006126409996995e-06,5.527601553177068e-06,2.058722394951746e-05,1.349250722583802e-05,1.462745781981145e-05,3.078281294927622e-05,2.7747325769454737e-05,3.105632332926253e-05,1.529530968355384e-05,2.5510376829474144e-05,2.2503343886124242e-05,2.5641891359042065e-05,1.5717083024532096e-05,2.9246416196205498e-05,1.2431216113075598e-05,2.829520674014898e-05,1.5268481026474363e-05,1.5472488108087627e-05,2.892713284202763e-05,8.10301465525699e-06,1.1959308796789315e-05,1.0033178580357018e-05,8.57741116159806e-06,1.6419233586826436e-05,1.4087639483491799e-05
055,1.8012732924770313e-06,1.5797363366335486e-06,1.7490459080932695e-06,1.7436850142578895e-06,1.8070951452190197e-06,1.3570887313981711e-06,1.1959034173523296e-06,1.5015459006059659e-06,1.256294472008012e-06,1.6056197116843045e-06,9.54936167756547e-07,1.5206647394275378e-06,1.4202031920426571e-06,1.410562680892872e-06,1.6741203365997957e-06,2.0574778743243456e-06,1.3762080627244326e-06,1.3774644623991943e-06,1.2419332746075652e-06,1.5117870699019445e-06,1.2766423814872577e-06,1.4656677495037076e-06,1.302538076950847e-06,1.6694044349116747e-06,6.621870187804159e-07,1.8978805030285945e-06,1.1629325281834857e-06,1.2857768310120422e-06,1.093355444028178e-06,1.479619481535044e-06,9.03041425688722e-07,1.6587856333104354e-06,9.498643034340164e-07,1.235654305925885e-06,1.6134468719912695e-06,1.9496109742436077e-06,1.6779676635279224e-06,1.615393656068796e-06,1.1827313141119805e-06,1.3901620748357084e-06,1.5293185638840705e-06,2.8620814359522346e-06,2.9159139824749894e-06,2.9664064635367694e-06,1.7119466827176387e-06,1.7354535792072827e-06,1.9013132469277123e-06,1.6875613601402144e-06,1.93809520080713e-06,1.8485744994873532e-06,1.7949031146444684e-06,1.4625174184925847e-06,2.12015820318464e-06,2.1828666813622735e-06,2.1862007975877263e-06,2.3961830115395968e-06,2.0739205188810687e-06,1.7176081372226772e-06,5.188104948487695e-07,1.4948397640919817e-06,8.408251656959851e-07,1.226039995451013e-06,1.1666944149034187e-06,9.64004600358939e-07
056,1.387272265466475e-06,2.4975253675685277e-06,2.115356812764147e-06,4.280264844571977e-06,1.300243955541123e-06,1.4934748926985622e-07,3.1338693481138962e-06,-1.6643622772621825e-06,2.6950940305092264e-06,-1.2631462527785913e-06,4.778652762140077e-06,-1.804001043375399e-06,2.658712247329774e-06,-5.51728321275335e-06,2.6702245090626035e-06,-3.837750759964899e-06,2.443252052895358e-06,2.02766968578301e-06,2.420520223356504e-06,-3.821702282644881e-08,2.416433574356552e-06,1.035124343558625e-06,2.325481106154999e-06,1.1215585973718977e-06,2.872124235627425e-06,7.249195997966578e-07,1.8674975566636981e-06,-1.7068910094840158e-08,3.2234626979753125e-06,1.1291677351500776e-07,3.976336792816118e-06,5.970984908757631e-07,4.546764543344614e-06,2.3002870542812468e-06,2.1758040658642294e-07,1.763543014549841e-06,5.561700903383233e-07,-2.4770757325257868e-08,4.223497193382867e-06,5.14414743256808e-07,-3.7976956453619324e-06,-1.4819908705774091e-05,-1.0291987901763065e-05,-1.0864790151051617e-05,-6.124653724346536e-06,6.499975000594305e-08,-8.628105957559652e-06,-3.00252232058371e-09,-8.129655413376278e-06,-3.3137692998641473e-06,-5.337587720415412e-06,-2.5978768505955127e-06,-1.2765961940463371e-05,-9.23796916551695e-06,-1.204295511645659e-05,-8.648495749969937e-06,-7.5916787942889564e-06,-2.591912103917446e-06,-6.55565521890046e-07,-7.459940718221597e-07,2.9180710275894452e-06,2.7137894282294234e-07,-2.1109123121718682e-06,1.5148312073334187e-07
057,2.165470929119705e-06,2.5474050980638515e-06,7.32285968552644e-06,7.794898837621026e-06,1.7718193265484802e-06,2.251036507211504e-06,2.431846559370005e-06,1.752068413428771e-06,1.1985716023623712e-06,1.6893858344558606e-06,2.8836685865799696e-06,3.471274944217886e-06,4.218481039408493e-06,2.7748659441722814e-06,4.503852195800775e-06,2.3036501873241463e-06,2.911526770996708e-06,3.552621144728562e-06,1.6876982265703696e-06,1.021494122377894e-06,1.8067782072680176e-06,1.6556429951025798e-06,2.9527327390043427e-06,1.8142475929327035e-06,2.491615605176962e-06,1.7284372934847946e-06,3.481684418205388e-06,5.744111971592116e-07,4.442612069352597e-07,5.687356870611413e-07,1.8158267834625377e-06,9.543406734041122e-07,1.0308418724201449e-06,2.0447504178472764e-06,5.118443402455349e-06,2.7240753902131675e-06,2.4424753190427924e-06,2.839451701744646e-06,4.215583363634229e-06,1.704044335591039e-06,1.731164302853548e-06,3.5178809357449767e-06,4.68670818247401e-06,3.867417712772783e-06,3.449348260322859e-06,5.291494219689092e-06,3.378336197796009e-06,4.3577035355943965e-06,2.821989158044913e-06,4.3182673659280134e-06,2.8178590546470896e-06,3.5078766230923676e-06,4.1025053786001024e-06,5.669927655325277e-06,4.054302731381612e-06,4.615624022877811e-06,5.158275650852997e-06,5.216394397458613e-06,4.099196033953599e-06,2.8507640856612387e-06,3.4252697403802356e-06,3.347966928369831e-06,2.8886792999077957e-06,2.164939675950461e-06
058,1.8622628340214613e-06,-2.811843688700272e-07,2.4168934353234125e-06,-6.637425867787217e-07,1.2441840482962367e-06,3.053517139544532e-06,1.9854206042003486e-06,2.9500214200030683e-06,1.3247128046551153e-06,2.98221878578813e-06,2.7521944464530453e-07,3.244223429129487e-06,2.6404356824505425e-06,3.1765906638757176e-06,1.8629170697729211e-06,2.5135115142479856e-06,7.345621913228582e-07,2.8441688229343887e-06,2.886513909210691e-06,2.5496270691156877e-06,-4.629550310609815e-07,2.5715338308806512e-06,-4.806235808799243e-07,2.8039212514049737e-06,-4.130691590556994e-07,4.3799600513573205e-06,-1.083014200963879e-06,2.8393373636634633e-06,1.8901149779801799e-06,2.8768313319435498e-06,7.004362828413683e-07,3.5414880049616903e-06,-2.750108775801474e-07,1.8198474440122484e-06,1.3052067379850364e-06,4.6442028488272125e-07,6.464299968971688e-07,3.5944307631275955e-06,-1.1565747974544482e-06,2.549717166115432e-06,-3.2445404370710106e-06,1.962033568095824e-06,-2.6950413324495717e-06,9.279503359090571e-07,3.232538063895732e-06,2.333915704135226e-06,2.4471804906889243e-06,1.5041611998494892e-06,2.2458879144816885e-06,9.44288362224227e-07,1.9964054450850597e-06,-6.13268485455196e-07,3.2654340758117957e-06,4.188073544424538e-07,2.540820551886935e-06,8.415800003591784e-08,3.001319510986348e-06,3.115984984802179e-06,2.543987067814302e-07,2.4039266121101485e-06,5.897877176001294e-07,2.3709788428548963e-06,2.3008015539326376e-06,4.040865272640731e-07
059,2.0623274985155773e-06,3.377508164411014e-06,1.59198734758713e-06,2.5636850419106324e-06,2.6116140983695323e-06,2.2790994799791813e-06,1.92218030550861e-06,2.029474503381371e-06,1.7095677326815656e-06,3.275102031918746e-06,1.510702299774783e-06,7.331783023275448e-07,1.5691900905831784e-06,2.0438369308568862e-06,2.5356004511305667e-06,1.6653591302744742e-06,2.895634862316891e-06,1.8637988681576989e-06,1.8718238461221071e-06,1.989951398725886e-06,2.8728354384505223e-06,8.228302901082489e-07,2.333310375655625e-06,9.216115725412381e-07,2.371144821766949e-06,-9.765366736619764e-07,1.1487039270597549e-06,1.8537653417820925e-06,2.55324892143203e-06,1.8039046596572695e-06,2.3796981154698245e-06,1.7872742317820827e-06,1.6395053322004677e-06,2.647977277941066e-06,2.0941592639748557e-06,2.5521689564142516e-06,3.013918663759652e-06,-2.2929900188355624e-07,1.9038989609017544e-06,2.6844981899761898e-06,1.8761496689416426e-06,1.7581395387387925e-06,2.5653790335281417e-06,1.329268770528018e-06,-2.9971843882221585e-06,2.001783705929443e-06,1.261957031259585e-06,1.6851866711149212e-06,3.1655508247654935e-06,3.3269210694152333e-06,3.132457439137306e-06,3.850477484839046e-06,9.549699798282917e-07,2.279258481252006e-06,2.3829471064912186e-06,3.0696519126892905e-06,1.0872780023524383e-06,1.7603497546781009e-06,1.0669357751137481e-07,1.582710713993183e-06,7.236652692998579e-07,1.9507964095593255e-06,2.999494173445375e-06,1.1681848766988412e-06
060,8.81730060992856e-06,8.789380210993454e-06,7.120220978080895e-06,7.335123638738008e-06,1.0171521994032083e-05,8.896237231519955e-06,8.946037913856013e-06,1.159408632299593e-05,9.427827206386725e-06,8.957193383272233e-06,6.636019459740611e-06,9.122516785709368e-06,7.661961763870874e-06,6.892889161075576e-06,6.343163077354575e-06,6.450334897445982e-06,5.038882496905447e-06,9.862901600050359e-06,9.732692110742989e-06,1.0269053785339261e-05,9.038694341230412e-06,9.449601317711036e-06,7.854443329968898e-06,6.426613276231374e-06,7.631910666151538e-06,3.787551542302067e-06,5.6027302984577495e-06,1.069239138792727e-05,8.823524421596072e-06,1.1548006273675398e-05,8.1033327746535e-06,8.528225160133745e-06,6.173899133670795e-06,1.0537660125515547e-05,8.867406404360224e-06,8.462103202797422e-06,9.040784950783124e-06,6.421351463965413e-06,4.461007875604235e-06,1.039025767171614e-05,1.7496864504539307e-07,-7.932030061786291e-07,2.08928035640743e-06,1.0130819774694225e-06,1.0067820770219319e-05,7.2745488274849e-06,8.578665884062162e-06,5.400992838434387e-06,4.523666385242696e-06,3.630840772359093e-06,3.5371395258523664e-06,3.995342439099279e-06,4.4872593970973285e-06,3.466792816544485e-06,1.786872231707349e-06,3.4233332976915714e-06,8.358796594678369e-06,1.0570142645933504e-05,1.863466466831492e-06,2.967029597187844e-06,9.906350149231813e-07,2.722347958620789e-06,5.371953946605649e-06,3.429176767111076e-06
062,2.1036327393492964e-06,7.651975806519401e-07,2.1378956816349874e-06,2.8112246301256066e-07,1.5555157220638788e-06,3.2527152605276216e-06,3.2106270678055997e-06,3.471523042396017e-06,3.435105961005923e-06,3.347185956439823e-06,2.842441137986842e-06,4.617636140910598e-06,4.922245823900868e-06,3.3686079263881884e-06,4.915204354064048e-06,4.832503300027506e-06,3.7358317789551967e-06,4.760826148419726e-06,3.0294951284366307e-06,2.001138580048776e-06,1.2551972847848332e-06,2.058117422960354e-06,7.494507413519739e-07,5.269399932818945e-07,-1.073619101667933e-07,1.536952901376477e-06,-4.5592038882428794e-08,2.543874562527208e-06,1.3371000791392148e-06,2.6515763069748036e-06,1.8911090673488945e-06,1.7635643606104128e-06,1.2639747073803548e-06,1.957401550307844e-06,2.210890099114282e-06,1.6628101580351339e-06,1.7792352939509773e-06,1.871307870133813e-06,5.816172919061822e-07,1.6077283634808066e-06,2.830180292656035e-06,5.13802643156011e-06,3.4430569766193394e-06,3.8861009823911525e-06,6.9774012517149745e-06,5.910159717602008e-06,6.870993911406209e-06,7.41343832463816e-06,4.8992665134243e-06,4.495398900470496e-06,4.131574556045739e-06,3.594275544253272e-06,6.963624725920534e-06,3.68763639793542e-06,5.258833913539332e-06,3.53926156884441e-06,8.430605637429034e-06,7.008927360575978e-06,1.0212866767786196e-06,2.3567544548271363e-06,1.6748326558549968e-06,1.444506804987645e-06,2.984332473252495e-06,2.687716040983533e-06
063,8.26877766377997e-07,6.922503093302323e-07,-4.248230907671068e-07,1.4730168120620584e-07,1.043989978412328e-06,2.0602810134578307e-06,1.1984415515734058e-06,2.075621777652143e-06,1.0152586015311954e-06,1.699287608007317e-06,3.9977272725902546e-07,2.149784949655987e-06,1.61461779061234e-06,2.233354575574094e-06,1.5949277739966016e-06,1.851342872091705e-06,7.415138877028713e-07,1.6146993410099419e-06,1.1992585990412689e-06,1.982275655349668e-06,6.222362325068044e-07,1.9909965655747667e-06,6.034221340153321e-07,1.3953314310151945e-06,7.169102686548938e-07,1.5182789782752642e-06,2.8819331964706606e-07,1.9854736458974216e-06,1.1594302292939746e-06,1.9674840892493928e-06,6.8848500228805e-07,2.3947612265870473e-06,1.06115102409845e-06,1.1727842105085892e-06,-1.2744096366911472e-07,7.01256657483506e-07,9.474067294822098e-07,1.65600849095972e-06,4.321523111067237e-07,2.0104203615818184e-06,1.4056276768133e-06,1.4328137503263067e-06,2.5202571193733956e-06,1.9788018843159683e-06,2.233485043822259e-06,1.9906132881890747e-06,2.0746908278642104e-06,1.595789705704643e-06,2.178316322502908e-06,1.0815309556579408e-06,2.1794187986186166e-06,6.649527698738101e-07,1.7268826413048473e-06,1.8800795731610808e-06,2.157131706484865e-07,4.3148671099780924e-07,2.244583996801976e-06,1.970473557541555e-06,5.202378995496845e-07,-1.3364365314305664e-06,4.344815496016638e-07,2.291858983598064e-06,1.350158285334781e-06,-4.492409884372672e-07
064,1.5859295482841306e-06,1.7373970027597746e-06,9.419864922718745e-07,1.0478267991265392e-06,1.5901760749254327e-06,2.0228989720983382e-06,2.0269865034099814e-06,1.7405410482292085e-06,1.9028582313089106e-06,1.0370017463275173e-06,1.4496267703920483e-06,2.199042649658009e-06,1.9210110341041786e-06,1.8765621554360121e-06,2.5704185896644194e-06,1.3147104458523792e-06,2.344381744957025e-06,2.1791429002218407e-06,2.12877179686464e-06,1.6750828447526318e-06,1.7168729858422182e-06,1.626802363767172e-06,1.5258094860946237e-06,1.695778869771295e-06,1.2897850325298583e-06,8.940321459883118e-07,9.54539695333766e-07,1.741936517324166e-06,1.885627632832297e-06,1.4351540303572702e-06,1.5380877435661819e-06,1.1359307973807773e-06,1.0792801792740204e-06,1.9769751080557435e-06,1.5964175000809148e-06,1.6888996027168299e-06,1.505391146296178e-06,1.0374852321944962e-06,7.685991096658212e-07,1.8092568394252544e-06,3.570034590837204e-06,3.5213288691412094e-06,5.878354267205415e-06,4.182813862098038e-06,3.0932154992145787e-06,3.2666499669181545e-06,2.539786956783454e-06,3.4798523417058674e-06,1.6668613265490597e-06,3.6383727451644746e-06,1.4995361403655362e-06,3.4145927079327055e-06,2.8783388681485255e-06,5.097301432219791e-06,2.9097375674417974e-06,5.956722285031595e-06,3.967864243722721e-06,3.2158273760623827e-06,6.385157342198475e-07,3.388357898295047e-07,9.785780057740452e-07,4.779947537825052e-07,5.16914270618675e-07,1.9073226699743015e-06
065,7.049150100525459e-06,8.467580128192464e-06,5.761707060142087e-06,6.320019915560325e-06,7.649750381792561e-06,5.419204454121171e-06,5.641643596809171e-06,5.755065519904528e-06,6.439146533114886e-06,6.156099326754621e-06,4.78406788034964e-06,4.724531976055131e-06,6.136475048436788e-06,4.870453789060496e-06,5.795683600058437e-06,3.638647880682703e-06,3.075026767644266e-06,5.3328397006862005e-06,5.02339409755877e-06,7.728662425005526e-06,7.680877119758887e-06,7.945466890783982e-06,8.265747544984879e-06,7.3045295762025474e-06,6.577817088496288e-06,5.724726528702968e-06,6.7232091300282114e-06,6.367532455085616e-06,7.04993055430305e-06,7.913343866132748e-06,8.870350121483853e-06,7.679511021232776e-06,6.060851921336686e-06,7.254679533901678e-06,6.038764315759369e-06,7.664172054871135e-06,7.158418449217429e-06,6.2737104190939685e-06,1.6391427103440422e-06,7.442758892159567e-06,7.702927024628817e-06,8.05586937386789e-06,8.39268452267864e-06,8.01459145949865e-06,6.94548128211302e-06,6.584508984288167e-06,5.453146833048992e-06,5.31271989954241e-06,2.94380239868349e-06,6.0569263791603455e-06,5.950769727049374e-06,6.945222841978676e-06,6.579062371063155e-06,8.898693453890578e-06,6.46661598236193e-06,7.610329246478652e-06,8.01958926809821e-06,5.914480731152896e-06,2.1667091252140786e-06,3.32503214473298e-06,1.840852102314732e-06,1.8957949744368004e-06,4.891252024054385e-06,3.1731194064252063e-06
066,2.1694919569065715e-06,1.372689031128572e-06,2.2288335657232156e-06,1.4049694668656216e-06,1.0857737731098702e-06,-1.7900564045822247e-06,-2.532945703134407e-06,-1.8230211050280243e-06,-2.2372712896226028e-06,-4.728133993215869e-07,-1.6316997302634586e-06,-2.703693081571991e-07,-5.16346107618016e-07,-1.3919088061169894e-06,-5.771903369898227e-07,-8.672132602665047e-07,5.811008188079041e-07,-7.782302323249119e-07,-1.2553906811265692e-06,4.345250877304368e-07,1.2830492416191142e-06,6.501246938480808e-07,1.3801042328281255e-06,1.3500233646833784e-06,1.2942411675140446e-06,1.6246334765080228e-06,1.3714587296122886e-06,-4.868903713797827e-07,-1.5047553055536004e-06,-4.734788279892234e-07,-1.8940372790961177e-06,-2.3287913356090075e-08,-1.0844082326548022e-06,-1.2448219728891421e-06,2.830023014048779e-06,2.7892452510872243e-06,2.868149468278431e-06,5.007898994621561e-07,-1.5500854585211442e-06,9.75224617707411e-07,-7.953199673267715e-07,-1.916575843575438e-06,-8.853583577937801e-07,-1.3475697910998512e-06,1.7391422625832353e-06,8.02350420610779e-07,4.219347977506699e-07,-2.637157248144022e-07,-1.2002958180449698e-07,5.824139104480198e-07,5.34273343055526e-07,1.0019368207124708e-06,2.0629177154609034e-07,-1.9667909487468977e-07,-3.84854360938384e-07,-4.0767634263336526e-07,1.5593428625907385e-06,1.8968123319834507e-06,-5.788823584406958e-07,6.617046230017746e-07,-3.241357322485003e-06,-2.400988872789047e-07,2.2860993685639273e-07,-6.471041861931727e-07
067,2.6582793590760784e-07,7.126154376839477e-07,-5.132935303080856e-06,4.2679359951286315e-07,1.2370449314031664e-07,6.428816819869916e-07,7.404461827227651e-07,7.242806694631385e-07,6.771480408842474e-07,2.126357647393739e-07,5.566202244278634e-07,8.403470537797223e-07,8.890281661379184e-07,8.376440261357119e-07,1.0293278655344236e-06,8.174635154576061e-07,4.2805774576381726e-07,7.576525097311631e-07,5.966108543054957e-07,1.628893241866254e-07,4.383870652931665e-07,-9.943654435731109e-08,6.368221669583424e-07,-1.1622016040942836e-07,8.51897522181788e-07,2.012825762210758e-07,6.826470897527383e-07,4.3984918577937404e-07,4.5448685854541725e-07,3.397941636443674e-07,5.885071688952526e-07,3.2458838401489093e-07,6.838606926637376e-07,3.6848729642671675e-07,-2.596029636902242e-07,6.281986322403085e-08,1.7996498548466554e-07,2.6977873670773837e-07,5.016816878871565e-07,3.3250129713305833e-07,5.997480436184583e-07,5.415591698981072e-07,1.1167317870712141e-06,7.046558201740368e-07,9.65884634935967e-07,9.078132761602065e-07,8.3135297707764e-07,1.083833696407304e-06,1.6085052929886747e-06,9.286007074202863e-07,1.2344584323153353e-06,1.4518089039815429e-06,5.314317010696324e-07,1.3046235371766812e-06,-9.204019301707684e-08,1.2360594187370155e-06,7.607498728406612e-07,9.529114316985709e-07,2.383722693814469e-07,5.46238020222661e-07,4.4613805519681407e-07,4.502104797444875e-08,1.05751640854864e-06,5.074915321732936e-07
068,4.082460853758399e-06,3.1709626700879336e-06,4.423559558918137e-06,3.231731362969515e-06,3.1770920134711847e-06,4.834213766771497e-06,3.08607775249088e-06,6.189102807061974e-06,3.864905936732337e-06,6.9001591914353736e-06,2.513699278159538e-06,3.4441088734579074e-06,5.165828265666951e-06,6.269005018117801e-06,3.3924440774323993e-06,7.937942556970747e-06,2.757453125361371e-06,5.6371157222588125e-06,5.266757043532603e-06,3.1096441387744482e-06,3.536372425009938e-06,5.397439648618615e-06,2.6759841982771042e-06,6.366495241691981e-06,2.081409638536651e-06,3.873174058184417e-06,2.153639344059554e-06,4.901384207572466e-06,3.7007930202104774e-06,4.629899951091075e-06,3.2581020253175957e-06,6.091405324907248e-06,1.7351870053799916e-06,4.928080852469341e-06,4.461250947757443e-06,3.976850534446758e-06,4.234244335832633e-06,7.976068951586682e-06,1.929695186634807e-06,2.6107993325826894e-06,5.9054298096649245e-06,6.1670604584550694e-06,6.547054448583984e-06,6.034179596167514e-06,5.251717717688959e-06,2.908999318370975e-06,5.22256518481683e-06,3.350487462061755e-06,5.523549236593354e-06,2.9285855606638823e-06,9.277005780637226e-06,3.053968937556136e-06,7.312589797656898e-06,4.375148093743375e-06,6.425943312776794e-06,4.623310265012746e-06,5.195597715062823e-06,4.215563410538711e-06,4.412028489591184e-07,9.794734998811662e-06,1.7820914981062405e-06,7.575642993767623e-06,1.037793454201952e-05,2.7299686370795514e-06
069,2.4919152844530146e-06,1.9030528027308674e-06,1.332564420687437e-06,-1.7368800203672827e-07,2.937764697453792e-06,3.798173326479223e-06,2.020542038437903e-06,2.927557972645875e-06,1.6136337137894272e-06,2.0455868085640472e-06,9.829204365603407e-08,3.4689347563766106e-06,3.048791478954021e-06,2.7043546736230936e-06,3.1969664295990485e-06,2.2033018567228436e-06,6.348054469874192e-07,3.331659858560354e-06,3.513918614865446e-06,3.0749881179757783e-06,3.469249626880575e-06,3.126483074969783e-06,9.141972002313251e-07,2.1031509340323348e-06,1.5674847265187104e-07,1.8424782761398952e-06,-2.3703271861185942e-07,3.934912380523729e-06,3.4644957132662593e-06,2.9151993651339174e-06,1.737125216746067e-06,2.90193883916249e-06,9.886563217934273e-08,3.962027882628042e-06,1.8957582931965599e-06,9.948055468658955e-07,1.553927701593631e-06,1.8151223695539758e-06,-8.541022871625075e-07,3.998810416646726e-06,1.89270509717916e-08,8.868782348919595e-07,8.242198511539726e-07,4.831361564370035e-07,3.928654310282409e-06,2.405527863309618e-06,2.645648552423311e-06,3.1983429375214125e-06,2.1017594524559843e-06,1.5874862947552907e-06,1.9810417000296667e-06,5.58293802991488e-07,2.073136136973789e-06,2.463485823446651e-06,1.4749255820074866e-06,1.2557002547615101e-06,2.1785441003022975e-06,3.3844252699654217e-06,-1.6968436406398124e-06,1.4720476755017445e-06,-8.757556595421808e-07,1.373532223212685e-06,9.843583605590777e-07,8.787556966194587e-07
070,3.4395661526437494e-06,2.488555498311396e-06,3.19183555087302e-06,6.954222881047033e-07,2.6048146126429112e-06,5.462448203635e-06,4.498770656005599e-06,5.232555117008065e-06,3.305621653781541e-06,6.063493583619736e-06,1.183779779507801e-06,6.251498014626103e-06,5.282625243332876e-06,5.424249384533961e-06,2.843722967552652e-06,5.859006515554203e-06,2.7923433800320604e-06,6.864886896317268e-06,4.978921523194903e-06,2.5950030305126416e-06,2.196112815249178e-06,3.564574773494806e-06,2.270085165737589e-06,2.1779193122443945e-06,2.707644362687685e-06,3.5256578226708608e-06,1.663317121966016e-06,3.8596660202853405e-06,2.9745832360129952e-06,4.282266690758814e-06,2.575713225894835e-06,3.893382008336705e-06,2.5829605864852652e-06,3.3550673419136003e-06,3.319813343803857e-06,2.6090726870613496e-06,3.142023205930603e-06,5.725115576496497e-06,2.821708346238298e-06,2.4904335056405896e-06,5.8543639300479925e-06,8.627472219532427e-06,7.955163386373678e-06,8.105548968979657e-06,6.984025881236233e-06,5.463529380163428e-06,5.331712986274268e-06,3.7772803299925777e-06,5.400416665933517e-06,3.903975941967984e-06,7.05884481239752e-06,4.220958995501727e-06,7.142088459392281e-06,6.08147729493057e-06,6.5681433216823695e-06,5.5394840722811665e-06,8.77756454253166e-06,6.91077536999758e-06,1.5747041973241904e-06,9.01645233661657e-06,2.3876477311105974e-06,7.903203417890803e-06,8.461772813366014e-06,2.410813802944379e-06
071,6.648538224073498e-06,5.022970819537176e-06,8.62056051703539e-06,4.858134086189231e-06,5.392678330308482e-06,6.832926971871637e-06,7.408767211523333e-06,7.417387340014427e-06,7.212888362120189e-06,8.841041474855741e-06,6.5431426782999844e-06,5.702031279532567e-06,7.775952773545824e-06,7.629093843267187e-06,7.66220681627317e-06,9.24996487362104e-06,6.683572502405701e-06,6.59061006571165e-06,7.175878897372081e-06,6.178880340683624e-06,5.570339307627957e-06,7.619710005323586e-06,4.329960202778935e-06,7.866125742409446e-06,5.233046144569052e-06,7.956626206685293e-06,4.4243292659524995e-06,6.4891646283816735e-06,6.479855123199372e-06,6.832891389473754e-06,5.495932900216273e-06,8.561490718118795e-06,6.194792974072358e-06,6.390185463771631e-06,7.11057832822863e-06,5.036432248180992e-06,5.591302528512279e-06,1.0237644480709101e-05,6.530616066298927e-06,6.040159431695532e-06,6.861865547553394e-06,9.362882365945706e-06,7.887289963689767e-06,9.142399474430523e-06,7.790916786559613e-06,7.5425353809406015e-06,7.661292677868623e-06,7.130212134926348e-06,8.64066935989065e-06,6.080564993135696e-06,8.821559722130007e-06,5.00140686081937e-06,7.948841194292414e-06,6.884168420757291e-06,8.822724227959355e-06,6.377199188364328e-06,8.104930408671823e-06,8.076620980665945e-06,4.325771612721108e-06,1.1620633283716363e-05,6.957231852945321e-06,9.904118072798165e-06,1.0824457656543804e-05,4.65847842693838e-06
073,2.501859494560001e-06,1.7975399307892369e-06,2.4330296208022754e-06,1.0215685292961098e-06,2.3189063322389946e-06,3.5652367031513513e-06,2.362988054243195e-06,3.913879930874149e-06,1.7819855582219541e-06,3.987499064267074e-06,2.4243076175863864e-07,3.5827122607731133e-06,2.4955227895942072e-06,4.036431177981861e-06,1.6968143757276745e-06,4.1835490977247e-06,9.105288523527265e-07,3.2164004625035272e-06,3.307491240124785e-06,1.8896739389109187e-06,1.81950525895054e-06,3.3048707313616616e-06,1.8413694636656291e-06,3.566994817042072e-06,1.7084791893644357e-06,1.6197716486686919e-06,4.3849899141571314e-07,3.4426504712775427e-06,2.3840507194531413e-06,4.043487100745869e-06,1.4742946640611775e-06,3.823503726319531e-06,7.583878142589721e-07,2.9942448033035136e-06,1.8787521717523319e-06,1.4594856056558063e-06,1.6563389399853787e-06,3.1472995977190514e-06,2.8524572998531495e-07,1.8650462749992925e-06,1.0326388322857503e-06,2.7216437983389214e-06,2.10160251140248e-06,2.272353350542983e-06,3.5525476505611925e-06,2.4141643759759143e-06,3.5426517952286626e-06,1.8848315719200444e-06,4.106263401448036e-06,1.1432953417037815e-06,4.132275769549119e-06,7.628298219524561e-07,3.643383740590921e-06,1.904677419950006e-06,3.6248674542109736e-06,1.3272547391315019e-06,2.7298195025327557e-06,3.0880687636841028e-06,4.868076382196535e-07,3.521808504333728e-06,-1.1461732774423612e-07,3.0069950341075856e-06,3.911763644879079e-06,2.0514707279717683e-07
075,3.808138731567372e-06,3.2854812413091325e-06,2.819643557313116e-06,1.1642527420168175e-06,1.3885920326338225e-06,1.7666555222998628e-06,2.094274810903847e-06,4.281433365455021e-06,-2.154493954280634e-06,6.88993140541467e-06,2.5500696661014536e-06,3.7584597635721122e-06,1.8104064567683514e-06,3.6003068453379782e-06,2.1394370518437715e-06,3.798378613499649e-06,4.545863687187311e-06,-1.1421753209195323e-06,-4.3811844704225454e-07,3.4192856977920572e-06,1.8530840129303413e-06,2.7361664702557687e-06,2.3646117956482507e-06,3.1378171486892326e-06,1.5180988896820079e-06,2.679487427415555e-06,-5.580124135886924e-07,1.4674751652773513e-06,3.6842052801440774e-07,3.260106594554967e-06,-9.909219383295807e-06,1.426978614532326e-06,-1.8572314003810068e-06,2.2244817020996885e-06,3.3995680857527537e-06,2.428183484097148e-06,3.1925241586535064e-06,3.1295850140307923e-06,2.585020443230499e-06,3.1943034244836666e-06,3.805000903793366e-06,-1.2056868016563117e-06,-3.929520860795695e-06,-2.8267140046510765e-06,-2.837342958892583e-06,5.954163178145446e-07,-1.7185160867050626e-07,1.8342392219768132e-06,-1.8328914331603014e-06,1.8874812471959206e-06,4.510667726422664e-06,8.730924477997759e-07,-4.1107040183759414e-06,-3.8794534390207075e-06,-3.4604030732163326e-06,-4.589247431835807e-06,1.0778454650222174e-06,3.5247889578911318e-06,1.0193076009243854e-06,6.855696243629063e-06,5.091670881491635e-06,3.7930199018286685e-06,4.2013319580920555e-06,7.155934747883563e-06
076,6.429310848002472e-08,1.104726461036831e-07,6.048128517911319e-08,1.0087421463478717e-07,6.293698055508158e-08,-1.2440067524147272e-07,-7.166913838427601e-08,1.9025816992379048e-07,-5.96425510007337e-08,8.967977713566063e-07,-5.645895002454482e-08,-1.4101060327991168e-07,-3.6409332410484014e-07,-1.3796015380553304e-07,-4.2978985806382303e-07,1.995099194506877e-07,-4.109189792809836e-07,-1.4085488514710546e-07,-1.1633915714861048e-07,4.0699904315654533e-08,1.1375663952101565e-08,6.725654652252028e-08,-5.310417720859993e-08,9.301936841214501e-08,-5.8169555580824214e-09,-4.918114000374111e-08,-1.3152318005432498e-07,1.9784075584651606e-07,9.767877463932124e-09,2.264359948559732e-07,3.145116677189054e-09,8.515087542348801e-07,1.1367022737930146e-07,-1.1667603238276624e-07,4.558814011205926e-08,1.5160067351470878e-08,1.755984542077805e-07,9.329125681292714e-08,-2.5768741165275896e-07,9.109125045728062e-08,-1.214307915121752e-06,-9.943634361372065e-07,-1.0420010784280852e-06,-1.181242188568681e-06,-3.1245234030674905e-07,-7.86280305364482e-07,-3.0928155598254737e-07,-7.089830235551843e-07,-3.181246762035815e-07,-7.711625969428513e-07,-1.3802117453922407e-07,-1.123024282829785e-06,-3.870264269183491e-07,-9.702779778385748e-07,-3.415442604256099e-07,-1.1321041962409818e-06,-6.53930672418171e-07,-5.009359641762111e-07,-3.627395455790476e-07,-4.47089289827463e-07,-6.453461393817819e-07,-1.679807250039808e-07,-8.3372756722545e-08,-9.704175334138413e-07
077,4.318776620339053e-06,2.382770910055701e-06,3.240439605718522e-06,1.8574155687085811e-06,6.4651077080125214e-06,7.680905545373678e-06,7.765078432196899e-06,4.099382192978214e-06,5.281987359379111e-06,2.648772826308958e-06,-1.821286296630479e-06,6.966198239985897e-06,6.909036817452729e-06,4.879717854803583e-06,5.5676015889115626e-06,8.125549451090787e-07,6.400988166872912e-07,6.288288763463865e-06,9.08649911333552e-06,6.549488653325319e-06,7.349867524041292e-06,4.633351409492978e-06,4.7613725822660206e-06,4.193957656336409e-06,4.137788675996326e-06,3.0194429087886267e-06,-7.795733105115362e-06,8.60961787704407e-06,7.054520800774841e-06,6.993027280344668e-06,5.039945213184354e-06,-1.9021094788028852e-06,-1.6081160231384864e-06,7.5511305839326105e-06,1.8205034822768514e-06,2.217354258598053e-06,3.4331285788043746e-06,1.2664923656730113e-06,3.497865660870053e-07,7.150621087376404e-06,2.6080721174384984e-06,5.231836726738768e-06,5.057477364565085e-06,2.2896363643186685e-06,5.513915729170071e-06,7.237796833673903e-06,3.490685851956619e-06,5.3071992378724925e-06,-9.484440632473815e-07,4.829722212077507e-06,1.5321547217122743e-06,3.2508482452049107e-06,4.121603046319062e-06,5.126310073862763e-06,2.655176259572998e-06,7.040189547731124e-07,2.8937694845249533e-06,6.605566257707803e-06,1.0493235912979578e-06,1.2564624278942514e-06,6.062852914702297e-07,7.910856028220038e-07,1.6003583063419814e-06,1.5320005140717635e-06
078,5.236484315765718e-06,5.917432174708866e-06,3.301629676322392e-06,5.409846752183079e-06,6.1406776575914205e-06,7.862453757272867e-06,7.124137431367041e-06,6.516083717056832e-06,6.274195430220434e-06,4.602741929917025e-06,5.033069525372212e-06,8.055354965055804e-06,7.5372120276981755e-06,7.331753366207792e-06,6.912992725416005e-06,4.3879644061515935e-06,5.641034514083115e-06,7.731874112420224e-06,8.144789554675306e-06,6.504122916281376e-06,6.787977879008198e-06,6.096901214757195e-06,6.467830345518587e-06,5.02315202918092e-06,5.801900249552137e-06,3.351043715433425e-06,4.836169038032702e-06,5.480184760281213e-06,7.712863544263686e-06,6.268642125143125e-06,6.785903374850748e-06,5.280291856060545e-06,3.8090133955026436e-06,7.492459322625419e-06,4.920238499812471e-06,5.188147425213291e-06,5.322099287319965e-06,4.151414886366476e-06,5.262591198102251e-06,7.161759033759807e-06,3.502624396407108e-06,6.824205689349097e-06,4.7722091476945095e-06,6.779508695050319e-06,7.5015157524045705e-06,8.846560941323776e-06,7.746858931541628e-06,7.605220918011524e-06,5.89514966097537e-06,5.6482115293502746e-06,4.747973635776338e-06,4.948497529251518e-06,8.485368873811483e-06,7.743390453093189e-06,5.619989223594824e-06,5.61670286236982e-06,9.802791938846898e-06,9.038117834630957e-06,3.6101430497892667e-06,4.360499202482185e-06,6.333530345333727e-06,3.2614928322888927e-06,4.463788806450222e-06,5.591777519743683e-06
080,5.471906897723026e-07,1.5071745601678288e-06,-2.1274417171861584e-07,-6.630716111287368e-07,6.700330491107001e-07,-1.2039255416528179e-06,6.031323829497792e-07,-3.6227335748273236e-07,4.960080648234393e-07,-6.965906362189479e-07,-2.2998327933030268e-07,1.2073815842688734e-07,1.2073231430369074e-06,-8.618365748932662e-08,8.127265562266734e-07,-1.3352969128891658e-06,-4.863854027398902e-08,-7.232503362790484e-07,4.506488132926222e-07,6.157266628938618e-09,5.599712022481994e-07,-7.457579298971958e-07,-4.077727670280627e-07,-1.173699793947329e-06,3.169388895767021e-07,-4.976848482376127e-06,-3.701563400117354e-06,-9.861095872270185e-07,1.1015912965131765e-06,-2.6360413992051336e-08,3.92669508489238e-09,-1.6935640457085783e-06,1.942586336518542e-07,-5.212771102091515e-07,7.2151050351883e-07,1.081081506690421e-06,6.826687319074909e-07,-1.7055973060386505e-06,-5.977324377150071e-07,2.0297151899553505e-07,1.6928494850675555e-06,1.6091142528139601e-06,2.651666144156828e-06,2.9840652442598727e-06,6.766429091486239e-07,1.3308935913869509e-06,-8.480989120582164e-07,1.2951508318916082e-06,3.601322970854109e-07,1.798443156190297e-06,9.656179896668233e-08,4.970845033467539e-07,1.868238291457415e-06,2.345384162546697e-06,1.115132166139903e-06,2.5914847990264267e-06,2.333185769578658e-06,7.879816730086405e-07,-1.2404800847360826e-06,-1.3018606148012213e-07,-3.8388977381086353e-07,-4.150959382437457e-07,2.6868759076899374e-07,-3.825018435876808e-07
081,1.639797957729478e-07,-5.5026955250948786e-08,-9.34609566331834e-07,-7.112672095579099e-07,1.7641929810073708e-07,4.01242758295004e-06,3.3783926938250365e-06,3.816079096626087e-06,3.4688254211487787e-06,3.1499277476246496e-06,2.1384752273563954e-06,4.149248217449685e-06,4.2427041703782465e-06,4.063074423665476e-06,3.676734774547762e-06,3.306990555213747e-06,2.941413033552928e-06,4.227998498049577e-06,3.412175377337915e-06,1.8129922186491582e-06,9.419352984758995e-07,1.7840203119312577e-06,9.629074637391525e-07,4.804911397372836e-07,9.479642571138502e-07,-5.11632351273091e-07,-1.7143351418562317e-06,3.181688004313615e-06,3.4212517268417803e-06,1.792579591523498e-06,2.221978117095256e-06,1.916962964695384e-06,1.240399694754444e-06,3.431238711233175e-06,-8.438075045489923e-07,-8.186282234637089e-07,-9.97158683522158e-07,1.2422322045997384e-06,-2.207358316806435e-07,1.8362439068116097e-06,2.256361168490434e-06,3.029265174877506e-06,2.5967248433058086e-06,2.9145141095467954e-06,4.18008025024925e-06,4.2611731691830255e-06,3.7570005044676637e-06,3.878686297531191e-06,3.3993930068204097e-06,3.127939103515289e-06,3.7892255406646854e-06,2.928376450049836e-06,3.3894600882439162e-06,3.327274917807933e-06,2.9406042238883957e-06,2.7236618781332644e-06,3.6710720591142244e-06,4.333020046889895e-06,1.0782101873160353e-06,3.238742445413692e-06,1.8594504734810046e-06,1.2361300314923787e-06,4.089662949056017e-06,2.533895776472227e-06
082,6.488725880094108e-06,4.827304848107308e-06,5.447152582462749e-06,4.873063483871411e-06,6.744602679476874e-06,9.167695054188679e-06,8.931101298860758e-06,8.7733151980773e-06,1.0333903163151342e-05,6.532078760695014e-06,8.75325958424872e-06,9.715161094053112e-06,1.029275861445342e-05,9.62678006126633e-06,1.157488039339151e-05,7.914082778866045e-06,9.817158139328966e-06,9.582627820727649e-06,8.750773424417172e-06,7.815814165677035e-06,7.2545484734395e-06,7.69973658724033e-06,7.019585358588902e-06,5.3903812134792805e-06,6.34380319352316e-06,5.291215845970045e-06,4.865744159723569e-06,8.300807234294825e-06,8.040256787871426e-06,7.775835354408252e-06,7.901066587264204e-06,6.347184659142469e-06,6.6335761659840856e-06,7.850989981717693e-06,5.974981399363145e-06,5.200910840757099e-06,5.213934154488137e-06,5.14921887622428e-06,4.599828776289942e-06,7.813622697214836e-06,3.418817649622588e-06,1.0859015676262684e-05,6.621496575188842e-06,7.300659125039127e-06,1.1009318122093825e-05,1.0356172032883389e-05,1.0837134871989824e-05,1.1946381719542836e-05,1.1462300638679038e-05,8.947601365794385e-06,9.487140659240612e-06,9.621060050103827e-06,1.1082265353080932e-05,1.0638514532234577e-05,1.3521191460788313e-05,9.158336727852645e-06,1.0209042708419302e-05,1.0458301589609782e-05,2.502121389340626e-06,4.317636639310533e-06,4.954024070810228e-06,-1.9231268611719923e-05,5.3417982284150285e-06,5.888058605174615e-06
083,1.1541395773525616e-05,1.164586952298273e-05,7.99961786556695e-06,6.4924515507485365e-06,1.3384191945993074e-05,1.7993710885003955e-05,1.621920748980547e-05,1.387135444818559e-05,1.3265913883076029e-05,1.237233177620336e-05,1.0632881683597392e-05,2.3008894428325265e-05,1.8296390931260476e-05,1.705296719362372e-05,1.569564588103063e-05,1.511794642704123e-05,1.3736063280827093e-05,2.1522961137236875e-05,1.8392795693463e-05,1.490333254726648e-05,1.4691005612257828e-05,1.1552671857349288e-05,1.349476862106513e-05,1.1346740884928114e-05,1.380078535723466e-05,8.678614774158586e-06,6.735842563402562e-06,1.5834396915418133e-05,1.6790582680870632e-05,1.3599749897110437e-05,1.4447201133855082e-05,1.0498794717291015e-05,1.1172355899320068e-05,1.6585004257092513e-05,8.087204110241366e-06,8.531740923174205e-06,9.13089891692878e-06,9.708591775208112e-06,7.1739479640868064e-06,1.5435387423222532e-05,1.0427636307864616e-05,1.995118181570292e-05,1.6205663484101134e-05,1.7894185924306443e-05,2.42787061973946e-05,2.2628795289246145e-05,2.0232547078693317e-05,1.9177486784793473e-05,1.6900110317132668e-05,1.6908639952400498e-05,1.8251547659998164e-05,1.3812696733693804e-05,2.1452418000268287e-05,1.893612752875803e-05,1.950987933097076e-05,1.478358392494877e-05,2.2776150778835754e-05,2.4892562222185415e-05,4.6099463154707835e-06,1.047171630264639e-05,8.696386165335267e-06,6.909784611305673e-06,1.3935589547600672e-05,9.936904110357301e-06
084,4.045790968315428e-06,-3.731478531221566e-07,3.5602057558200978e-06,2.600697301720283e-06,4.117787595415593e-06,1.0625887683621466e-05,1.0264107533067759e-05,1.329102866894621e-05,1.0683941601062823e-05,9.068170402897397e-06,5.248538921153033e-06,1.2975416618610606e-05,8.07430103565345e-06,9.942525471460571e-06,7.371028218718757e-06,7.102043181462979e-06,2.2378745995579093e-07,8.726841948134506e-06,9.252856104744664e-06,6.280646062584279e-06,3.9746459541090196e-06,5.0825823569514825e-06,2.3425271189249226e-06,5.573710618924622e-06,2.968951140288763e-06,5.522521553635265e-06,2.5113796701504533e-06,6.987093290008452e-06,7.806674750035879e-06,8.676629930572898e-06,7.0677575371073385e-06,6.297232419791573e-06,6.0629340096910756e-06,6.220875704896275e-06,3.855512294259808e-06,8.681136432445971e-07,-6.47778185359115e-08,7.396811955792258e-06,2.617610092650768e-06,4.982729730294132e-06,1.3007927686112782e-06,3.4824228568693178e-06,-5.012092578491868e-07,1.4994190816317064e-06,1.130679104139265e-05,3.884602849039984e-06,1.0688695526135917e-05,4.70977650265655e-06,6.28515884343547e-06,5.264418100657014e-06,7.03540587153667e-07,7.380592835720999e-07,8.55866594242566e-06,-4.760239230633961e-06,-2.0940704252616482e-06,1.3797587460343857e-06,4.127760672843651e-06,1.6491531497993177e-06,-9.732063657252027e-07,4.325166974003862e-06,-1.1047462012846645e-06,2.6393533445890846e-06,1.6244218360837045e-06,-3.3415592176629457e-06
085,7.382734940780361e-07,1.6163537445665823e-06,1.3839961004845749e-06,-4.2730692967373483e-07,1.7642954467352483e-06,1.4227339098256265e-06,1.74983760772648e-06,1.9399279767309853e-06,4.919832514577757e-06,2.3634359985738e-06,2.047299106541911e-06,1.0278521229584306e-06,1.5533869761391707e-06,5.655339646254501e-06,5.147515279043674e-06,3.518240731366654e-06,5.032633112566406e-06,1.992029441784368e-06,1.1521330803687764e-06,1.8009276939440961e-06,5.326790561946311e-07,1.529168770736115e-06,2.54023307361765e-06,2.1144423797914868e-06,1.2130129123246475e-06,-3.946027336938914e-06,3.326759585251034e-07,2.0754969349340795e-06,4.5857320116131775e-06,2.0025811119112845e-06,2.62580178657841e-07,1.8836058299556729e-06,2.4662896308760674e-07,-3.425090707174773e-06,5.476696933050109e-07,7.204343374788404e-07,1.400485600399184e-06,1.4954262411915022e-06,2.0224270208404342e-06,2.202652169210961e-06,2.2338570338540042e-06,6.554073522353525e-06,3.2348047167982655e-06,2.789073824448406e-06,4.237818424492712e-06,4.333533610287186e-06,5.345824369132913e-06,4.5991794396747714e-06,5.252416346923501e-06,1.5227429977993618e-06,3.8111079528827657e-06,3.640659362011046e-06,5.358828921525962e-06,4.377815506464713e-06,3.833545831376714e-06,4.434751907534648e-06,4.136798417130793e-06,3.49313052197239e-06,3.568339539960777e-07,1.4389121532412795e-06,1.1305189272581728e-06,1.3079726951467234e-06,3.2311225380437697e-06,3.5209493329082953e-06
086,-1.616250603781727e-06,-2.9619231742149752e-06,-4.5678984161322245e-06,-3.79472667190878e-06,-2.8990668645396366e-06,-1.410527864160326e-06,-1.2095800657735802e-06,-1.1650043948695375e-06,-1.2586279142635784e-06,1.1261493899723475e-06,-1.5559220949019758e-06,-1.4106890169404995e-08,-2.889499431455859e-07,-7.685313254813873e-08,1.3154801177397426e-07,1.9359559513650047e-07,-4.5564188615388427e-07,2.435710477974421e-07,-1.6787692797522523e-06,-2.655036172880688e-06,-2.1763045962839796e-06,-1.5946902498952948e-06,-2.0059089424084543e-06,-5.799261959116137e-06,-3.404907716012306e-06,-3.314010101558556e-06,-2.253942003839946e-06,-2.3271066422370844e-06,-1.7407696092251559e-06,-1.8709283999064633e-06,-1.692964350619237e-06,-6.779485504884506e-06,-2.6092560248801416e-06,-1.9314798721327964e-06,-8.71789033407383e-08,-3.1075311130700276e-06,-3.062836612984007e-06,-1.8161543826640495e-06,-2.114865191280896e-06,-2.394069961466232e-06,1.6057369126832282e-06,1.6825422292344875e-06,1.9968922344769857e-07,1.92551282203176e-06,-1.2275020487313508e-05,1.2058649123831265e-06,1.3285990339482033e-06,9.27394217317221e-07,1.551569656929393e-07,7.507178824725022e-08,9.373372379636749e-07,-9.911914994562068e-07,1.2881083949867895e-06,1.1446371733831643e-06,7.967236645462181e-07,3.8128115559035686e-07,2.579732558682172e-06,1.1872087513702679e-06,-3.5546182798171112e-06,-3.4861248229396336e-06,-2.04966866519413e-06,-1.2583300400858866e-05,-4.6573217583307475e-06,-5.701382404250784e-07
087,6.256106621032291e-07,2.061150977440066e-06,2.3649873182165413e-07,1.7353343915629955e-06,6.485717032719897e-07,1.1746623606662122e-06,4.503592688192613e-06,8.041843424836213e-07,3.9386218658015895e-06,-1.5512147491364338e-06,3.25588084449758e-06,5.466390702221268e-07,4.501469942743937e-06,1.3988895890239461e-06,1.2775262736713068e-06,-6.78603590564772e-07,4.747368967363335e-06,2.8437848541268463e-06,2.909302012052051e-06,7.317190449265095e-07,1.9198288298731763e-06,9.51695679204622e-07,3.0269464970462296e-06,2.2100965409649506e-07,2.922928721855351e-06,2.05953506653711e-07,2.0454649919653185e-06,9.310235496185969e-07,3.8049219778150606e-06,4.200721130396827e-07,4.183386505610502e-06,-5.676211417507526e-07,3.5871647384386567e-06,2.077108274830451e-06,4.5228104002864685e-07,1.3317488871302911e-06,6.472880379770016e-07,-1.1241138552008005e-06,2.9000922457674492e-06,1.2201903196603515e-06,2.1437908763638354e-06,1.768026492230405e-06,3.4642718411397713e-06,3.211337631626579e-06,2.6436499339414773e-06,5.346923387989095e-06,9.688847573732146e-07,4.746727947193705e-06,-5.630323640534654e-07,3.5405429986842617e-06,-2.2232269064712905e-07,3.5693416684660564e-06,2.424243341338903e-07,2.36257027159709e-06,-1.5146997099370115e-06,2.5201388738858572e-06,3.2624048238018917e-06,4.032460587717603e-06,5.383578111788222e-07,-1.1944670342658936e-06,2.7318754939273075e-06,-1.0057808016153058e-06,-3.8504981857743517e-07,3.6774928361249795e-06
090,4.042268717241247e-06,4.157454010968206e-06,3.967639914246243e-06,3.425609103576934e-06,4.835339940545721e-06,1.3889181400106745e-05,1.7601776560866473e-05,1.1698270031008613e-05,1.6185347760511592e-05,8.849922016941979e-06,9.284503706336003e-06,2.267428914078515e-05,2.6694485734731207e-05,1.933586511479508e-05,2.3944682616420437e-05,1.2127650105840955e-05,1.478180160952659e-05,2.10784077973298e-05,1.6184666380345015e-05,6.762868690019404e-06,7.240119380336254e-06,6.326920136829609e-06,7.276078399827414e-06,5.021024864015221e-06,5.36289517040278e-06,3.565258924546673e-06,3.5061655517689764e-06,9.06897012658108e-06,1.0368304274841827e-05,9.571138740390769e-06,5.9732775716855225e-06,6.304002874023741e-06,6.1067305701086236e-06,9.378669445489115e-06,3.737948955338679e-06,3.426049302062988e-06,3.040301598238004e-06,4.740426532388436e-06,5.903780801095395e-06,7.009808388840817e-06,4.264205699855109e-06,1.2640492223757699e-05,9.896492757172185e-06,1.1363535320777104e-05,2.683987653820118e-05,2.864927184680567e-05,2.30841611154193e-05,2.594851203465765e-05,1.5278037884147274e-05,1.827548506022235e-05,8.864953804280305e-06,7.508910350487783e-06,2.0508766059004955e-05,1.9535752674414845e-05,1.1785390093286949e-05,9.641221676810236e-06,2.1177969237724585e-05,2.7342566083890416e-05,3.0980402357585367e-09,4.54286006796231e-06,-2.2146972960260176e-06,2.9647562418261307e-06,8.405652657822113e-06,3.4059021707076553e-06
091,5.620955521101447e-06,6.11260722029007e-06,3.334923747000925e-06,7.427470759359531e-06,6.033313222955307e-06,9.24948372666599e-06,8.450049004166016e-06,9.075778720457114e-06,6.556954733790876e-06,7.243145122078744e-06,5.5826843995312885e-06,8.687019687757863e-06,6.799828001055986e-06,8.637604351599296e-06,5.83800150873078e-06,7.444559102022576e-06,4.4011813332662405e-06,8.038196170449747e-06,9.182102721872462e-06,8.399307596789235e-06,8.21827442222393e-06,8.228029824760152e-06,6.561999639851548e-06,6.82382058244891e-06,6.274250312625442e-06,2.2263162739716614e-06,4.59963019812699e-06,9.367369292444649e-06,8.622743343172899e-06,9.412311112374902e-06,5.162931303456627e-06,9.318378778501031e-06,7.319124586443418e-06,7.776647109962086e-06,5.4469428114245345e-06,7.365770617179124e-06,5.868522162133078e-06,5.3463861537603165e-06,1.8103740883134357e-06,8.72293510621998e-06,8.621353642540486e-06,1.059749184241741e-05,8.423255324707632e-06,8.825327521214083e-06,7.752862824478668e-06,6.763207928761339e-06,8.095141418615306e-06,5.741162169482822e-06,8.989414959266257e-06,5.589657895182006e-06,7.17844696346087e-06,4.960666165272827e-06,9.694963263059704e-06,6.243675456862729e-06,9.31236624418315e-06,6.52569365300342e-06,7.353006229184601e-06,7.645359462758054e-06,1.1869571445078211e-07,5.6178990669923514e-06,2.047920038680517e-06,7.358313207101447e-06,6.137713663553056e-06,1.174291148576521e-07
094,4.064369550597114e-06,2.7387644414951255e-06,3.2181423266338353e-06,2.453196239664036e-06,4.841381821702392e-06,1.1156627966647118e-05,1.475226945313274e-05,7.936926225579263e-06,1.3454858001444968e-05,4.20393843289689e-06,6.85928980626714e-06,1.772275019700469e-05,1.7767424835975197e-05,1.597238054356993e-05,1.8041990329520767e-05,1.2942510772470442e-05,1.1406617968191471e-05,1.697689429421905e-05,1.273980414536232e-05,5.412815121717646e-06,6.499097896504616e-06,4.639912916344616e-06,5.492830607579959e-06,4.268281480754992e-06,5.147323068235118e-06,2.2122679027914225e-06,3.0563351567591663e-06,7.093706190148765e-06,1.0728205080645213e-05,3.81880103687745e-06,7.4087488544124876e-06,3.905650191465976e-06,3.720737003636748e-06,8.28354533231203e-06,2.574584349555796e-06,4.387418966716974e-06,4.146489028120375e-06,2.927577352511153e-06,2.521970299115384e-06,6.763617787959849e-06,1.2177693160261632e-05,2.1371075609979946e-05,1.5827873399399952e-05,1.7246860543657777e-05,2.1642176694532114e-05,1.94772735471301e-05,2.0260779885082914e-05,2.0655994267947235e-05,1.8103514216270587e-05,1.3682506469363909e-05,1.6330687682150805e-05,8.810174379476315e-06,2.3947734712750586e-05,1.7922151904207117e-05,1.9234405082677175e-05,1.1245796090930541e-05,2.22933876739846e-05,2.2816003895533425e-05,3.1327776528069595e-06,8.69482456212786e-06,2.9181340741460236e-06,4.332324598699245e-06,1.4494700376143376e-05,5.109505189653832e-06
095,-4.118034714131274e-06,2.552404783358776e-06,-4.956935285509016e-06,-5.0731541785166185e-06,-4.078079652811955e-06,2.1074681128445686e-06,-3.252903834610213e-05,1.7128382519946332e-06,1.817695325929117e-06,-4.799908343927733e-06,-2.547890762738325e-06,7.604159541226363e-06,7.5499090560402495e-06,5.445957612078516e-06,4.521254017633028e-06,5.221835628880455e-06,1.3328922581299724e-06,7.066952583272252e-06,3.5636137650869665e-06,-1.5944799334999467e-06,-2.7608348100189394e-06,-2.2967143498482237e-06,-4.360787506799567e-06,-3.681467770944881e-06,-4.112348510955363e-06,-4.481144003681901e-06,-5.716257857409596e-06,-1.442379447234267e-06,-1.7645409053964526e-07,6.609255444111243e-07,1.8296387376377851e-07,-8.861254585825594e-07,-7.993358649991505e-06,-1.5760599504033721e-06,-4.61322845770556e-06,-6.436118708403408e-06,-4.217268959392951e-06,-6.34723361126373e-06,-5.868180251921921e-06,-1.3138323855112459e-06,1.3961782915752872e-06,7.78511188733754e-06,2.5845865296367582e-06,6.212129229924302e-06,9.91077118521188e-06,8.886354775904486e-06,9.811235829528973e-06,8.117207736083207e-06,7.722550055271655e-06,1.2317519552388185e-06,6.389799715223022e-06,1.4448179181469766e-06,1.2332070841591165e-05,9.88148833615221e-06,7.705969421380659e-06,2.8972045731773568e-06,1.1060409533696977e-05,8.491966154875097e-06,-7.520144558388136e-06,4.22630511753583e-06,-5.1459155439726084e-06,-1.9870689762576536e-06,2.9784856968781844e-06,-2.909769352371292e-06
096,1.7318014373413718e-06,2.9824142389313873e-07,2.7049924132345e-06,-2.2345678924205584e-06,7.447189079802258e-07,-5.994246706256962e-07,1.3332350229589287e-06,4.4112584009956574e-07,-3.7361524583689494e-06,-1.179248450883063e-06,9.605458686891309e-07,1.04248237965635e-06,2.4933615064189853e-06,6.934772180380724e-07,1.3076948423888069e-06,5.849210630756851e-07,1.4097219662128705e-06,2.3257958910190983e-06,3.9864469529289347e-07,7.238789268661319e-07,1.6361456195563498e-06,6.031859033265784e-07,1.44128137767529e-06,-3.3579954724888123e-07,5.717876993745336e-07,-1.8730786218722595e-06,3.762326671918826e-07,-3.493815298128845e-07,1.1722153936765214e-06,-6.787576609033722e-08,6.777146468515633e-07,-2.1424121554406293e-06,1.2016540246885698e-06,5.790609812676519e-07,1.4830962426268857e-06,5.939541480346645e-07,1.460844877819232e-06,-1.7053656488378176e-06,9.57901379379298e-07,1.4164459466357394e-06,1.3343483160143135e-07,-1.8480299544592724e-06,-7.74348050078328e-07,-9.85550770956417e-07,2.144192680069016e-06,2.079081932158942e-06,1.338685732341641e-06,1.0915320518674866e-06,4.907677420261317e-07,7.431754029262543e-07,4.1154652828925636e-07,4.959955618612839e-07,1.9772203223552292e-07,3.007196220806642e-07,-1.7158659243840947e-07,-3.7146689312789365e-07,1.0270671923264934e-06,2.4190464811870524e-06,-5.564992208418677e-06,-2.3547967299612273e-07,-4.881954996159336e-07,9.042537980897467e-07,5.04446047890061e-07,4.699553378603201e-07
097,1.9980229763690053e-06,1.941594609279699e-06,3.708931422944518e-07,1.5854510760738709e-06,1.8027948942699594e-06,2.806437698911065e-06,3.687752554560289e-06,-2.3390823959673476e-07,2.244152127342444e-06,1.187872832048716e-06,2.0477079316834137e-06,3.413951714194429e-06,3.6208295620744694e-06,2.4747753504590285e-06,2.4561286856658224e-06,9.9743617071972e-07,2.717406558933365e-07,4.011229267468409e-06,3.7744651607112814e-06,2.0950623175644603e-06,3.2251441805748804e-06,2.303156468236483e-06,2.3128500650152495e-06,8.771746591419044e-07,7.209707187663402e-08,2.4138845855200865e-06,-3.984757993652077e-08,1.8165013447078573e-06,2.927031426437055e-06,9.360727090754361e-07,2.5213908729171665e-06,4.4940934405297106e-07,1.197430690411894e-06,2.9163519145877536e-06,2.100865601957699e-06,2.0403296828553327e-06,2.7315249812605574e-06,1.7941382948153193e-06,5.168436311043161e-07,4.487811978952007e-06,2.8590088195431036e-07,1.5363560994258061e-06,7.372680379078343e-08,8.892413235661884e-07,2.6558473560431715e-06,2.9019805285516624e-06,2.1764521446202817e-06,1.5074287400581569e-06,2.39284129334077e-06,6.764047626993258e-07,4.9424184140278695e-06,9.680929919768456e-07,2.197426151968611e-06,-1.0693037528905751e-07,2.2168431598766673e-06,7.853839248918866e-08,1.2950768008116505e-06,2.3852956523745924e-06,2.483943601491792e-07,1.1954843769311485e-06,-3.5936639775385208e-06,3.2085868862352568e-06,6.237880010308892e-07,7.051833321764134e-07
098,1.9031827737517277e-06,2.1283208759657756e-06,1.454434587732257e-06,1.2336272461332547e-06,2.6560499172480745e-06,2.801270134574062e-06,2.6217514376957604e-06,2.9412457290990292e-06,2.579066002677614e-06,3.4793733442419223e-06,2.0276733238000357e-06,2.781146067222965e-06,2.8048955462374087e-06,3.279395974849234e-06,2.28202861684036e-06,3.1397580544923693e-06,1.4593298510067372e-06,3.177435044429366e-06,2.602837512626726e-06,2.9543582093997665e-06,2.8888436252367355e-06,2.7922983771810773e-06,2.55622710491962e-06,2.550739880268037e-06,2.0265234949569608e-06,2.2071726410478163e-06,1.6325738379341786e-06,3.0231822439897662e-06,3.0312441023722786e-06,2.970682081459767e-06,3.1136341818696715e-06,2.716267795126727e-06,2.2607292549764213e-06,2.9871624331466214e-06,1.8885141858375672e-06,2.0991478124394277e-06,2.0209423233029976e-06,2.3795057401171285e-06,1.77867138015746e-06,2.8439513807073145e-06,-1.4246818652844476e-07,1.519983108213294e-06,-5.82747745079899e-07,1.7544258364144736e-06,3.0819892411619084e-06,3.1180292851329807e-06,2.9899209578230806e-06,2.1745346893295793e-06,2.221163399927925e-06,5.100503429746351e-07,2.2090785040253535e-06,-3.063340804614504e-07,1.6646897660387804e-06,1.0533253383268893e-07,8.24900366316594e-08,1.7098026802145747e-07,2.1396377430630112e-06,3.1647216117539484e-06,6.881994514708387e-07,2.493571814661334e-06,1.2714923458140869e-06,1.5831062232790268e-06,2.196705454803831e-06,1.1914777734339687e-06
099,-1.9367578043962963e-06,2.8082119585889e-07,-2.3102572071677494e-06,4.5825062754204223e-07,-1.9901485709470085e-07,-9.212049210758233e-08,-7.569199872418774e-07,3.773627477956355e-09,2.6157869367166845e-07,-3.1498114623514392e-06,7.480222624338311e-07,3.1168781069581554e-06,5.889548214421506e-07,3.067743204616262e-06,5.943993608053989e-07,1.0668841303147449e-06,1.5166234053981126e-06,1.302650912919047e-06,-4.56126434925423e-07,-5.094077009427407e-07,-2.8379625238650833e-07,-2.834315050717604e-06,2.794963720627809e-07,-3.4597911729738317e-06,5.79781934495778e-07,-3.737190083241819e-06,4.6745731793270984e-07,-6.504861058385492e-07,-2.397556829390727e-07,-2.700522308275262e-06,2.0373870150690453e-07,-4.62726784999801e-06,8.875550438850993e-07,-4.0615092614204583e-07,-2.492510614929546e-07,8.862676321260495e-07,2.3639946485880066e-07,-4.339437328935117e-06,1.3104264026935966e-06,2.036410527247935e-08,6.05544280728351e-06,1.0614936578011979e-05,6.049653749701442e-06,7.636465342669935e-06,6.834550696105519e-06,2.5353607045003314e-06,5.6656663025206514e-06,1.7598002824830854e-06,5.607299949724281e-06,1.8072833575696933e-06,2.0574890270339295e-06,2.0757083681990038e-06,1.0833828107364876e-05,3.4418532468302495e-06,9.036545950998248e-06,2.5844337944629837e-06,8.391829284116264e-06,4.955711202733345e-06,-1.0692587661016507e-06,-4.963940621192214e-06,2.0777492416863524e-07,-5.045871731100611e-06,-2.85837540197956e-06,1.5688476094826192e-06
101,-1.1966543243916736e-06,-9.266728960389738e-07,-1.5801663702019787e-06,-8.134180801765577e-07,2.0057933938359347e-06,-1.197360146831276e-06,-9.124412139816274e-07,3.6114455514468146e-07,9.59323489542755e-08,-3.6361150658228643e-06,-3.8186992158281123e-07,-5.550585945638293e-07,-9.443356470930839e-07,3.4752461703365675e-08,-1.6048741542216704e-06,2.5509289869872385e-07,-1.1989504437966959e-06,-3.237642209591385e-06,-8.872234572790641e-07,-1.4149945258248853e-06,1.9412767299345954e-07,-1.3672861302659939e-06,-1.6794017384422534e-06,-6.396346480383046e-07,-1.9679115755843087e-06,1.0413694692283535e-07,1.092997802329626e-07,-8.091746570967706e-07,-8.727015393125543e-08,-1.790990382987329e-06,-1.1474767451641703e-07,-2.463333397331623e-07,-9.762215209282104e-08,-4.797710179301706e-07,-1.629916424073102e-07,-4.470746009812498e-07,-6.166313317559649e-07,-2.818150391595929e-08,4.3061768980389193e-07,1.4042183069073168e-07,-3.3703061872067015e-07,1.1259744053606267e-06,2.886216765585645e-07,1.4149691019644131e-06,1.5862837872507297e-06,6.996643755171289e-07,-2.4506957113657855e-07,-8.129246919421672e-07,4.843588139405534e-07,-6.32741509104791e-07,-9.445965117251525e-07,2.5824781995496935e-07,1.6016563766341652e-07,-5.411151864197604e-07,1.2190622344556964e-06,5.550605458395987e-07,1.5660174103025942e-06,-1.1617024988998529e-06,1.0560214905840868e-06,4.557152322749314e-07,5.191834366487428e-07,-6.025863119654479e-07,6.366220541339282e-08,-4.791441641375972e-07
102,2.272370030589823e-06,1.53284114390299e-06,2.030534099995037e-06,9.179565224308143e-07,2.045268064153752e-06,2.8388258202716853e-06,2.2933812115890247e-06,3.1454759583224807e-06,2.0260817380168848e-06,2.673661786830477e-06,1.5425560903086887e-06,2.966332410722059e-06,2.292953656408683e-06,3.224420030837556e-06,1.833883645551438e-06,2.571704379458091e-06,1.7690892343057184e-06,2.74368284824995e-06,2.606245361054533e-06,2.5776436216195883e-06,2.181488367317027e-06,2.415553805421379e-06,2.2034660213689367e-06,2.7147442249781023e-06,1.6521649792230765e-06,2.6041858169661666e-06,1.2743034764199637e-06,2.548614058946646e-06,2.320139442364328e-06,2.503319843269157e-06,2.118855673259243e-06,2.63429548931255e-06,1.6561399425447383e-06,2.584971516407366e-06,1.9657533308651592e-06,1.5633235914732384e-06,1.5786910850095613e-06,2.5678314336125287e-06,1.4740356189499926e-06,2.5220145339884255e-06,1.5013690469508757e-06,2.261532078961782e-06,1.7654457830519666e-06,2.0210167611167533e-06,2.8941087497221136e-06,2.2434727354069643e-06,2.990903064783653e-06,2.304898264715934e-06,2.8149518174507577e-06,2.1288856613575987e-06,2.617431937843008e-06,1.6986934530883466e-06,2.629092979585564e-06,1.936219955580553e-06,2.3696547012537087e-06,1.966380268032548e-06,2.247127017734222e-06,2.604821232853683e-06,-2.0483065752838906e-08,2.518767734741748e-06,1.1405010572366852e-06,1.9049850819387755e-06,2.491165102008731e-06,1.4532011557035241e-06
103,6.9820521434722016e-06,2.7806665292284286e-06,7.778402206299428e-06,1.8388020950285606e-06,4.7863195461597985e-06,8.416771592683732e-06,6.391380578871063e-06,7.772379068049129e-06,1.6638705002447682e-06,7.143151348331109e-06,7.420526373948388e-07,8.923105913156255e-06,9.395159907506648e-06,8.053554768430354e-06,7.704020611773906e-06,6.201857385415299e-06,3.976714570785892e-06,1.971161701428939e-06,6.629318406850055e-06,6.775449087035265e-06,4.6796832790882704e-06,6.83517271316823e-06,1.8291403575212755e-06,7.465771082985048e-06,1.0216964104477727e-06,7.116670949878488e-06,1.6970869514431581e-06,7.487949887072625e-06,3.1593979401814894e-06,7.942535904127453e-06,2.428915865981227e-06,7.335692489531813e-06,-1.0412496041775804e-07,5.614259982103602e-06,5.715392614402695e-06,2.4897688560620443e-06,4.36886046783345e-06,7.92713259764406e-06,-1.6695259742852869e-06,6.372686104985128e-06,3.6117581733401092e-06,1.6589450437165336e-05,9.32285899851123e-06,9.31682049045003e-06,1.0604968623998454e-05,1.3736247074701038e-05,9.754992774337123e-06,1.1497483572118192e-05,8.707030590714505e-06,7.529269625554578e-06,8.859300367077088e-06,-3.099356557302526e-06,1.1512436286169727e-05,9.531417611103236e-06,8.235505641778529e-06,8.934614738131613e-06,1.4198602658152978e-05,1.440644816493372e-05,-1.4527207440945638e-06,5.5318382444386635e-06,-7.926527724185207e-07,5.920025968119201e-06,6.3092936240580205e-06,9.287966806890355e-06
104,5.375937550026684e-06,5.587797166506282e-06,5.126915185425825e-06,3.3225359990416107e-06,5.938137095021419e-06,6.0315178249605346e-06,5.586171195244336e-06,5.076570286410889e-06,6.043471555656402e-06,4.602200616787981e-06,4.659227957405258e-06,6.601664039857927e-06,6.653903803876508e-06,5.668683929176383e-06,5.593570931073805e-06,3.605454375484394e-06,5.47861392416731e-06,7.355632345116494e-06,6.493654817912349e-06,6.1055302422496135e-06,6.2388939927784935e-06,6.300797469521849e-06,6.17566879065515e-06,4.138128443780303e-06,5.3623542470887685e-06,4.581887385821774e-06,3.203902180733491e-06,6.827907223785124e-06,6.603333287436275e-06,5.836151390164973e-06,6.596689666284189e-06,5.358963011269693e-06,5.289214143725281e-06,7.080305813331745e-06,5.250782699467134e-06,4.415827569629785e-06,4.463177687858723e-06,3.4981559631577195e-06,4.0935714106531e-06,6.21734542308734e-06,3.349732511343169e-06,5.922476925617389e-06,4.8483985572331685e-06,3.753660564405355e-06,6.3813884955800785e-06,6.162864394575279e-06,6.270465255396806e-06,5.088818721586169e-06,5.717909498483677e-06,5.326911845565961e-06,5.006060732208161e-06,4.96051723044431e-06,5.4973186800894245e-06,6.262134535820581e-06,6.047548834529143e-06,5.0770223845737765e-06,4.435873718358802e-06,6.766262360018529e-06,7.58113880863966e-07,3.827071160788213e-06,4.475884400570535e-06,3.363208121438469e-06,4.0410132419016505e-06,3.9535324790283994e-06
105,3.7524175800118323e-06,3.5281299068018094e-06,2.630246316625458e-06,1.1421531586837715e-06,3.7861997802329026e-06,5.971250607125011e-06,4.7412476123479916e-06,7.278352495272825e-06,4.047221173270631e-06,6.378144812590755e-06,3.3460742918336706e-06,8.140440566032928e-06,6.445697398632181e-06,8.763804455338287e-06,6.264619805310974e-06,8.970235004318188e-06,5.366497489252099e-06,6.517978164076165e-06,4.527228165943987e-06,4.464089352882e-06,4.143922805153237e-06,4.427041331387687e-06,3.856961391693889e-06,3.7947339445335627e-06,2.9209811712725003e-06,1.1122485412639206e-06,1.9543179306016993e-06,3.808967317365176e-07,3.095344526531064e-06,5.478015216986231e-06,3.3671996539858706e-06,1.6870374920072679e-07,2.394348192982266e-06,4.3905856965242445e-06,2.677680111499618e-06,1.519420954115335e-06,2.389326025554293e-06,3.421614425174301e-06,2.1721474195483968e-06,4.3518428342867365e-06,6.9193857462485296e-06,1.0023733515440515e-05,9.554160943779241e-06,1.0636538829100768e-05,1.1229460656985305e-05,8.669744019897181e-06,1.086325915190162e-05,9.46455337312426e-06,9.658725371050258e-06,8.163538127081196e-06,7.758399351617702e-06,6.316328109875252e-06,9.358229788115776e-06,1.0845435341183921e-05,9.539471301960356e-06,9.0036028086262e-06,1.3912135688957744e-05,1.0857283407898423e-05,-2.151034646103628e-07,5.59974329977854e-06,3.2389242429453524e-06,1.6563366722086873e-06,7.139876651882785e-06,3.857008399305265e-06
106,4.6677866993936015e-06,3.829420392457673e-06,-1.130202582323789e-06,5.332481861092713e-07,6.19680609074077e-06,9.877720134720533e-06,1.0054836320073741e-05,8.610284682100398e-06,7.161678767042594e-06,4.1708093831315796e-06,4.090754280142172e-06,1.2674436382726777e-05,1.2236926832527006e-05,9.670737535632567e-06,9.668778106658807e-06,6.866137666738845e-06,5.559936543179431e-06,1.3447067223833767e-05,1.0245880184616126e-05,6.9198006202560635e-06,5.9601443533345765e-06,6.71876344948899e-06,5.84984981809396e-06,2.414349929662513e-06,2.399146522752055e-06,1.5992055831796247e-06,-5.063280806279523e-08,7.79157255131469e-06,6.438029385273489e-06,6.333522992005283e-06,4.633232187254999e-06,3.806811702360549e-06,2.9686489190352047e-06,7.05678775995717e-06,4.734224509700436e-06,3.4750541903774913e-06,4.797396290710147e-06,2.050682481023558e-06,-5.558459291703715e-07,6.3464622612854945e-06,2.136309297674128e-06,9.183065571566299e-06,1.0631670532006632e-05,1.0391172980081684e-05,1.4572788195723674e-05,1.5452779020485348e-05,1.0949364903205186e-05,1.3430585519622899e-05,9.83771450105615e-06,1.0996618358127571e-05,5.0693993313693245e-06,6.224519138900811e-06,9.701726050002473e-06,1.2839281606029894e-05,9.132245709979019e-06,1.1611616892827924e-05,1.4870651659993032e-05,1.6186203175289056e-05,1.646234200689529e-07,1.4133892505425683e-06,-1.4181502516597968e-06,1.2251546825064942e-06,2.2160347252102384e-06,5.523962294627196e-06
107,-8.888065730372153e-06,-4.169727608210985e-06,-9.871662547294928e-06,-2.2715075675419023e-06,-7.060147210751517e-06,-9.614891126182563e-06,-7.119661464999975e-06,-1.0445733331523236e-05,-3.7180691052796844e-06,-1.0614903454343318e-05,-1.8505520480594198e-06,-9.058581512312445e-06,-5.881027880617334e-06,-9.1261149118622e-06,-2.6127152157534767e-06,-9.359441443855144e-06,1.1956594334877996e-07,-9.171342408983873e-06,-9.041039550343671e-06,-9.207578026253767e-06,-6.216919391838259e-06,-9.700766604497281e-06,-4.6683284337715885e-06,-1.0696292473771703e-05,-2.4594807090406687e-06,-1.0936219165096505e-05,-2.4598213543846566e-06,-9.309679692511692e-06,-6.845704027212282e-06,-9.79477971192149e-06,-4.7328999716160835e-06,-1.0015378715320268e-05,-3.916070323247995e-06,-8.120493145904394e-06,-8.376447892402168e-06,-5.652684386125155e-06,-7.031230360165899e-06,-1.0696598035970855e-05,-3.5651051867153625e-06,-7.637391825573523e-06,-8.940162758018017e-06,-8.283191710081451e-06,-5.980877083889127e-06,-6.16018131997836e-06,-8.999117524200671e-06,-4.6953403794137745e-06,-8.132086288204435e-06,-2.7859629396719754e-06,-1.0122261566388975e-05,-1.336328237532149e-06,-1.2049294328313303e-05,-2.443719993210762e-06,-8.701643622881401e-06,-3.581451443566273e-06,-1.2397118130035832e-05,-4.9956239288362e-06,-6.43759329415245e-06,-7.391090499462054e-06,-4.329777111444895e-06,-1.1660050889693479e-05,-7.169786761050363e-06,-1.1876404672612414e-05,-1.0972644199345556e-05,-3.909754890000044e-06
108,3.2732347027520693e-06,5.504047276014878e-06,-1.9140492006627264e-07,5.545340853842657e-06,3.2886335450183406e-06,5.115815349155347e-06,4.413353418060635e-06,5.354815246804448e-06,5.622955441014941e-06,3.079531485812935e-06,4.996311044888176e-06,5.069289988510469e-06,5.28039740817919e-06,3.740817425180974e-06,6.652731510951356e-06,3.4377035341812126e-06,5.199160520230132e-06,4.663289988382756e-06,3.906856803462194e-06,4.3078014533092e-06,4.896936057761835e-06,3.559633870288635e-06,4.66252955772798e-06,2.3753357837108638e-06,4.85876544281605e-06,7.289491444972364e-07,4.845201677078485e-06,4.35171289772038e-06,3.105566970989194e-06,4.6440894494826575e-06,3.873629495980535e-06,2.6116665085622774e-06,4.179179463975974e-06,3.9935475022419996e-06,3.6015348207354523e-06,4.982224742132675e-06,4.8594931038427265e-06,7.822108765435711e-07,2.7693703380766877e-06,4.5333238033827305e-06,4.680407294740904e-06,7.774220911131324e-06,6.4064617527240604e-06,6.5099456209405945e-06,5.128039433199385e-06,7.263437009009219e-06,5.096098114073757e-06,6.93665152301222e-06,5.975592564138424e-06,6.306909031807182e-06,6.64301454444885e-06,4.584152561865917e-06,8.869758342240065e-06,7.469354792722602e-06,7.968446678456298e-06,6.13161130622488e-06,6.689478120207203e-06,6.46634863079138e-06,1.0533618878634591e-06,-2.6954636213073865e-07,2.8244779503538523e-06,-5.4756841195721174e-08,3.928193678917843e-06,4.294251763364844e-06
109,-1.9259930073092998e-07,2.460404237728166e-06,-5.790066626515527e-07,-9.797961551496142e-07,2.83429046871718e-06,-2.2682498665849533e-06,2.178406257732335e-06,5.186752289331147e-07,-3.0023463982994e-05,-1.1223598883073864e-06,3.685974108513891e-06,-3.70074069353423e-08,-9.018424217053272e-07,-8.016940682282586e-07,7.271938595365306e-07,-1.8058573269453552e-06,8.564975609329408e-07,7.263546115249798e-07,2.3349811386455573e-06,2.2502416820043032e-06,3.324183292515144e-06,1.9501018831243477e-06,3.590873144770612e-06,2.793508717980174e-07,-2.702904293479992e-05,-2.0225761724120916e-06,4.877293153451785e-06,5.397989097273677e-06,2.750540980041754e-06,1.5401128178075914e-06,2.338098048031075e-06,-1.0567156670673002e-05,3.863644681193062e-06,2.652438805643511e-06,1.1938869365756755e-06,1.8193946386832127e-06,1.6144189267224806e-06,3.493939948669522e-07,3.2411915317620644e-06,1.9620136932834634e-06,1.0482743940345372e-06,4.94117382590601e-07,-7.189500340233287e-08,5.147518318197756e-07,-9.95070303080332e-07,-3.6268327214205452e-06,-9.64627040503359e-07,-1.9098467834111543e-06,4.974197677940043e-07,-9.175424115070304e-07,2.5634294736274646e-06,-7.099521740190124e-07,-1.0041115068462762e-06,-1.0479723175358367e-06,9.996630176375798e-07,-8.670078809130218e-07,-1.5669283726036827e-06,-1.9538068470481426e-06,3.7032289482715223e-06,1.5144347137738155e-06,3.847920141437215e-06,-1.7563963868143468e-06,7.391954967469628e-07,3.9034350999428196e-07
