subject,Af3,Af4,Af7,Af8,Afz,C1,C2,C3,C4,C5,C6,Cp1,Cp2,Cp3,Cp4,Cp5,Cp6,Cpz,Cz,F1,F2,F3,F4,F5,F6,F7,F8,Fc1,Fc2,Fc3,Fc4,Fc5,Fc6,Fcz,Fp1,Fp2,Fpz,Ft7,Ft8,Fz,Iz,O1,O2,Oz,P1,P2,P3,P4,P5,P6,P7,P8,Po3,Po4,Po7,Po8,Poz,Pz,T10,T7,T8,T9,Tp7,Tp8
001,-9.518294273015698e-07,-5.057819274664245e-07,-1.0585001228384922e-06,-1.2385747338842154e-06,-2.3239011042855458e-07,1.4892102530861184e-06,1.1014026532226402e-06,2.2490674422019077e-06,1.5679334957582615e-06,1.4993648850689648e-06,3.822825832313229e-07,2.2099248345989814e-06,7.553794429459971e-07,2.621290078165e-06,2.2263252560458965e-07,1.6224647967282575e-06,-5.7537060018990214e-08,1.5777257571134695e-06,1.0674247651196789e-06,-4.740554109567513e-07,-3.236041114499083e-07,3.0655470455518554e-07,2.3878258313325006e-07,-4.368545781955095e-07,-4.685313653617138e-07,-1.108267045645198e-06,-1.8826960282578165e-06,2.1724766886779772e-07,3.596220335224796e-07,5.917581143411456e-07,1.1042117855796482e-06,-2.5861986034622524e-08,3.3737895920447894e-07,-2.2315760830639172e-07,-4.074769442020483e-07,-8.033740593661732e-07,-1.769787263215429e-07,-3.7598045739457333e-07,-3.9227753511019864e-07,-2.9971112283816543e-07,-1.260422743885941e-06,-1.9526029004755015e-06,-1.8118715889266594e-06,-1.2002736997914036e-06,1.1324656987923568e-06,1.7671307308425943e-07,1.4731668499121171e-06,-5.440418971524909e-07,6.232171966432764e-07,-1.3752036535909842e-06,-4.829120911676588e-08,-1.6417202944828486e-06,-2.8238226168786864e-07,-1.2380703183764091e-06,-8.110114754952267e-07,-2.822374060946052e-06,2.637269568998962e-07,1.7633469891611438e-06,2.3179151249708564e-07,1.2981454095013044e-08,-1.2246578521908446e-07,-8.782976700943502e-07,-1.2481468415248193e-07,3.5821551163860525e-07
002,-1.982271734132068e-07,-5.352969382206485e-08,-7.317167776154733e-07,-7.405888618167729e-08,1.0776827750495029e-07,5.293364931315026e-07,-3.6700904640585407e-07,1.3092189357131442e-06,-6.003347908946964e-08,9.537905429012004e-07,-6.856390643532952e-07,5.773338167503507e-07,-5.104984763833052e-07,1.0745788518155353e-06,-4.187516425952355e-07,6.448313987173354e-07,-1.5996494339189117e-07,-2.448085101479359e-07,-5.513816925301353e-07,6.355992427196095e-08,-1.505123712092369e-07,-6.737051030657264e-08,-2.3772122973949767e-07,-1.8204284535414175e-06,-2.8899233165005605e-07,-3.742731823547204e-07,3.859743509496213e-07,-2.0693071187727628e-07,-7.827823344428242e-10,4.4113000589893177e-07,-3.2803685108091836e-08,6.319622148831843e-07,3.1570729772990206e-08,4.7383561999139807e-07,2.1454584351677335e-07,-3.482041288560985e-08,4.073642783904171e-08,4.426885252588943e-07,4.6035174400672903e-07,-2.0390693416604059e-07,-1.1605032209706116e-06,-2.676222483298143e-06,3.012379585370144e-07,-1.24330174321769e-06,-5.10956563048659e-07,-1.7008706142468472e-06,2.261222303632567e-07,-6.844556130531134e-07,-2.7110268110232213e-07,8.05136628866844e-07,3.4890059878752937e-07,2.0506989782809875e-06,-1.2000141629332805e-06,-5.448614838145244e-07,-2.698761142908457e-07,2.355893340239696e-06,-2.194098196510949e-06,-3.9701539211100293e-07,2.8929658433358696e-07,-2.5693205809292985e-07,1.0989670078401146e-06,1.6511183892614143e-06,1.9052811703289407e-06,1.1685057280304957e-06
003,-1.87291372403623e-06,-8.061906549636912e-07,-1.9579975651723446e-06,-7.064842072404023e-07,-6.919805599619152e-07,-1.1545822984129894e-08,1.5514634356106262e-06,-7.039046261357326e-07,8.003424061940928e-07,-2.81456727624114e-06,-2.3320730363326054e-06,1.100931282815225e-06,1.3222039562766147e-06,2.0494474634184937e-06,2.807347331447473e-06,-2.2635577848942576e-08,5.652784871395446e-07,2.5694480429424443e-06,5.421697266335463e-07,-4.6012757890251713e-07,2.3398196273842575e-07,-1.26903125668454e-06,2.1253693549931101e-07,-2.729887870565249e-06,-3.768964773785269e-07,-2.626623449656817e-06,-1.2416748359133067e-06,-2.271825140466459e-07,1.3844094560551554e-06,-1.7094718387642569e-06,5.3980997723739494e-08,-3.983041825935165e-06,-1.0771077225891483e-07,7.916429911630822e-08,-1.4278586043871827e-06,-9.102302785813167e-07,-1.4035232413639132e-06,-3.536765813451723e-06,-1.395113001623571e-06,-4.784373145053797e-07,-1.2598655903028275e-06,6.542441123096966e-07,7.413133088727224e-07,6.961775424193538e-07,2.8152623333717945e-06,3.56139449042957e-06,2.630688761557171e-06,3.4108515209530062e-06,7.28827035963662e-07,2.121250261603224e-06,-1.9908693162142112e-07,1.1008505834594223e-06,2.3285696727077775e-06,3.4432924988348063e-06,1.0674175131427609e-06,3.1368204417804766e-06,3.1049392571228377e-06,2.9791328602282273e-06,-1.2787996435748978e-06,-2.368942332087961e-06,-2.0729719262780618e-06,-2.364579728117351e-06,-2.2581678001459488e-06,-2.1874543013028854e-06
004,5.222915906767476e-08,6.908005969277215e-07,8.286988744222111e-07,7.062998990426141e-08,3.5860854205160814e-07,4.667904094040797e-07,5.883804542381235e-07,-6.801680558513428e-08,7.128715419194367e-07,3.0899817311413e-08,1.3208055186956707e-06,5.093660396762429e-07,3.014147728664883e-07,-1.591045711516975e-08,1.0660871120138781e-07,-2.757397055597593e-07,2.1999929123241996e-06,3.5003495535673713e-07,3.787332226333013e-07,2.3368001046610386e-07,6.66771586160492e-07,-1.287904316329666e-07,6.19702661440005e-07,-4.5067915049188383e-07,1.795892594757737e-07,-6.242698985969435e-07,1.0787057839725402e-06,4.424026570838062e-07,5.62650512766993e-07,1.8688809888736578e-07,8.023729223471188e-07,2.179012141439608e-07,7.849173010627684e-07,5.914195123565179e-07,8.865003127329945e-07,5.235083062618229e-07,7.373557060428666e-07,1.0597424875554057e-06,-2.437462657383382e-05,6.426843589077913e-07,-6.925264355767968e-07,5.932718533254879e-07,3.014727016884663e-07,1.8082125590890272e-07,9.975488619073039e-07,3.521731702404999e-07,4.2056382133813205e-07,5.8196712005857e-07,3.8188076505121976e-07,1.0092121954458471e-06,-1.3084697465354502e-08,8.509699020108231e-07,5.784369639996315e-07,4.2300076040679183e-07,8.841433556821526e-07,6.181283293913057e-07,-5.176303404601848e-08,2.1992030029450097e-07,-4.437118424486518e-07,-3.889538715152199e-07,5.65576645468368e-07,-8.908626216341704e-07,-5.377160521773102e-07,8.139053657963103e-07
005,9.732774781401644e-07,-5.908846341927789e-07,-8.827360254198337e-07,-1.983748956534833e-07,5.855713184321758e-07,1.6042703818749732e-06,1.7278630180735041e-06,1.1036879860426542e-06,1.4728576928634448e-06,1.0574680155260377e-06,-1.9086131685315442e-06,1.5654092628073967e-06,1.8690009642322657e-06,1.1061298448670065e-06,9.234529065608309e-07,1.1830399187336793e-06,-4.984787826812324e-06,2.077439795982768e-06,2.151927067559732e-06,1.354553352097936e-06,1.2101121808864992e-06,4.870419745852307e-07,7.662760818974415e-07,-4.024743407047346e-06,-6.247616430590585e-07,-5.514255154407596e-06,-3.484203656789503e-06,1.0314590277487783e-06,1.6830537214355706e-06,1.4344200788722197e-06,-1.9623488434462886e-06,-4.9394646137133256e-06,-2.006693803118325e-06,1.4069370886752901e-06,2.5784442601412957e-07,1.5467041643053369e-07,6.84489979481845e-07,-5.938622032515533e-07,-6.1975272306521e-07,1.2019396627113063e-06,1.4929394009942199e-06,2.1700849257118313e-06,2.2068622145754064e-06,2.1530818882864218e-06,1.8743957438717842e-06,2.3299134109208206e-06,9.206463353070223e-07,1.431867134007626e-06,-1.9636044186499066e-06,-7.550245566537198e-07,-2.3608778468216665e-06,-1.1115529754614424e-06,1.8539966526404222e-06,2.297756942901752e-06,1.1104423781841267e-07,-8.61005163721666e-06,2.9140140416954488e-06,2.1274002049489853e-06,-4.525304792935087e-06,-2.650666724063261e-07,-1.0893162823213625e-06,2.982847139520913e-06,-3.828619162679217e-06,-1.0961429720809183e-06
006,-3.8537336101234003e-07,-8.96020518537762e-07,-3.829058690951255e-07,-9.320340140867945e-07,-3.690375389686561e-07,5.860197169290068e-07,5.357871282265352e-07,9.149524623724222e-07,1.0345205521877421e-06,9.989190038220606e-07,4.0233176459505025e-07,2.5420642765764163e-07,1.2168413459722654e-06,3.1392742827278955e-07,1.2107481200700574e-06,-1.5273678685757927e-07,7.184322410873547e-07,-2.134973368767263e-07,3.9678840366645116e-07,-4.1553719673993666e-07,5.703822461910279e-08,-4.392738553013927e-07,8.950206287440515e-09,-4.2065960002056627e-07,-7.25263780949107e-07,-5.922403340395615e-07,-1.583839355310563e-06,-1.2658775592702745e-06,4.908508311938351e-07,-1.2854392745471604e-06,5.173769548217893e-07,-1.8288129294471266e-07,2.9213423725154975e-07,-1.0750246104835146e-06,-1.7994770964981466e-07,-8.827138183415761e-07,-6.183041209592349e-07,-4.546193197847605e-08,3.7441262151478513e-07,-3.669919769707925e-07,1.6829566799821641e-07,2.9522267218308397e-07,2.8432250679922988e-08,-2.7287990033984603e-07,2.0345671952948808e-07,9.89723151451042e-07,2.5677544367471933e-07,5.407779507708945e-07,3.2969196378247904e-07,5.464819989310355e-07,2.9246344327708905e-07,4.3443351609326135e-07,2.952403988171233e-07,3.6774798972124623e-07,-4.051688207120116e-07,3.1819968789640905e-07,1.4744934106426048e-07,2.763401325075341e-07,-7.673858196907726e-07,-9.437183889278952e-07,4.001956819982498e-07,-2.60954445707678e-07,-5.46568454990353e-07,3.9257199238628683e-07
007,-4.497005312001384e-06,-4.8929562903647045e-06,-4.615696861957239e-06,-4.869054548032195e-06,-3.868359999538558e-06,-2.895874634210374e-06,-2.2821718777336816e-06,-2.9909212628823253e-06,-2.3156300570896487e-06,-1.7445250366360613e-06,-3.55533472462736e-06,3.7427746586437325e-07,2.719375831397998e-07,4.536303465563922e-07,2.810054794303601e-07,7.651680578332529e-07,-1.9923843673846685e-07,3.875371641383923e-07,-2.961766153101382e-06,-4.204727050610175e-06,-4.14368264496212e-06,-4.233927316286728e-06,-4.184848318517627e-06,-3.7757765341297224e-06,-4.126820773816859e-06,-3.1221527573078795e-06,-5.449657935183248e-06,-3.654562153191754e-06,-3.468990747692698e-06,-3.832509680725233e-06,-3.6207790596947556e-06,-2.722244122002771e-06,-4.222081279883947e-06,-3.6259638530342283e-06,-4.2147092254667325e-06,-4.4636873606539e-06,-4.3344493153521885e-06,-1.4033635354236668e-06,-5.164683023370173e-06,-4.702166228971453e-06,3.104796557158244e-06,7.448670859199901e-06,7.867605077028935e-06,1.1224512779465075e-05,5.7018039718981415e-06,6.893201637353846e-06,5.044250773776864e-06,6.296271596822732e-06,5.144954281890024e-06,6.213251592812762e-06,5.532241521891132e-06,5.7370435565363255e-06,7.908930301654569e-06,1.2354268465971968e-05,8.012920074543887e-06,1.23723960611363e-05,1.0471680486292703e-05,6.778866939469186e-06,-7.748763598717825e-06,-1.0615289466553474e-06,-4.859869146950811e-06,-1.2396250008155233e-06,2.181733304784115e-06,4.471488676814836e-07
008,-9.492941421767975e-07,-6.844302790440178e-07,-5.790767642653958e-07,-6.404921138898349e-07,-8.224022120716979e-07,-3.79751227379422e-07,-1.3810653253182655e-07,-6.3902699306172e-08,5.22495974050936e-07,-2.9392519176676415e-07,-8.497667163317022e-07,-5.097169753331167e-07,-1.4824329609369376e-07,6.940354971023808e-07,5.073275582434741e-08,8.326517612225083e-07,-1.3144879213668326e-07,-2.292538012845765e-06,-7.365926575708017e-07,-6.5536297751589e-07,-6.443617886652267e-07,-4.056801437050269e-07,-6.894511937075844e-07,-6.427396286998974e-07,-8.89897424393006e-07,-1.361771998687416e-06,-1.2832422821186944e-06,-5.221971390238903e-07,-4.2455689310951325e-07,-6.385396324224701e-07,-4.567005756097319e-07,-6.875096224524945e-07,-1.4373769970882798e-06,-4.6386969291576425e-07,2.3097450734115517e-08,-1.7647717049357955e-07,-2.1604386020746843e-07,-1.665580974893776e-06,-1.7622414333634022e-06,-8.206936968822285e-07,1.7605309881639802e-06,6.007809511736978e-06,2.7828065542366387e-06,3.120665041605008e-06,7.838170816992168e-07,-8.688423538848537e-08,1.0039991424351874e-06,-7.521083851571206e-08,1.732390701638505e-06,1.0161159382309583e-07,-4.905247795282775e-08,1.0721739794268913e-07,3.5197663500442345e-06,9.204498394500843e-07,4.213560491104499e-06,2.130623718982007e-06,9.986025922018888e-07,-2.718447359186994e-07,-5.953652162465394e-07,-2.9444122096827143e-07,-1.8550085078235397e-06,-7.78765293198095e-07,-3.771142196238137e-07,-1.859194959663261e-06
009,-1.751314565895937e-06,-1.8573485511152367e-06,-3.027337452196398e-06,1.6480223977946988e-06,-1.3979289736034743e-06,1.0397041925791727e-06,1.2398868589031925e-06,1.8490957308184034e-07,1.1910529456671062e-06,5.74296357537298e-07,1.1761199129223815e-07,1.7840308575766746e-06,2.1068271638692073e-06,7.133026326821515e-07,4.242742121456104e-07,-6.522392040226914e-07,-8.565023489528162e-07,2.1979897004344956e-06,1.6563388717514258e-06,-2.275552630311894e-06,-1.0450831139406631e-06,-2.3627200919701098e-06,5.473161549725088e-07,-1.0514695635677906e-06,-9.64052202755283e-08,-8.087182509859645e-08,1.462338024190458e-06,-9.783894263838082e-07,-1.7018220538456207e-07,-1.7629579943914349e-06,2.374272303875442e-07,-1.3507982826626984e-06,5.991892857419286e-07,-8.30149817106498e-07,-1.146041878003174e-06,4.193260573556767e-07,-5.763219532211783e-07,-3.186910014931593e-06,-5.145957715429817e-07,-1.7695374689624892e-06,8.827348132412363e-07,2.499069036853444e-06,1.1662172161265562e-06,1.6729624222888482e-06,2.1978873144354936e-06,9.888802906087298e-07,2.5768969664846e-06,4.147910150556174e-07,1.8905984650619187e-06,3.586436127988436e-07,-1.9108676687174426e-06,-3.127248029143333e-06,2.2592122927612963e-06,6.537348499238045e-07,2.026103678731002e-06,-5.323197919631157e-07,8.838592612323882e-07,1.5633614091073174e-06,1.6694625656553895e-06,-6.11804799765651e-06,1.1837003631841127e-06,-1.047779818555221e-06,9.22608371679806e-07,-2.4776467936164626e-06
010,1.2280636782599899e-06,4.753906061958901e-07,9.70328323516523e-07,-6.834516171101889e-07,-2.392231329073914e-06,5.511481676050674e-07,3.974990016984383e-06,1.7166491959137148e-06,3.2445470159638888e-06,9.519536368483542e-07,1.3545438613906203e-06,9.879021877273204e-07,3.077994995833643e-06,-2.331153918492248e-06,3.977096712665885e-06,7.986198996452292e-08,1.1673637404250384e-06,1.1268772858205905e-06,3.0672458055088026e-06,-5.613931365732801e-07,6.126305704246862e-07,1.307624895048907e-06,1.375986327733388e-06,8.793166705574132e-07,5.789261179283696e-07,2.201709452881246e-07,-2.5245340323777305e-06,-3.5450020033849664e-06,2.542949445935544e-06,1.0806598387112382e-06,1.5562934143800585e-06,-1.6091682946905258e-06,7.074670112381758e-07,6.985439335239096e-07,-4.2456201495741e-07,-8.849031312823002e-07,-2.508949696822612e-07,-5.838344076177462e-07,-7.765107998668675e-07,8.507992436155078e-07,-1.8702623374781029e-06,-1.0630415849792183e-06,-8.790977126603708e-07,-4.769260586976935e-07,-1.0435548661015457e-07,2.6830156630735624e-06,-3.2549766887757097e-06,2.746636314710972e-06,-1.3966386509666398e-06,-5.261414219059314e-06,-1.9143917313695253e-06,-2.8316036218686277e-07,-3.4693069331801677e-06,1.000767133042656e-06,-1.7699593816477756e-06,-1.2971150518568987e-06,9.965966678317298e-07,1.5550684460326534e-06,-3.0459799367361676e-06,-2.2844732055574256e-06,5.184258195348333e-07,-2.917183612325454e-06,-1.7099871571199295e-06,-2.979259129191272e-07
011,4.90600600904966e-07,1.625034237646319e-07,4.115837154398377e-07,-4.449902347128993e-06,4.497341036162117e-07,3.849706180059254e-07,7.623611831731532e-07,4.988411716769838e-07,4.846099494919849e-07,3.611462740292184e-07,5.616461093579891e-07,-2.79983344768969e-07,-2.7988264870487347e-06,2.7605240404539776e-07,9.685291806023227e-08,-1.660263899625945e-07,-1.8997888582242388e-07,5.319806999744607e-07,5.299840717806647e-07,6.87737215324532e-07,4.885475868859394e-07,4.430816287735535e-07,4.001746431568315e-07,4.3185147332312194e-07,-2.0255678410235426e-07,4.619568680967276e-07,-1.4858780945203255e-07,6.888123997959798e-07,4.002934178015369e-07,7.257269381165826e-07,3.546167415079546e-07,3.3581759819069747e-07,5.908368464706739e-07,7.204399817684605e-07,6.203032531097592e-07,-9.504772482999228e-09,-5.558257360208065e-07,-7.755345543397084e-07,-2.123305905603278e-07,5.871065121472247e-07,-8.360254655829112e-08,-5.175709790768028e-07,-1.2025032172931183e-06,-7.162311671471285e-07,3.315121650573593e-07,-3.9632694593017636e-08,1.8133962635345888e-07,-2.1628084084299732e-07,1.408452195293846e-07,-2.5385516411759163e-07,3.5543705307658926e-07,3.242729814425715e-08,-8.81449772846945e-09,-6.164429272098062e-07,5.399434553109637e-07,-5.959584411648184e-07,-4.304918826410046e-07,1.253093087999679e-07,3.172941223386668e-07,3.2636417187332406e-07,-5.469019607774453e-07,2.394784271560123e-07,-1.3470704658450105e-06,-1.6570670874577293e-07
012,-3.8049927802179344e-07,-2.494235722023199e-06,-5.450156601737221e-07,-2.2806019507016316e-06,-1.9823815653511238e-06,-1.593348636095023e-07,2.500054188467688e-07,1.910127118852839e-07,1.190692900903692e-06,6.778119094962491e-08,7.891247950616181e-07,7.666990521722102e-07,1.034923571756247e-06,7.990799581895921e-07,2.056556802259828e-06,9.98002735115768e-07,1.9892833514056746e-06,4.754461850275007e-07,7.630495992860381e-08,-8.104494605530917e-07,-1.4249112457174046e-06,-8.550058293528532e-07,-1.4056544375781287e-06,-3.7968233807849564e-07,-1.4283432069087179e-06,-3.8151083625715644e-07,-1.4992529582843035e-06,-4.6458181319463966e-07,-1.0541449640505618e-07,-3.9097105146530713e-07,4.401839148228897e-07,-2.6768840668736234e-07,-9.828993123966647e-08,-4.3651113293268334e-07,-2.2621978739894073e-06,-2.5715625629952226e-06,-2.875419622147968e-06,-2.12977902765059e-07,-8.994299157881847e-07,-9.992000146546774e-07,-1.4630177281358922e-06,1.3209127219145241e-06,1.0411761687746045e-06,1.4243171876861319e-06,1.3551046420840361e-06,9.292746712936308e-07,1.3259884573427619e-06,9.265431714793636e-07,1.544563874851359e-06,1.3011578387306594e-06,1.4926996299878057e-06,-2.938051619313763e-08,1.5072371113314148e-06,9.759329765160493e-08,1.4996201137636246e-06,-5.783592061488765e-08,1.1043105029290174e-06,1.1160156975303153e-06,-6.749209384183606e-07,-4.319223977694285e-08,1.9422747189670486e-07,-5.878676201278225e-07,6.491736738635702e-07,5.123252587069728e-07
013,-2.6896861402670127e-06,4.8572286044222636e-06,-3.0963960609731894e-06,-1.7915578344998147e-06,-1.2925036742552528e-06,5.122984366984269e-06,1.7860673956170018e-06,3.184788587625969e-06,-6.191487909602269e-07,-1.2739069139165877e-06,-4.1077646325853475e-06,5.40086913871495e-06,3.1755717424887e-06,4.2684447601512295e-06,2.973938318622864e-07,4.849201533626444e-08,-4.2109319960144455e-06,4.733519255222484e-06,3.7480329010342872e-06,6.242542696063072e-07,3.144950796668044e-07,4.996269138230644e-07,2.090450952701405e-06,-1.987119202610056e-06,-5.520546554316435e-07,-4.284453503642186e-06,-5.323405752546859e-06,3.3003281606585343e-06,1.3540624697567956e-06,2.6892142268820046e-06,6.234807958163822e-07,-1.4937213217901068e-06,-3.231572430494331e-06,3.793002937833239e-06,-3.1240353944269448e-06,-1.843066625471747e-06,-2.5827858967105155e-06,-3.7824530063808216e-06,-6.714835799534815e-06,-3.6585553718340903e-09,-2.560804690313158e-07,2.147764504623422e-06,1.1320927878382466e-06,3.7069805636773927e-06,5.96267919643575e-06,5.2292224953439485e-06,3.5532692692205493e-06,2.4148974523823532e-06,2.419488338620816e-06,-1.8567955131131457e-06,-2.424008471446564e-06,-2.697649196986389e-06,2.23852373154855e-06,1.6687927845923582e-06,1.1784131631870156e-06,-2.2938366098638627e-06,5.615679225814485e-06,5.5330307055136655e-06,-9.023147110395922e-06,-4.3967383394227e-06,-6.146882055814839e-06,-4.297914403291468e-06,-3.3738468495819233e-06,-3.941185418170912e-06
014,2.1040612571173787e-07,5.532297800469554e-07,-1.952650671089364e-06,5.887902622746375e-07,1.0313819629125158e-06,6.774384448697408e-07,-1.071462348864149e-06,1.0929826690706325e-07,-3.7113009488841626e-07,-1.721204091046061e-06,-2.6050544428223347e-06,8.711847231752147e-07,-2.587205896822247e-07,-1.361582008340535e-07,-8.732092742070283e-07,-1.3535235546151098e-06,-1.2128204774353835e-06,8.735348139953223e-07,1.933151262849114e-06,2.0036393999705914e-06,2.324550766399327e-06,1.7163642013230646e-06,2.606186589346865e-06,-1.4340674527033089e-06,1.3124940674960372e-06,-1.856166164191092e-06,1.2960712917862366e-06,2.6587398863607993e-06,2.140913672480115e-06,1.2489547362154796e-06,1.6739901530886443e-06,-1.9501141702938803e-06,-9.364308996015692e-08,2.5756272505824206e-06,-5.555332021189039e-07,-1.6269861165475508e-08,-5.311252190732599e-07,-1.5690510011333742e-06,-3.4097841692216046e-06,2.3713291589459865e-06,-2.3717953455696757e-06,2.5500529699625203e-07,7.191671376973363e-08,-1.9422756148186665e-06,1.3906560257182256e-06,-1.6457956418730023e-07,3.3969218228093046e-07,-5.394451951095129e-08,1.5572723782505243e-06,5.601176746139916e-07,1.5216883958068918e-06,2.0173471607708585e-06,3.444759409626437e-06,1.6016864771855352e-06,2.800278753336254e-06,1.9483981316709e-06,6.036302991138856e-07,6.81958612322145e-07,-5.489482774803115e-06,-2.3666103651683695e-06,-5.48920343840499e-06,-2.4039145093496975e-06,-2.8039411369600658e-06,-3.5142489840824248e-06
015,-2.8047086300328515e-06,-1.1856770812718875e-06,-2.742917509401744e-06,-3.5400119843217402e-06,-1.5422042220030238e-06,-1.1062604140842688e-06,4.405725821904163e-07,-7.806730935657694e-07,1.1765974017265422e-06,-3.089699537915959e-06,-7.142783149924028e-07,2.379153132134802e-06,3.63749463321959e-06,1.997892933217955e-06,5.563028019909541e-06,-9.519261124233394e-08,4.336354117690473e-06,1.6674601576563103e-06,-3.18757346427339e-07,-8.399798004869057e-07,-2.2506621046490924e-06,-2.0774510893539767e-06,-1.9246649430941523e-06,-2.800777426391484e-06,-2.538802090951899e-06,-3.88744151240711e-06,-3.3637945817457956e-06,-1.7082614523957704e-06,-1.5551959674187994e-06,-2.035968305539883e-06,-1.5486281169512104e-06,-3.424786930163406e-06,-4.150228994171186e-06,-4.5592958273516753e-07,-1.613916715508864e-06,-1.1939248372856344e-06,-1.9195197167674093e-06,-5.750337884291974e-06,-4.3803232140989774e-06,-1.5830329275154054e-06,2.8056672570291674e-06,2.1491629954373407e-06,3.366724241427657e-06,2.300887277103615e-06,5.377308340901802e-06,4.009148228638409e-06,4.918521340200237e-06,7.013773456796903e-06,2.3452259884906653e-06,6.091740617583515e-06,1.482091503119155e-07,4.129441097671075e-06,4.401035819061864e-06,5.282844655272901e-06,3.3598927421882365e-06,2.2854882017695682e-06,5.142532830638599e-06,3.932639049034988e-06,-5.46276148126511e-06,-7.940211378712507e-06,-2.176332729621587e-06,-4.792272685394856e-06,-3.7816509615747165e-06,2.818441908448118e-06
016,-3.766278212580013e-07,-1.2420603415610445e-07,-7.699443646692979e-07,-7.786564486338282e-08,3.6701951142992617e-07,1.612029733821024e-07,-6.631214003675858e-08,-4.735096492123691e-07,-2.665903197029042e-07,-1.0543664282238249e-06,-1.1091728964101031e-06,4.7330346960542015e-07,3.545689437618681e-07,-1.3569428667241335e-08,1.5487532028520683e-07,-4.505558811120558e-07,-4.918690592711077e-07,4.390305967433819e-07,2.856253012395448e-07,2.634199055825833e-07,2.379391648195866e-07,-2.897949576250902e-07,1.45467449082391e-07,-8.520258788978099e-07,-5.497643010866585e-07,-1.1480463524373107e-06,-1.5556164063010893e-06,-2.0942320592903956e-07,2.0404689684586525e-07,-1.7201283392807015e-07,1.055152207954239e-08,-1.4053090296035954e-06,-1.2218475436205356e-06,3.280596487013196e-07,-2.657251822287799e-07,-1.0952806410318589e-07,-2.5632867927231066e-07,-6.54343371255454e-07,-1.3438510710079003e-06,4.56035847472337e-07,4.333567770509691e-07,1.4432699618940424e-06,1.946194655401915e-06,1.472637042525273e-06,1.0206682962107287e-06,1.543453877735967e-06,9.990053842464368e-07,1.0760194048535234e-06,6.183684587037764e-07,7.835396718271461e-07,-5.886806999188117e-08,-3.3248510637896505e-07,1.3715607588217544e-06,1.801237476381824e-06,6.889709633384493e-07,1.2910904875588288e-06,2.026876981254654e-06,1.5580930564142416e-06,-1.071044277603782e-06,-5.930785764504509e-07,-2.0263540238005156e-06,-9.478138848889969e-07,-4.822024052483072e-07,-3.1354369160077374e-06
017,-4.8110153607729514e-06,-5.477926144051642e-06,-7.985416650350422e-06,-7.838105432545361e-06,-3.2727244998099092e-06,5.234249585475813e-06,4.7709497309769e-06,2.9165369804150494e-06,2.8969542059628107e-06,-1.979809086832809e-06,-3.9158457603872777e-07,4.75506400099402e-06,6.480360529305119e-06,5.102185879746778e-06,3.482276252779456e-06,4.664154593434101e-06,1.2942762095056694e-06,5.675310761487089e-06,4.279343500841829e-06,-1.3277576886334748e-06,-2.4234871516759885e-06,-2.7936908855140345e-06,-2.5075073363866346e-06,-4.118941782435742e-06,-6.096025638643911e-06,-8.533990829818315e-06,-8.100598823169896e-06,8.216587647001295e-07,8.200953416794389e-07,1.847756559273235e-06,1.5227506108745474e-06,-1.8605820553825864e-07,-2.5606526223041723e-06,2.4405899652763054e-06,-8.658533335829026e-06,-5.882335432625756e-06,-7.6048303567880354e-06,-3.5647935586776135e-06,-8.631086767962311e-06,-2.4340094600713633e-06,-1.456473532271755e-06,1.5403767419341942e-06,3.5360816336269836e-06,2.483304056018593e-06,6.129557058419678e-06,4.795642510012988e-06,5.45650394349417e-06,3.110305416347932e-06,3.270538090561262e-06,1.0778003873711858e-06,1.4686236381236645e-06,-1.2965126067529814e-06,3.9194909158201385e-06,3.0371223148986557e-06,1.7501405335729906e-06,1.936559047179219e-07,5.352808801144198e-06,7.327730279435407e-06,9.385749047453531e-06,-9.858585549588518e-07,-6.769582949874575e-06,-2.17451406567817e-06,1.1513286113797401e-06,-4.1274500210488405e-06
018,-1.1917819692638692e-07,3.7211314113167204e-07,-3.2160406398997763e-07,4.6632423891401973e-07,1.1934365507314964e-07,-7.619219192447834e-08,2.0366952859020724e-08,-1.292475235371081e-07,2.454210895566747e-07,-1.3883921419551603e-07,8.470705538661891e-07,-9.956015189176599e-08,5.6520720042810286e-08,-4.736194756866959e-08,1.3253540859171042e-07,-1.2409351764244365e-07,2.6903438348420457e-07,-5.7403061969931854e-08,4.7127452998007816e-08,5.5768602700040425e-08,2.429781919505284e-07,6.701148673267244e-09,8.336536088389783e-08,-6.897689818313448e-08,3.0897887577114774e-07,-2.0219583320427231e-07,-2.752615427733549e-07,-1.4248498664610032e-08,1.1586393736551554e-07,-4.077539949446992e-08,1.0738899693223836e-07,-3.2075784237782635e-08,2.608061657322633e-07,1.167052707276558e-07,-2.5017354248419146e-07,-3.7840824107035555e-08,-2.166647720790213e-07,-8.686280727420949e-09,3.4054789855824634e-07,4.407351565430398e-08,-2.885455142425156e-07,-1.0624837519436184e-07,-1.0802586275001913e-07,-2.3665837091260102e-07,-1.2021237168151963e-07,-4.5678668729080044e-08,-1.4239882307275478e-07,4.142060720509872e-08,-1.755476298247093e-07,-5.865181608177945e-08,-9.736414051723297e-08,-1.0073757147419153e-07,-2.5360315816471034e-07,-1.4953662564398233e-07,-1.208559742781835e-07,9.375159396221913e-08,-2.6173481968588457e-07,-1.241083091531362e-07,-1.054992065782228e-07,-4.4153951760898214e-08,3.6016905251875435e-07,-2.2640724275561978e-07,3.527267021593986e-08,2.3669819273439824e-07
019,-1.821941532551834e-06,-3.5145648979405435e-06,-9.276493378113864e-07,-4.396650645043267e-06,-1.2517103916442316e-06,3.4685933316351068e-06,1.6790368486219748e-06,3.949987730664046e-06,-3.010513615333288e-07,2.905628815572483e-06,-3.6447087759935144e-06,4.420430579974761e-06,3.3783671914035805e-06,4.059566260892041e-06,2.169917391063654e-06,4.986082417895867e-06,-1.2627345748124571e-06,3.60440965821506e-06,3.040884104612746e-06,4.349526837321749e-07,-1.043826875005816e-06,-7.652432781621521e-08,-2.333773066974295e-06,2.7612125128748372e-08,-5.0242088832942155e-06,-3.2195625998086276e-07,-3.099524205002848e-06,2.9485439975965755e-06,1.6495012498904584e-06,1.8132961517082078e-06,-1.4995825575940947e-06,-2.3749975421069056e-07,-4.845312284018559e-06,2.6218237164492105e-06,-2.7031490401575397e-06,-3.930600512645348e-06,-3.3229540669086968e-06,6.40233667878643e-08,-4.167181962605733e-06,5.848850943592305e-08,5.261838530013535e-08,1.072287360816232e-06,1.7334201541361905e-07,-1.0702691177589054e-07,3.953462437517947e-06,2.9600451819885255e-06,2.801133249364131e-06,1.3795436106757516e-06,1.2460057881179915e-06,-1.5917974547906867e-06,5.465515452992422e-07,-1.6826734894877663e-06,1.608099528375332e-06,1.1394285155138778e-06,8.460117619247726e-08,-6.526380269470133e-07,2.1250977048407568e-06,3.5668734792940396e-06,-4.403715373040657e-06,-5.780013943427205e-07,-5.237864778307351e-06,-2.414420560070718e-06,2.473315729171985e-07,-3.842324380599416e-06
020,-1.8448684755989318e-07,-3.107933331914072e-07,-1.0219524577329996e-08,-8.339617372839125e-08,3.8591701868647355e-09,-2.9425163709985617e-07,-6.839271293344178e-07,-2.1366117461323493e-07,1.4869753440744201e-07,2.118760992720407e-07,1.9697226595511221e-07,-7.632145451028899e-07,-5.301028723445431e-07,-1.813716837771146e-07,-3.3900952354952203e-07,1.1348475801893325e-07,1.3650918304470518e-07,-5.969119478717317e-07,-1.398893901866322e-07,-1.609146604528897e-07,-6.266632719868077e-08,1.4909687470147973e-07,-3.983441104590367e-08,-6.53223921530556e-08,2.2153253268007558e-07,1.227090451184623e-07,1.662480565606504e-08,-5.4084215672476724e-08,2.0666538993340856e-08,-1.0213131539669847e-07,1.4169283024735584e-07,3.967296512617385e-07,7.160365357630981e-07,-1.9766760406089853e-08,2.5196261805078985e-08,-8.540146367397501e-08,4.0867078650731364e-08,7.137184799781446e-07,6.139518128444553e-07,-1.8564538294720696e-07,-4.980689019111042e-07,1.1501392072124766e-07,3.260643468847978e-08,-4.238733922396738e-07,-2.0614953361784796e-07,-7.483244823783114e-07,-7.540387889468034e-07,2.3199977410477778e-07,-9.113912773179138e-08,4.880038145864174e-08,1.3926813649751525e-07,6.038847254522758e-07,-4.322046766573609e-08,-9.263826334863811e-08,-5.129882997341233e-08,3.433567153827105e-07,-4.5926656277576966e-07,-3.7524010689221594e-07,6.339234077705251e-07,9.911992488400546e-07,8.936103679467012e-07,5.108920189051246e-08,2.3294953446355517e-07,5.423378615631237e-07
021,-1.5374338479242956e-06,-1.3991232061102881e-06,-1.1778747401060359e-06,-1.0208957348912195e-06,-1.4983970472419733e-06,-1.8488318134792717e-06,-1.791456108806e-06,-1.6937213041091306e-06,-1.2754994255092902e-06,2.4942166470454235e-05,-1.538634470686768e-06,-1.384544310454573e-06,-1.300158422954358e-06,-1.4039888741502303e-06,-1.475802818009707e-06,-1.2167888994290588e-06,-1.5918747904451478e-06,-1.2127804090976672e-06,-1.887279648246371e-06,5.255360579571717e-05,-1.3172369767821379e-06,-1.4492479879749613e-06,-1.3519559647032079e-06,-1.4293841555538363e-06,-1.2249264862125846e-06,-1.1245789316695932e-06,-1.3242876702143672e-06,-1.7852621794835565e-06,-1.8595466959633196e-06,-1.6444778966773013e-06,-1.381673476471612e-06,-1.7057626107224852e-06,-1.4292562214915607e-06,-1.8687067172377892e-06,-8.667480572365766e-07,-9.314763641976557e-07,-8.875084591697162e-07,-5.918204079568301e-07,-1.3780681239968342e-06,-1.5809638159076976e-06,1.7988561663644053e-08,-4.850392386444213e-07,-8.093747905415982e-07,-5.811340971790333e-07,-1.4377879095968754e-06,-1.2423400703494663e-06,-1.3471234324463206e-06,-1.4012070136336621e-06,-1.0362292539908713e-06,-1.6217731159954476e-06,-2.670089385968948e-07,-1.5738837243210417e-06,-8.908723504119338e-07,-1.2223136357014982e-06,-2.853979252339348e-07,-1.1976387081406714e-06,-8.98178096310325e-07,-1.2173008770255902e-06,-1.810327233750698e-06,-6.060556990148272e-07,-1.8121689335832678e-06,-2.666598439044975e-07,-2.2041393162408347e-07,-1.8955569365630757e-06
022,-5.098980790431418e-07,-2.3146448037769001e-07,6.368217343967865e-08,8.952534384766648e-07,-6.695815159470784e-07,-6.669694395549029e-07,-4.842951601675831e-07,4.050593102655395e-08,-8.714673009129872e-07,2.32846890204825e-06,1.625121925203047e-07,-3.3169188607782934e-07,1.0639121329840266e-06,5.59093997039379e-07,2.2817505379553305e-07,4.654875057421831e-07,2.4812008300547163e-07,-9.720335346188423e-07,-6.82884793149372e-07,-3.288242328181457e-07,-4.8059645837846085e-09,2.029606636168557e-08,-5.4909662783045535e-08,-2.928940840118376e-07,3.0794437258063226e-09,-1.5022227275845376e-06,1.6937604759899883e-06,-2.8846153008064185e-07,-9.265349517039422e-07,1.7370018802103537e-06,1.1072646567610143e-05,4.832874033157074e-06,-4.3681345650905314e-08,-8.050857454709634e-07,5.890739494181067e-07,6.149898357055004e-07,3.638194485715369e-07,1.4413512254695481e-06,-1.7142773005796332e-06,1.545367451629979e-07,1.5247751117338772e-07,1.9970924811828156e-06,1.217431177982002e-06,-6.829588275788279e-07,-2.0763288871111402e-07,4.074163296803993e-07,-4.273228190342498e-06,-2.310678085933051e-05,5.349585717729178e-07,6.318490054799823e-07,1.6624270168017867e-06,-6.157490952207884e-07,5.788698378705438e-07,4.07706795314512e-06,1.0082401700164362e-06,-1.1650600925442366e-07,3.259325764289027e-07,-4.6797593131336073e-07,4.121653314853404e-07,-9.700773759990508e-07,-8.718684995997839e-07,3.803425368503614e-07,1.6450627984727762e-06,-9.152129673363456e-07
023,2.4187591328765444e-07,4.485635422801184e-07,1.3736632408849526e-06,-3.0026265949881143e-07,-3.2049864960139616e-07,2.5435462516598883e-06,-6.080475417274094e-08,1.8803502632691798e-06,2.123732949329769e-08,1.8351763690535816e-06,-3.3588478311806784e-06,3.5063989216092808e-06,2.8990130839950865e-06,3.2921257743081844e-06,2.241234325531522e-06,2.374041035697304e-06,2.3464495423634284e-06,3.5842180307839263e-06,2.0522856133967554e-06,-4.3238819261132975e-07,2.311529947896244e-07,-6.150039640238944e-07,3.3673586350241575e-07,2.4841067012137133e-07,4.80928401522205e-07,-7.188202237964049e-07,-3.3713691029083475e-06,7.728753521455933e-07,9.725256844262414e-07,-1.909152175664573e-06,-9.408827724092638e-07,-1.710798915509532e-06,-1.997358552060834e-06,3.2187828399818464e-07,1.1366516209350726e-06,1.285681479261997e-07,-3.200545441311105e-08,-7.858304901264506e-07,-4.130463152413471e-06,4.623990181618532e-07,-4.2255531603565324e-06,-1.2553723610099974e-06,-2.989381090061029e-06,-3.13204740101865e-06,4.418937378262692e-06,3.2294451895172943e-06,3.805906972704046e-06,1.1473777956031775e-06,2.1158467158825146e-06,7.811499043965552e-07,4.561295647086005e-07,-2.117074134049399e-06,2.1262473044998e-06,-5.116642508152093e-07,-4.049487700747369e-07,-2.372080640638244e-06,2.2602700782340863e-06,1.1563838238802976e-06,-9.900536927153195e-06,-3.0262515677128666e-07,-3.718153371234268e-06,-4.0187806035384525e-06,6.649636550413712e-07,-2.2622589007616316e-06
024,-1.7122406619677609e-06,4.521630340811044e-06,5.118845211315371e-06,1.3852775004194857e-06,8.810508040625484e-06,-1.610315059207071e-07,-2.1522884415151396e-07,-1.1583987706821287e-06,-3.3537116421149884e-07,-1.8717824411994199e-06,-1.80172533305826e-06,-2.2356633489355048e-06,-1.167391919661155e-06,-1.9633735348643934e-06,-1.056193674220277e-06,-1.9044504348657944e-06,-1.6653035272434565e-06,-9.352899411886268e-07,2.744219101495093e-07,-8.363141873429508e-07,3.1090155643234966e-06,-2.1802534918155242e-07,3.4039213614871037e-06,-9.972741572564473e-06,-5.081599058037083e-07,-4.5605200988709215e-07,-5.832780261445755e-07,1.4383581086200956e-06,1.9325814773702046e-06,2.1913842122318793e-06,3.096884523009635e-06,-1.7246354193162218e-06,-8.610195207720277e-07,1.2046264711471638e-06,1.1598174299780544e-05,6.185957382301943e-06,9.464111688558556e-06,-7.941804143585857e-07,-1.9848507686783603e-06,3.668326056625365e-06,-1.195523752888543e-06,-9.506256230052323e-07,-7.73186963874802e-07,-8.14528822744465e-07,-1.3514959165249882e-06,-1.579932029428181e-06,-2.3182169001534087e-06,-1.491035558948203e-06,-2.3067008460337604e-06,-7.666630477422839e-07,-2.0137727457954074e-06,-7.668961099368824e-07,-1.1175278040555996e-06,-1.2522011682154717e-06,-2.544256379681309e-07,-5.671249635291246e-07,-1.4457120833074262e-06,-1.6810101929331235e-06,-1.9228151907803853e-06,-1.3599224941237883e-06,-1.6166815525894482e-06,-1.0284644735803552e-06,-2.016816408559063e-06,-6.900415858387533e-07
025,-1.1561784583822622e-06,-3.552693328568771e-07,-1.8656146317640845e-06,-4.088184324934448e-06,6.852818544580454e-07,2.9177160889509503e-06,2.851311713268266e-06,2.8131447174862627e-06,2.377295305299755e-06,4.331133317910893e-08,-3.515102076589099e-06,2.4185023950511135e-06,2.539695312609799e-06,3.0609252672299915e-06,3.3255035727743647e-06,1.0652467480253112e-06,1.931633146413009e-06,2.071502455129871e-06,2.738864173675567e-06,2.2044639326337753e-06,2.172098623315623e-06,1.2907635627624145e-06,1.196596716264531e-06,-2.161423740342787e-07,-5.341215268473278e-07,-2.674168391520173e-06,-2.8371756199197887e-06,2.738349379609696e-06,2.896478767035765e-06,2.1174528689081364e-06,1.78272748349929e-06,-9.222143491045727e-08,-6.56432672683958e-07,2.7190989252810864e-06,-1.0335902347639836e-06,-1.6683056643371767e-06,-1.3763586495029151e-06,-2.2579789009930516e-06,-2.8762448315798247e-06,2.6316325007587705e-06,-4.653436232190715e-06,-1.6507052372358347e-06,-3.303927600346924e-06,-2.778461028512325e-06,1.8564521312148338e-06,2.1232650161563494e-06,2.713668012579502e-06,2.8903209165407816e-06,9.827146789899554e-07,1.1727965379688656e-06,-1.4746026442086506e-06,-2.2856366256857553e-06,7.574684705624071e-07,7.031348404252379e-08,-1.0094724445713422e-06,-2.61930063454121e-06,3.09141124808364e-07,2.022810930980179e-06,-5.3324819241225625e-06,-3.1933526996040584e-06,-3.2189687759896122e-06,-4.518847126475504e-06,-2.034212070851744e-06,-2.212053977508332e-06
026,5.1456822113381526e-08,-1.0443645284987578e-06,1.0407989368916051e-07,-2.6583892626046096e-06,-4.0519526427504804e-08,1.479410944315457e-07,1.6323305207428523e-07,2.593191296596079e-07,-1.4894186895371093e-07,-1.734931321146984e-07,-4.207910743031234e-07,2.932937827077207e-07,3.539347802263004e-07,-8.929653591834006e-08,1.225211552487529e-07,-1.4983403575012077e-07,-8.252023113641134e-08,2.9353838956219615e-07,1.47860238413407e-07,7.866163600963875e-08,-7.257178046320682e-08,8.702184264606634e-08,2.8515914661037074e-07,-1.4929818199579e-06,-1.3124025264412457e-06,-2.49866242158465e-07,-3.3792666743007356e-07,2.1541958482596235e-07,-2.2583773184065986e-08,4.430708398813266e-08,-4.73123266149325e-07,-3.835981656664468e-07,-3.7049653849162335e-07,-6.131652459335988e-09,3.522137463766496e-07,2.562777201969077e-07,2.5672202344396974e-07,-2.268503758457412e-07,-7.928068706169267e-07,6.251908454062282e-08,6.528826054050052e-08,9.082059574983427e-07,1.1386189404039973e-06,1.180118473828199e-06,5.516331739961786e-07,5.419213985100811e-07,1.8051670695669528e-07,3.1706107584079713e-07,-1.4210373998620956e-07,5.615432780571683e-07,-2.911313488348745e-07,2.1974293315276745e-07,7.410437066650923e-07,1.0442192300306175e-06,5.183066240428146e-07,9.337412788395245e-07,1.0606811348334572e-06,5.077250167409246e-07,-7.416799338225109e-07,-4.201650421949749e-07,-7.341976581872735e-07,-5.622006443904406e-07,-2.848560838877088e-07,-3.2002307082620816e-07
027,1.3921967953459502e-06,1.6912880348638603e-06,-3.8355872326348135e-07,-2.0083908781045517e-07,2.7186192527911682e-06,-3.068940614946371e-07,1.1049818592561766e-06,-7.946245667728356e-07,-2.6192806898189083e-06,-4.079524381671028e-06,-1.6214577954350562e-06,-1.1982913784865153e-06,1.9971228721373158e-07,-9.130217584153239e-07,-7.429160427457745e-07,-2.5190099616307735e-06,-1.2182013408644666e-06,-3.933503313492794e-07,7.613257375616348e-07,1.6051531592413315e-06,2.694177569611073e-06,1.216823873967296e-06,2.5549232951846246e-06,1.0165822168627319e-06,-4.600432442373697e-06,1.4402936834855028e-08,-1.8568415144875877e-06,1.5493287264280057e-06,2.3842003675986635e-06,6.993242152508929e-07,-1.9888363276569423e-06,1.6931337610556788e-07,-9.394887369352106e-07,2.9835976291267435e-06,-1.921323307537394e-06,8.138505012430272e-07,8.521459102744757e-07,-1.328081586892375e-06,-1.912062117519151e-06,2.803138203642727e-06,-4.523679405111027e-06,-1.090454417906633e-06,-3.8298211707824404e-07,-1.5994417406388546e-06,3.4139533979911464e-06,2.36001691240406e-06,1.8312330656254867e-06,1.37950058867805e-06,7.35720080380962e-07,6.646459542485589e-07,-1.2589119769202813e-06,-3.4160767475888004e-07,2.1217441754106206e-06,3.2917788406191784e-06,-7.483498551423318e-07,1.684080282847616e-06,5.272601215583598e-06,3.187322938229528e-06,-3.881208183395577e-06,-1.171498803391653e-06,-4.657263894992274e-06,-2.256912035496126e-06,-3.9975714283583e-07,-1.3175799995947318e-06
028,-2.09915360697206e-06,-4.020987523046769e-06,-3.3789028208892275e-06,-4.940465603072977e-06,-2.6164897649963725e-06,3.203080797836332e-06,2.148588373102906e-06,2.5293330152999035e-06,-2.8222661893423556e-06,2.6653479738295866e-06,-5.9005902403795005e-06,5.128996716723595e-06,-1.300762401812202e-07,7.305783346831302e-06,-1.4171297503429637e-07,7.09783906744273e-06,-2.617047067044761e-06,4.010431675407795e-06,2.923706101507656e-06,8.756808692527621e-07,-6.958084170436456e-07,-6.066279050913361e-06,-3.206051064448193e-06,-3.182258358730378e-06,-4.149654108391913e-06,-3.962874589730945e-06,-9.069304681800337e-06,2.538377245228718e-06,-1.5219278044217795e-07,2.2541047272544657e-06,-2.6533528459815492e-06,-2.8663748793783665e-07,-5.514933025959587e-06,2.9281624706165347e-06,-3.0110804791292884e-06,-3.365443806195203e-06,-3.346833118092002e-06,-4.5891947834478105e-07,-8.877573498434143e-06,1.3599193459032434e-06,-2.433892838458272e-06,3.6230405309421862e-06,4.782961138281288e-07,5.295073966341548e-07,6.123200453221539e-06,2.8900024793777187e-06,7.68327064971012e-06,1.7097704007025354e-06,6.704799307701338e-06,1.554028619876079e-06,2.698361686731714e-06,2.0171312391513564e-07,5.96991675988836e-06,1.5700328277654763e-06,3.885495762830608e-06,5.331628800345194e-07,3.5793820315361605e-06,3.911443186124984e-06,-4.984051271710427e-06,1.9650025629366325e-06,-6.4352361266128146e-06,1.068927072720394e-06,2.8497098256351082e-06,-5.978346339034093e-06
029,-1.237983322412556e-06,-1.1437842715456927e-06,-1.650083262649998e-06,-1.4310240158694454e-06,-9.614760643577838e-07,-1.278136840262716e-06,-1.056802536945363e-06,-1.8887963070539457e-06,-5.274034140781762e-07,-2.3814122621768685e-06,-3.418060673281981e-07,-3.7345745841316356e-07,3.3247119014760024e-07,-3.1026187326336233e-07,1.687014114285032e-06,-1.8996924172443526e-06,1.6733380044802591e-06,-6.77201938921804e-07,-7.122366046691136e-07,-2.2646850390789987e-06,-1.1945044152424841e-06,-3.0832686301826314e-06,-1.1832085512051566e-06,-2.9123432795986567e-06,-1.6540725980762591e-06,-2.829764216478853e-06,-1.9467388688292752e-06,-1.1143412924355146e-06,-1.245795791197322e-06,-1.4003647442779795e-06,-1.1835050688518432e-06,-2.1111437192139994e-06,-1.3833177364392085e-06,-9.051331744210714e-07,-1.371395707451803e-06,-1.4860417342333523e-06,-1.4163233337155058e-06,-2.504399703755169e-06,-1.5406461848526055e-06,-9.278149525348952e-07,4.665973740121396e-08,2.6893431558128007e-06,6.531130831458532e-06,3.4820391437174726e-06,1.4115036590834817e-06,3.7264029750212765e-06,3.959465728510613e-07,5.2013975049742456e-06,-4.147818186893753e-07,6.353846974729457e-06,-1.1698248276114855e-06,3.929372199207802e-06,2.312536357093155e-06,9.793549610686231e-06,1.6663529894317813e-06,1.1570241150060042e-05,4.305130483246177e-06,2.35343060166926e-06,-4.461494039604831e-06,-2.4375347846063082e-06,-1.5833319601219537e-06,-3.2634638218794617e-06,-2.344460893262979e-06,-2.5644771031533793e-07
030,6.972153446513705e-08,-2.2414400428648207e-07,3.847847017367878e-09,-2.2879376382076991e-07,1.3863535387647672e-07,9.521664391431389e-07,8.281065361013021e-07,7.290933487056627e-07,2.709052938939239e-07,-2.6913146783649713e-07,-3.45226814743764e-07,8.853819356930801e-07,6.275555261213398e-07,6.550829145956985e-07,-9.802335899755026e-09,1.4244139276419325e-07,-7.249477987662192e-07,6.392068006716608e-07,8.660697159557439e-07,2.819442669354283e-07,2.717064758758913e-07,-3.4416569815844355e-07,2.6219458148511476e-07,-2.7479291608413126e-07,2.0513609745449895e-07,-2.995337694499843e-07,-4.080856984846724e-07,6.902415974002593e-07,4.308819817205785e-07,4.5699549023755185e-07,4.399711994271937e-07,-8.44008447256333e-08,-1.812471019165243e-07,6.652665715261207e-07,-7.964751707399166e-08,-3.266167769304538e-07,-1.4389115017934958e-07,-2.7879173032957824e-07,-6.309873300049837e-07,2.3069225847506102e-07,-1.0447861678528722e-06,-9.404874461824794e-08,1.9253978395061476e-07,-4.9295074900991086e-08,4.0658723375768835e-07,-1.0003078749373114e-07,5.242214272113308e-07,-1.2303262399620032e-07,-3.7604481606863807e-07,-3.6077231516936747e-07,-3.4829534716158993e-07,-2.7213129117726887e-07,-6.97645536024037e-08,1.0965310272488498e-07,-7.178784237330631e-08,1.1546874757842019e-07,-1.170831089536073e-08,3.725585639634936e-07,-1.3502716656863741e-06,-3.7540283330979017e-07,-8.556139079431672e-07,-1.0803649822760805e-06,-3.6531494163169347e-07,-6.614010938805335e-07
031,1.9992194976140753e-06,5.160722227460144e-07,-1.3269569060600363e-07,9.488849095480868e-08,2.642878665816182e-06,3.233404969074343e-06,3.6099949308687223e-06,2.9700438940328858e-06,2.9290310451208675e-06,7.22245206954487e-07,-8.162226549338811e-07,2.196442116066475e-06,1.1090546668435218e-06,2.8113267747909158e-06,3.807584153611302e-08,1.1598696687261598e-06,-2.434709842324233e-06,1.5791159114402679e-06,3.00360201421954e-06,4.061907179497808e-06,4.156933644448925e-06,2.6090623373572897e-06,2.7675992032570764e-06,9.76912770674928e-07,-9.248823054151587e-07,-9.856851986416127e-07,-1.0943022756901147e-06,3.400369433955876e-06,4.638810792927248e-06,3.754406566784425e-06,2.963247799454093e-06,1.2926014095773229e-06,-2.3670829416030566e-07,4.408741269236295e-06,5.517782351923183e-07,4.214277647562355e-07,2.2390772319253636e-07,-1.3948195012511615e-06,-2.2166951302692178e-06,4.492275854112624e-06,-2.8597755767892886e-06,7.446481270998849e-07,-6.329649843498106e-06,-2.022526706158035e-06,8.666419843587686e-07,-1.5069257362440582e-06,1.6528890498348893e-06,-3.653995555001389e-06,1.0246027021311946e-06,-5.956951552690838e-06,2.939659330637342e-08,-6.1644826417971385e-06,5.609287009728168e-07,-6.884869611616009e-06,9.354029359594365e-07,-8.585060946983412e-06,-1.8745889473033425e-06,-5.173863108325995e-07,-5.763581610687195e-06,-3.2738740762140644e-06,-2.6222357335165605e-06,-4.100654291904852e-06,-6.886713089896898e-07,-4.107806651375468e-06
032,-2.2378876927441706e-06,-2.3134990533854006e-06,-2.560044000153606e-06,-4.652487842731725e-08,-2.4001635248770532e-06,1.064972601119452e-06,-2.6177204222672085e-07,1.035833183140301e-06,9.065053624374615e-07,-8.957493451155856e-07,-1.4505059050053622e-06,2.3571341250152583e-06,1.2031737931970985e-06,2.59488314231282e-06,2.1438659354823308e-06,-2.0953343100105805e-06,2.5245745623682833e-06,4.155974499257446e-07,1.4978752893353523e-06,-2.0203209945957844e-06,-1.999957710655516e-06,-1.753221357814262e-06,-1.9298957926951764e-06,-1.7984413675422665e-06,-1.1888940686666757e-06,-3.647116453122621e-06,-1.3613786164253475e-06,-7.316845928932489e-07,-5.28921189484949e-07,4.45741002662296e-07,-3.439363976937801e-07,-1.064627677846242e-06,-1.5283873181889955e-06,-3.384257423719758e-07,-1.7189210790224986e-06,-2.004711414692846e-06,-1.953728614970573e-06,-3.0599359425829017e-06,-2.4499177974877704e-06,-1.4632769696514647e-06,-1.9236932044127416e-06,4.646028727595318e-06,5.373864189525006e-06,3.6442294056303666e-06,1.4532543210046806e-06,1.5708122301524201e-06,2.75941019514544e-06,1.9674545993104625e-06,1.727095784455187e-06,1.7488685394548489e-06,-1.7617821807776588e-06,1.6686069665063077e-06,4.313327751308823e-06,4.3293837926028665e-06,2.45787243324123e-06,1.701764280396211e-06,3.862821238612806e-06,1.4818137828686003e-06,3.2424136389606855e-06,-3.1276721219880285e-06,-1.959870982506477e-06,-4.64171355867758e-06,-2.3235553546907466e-06,-1.2537090703637198e-06
035,-2.6587678173813773e-06,-4.028381752649231e-06,-4.970329769092528e-06,-3.9927512475424865e-06,-3.50679688669002e-06,1.1439465830277296e-06,2.740339365379422e-06,1.4303716397400502e-06,1.4329976947812015e-06,8.841992478129012e-07,4.149352672912969e-07,3.910907055653332e-06,3.943507773715744e-06,3.5665423277008643e-06,3.0362596745918093e-06,2.0573919872586557e-06,5.304034368852475e-07,4.145507817666814e-06,2.2139424105610903e-06,-2.596401612789016e-06,-2.468655275489608e-06,-2.6056150338135733e-06,-2.5209388092330865e-06,-2.609780230709849e-06,-3.0201988048324494e-06,-2.274050652770559e-06,-3.084057255990136e-06,-8.531269852373353e-07,-2.5068235554724134e-07,-2.469340773386818e-06,-6.488049666202473e-07,-2.4474801205207827e-06,-6.884412739632244e-07,-3.6066574244030787e-07,-4.481415086469945e-06,-4.65819803847553e-06,-4.5778616588249596e-06,-2.529940845731445e-06,-1.935008911493294e-06,-2.451773127585317e-06,-4.2730847969658133e-07,2.4798231733394007e-06,8.961809295347672e-07,1.3360603144545709e-06,5.004639793607669e-06,4.9020247145074484e-06,4.274031988058354e-06,2.443684232422742e-06,2.202328757524372e-06,1.0563681484434305e-06,2.2958002442635642e-07,-1.2493847322827493e-07,3.2142330869393913e-06,1.2954146224971184e-06,3.2237397702221253e-06,-4.4320889660182996e-08,4.417954571338366e-06,4.835129335323399e-06,-2.288942012184347e-06,-3.5121057596588443e-07,-9.89132648386459e-07,-1.5400323398580717e-06,1.0160903361038856e-06,1.7681437345060045e-07
036,-1.0887444842029189e-06,-1.400525674588788e-06,-2.3188467167283384e-06,-1.9836013126049827e-06,-6.964046144640417e-07,1.6016204418319854e-06,1.0217519735909879e-06,1.5426850995912916e-06,3.408531815846542e-07,-7.066730019607405e-07,-8.658047022243449e-07,2.062696349881054e-06,2.0760207898229357e-06,1.7499353150651744e-06,1.8210448076395544e-06,1.4155242916555827e-07,2.989708864636985e-07,2.05090063394797e-06,1.4884037571439363e-06,-3.537647029621828e-07,-9.377314257898831e-07,-5.073812383271058e-07,8.327956630189675e-07,-1.815831795888983e-06,-1.37195323675066e-06,-2.3662073526590296e-06,-1.7451111952390747e-06,5.403429755669177e-07,-4.804104628192288e-07,6.652061927158627e-07,-1.0100701516763614e-06,2.926556598198889e-07,-2.8917174315716147e-06,8.048045365441118e-07,-2.089985278330711e-06,-1.7981543715978127e-06,-2.117394161903529e-06,-1.1214223928680248e-06,-3.1689108652112544e-06,3.559558758031276e-08,1.0368582682747877e-07,1.6621486379544637e-06,1.8546802220099711e-06,5.629627139850478e-07,1.8154980409266476e-06,1.9277420920018914e-06,1.347070573503573e-06,1.8143511103577018e-06,-7.128309571857185e-07,1.2580296863495705e-06,-6.501738508562528e-07,1.6320877583962537e-07,8.691790617407009e-07,2.238404782997075e-06,1.064129198856822e-06,2.3279135554237057e-06,1.6576581756716427e-06,1.762341534995695e-06,-4.69715897248957e-06,7.788141338390009e-07,-3.0175217546983315e-06,1.9644764254171382e-06,-5.055345385869703e-08,-2.5752452702144607e-06
038,-1.2626877910722005e-06,-1.1329102291215388e-06,-1.8349850747809225e-06,-2.5302046029590123e-06,-5.668544705276065e-07,-9.397744944878528e-08,-9.036424531312425e-07,3.636799805918226e-07,-1.52047060726937e-06,6.089021918218242e-07,-1.7112368736107828e-06,6.874298082781708e-07,-1.1807837603936837e-06,6.66989679083529e-07,-2.0078919316544464e-06,9.379508138721021e-07,-1.5792533130568903e-06,-1.8828378055633928e-08,-1.849341710269747e-07,1.6025652110387008e-07,-1.9005997757896742e-07,1.0221123063658118e-07,1.1309825135459799e-08,-5.887020341057541e-07,-2.0534094718041797e-06,-1.853549545320489e-06,-1.873263024831722e-06,3.0907780438776924e-07,-4.098655588060809e-07,-1.1844052076355703e-07,-8.485822619835295e-07,-4.7126595814768063e-07,-1.5683440990810827e-06,-4.1106141732029395e-07,-2.0572621522625515e-06,-2.5566405146984037e-06,-2.212206254694072e-06,-6.633732581975489e-07,-1.6435809241373592e-06,-6.004324127371436e-08,3.6892467084063367e-06,5.06043601346967e-06,3.225617885146893e-06,4.797610056398599e-06,1.9915450928278807e-06,4.6818761987792647e-07,1.6019611971021427e-06,-2.579475599636871e-07,1.7788405455771232e-06,-3.636715255992652e-08,1.562679154331005e-06,-1.2307007958583992e-06,4.008617715512668e-06,3.851763804067646e-06,2.9088786345358614e-06,1.8830788475339728e-06,3.893800232889542e-06,1.1477653799098e-06,-3.967759606113413e-06,3.0651937538561347e-07,-2.2732799497442547e-06,-1.8612583055907696e-06,-5.962971747660717e-08,-2.2910170946066206e-07
039,-2.265301913721764e-06,-1.7415476347977513e-06,6.854713228856598e-07,-2.3008830562559054e-07,-2.6207592992459756e-06,2.582780639645e-06,2.5920083978574843e-06,1.263845784463032e-06,1.2704957122392246e-06,-1.1112877680132052e-06,-5.141267835288943e-07,1.944850339471291e-06,2.6999119891142753e-06,4.0872104951830244e-07,2.5472388712138437e-06,-5.344939363800854e-07,2.2901672374480594e-06,3.1548767070020053e-06,3.133499160728671e-06,-2.266706197131684e-06,-1.2901229213517713e-06,-1.5870294259919185e-06,-1.1212510593120848e-06,-1.5659394461203543e-06,-1.2566607811386569e-06,8.040688825534006e-07,-1.7330192440671918e-06,1.99489568474622e-07,-1.8599922514022677e-07,-2.369651554812785e-06,-1.7449503464804035e-06,-1.5435384279972401e-06,-3.511532219515252e-06,4.497825090956566e-07,2.0218944193483688e-07,7.22745331116955e-07,-1.7882771469601112e-06,-1.6616472687849872e-06,-2.3237232117275233e-06,-1.3066154122651424e-06,-1.4657698838942099e-06,-2.47757260695266e-06,1.952066282752388e-06,2.6437705927295156e-06,2.3272970992501376e-07,1.435686991969128e-06,-4.771620420678389e-07,5.025222327824616e-06,-8.854994218196752e-07,4.014019222903503e-06,-1.830611405807198e-06,1.9465282854452394e-06,-3.9116939124382414e-07,3.2453672788412955e-06,-7.307078496814791e-07,4.525700942662062e-06,-6.992806585348354e-08,8.465715467299023e-07,-2.645054827833483e-06,-1.5140822813162173e-06,-1.3565491550050968e-06,-1.7561127939605105e-06,-5.144401722988715e-07,-4.308766986998715e-07
040,1.981694767173057e-06,8.74700007334815e-07,4.6412018396028144e-07,-9.198823843111361e-07,1.5441229060004433e-06,5.615110700158151e-07,1.6411982629661397e-07,8.944240767147867e-07,-1.1246590451365855e-06,-6.659217264229156e-07,-8.623151838335784e-07,3.0889666174247317e-07,4.631015313226141e-08,-8.72578443919303e-07,9.082053475804218e-08,-1.7566554770490686e-06,-2.143223220703539e-06,9.898746298706275e-07,6.361872098764504e-07,1.191574668716294e-06,7.380574505393198e-07,7.746636372692101e-07,1.3879234763109489e-06,1.1013585216357176e-06,-4.609880224753804e-07,-1.1852009836489028e-06,2.181046154929522e-07,-4.056386524505671e-07,1.369949490866394e-06,8.729155769427807e-07,1.137043956722479e-06,6.799621639228278e-07,-1.1775033498841518e-06,8.656857331044919e-07,8.344721702348774e-07,1.2133999890044407e-06,6.009078316634735e-07,5.682611224427116e-07,-8.238878826941574e-07,1.494755149163742e-06,-2.5313552169449455e-07,9.986212684527422e-08,7.10073597107393e-07,8.047213868496426e-07,-3.413309000548334e-07,-9.608264370434035e-07,5.6192986603837e-07,-1.1804202050226464e-07,-9.629336611365711e-09,-2.1184854082690784e-06,-1.6901317434128612e-06,-2.093870842734027e-06,-1.572993613235765e-06,-1.4142750848453221e-06,-2.4467971774397383e-06,-8.542908660897585e-07,7.794196017102738e-07,4.6242011917437803e-07,2.1053540499733368e-07,8.966931326621327e-07,-1.7953096891538086e-06,-1.222677599056316e-06,1.377349897555648e-06,-2.1857210117645309e-07
041,-1.092331303523947e-06,-1.9084706963670715e-07,-1.7038409455304805e-06,-8.915938111715976e-07,-3.6384140155080515e-07,1.1399047925638498e-09,6.174507075928869e-08,-3.3136436008446275e-08,1.8166738346182528e-07,-2.2714982916810188e-08,9.256248209934821e-08,1.8916893624124896e-07,3.7908858767047454e-07,5.458746423425078e-07,3.803033017378989e-07,6.593414443276757e-07,5.108305404148148e-07,-3.407933847400962e-08,-3.0686884313204665e-08,-3.320166433437167e-07,-9.651198977173513e-09,-1.489339319696804e-06,-8.491671109182788e-08,-1.5169646929650169e-06,-1.6392242782812978e-07,-2.931051653954336e-06,-5.483580952250898e-07,-2.2807398484992753e-07,8.13163472359247e-08,-1.5357840368209889e-06,1.9928437054146707e-07,-4.744965063758415e-07,8.725764314041665e-08,-1.7054350968724597e-07,-1.4822450559405537e-06,-9.284085134226766e-07,-1.1879955139753536e-06,-7.194890185662347e-07,-4.321342021116013e-07,-3.546340789292484e-07,4.478611516640914e-07,1.324593107922299e-06,8.945179173065469e-07,7.750141953495469e-07,7.634640902684984e-07,4.0244160757399357e-07,7.69845266827669e-07,4.122398832478592e-07,9.414986936126331e-07,8.500153877469153e-07,1.2315416073356815e-06,1.2284848618373368e-06,1.1883506472854926e-06,7.59055318068022e-07,1.5893805380264087e-06,1.4700674683017494e-06,6.647300623765146e-07,3.810030260529489e-07,-4.6958701940473976e-07,5.101532619920767e-10,-3.913192739455579e-07,-4.455502787748385e-07,6.486814906092086e-07,1.4667677957204577e-07
042,-3.019931702332158e-06,-3.137823648992199e-06,-3.986751905900153e-06,-4.047930169870215e-06,-2.606395499240138e-06,3.430214090959163e-07,-8.393986704139903e-07,7.990341878964657e-07,-2.2775913010441072e-06,-9.78726835910145e-07,-3.268514578184678e-06,4.301646178672651e-06,2.7183732878715337e-06,4.299491813237417e-06,-3.87851806898004e-07,2.3016513286546023e-06,-2.7244241386782614e-06,3.267005536112858e-06,-7.498478517315883e-07,-2.17043282774363e-06,-3.091095895079035e-06,-2.2570538027937477e-06,-3.0895619155707884e-06,-3.2755331653640227e-06,-3.173072875711455e-06,-3.3229534501730595e-06,-3.98560876948454e-06,-1.5642050977569836e-06,-2.243851473287529e-06,-1.5401645881305142e-06,-2.7476633082637507e-06,-3.633937095366937e-06,-3.3937451446006498e-06,-2.2084518536085337e-06,-3.3704462508935827e-06,-3.600786471115563e-06,-3.501356200420616e-06,-3.71852630286831e-06,-4.143078498337412e-06,-2.27363753159457e-06,2.680429817651009e-07,6.7668251089224665e-06,5.484992257193471e-06,4.864759201327357e-06,7.824174980252638e-06,7.1027456909905814e-06,6.4779441626566345e-06,3.685450070540081e-06,4.735043905016192e-06,2.2193233942593954e-06,2.4291635680902077e-06,2.088934989272467e-07,7.761177127538352e-06,7.287794142754569e-06,6.789422371177503e-06,3.785850531136372e-06,8.05910894389653e-06,8.055444317492817e-06,-5.531564259338737e-06,-3.3040649364842302e-06,-3.590316538669578e-06,-5.166137577945214e-06,-1.363024469582403e-06,-2.5509215860979794e-06
043,-1.914929606552858e-06,-2.7649447467972705e-06,-2.350710545231936e-06,-5.456233145837322e-06,-6.572386893538136e-07,2.2642453134353442e-06,5.188699018284713e-07,4.6334545135297414e-06,2.2503608624754593e-06,2.369045033944439e-06,5.310205342288012e-07,3.591304710735734e-06,2.75377521065825e-06,6.292703226032304e-06,3.0677931378621513e-06,1.2421430252651247e-06,-1.4461696784945793e-06,1.46412660684596e-06,1.1527839551531052e-06,-1.0463469009157188e-06,-7.924507695856446e-07,-9.470975471719167e-07,-5.252245683755514e-07,-2.2564180550620054e-06,-5.546590868287989e-06,-8.619230063053113e-07,-5.6868427187975794e-06,1.3363800502403124e-06,-2.0079350181415693e-09,-2.9826540757599654e-07,-7.369426330695368e-07,-6.64571121152682e-07,-2.3626687200655234e-06,3.375707293075034e-07,-1.8207558293193507e-06,-2.2147934174610503e-06,-2.181878986354513e-06,1.2989058476087136e-06,-3.08846646625085e-06,-7.037259858204584e-07,-1.134967922882004e-06,1.2964232410947685e-06,-3.432237847503334e-07,-5.072024986012997e-07,3.894415723881328e-06,3.6278244202110563e-06,9.824447148122058e-07,-2.6076230240657915e-07,-2.3121123029300924e-06,1.9776107462411936e-06,-6.402847766885695e-07,3.163684113066411e-09,3.591223357280752e-06,-9.620228899186383e-07,3.2968759265459905e-06,2.6351042485989223e-06,1.8803573800785443e-06,1.7415252062933397e-06,-3.2922711273167338e-06,4.003145254834362e-06,-2.8661492162651795e-06,-5.078060796367796e-06,9.918876681562813e-07,-1.3022292643084202e-06
044,-1.4222509703501055e-05,-1.6712662773732183e-05,-1.6858141351196705e-05,-1.602710869059966e-05,-1.2152939761303591e-05,-4.765585956758205e-06,-3.835484472208007e-06,-1.2189557379900049e-06,-5.253963990221275e-06,-2.748664805048246e-06,-7.373512450227281e-06,1.1265169092022463e-05,1.2325474689881547e-05,1.277048178177157e-05,1.3563052008126408e-05,6.15248794950945e-06,1.2595740534888988e-05,8.458502615293528e-06,-3.7791915707047974e-06,-1.1589353691559602e-05,-1.2052177671342356e-05,-1.3894820084584294e-05,-1.6435713768373844e-05,-1.655290262343332e-05,-1.7904077036175714e-05,-1.945023911387928e-05,-1.7732097181601015e-05,-9.941782392839835e-06,-1.0254766169946084e-05,-1.1305810584416426e-05,-1.3874014774936416e-05,-1.2929547111603214e-05,-1.632130294142466e-05,-1.0743143980453982e-05,-1.4583455240205619e-05,-1.3489598360157088e-05,-1.391124726883562e-05,-1.4809147620075572e-05,-1.9204309528053864e-05,-1.082822310787138e-05,-7.417298527851873e-06,1.869382009085796e-05,1.16039171861448e-05,7.600635622260482e-06,2.7686647402287208e-05,2.6953068174068886e-05,2.783742921778289e-05,2.5476338328096304e-05,2.1512174365403633e-05,2.1484389100087097e-05,1.666067379599508e-05,1.9331356726225363e-05,3.359330201826432e-05,2.4144713200283476e-05,1.719748241664078e-05,2.2166901579232634e-05,2.564270686007516e-05,2.8252286221755925e-05,-1.7431946868980937e-05,-4.888567618847495e-06,-7.898096514539553e-06,-1.6715115094531407e-05,4.657506431214462e-06,-5.187812681587867e-07
045,3.2301567061674934e-06,-1.4355301156619623e-06,3.4841115459400694e-06,-2.6976244204572117e-06,4.485182408299696e-07,1.206558220455603e-06,2.8710674633381675e-06,1.2251896846709153e-07,6.741635134963837e-07,-1.5539269905149583e-06,-2.961312633639147e-06,1.6464479027300835e-06,4.837390500093625e-06,7.703196240185018e-07,7.800544421435772e-07,-1.0657873254765963e-07,-1.9172307890835926e-06,1.7244989016169867e-06,4.4823741065657015e-07,-7.399680679314652e-08,3.2887390061603194e-07,-2.1563866730099472e-07,2.396337694128678e-07,1.7553669172097172e-06,-5.3806638747321635e-06,4.3005847593841314e-07,-5.428864830888152e-06,1.2539398778222578e-06,8.704380777193657e-07,-3.6800249282226893e-08,1.0198106246603464e-06,-7.99767766275354e-07,-3.4246662879876737e-06,1.7063491988390582e-06,2.335696116963945e-06,-1.0154568333480724e-06,7.976810078783912e-07,2.1421382911788462e-07,-3.879526143674923e-06,1.1248390169567592e-06,-6.603750602045096e-07,6.738956696081102e-07,1.738599746721984e-06,1.3065335643418323e-06,2.1036627399473262e-06,2.4712232552250545e-06,2.051284999498757e-06,8.197406925949676e-07,-1.3870819339566308e-07,-3.2437962288308585e-07,-1.3288609875804473e-07,-2.463246528974893e-06,2.4429704584130822e-06,-2.797794181176528e-07,-6.117426786364585e-07,-1.0688438704407552e-06,2.3409831695593945e-06,2.230165771397969e-06,-6.612198520015631e-06,-8.542225811448544e-07,-4.582495005827277e-06,2.3587405796752927e-07,-2.0857785294092964e-07,-3.870837804838204e-06
046,8.012995430125153e-07,-2.9383674803004124e-08,-8.092140955444902e-07,-7.9075673686118e-07,8.938552335065731e-07,-4.596866845232671e-07,4.637897318246116e-07,7.48809034164161e-08,5.104019363061563e-07,3.049615577864805e-08,1.0518257538013353e-07,2.5916444604391557e-07,5.836421544458922e-07,5.095384881104362e-07,3.4571412975489295e-07,-1.5193411840690623e-07,6.786913069539278e-07,6.198882788285841e-07,1.6254126193494988e-06,9.802116879776716e-07,4.738216692162549e-07,1.103593288457082e-06,5.535719962338038e-07,7.629709386046363e-07,9.924525925494031e-07,6.78388434455259e-07,8.85101360377183e-07,8.860204527391518e-07,-1.3047508606397121e-08,1.066612290985544e-06,6.287132389680049e-08,2.8398576058332013e-06,3.7355023175061434e-07,1.215251324541355e-06,-3.495329623635509e-08,3.8056039537009243e-07,7.80309093687748e-07,-8.025295239576595e-07,-1.5373174564454037e-07,5.454047048503849e-07,-2.451918034271903e-06,-4.83421276586017e-07,-2.6677910843159377e-06,-1.2357531925833172e-06,-3.854710504361713e-08,-3.518445331886415e-07,-1.1428980612655452e-06,-2.4223068761784644e-06,4.400556606717968e-07,-6.503272946236704e-07,3.8712022511979276e-07,-2.341047785933035e-06,4.77750069071725e-07,-1.1065938071716165e-06,-1.1458066636867705e-06,-1.913844572671375e-06,-4.1865551571400685e-07,-1.1643133292033984e-07,-2.50517887682519e-06,-1.9799024129618616e-07,7.322804782654462e-07,-1.490990316509435e-07,8.97372628594328e-08,3.752420802837915e-07
047,2.3672263314346572e-07,-6.626402373736182e-07,-1.0430258804198178e-08,-5.610112186160488e-07,-9.566108160319974e-08,7.516006657575246e-08,-2.3628625767177948e-07,4.16998575527755e-07,-4.910074392198871e-07,8.426828773696728e-07,-1.5570247962190364e-06,1.7735696056387558e-07,-1.7994193050493044e-07,2.105272375295786e-07,-3.0765075315305897e-07,4.604361534543679e-07,-7.338300893589694e-07,9.481248854526212e-08,1.945286603506187e-08,9.117546055373688e-08,-2.1279048725530082e-07,3.5617776986194826e-07,-6.568908811654514e-08,-3.846248168865355e-07,-7.874934446969114e-07,8.608081528893021e-07,-7.669444855440235e-07,1.5899788521114545e-07,-1.2030127679462724e-07,2.948319877458622e-07,-6.398641111590676e-07,7.768165001528339e-07,-1.1315252293546754e-06,-1.0282759026813137e-07,5.18464761147267e-08,-5.339774745966586e-07,-3.995010263815002e-07,1.1954458497657472e-06,-1.7894145943327423e-07,-1.7020746901514894e-07,-1.5547956473352515e-07,-2.233221905917806e-07,1.8268621303355206e-08,-5.374072281455106e-08,8.986359884617868e-08,1.9749599880922945e-07,3.998728040774436e-08,-3.50926096116108e-08,-7.357285976333893e-08,-5.0069317278576466e-08,2.181018855456973e-07,2.6081123583292963e-07,-1.7293178185127706e-07,1.686801102799515e-07,-3.1218288279948433e-07,3.712913830803845e-07,2.6798947447237847e-07,3.6396616669070477e-07,-4.432242627911962e-07,1.3651149657964598e-06,-1.0943301306349885e-07,1.3429968256063167e-06,9.269606651202429e-07,7.44307449429857e-09
048,-1.0417388537114456e-05,-9.918922939159564e-06,-1.28689099558352e-05,-1.0081438620796854e-05,-4.63032243254931e-06,2.168243134023008e-05,1.5350101085205318e-06,-2.0346838632354063e-06,1.0101160231523915e-06,-9.485480245397548e-07,-5.6958797586082895e-06,3.3985316319599177e-06,5.43633795594366e-06,2.5682397166146883e-06,4.390931123051966e-06,4.4106183796698917e-07,1.3033190872271075e-06,4.7653407028388485e-06,2.7533913514207783e-06,-3.1880770777468922e-06,-3.872701432341463e-06,-5.74921236874114e-06,-1.3435096416210467e-06,-1.0887975155766948e-05,-7.088892830459918e-06,-1.0136535641135232e-05,-1.0676844115524069e-05,-1.076849085279108e-06,1.6311893498528393e-06,-4.038901946896555e-06,-3.39179850815794e-07,-5.709034341362603e-06,-6.762493580652096e-06,5.458064403757773e-07,-9.659689857360793e-06,-8.715873252324046e-06,-9.673233790864915e-06,-2.804604657274888e-06,-9.414637700481666e-06,-1.2045814044272309e-06,2.4104208882862618e-06,1.4796558672644908e-05,6.597758944621536e-06,4.743368767723896e-06,6.622954276794268e-06,7.772911995590896e-06,7.741926716142774e-06,7.74214536480995e-06,8.559618627126827e-06,6.771121046761566e-06,9.252081262559313e-06,9.860553292515025e-07,1.2099236545751256e-05,8.057561718594084e-06,1.8730744307332665e-05,1.0126947478017468e-05,3.7612878428447947e-06,7.279103649714123e-06,-1.3557805099538827e-05,4.551067192797849e-06,-7.076361042017414e-06,-9.26763430647343e-06,3.7989441739811117e-06,-5.022799159557693e-06
049,-9.284478549784849e-07,-9.487548851089956e-07,5.455159659242509e-07,1.6306413107080126e-06,-4.394234598440608e-07,-1.4117476927849257e-06,-1.164221820299011e-06,-1.6342514485898066e-06,9.504764340958127e-07,-2.6622102551495116e-06,1.3402392190339526e-06,-7.418238607804157e-07,5.415217418887182e-08,-7.088170654586428e-07,1.0883458563332665e-06,-4.205920934679551e-06,4.1148410423439136e-06,-1.055587312314483e-06,-1.0964676594472183e-06,-7.651456336484776e-07,-9.27127023149584e-07,-7.811031127597952e-07,-9.15646591701175e-07,2.6016664696841503e-07,-8.401515395235872e-07,2.2542224549085237e-07,-5.903892089544559e-07,-1.49560546453385e-06,-8.153979397808802e-07,-1.5466200513034114e-06,-4.358765160347539e-07,-2.1370094634186203e-08,3.4555049280473664e-06,-1.621688521695311e-06,7.259293756753182e-08,-2.9559422351193383e-07,-1.0478700052180819e-07,-2.6301418850225827e-07,1.2612217679396449e-05,-8.27130232117477e-07,-2.0313959042033524e-06,2.725721310690409e-06,-2.3268963486004773e-06,6.067480111749864e-08,1.220967395071656e-06,-5.877711315063863e-07,5.39381342091636e-07,4.4334533191108025e-07,-3.627634288637982e-07,-1.8006762793504184e-06,8.32618227769352e-07,-1.214021799493809e-06,1.1003811915304558e-06,5.194020312081136e-07,1.7828060959967866e-06,-1.3126750525309116e-06,1.4689582011264933e-06,1.0613149001297832e-06,-5.185155349212606e-07,7.930666856113188e-07,1.3685228331652717e-07,1.1764953794795164e-07,5.602925993614763e-07,-3.1451130370076925e-07
050,-6.276234918418476e-07,-9.20667323301558e-07,-6.349643513558758e-07,-7.462107002761242e-07,-3.17986609199658e-07,-6.109053455818678e-08,-5.1061261114162575e-08,1.3853732161740506e-07,4.2415946012179424e-08,1.0596305662252512e-06,1.3879860963395364e-07,-3.191621105118036e-07,-3.765866388278639e-07,8.943576858527784e-08,-4.4199937281184033e-07,2.0225894561269599e-07,-3.3250939524254924e-08,2.0653512813096866e-07,-6.61552845998718e-08,-1.7615282024856294e-08,-5.547631633870084e-07,-1.1426191786049986e-07,-5.732902314189488e-07,-1.4265989187413134e-07,-4.315643988071532e-07,9.280913437959938e-09,-7.048919045011035e-07,3.590333151579474e-07,-1.9109945510977017e-07,5.998502710756567e-07,-2.759854541584635e-08,2.4032092087334044e-07,7.750052520033102e-07,-1.8274611021080314e-07,-2.6685782016507447e-07,-3.7070293959557097e-07,-4.660529378164686e-07,3.85173081706982e-07,1.0673309395169707e-06,-1.3036551678844494e-06,-8.265893313462075e-07,2.0533216293402e-07,2.2378221098442014e-07,-1.709388173840168e-07,-3.9457436852008716e-07,-1.8517201799966645e-07,1.0375347777260318e-07,-4.220729552875342e-08,6.955275465590319e-07,5.554800650930942e-07,5.074641221258304e-07,9.869910648376555e-07,-1.4413748502941126e-07,2.1125124243860906e-07,1.042143056555806e-06,6.799828299869129e-07,-2.646164126801001e-07,-1.847077108160555e-07,-4.219318477985989e-08,1.871925164217028e-07,5.318898110311064e-07,1.2416022281852005e-07,3.01220831706726e-07,5.298768672229495e-07
051,3.0157165226406176e-08,8.14979465070587e-08,7.060750625627244e-08,3.4955846987163546e-08,3.92360316676134e-08,2.7810368661314932e-08,1.270107077007645e-07,2.321172360081954e-08,2.1982450080570887e-07,-4.4489295540341673e-07,-1.1270830310082968e-07,1.0043042168934524e-07,1.6682887222048985e-07,-6.879213160792589e-08,1.2269408993568228e-07,9.240516923361922e-08,-5.737051766492215e-08,5.7637080077414286e-08,1.5012444617729877e-07,-3.173447947799443e-08,1.394921726926412e-07,-1.2020070875458624e-07,2.894861944054745e-07,-2.8776086192963224e-08,1.3304927408486844e-07,-1.418548692869423e-07,1.223487629479078e-07,-3.2985287236245593e-07,6.508336003805662e-08,2.8231346702883233e-08,1.0651118822137501e-07,1.4621924995678094e-07,2.4126505597153615e-07,2.0531414033137868e-07,-3.701105902913996e-08,-6.462089717329466e-09,5.472619112166248e-08,-4.3213706329863157e-07,1.874334057239469e-07,2.0575267765532813e-07,4.50586854461042e-08,4.3501397136509125e-08,-4.2162849486485604e-08,-7.715106623057378e-08,-3.666406776624585e-08,2.1231251563629273e-07,-1.1214603927217258e-07,1.658211559265037e-07,-6.579153330832779e-08,-1.0450173433618537e-07,-2.160631934990531e-07,-1.5508870594250204e-07,-1.4924478776779453e-07,-4.018677696343941e-08,-3.313132215834114e-07,3.774590886941236e-09,-4.348453498054789e-08,4.4017057049482564e-08,1.1078528016993938e-07,6.837609152163586e-08,-4.2241254287566556e-08,-1.7178851652468762e-07,3.148404776797246e-08,-5.948543002960599e-07
052,-1.2674892546982254e-05,-1.0490626612163652e-05,-1.3612596519242511e-05,-1.3616021228233255e-05,-8.091923420880472e-06,2.368394250892439e-06,3.993863718537549e-06,1.926816005575869e-06,-4.08433718412466e-07,-5.742438874869518e-06,-6.272212744664645e-06,9.561759836104621e-06,1.5986857365180532e-05,8.976528973689168e-06,9.837581531895952e-06,3.7323273677210026e-06,-3.6350616928798577e-06,1.6837566583063955e-05,2.3117005627953923e-06,-7.5177995672093654e-06,-5.713920621189626e-06,-1.4715569924010794e-05,-8.712263973829739e-06,-1.2120355859973238e-05,-1.0859225999974283e-05,-1.4992514140741332e-05,-1.546202577872527e-05,-2.8785468275474715e-06,-3.841092506743833e-06,-6.312505605649907e-06,-6.487787397490199e-06,-1.013017277622295e-05,-8.363138901029141e-06,-4.52294458681825e-06,-1.2872733474634671e-05,-1.233008175970288e-05,-1.2849410975446422e-05,-1.4396480987685586e-05,-1.3657657277423086e-05,-5.1828653182940345e-06,-5.219948868313227e-06,2.1723112273795867e-05,9.627352124090853e-06,1.42894396458201e-05,2.8682184840860155e-05,2.936976671529538e-05,1.855035912420939e-05,1.701994220396694e-05,1.3306927985175835e-05,4.699660825883411e-06,4.101410307232279e-06,-4.98422303560163e-06,2.9842403819437724e-05,2.075699585899072e-05,5.158968453643794e-06,1.7457761264393766e-06,2.278982804291012e-05,3.328148784438711e-05,-1.6721082881681615e-05,-9.244293252616855e-06,-1.0531736793938384e-05,-1.436657827694538e-05,-3.2965624731507215e-06,-7.651285186676781e-06
053,-2.4386099806222207e-07,-2.2660884836999195e-06,-1.4141650770453677e-06,-2.2928669309913155e-06,-1.7971315340012176e-06,-1.539923783421632e-07,-1.2509352652174813e-06,2.360863472718395e-06,-9.243964696754349e-07,2.1921953784089737e-06,-2.289816842528061e-06,8.859451278058781e-07,-1.1677482301911022e-06,2.0176404580069257e-06,-6.628027375165418e-07,2.338989662628667e-06,-4.6032208564086134e-07,-9.371815229285715e-07,-1.2828112678654027e-06,-9.915298483684526e-07,-2.7376763644171657e-06,4.639636152017723e-07,-2.665675922913044e-06,1.030263252224153e-06,-1.6058926532635383e-06,1.0585586758162956e-06,-1.0462116850822238e-06,-1.1440104087779134e-06,-2.5650491712344568e-06,-1.911220438523091e-07,-2.6684716956800915e-06,1.4418103204460084e-06,-1.5449024727745044e-06,-2.3089377274299185e-06,-1.917825349712492e-06,-2.77834309815274e-06,-2.743509108696474e-06,1.4065180806735351e-06,3.4819017129885255e-06,-2.195965214736303e-06,2.145118006950597e-06,1.8426653647001408e-06,-2.200999251248002e-07,1.3532421276681612e-07,1.310631681940419e-06,-8.049458431617025e-07,2.45377776593285e-06,-1.2028155502890365e-06,2.8304040445375575e-06,2.804550593796146e-07,-1.3424186206285868e-06,1.3900371553735725e-06,2.632937408888622e-06,-8.015386249355883e-07,2.723873377415238e-06,7.003575944191967e-07,5.6724301775292624e-08,-6.215457036527462e-07,8.217430946151402e-07,2.716335004980727e-06,4.03064344730057e-06,1.5750910171358402e-06,3.7452402941756704e-06,1.172598267382742e-06
054,-9.344186084389402e-06,-1.1172491324888375e-05,-9.314539705490312e-06,-1.1798452798658524e-05,-1.1006162836809303e-05,8.09080749709622e-06,6.714402538444936e-06,8.359700118434827e-06,4.574000041808415e-06,-2.1824359555754646e-06,-5.952208508925125e-07,6.172517995286663e-06,4.787514086190308e-06,3.6814395315603593e-06,9.584607152711454e-06,7.468613369836696e-06,4.948854316793694e-06,1.2318016570393064e-05,7.119872277436043e-06,-6.70550779054348e-06,-8.131355986577175e-06,-6.4551720218733355e-06,-7.9325338884184e-06,-6.490443361668456e-06,-1.0954241342587146e-05,-7.051450512001841e-06,-1.0545659078541585e-05,-7.150274177763783e-09,-2.008425570945407e-06,-1.0127803868393187e-06,-1.676200311052727e-06,-3.7718714228194664e-06,-5.1911652760651e-06,-2.3446319789236303e-06,-1.1350648775421083e-05,-1.2177606839549284e-05,-1.1813740658384601e-05,-5.92375199525353e-06,-6.000451385920597e-06,-6.726293934685414e-06,-8.699305022508044e-06,6.360317373832347e-06,-7.343993498470924e-07,4.005512441263373e-07,1.6555906373591106e-05,1.3520419193769624e-05,1.6829416753577416e-05,1.0684031078687273e-06,1.128347025378903e-05,8.276437310439129e-06,1.1414984783356952e-05,1.4901764488469828e-06,1.5019509620520385e-05,-1.7956904626095155e-06,1.4068300164463866e-05,1.0415744507892498e-06,1.2455815324025134e-06,1.4700226266342517e-05,-6.123891920428123e-06,-2.2675977788957978e-06,-4.193727995328095e-06,-5.6494954140870525e-06,2.1923270111413224e-06,-1.3926709219331424e-07
055,2.2537413940880382e-07,3.837183565321183e-09,1.7314675502504207e-07,1.6778586118966208e-07,2.3119599215079227e-07,-2.1881042167005635e-07,-3.799957357158979e-07,-7.435325246226158e-08,-3.196046810602154e-07,2.972055861607707e-08,-6.209629853116805e-07,-5.5234413640689705e-08,-1.5569596102557035e-07,-1.653364721753554e-07,9.822118353156828e-08,4.815787212561182e-07,-1.9969109034379484e-07,-1.9843469066903313e-07,-3.3396587846066225e-07,-6.411208316628299e-08,-2.9925677158096977e-07,-1.1023140356451983e-07,-2.733610761173804e-07,9.350528184344727e-08,-9.137121342878115e-07,3.2198134996036707e-07,-4.1296662488474175e-07,-2.9012232205618524e-07,-4.825437090400495e-07,-9.62796715331834e-08,-6.728577273795055e-07,8.288648024220797e-08,-6.260348496342111e-07,-3.402448471423425e-07,3.754771892304203e-08,3.737118211753802e-07,1.020685104596949e-07,3.949450300056843e-08,-3.9316783895624695e-07,-1.8573707823251902e-07,-4.658058918415693e-08,1.2861822828840072e-06,1.340014829406762e-06,1.390507310468542e-06,1.3604752964941125e-07,1.5955442613905527e-07,3.2541409385948483e-07,1.1166220707198694e-07,3.621960477389027e-07,2.7267534641912576e-07,2.1900396157624097e-07,-1.1338173457564281e-07,5.442590501164127e-07,6.06967528294046e-07,6.103016445194988e-07,8.202838584713693e-07,4.980213658128412e-07,1.4170898415444972e-07,-1.057088658219458e-06,-8.105938897624572e-08,-7.350739873722423e-07,-3.498591576172145e-07,-4.0920473816480876e-07,-6.118945527092884e-07
056,2.5139586663310173e-06,3.62421176843307e-06,3.2420432136286894e-06,5.406951245436519e-06,2.4269303564056653e-06,1.2760338901343986e-06,4.260555748978439e-06,-5.376758763976401e-07,3.821780431373769e-06,-1.3645985191404896e-07,5.90533916300462e-06,-6.773146425108566e-07,3.7853986481943165e-06,-4.390596811888807e-06,3.796910909927146e-06,-2.7110643591003566e-06,3.5699384537599003e-06,3.1543560866475524e-06,3.5472066242210464e-06,1.0884693780380935e-06,3.5431199752210944e-06,2.1618107444231673e-06,3.452167507019541e-06,2.24824499823644e-06,3.9988106364919675e-06,1.8516060006612002e-06,2.9941839575282404e-06,1.1096174907697023e-06,4.3501490988398544e-06,1.2396031743795502e-06,5.10302319368066e-06,1.7237848917403054e-06,5.673450944209156e-06,3.426973455145789e-06,1.3442668074509654e-06,2.8902294154143833e-06,1.6828564912028655e-06,1.1019156435392844e-06,5.3501835942474095e-06,1.6411011441213504e-06,-2.67100924449739e-06,-1.369322230490955e-05,-9.165301500898522e-06,-9.738103750187075e-06,-4.9979673234819935e-06,1.1916861508704855e-06,-7.50141955669511e-06,1.1236838785439587e-06,-7.002969012511735e-06,-2.187082898999605e-06,-4.21090131955087e-06,-1.4711904497309703e-06,-1.163927553959883e-05,-8.111282764652409e-06,-1.0916268715592046e-05,-7.521809349105395e-06,-6.464992393424414e-06,-1.4652257030529037e-06,4.711208789744963e-07,3.806923290423826e-07,4.044757428453988e-06,1.3980653436874847e-06,-9.84225911307326e-07,1.2781695215978843e-06
057,-8.6582231006327e-07,-4.838881411191235e-07,4.291566446343465e-06,4.7636055984380505e-06,-1.2594739126344948e-06,-7.802567319714712e-07,-5.994466798129701e-07,-1.279224825754204e-06,-1.8327216368206038e-06,-1.3419074047271145e-06,-1.4762465260300544e-07,4.3998170503491093e-07,1.1871878002255183e-06,-2.564272950106936e-07,1.4725589566178003e-06,-7.276430518588288e-07,-1.1976646818626722e-07,5.213279055455869e-07,-1.3435950126126054e-06,-2.009799116805081e-06,-1.2245150319149575e-06,-1.3756502440803952e-06,-7.856050017863231e-08,-1.2170456462502715e-06,-5.396776340060132e-07,-1.3028559456981805e-06,4.5039117902241317e-07,-2.4568820420237635e-06,-2.5870320322477153e-06,-2.462557552121834e-06,-1.2154664557204373e-06,-2.076952565778863e-06,-2.00045136676283e-06,-9.865428213356986e-07,2.0871501632723743e-06,-3.0721784896980756e-07,-5.888179201401827e-07,-1.918415374383292e-07,1.1842901244512543e-06,-1.327248903591936e-06,-1.300128936329427e-06,4.865876965620017e-07,1.6554149432910345e-06,8.361244735898082e-07,4.1805502113988417e-07,2.260200980506117e-06,3.4704295861303417e-07,1.3264102964114215e-06,-2.0930408113806185e-07,1.2869741267450384e-06,-2.134341845358854e-07,4.7658338390939256e-07,1.0712121394171274e-06,2.6386344161423023e-06,1.0230094921986372e-06,1.5843307836948361e-06,2.1269824116700217e-06,2.185101158275638e-06,1.067902794770624e-06,-1.8052915352173628e-07,3.939765011972606e-07,3.166736891868559e-07,-1.4261393927517938e-07,-8.66353563232514e-07
058,3.074735055551199e-07,-1.8359736973363685e-06,8.621041068570712e-07,-2.218531915245063e-06,-3.106052801701047e-07,1.4987278110781908e-06,4.306312757340072e-07,1.395232091536727e-06,-2.300765238112261e-07,1.4274294573217888e-06,-1.2795698838210368e-06,1.6894341006631458e-06,1.0856463539842012e-06,1.6218013354093763e-06,3.0812774130657977e-07,9.587221857816443e-07,-8.202271371434831e-07,1.2893794944680474e-06,1.3317245807443498e-06,9.948377406493464e-07,-2.0177443595273227e-06,1.0167445024143099e-06,-2.0354129093462655e-06,1.2491319229386324e-06,-1.967858487522041e-06,2.825170722890979e-06,-2.6378035294302203e-06,1.284548035197122e-06,3.3532564951383853e-07,1.3220420034772084e-06,-8.54353045624973e-07,1.986698676495349e-06,-1.8298002060464887e-06,2.6505811554590703e-07,-2.4958259048130494e-07,-1.0903690435836201e-06,-9.083593315691726e-07,2.039641434661254e-06,-2.7113641259207894e-06,9.949278376490907e-07,-4.799329765537352e-06,4.0724423962948244e-07,-4.249830660915913e-06,-6.268389925572842e-07,1.6777487354293906e-06,7.791263756688845e-07,8.923911622225829e-07,-5.0628128616852124e-08,6.910985860153472e-07,-6.105009662421143e-07,4.4161611661871834e-07,-2.1680578139215373e-06,1.7106447473454543e-06,-1.1359819740238874e-06,9.860312234205936e-07,-1.4706313284304235e-06,1.4465301825200067e-06,1.5611956563358374e-06,-1.300390621684911e-06,8.491372836438072e-07,-9.65001610866212e-07,8.16189514388555e-07,7.460122254662962e-07,-1.1507028012022682e-06
059,1.6697862105250726e-07,1.482159286947944e-06,-3.033615298759401e-07,6.683361644475624e-07,7.162652209064623e-07,3.8375060251611135e-07,2.6831428045539854e-08,1.3412562591830083e-07,-1.8578114478150434e-07,1.3797531544556762e-06,-3.846465776882871e-07,-1.1621705751355252e-06,-3.261587868798916e-07,1.4848805339381622e-07,6.402515736674967e-07,-2.299897471885958e-07,1.000285984853821e-06,-3.155000930537112e-08,-2.352503134096287e-08,9.460252126281616e-08,9.774865609874523e-07,-1.0725185873548211e-06,4.379614981925549e-07,-9.737373049218318e-07,4.7579594430387886e-07,-2.8718855511250464e-06,-7.466449504033151e-07,-4.1583535680977476e-08,6.579000439689599e-07,-9.144421780580052e-08,4.843492380067545e-07,-1.0807464568098728e-07,-2.558435452626023e-07,7.526284004779958e-07,1.9881038651178566e-07,6.568200789511816e-07,1.1185697862965819e-06,-2.1246478793466263e-06,8.550083438684389e-09,7.891493125131198e-07,-1.9199208521427393e-08,-1.3720933872427747e-07,6.700301560650717e-07,-5.66080106935052e-07,-4.8925332656852285e-06,1.0643482846637303e-07,-6.333918462034851e-07,-2.1016220634814878e-07,1.2702019473024235e-06,1.4315721919521633e-06,1.2371085616742361e-06,1.955128607375976e-06,-9.403788976347783e-07,3.8390960378893585e-07,4.875982290281486e-07,1.1743030352262205e-06,-8.080708751106317e-07,-1.3499912278496912e-07,-1.7886552999516952e-06,-3.126381634698869e-07,-1.1716836081632122e-06,5.544753209625553e-08,1.1041452959823052e-06,-7.271640007642288e-07
060,2.116710103726664e-06,2.0887897047915575e-06,4.1963047187899856e-07,6.345331325361116e-07,3.470931487830187e-06,2.195646725318059e-06,2.2454474076541172e-06,4.893495816794033e-06,2.727236700184829e-06,2.2566028770703366e-06,-6.457104646128523e-08,2.4219262795074716e-06,9.613712576689773e-07,1.9229865487368e-07,-3.574274288473211e-07,-2.502556087559141e-07,-1.661708009296449e-06,3.1623110938484624e-06,3.0321016045410927e-06,3.568463279137365e-06,2.3381038350285155e-06,2.7490108115091403e-06,1.1538528237670016e-06,-2.7397722997052244e-07,9.313201599496415e-07,-2.9130389638998292e-06,-1.0978602077441467e-06,3.991800881725373e-06,2.122933915394176e-06,4.847415767473502e-06,1.4027422684516047e-06,1.8276346539318484e-06,-5.266913725311015e-07,3.837069619313651e-06,2.1668158981583283e-06,1.7615126965955263e-06,2.340194444581228e-06,-2.792390422364829e-07,-2.239582630597661e-06,3.6896671655142437e-06,-6.525621861156503e-06,-7.493793512380525e-06,-4.611310149794467e-06,-5.687508528732473e-06,3.367230264017423e-06,5.739583212830037e-07,1.878075377860266e-06,-1.2995976677675088e-06,-2.1769241209592e-06,-3.069749733842803e-06,-3.1634509803495298e-06,-2.705248067102617e-06,-2.2133311091045676e-06,-3.2337976896574113e-06,-4.913718274494547e-06,-3.277257208510325e-06,1.6582060884764727e-06,3.869552139731608e-06,-4.837124039370404e-06,-3.733560909014052e-06,-5.7099554912787145e-06,-3.978242547581107e-06,-1.3286365595962473e-06,-3.2714137390908202e-06
062,-9.952819171093473e-07,-2.3337170758067036e-06,-9.610189748236563e-07,-2.817792193446083e-06,-1.5433989343947649e-06,1.538006040689779e-07,1.1171241134695607e-07,3.7260838593737353e-07,3.361913045472795e-07,2.4827129998117924e-07,-2.564735184718019e-07,1.5187214844519547e-06,1.823331167442224e-06,2.6969326992954473e-07,1.8162896976054042e-06,1.7335886435688625e-06,6.36917122496553e-07,1.6619114919610821e-06,-6.941952802201293e-08,-1.0977760764098677e-06,-1.8437173716738105e-06,-1.0407972334982899e-06,-2.34946391510667e-06,-2.5719746631767493e-06,-3.206276566625437e-06,-1.5619617550821668e-06,-3.1445066953410726e-06,-5.550400939314358e-07,-1.7618145773194289e-06,-4.4733834948384007e-07,-1.2078055891097492e-06,-1.3353502958482308e-06,-1.8349399490782889e-06,-1.1415131061507997e-06,-8.880245573443615e-07,-1.4361044984235098e-06,-1.3196793625076664e-06,-1.2276067863248307e-06,-2.5172973645524613e-06,-1.4911862929778371e-06,-2.687343638026085e-07,2.0391117751014666e-06,3.441423201606957e-07,7.871863259325088e-07,3.878486595256331e-06,2.8112450611433647e-06,3.772079254947565e-06,4.314523668179517e-06,1.8003518569656561e-06,1.3964842440118526e-06,1.0326598995870953e-06,4.953608877946283e-07,3.86471006946189e-06,5.887217414767762e-07,2.1599192570806885e-06,4.403469123857665e-07,5.331690980970391e-06,3.9100127041173346e-06,-2.077627979680024e-06,-7.421602016315073e-07,-1.424082000603647e-06,-1.6544078514709986e-06,-1.1458218320614875e-07,-4.1119861547511066e-07
063,-4.468308946433577e-07,-5.814583516911224e-07,-1.6985317517884615e-06,-1.1264069798151489e-06,-2.2971868260902675e-07,7.86572352436476e-07,-7.526710944794888e-08,8.019131166307884e-07,-2.5845005949015927e-07,4.255789469859623e-07,-8.739359337623292e-07,8.760762886346322e-07,3.4090912959098523e-07,9.596459145527394e-07,3.212191129752469e-07,5.776342110703502e-07,-5.321947733184834e-07,3.4099067998858715e-07,-7.445006198008583e-08,7.085669943283131e-07,-6.514724285145503e-07,7.17287904553412e-07,-6.702865270060226e-07,1.2162276999383978e-07,-5.567983923664609e-07,2.445703172539095e-07,-9.855153413742886e-07,7.117649848760668e-07,-1.1427843172738013e-07,6.93775428228038e-07,-5.852236587333047e-07,1.1210525655656926e-06,-2.125576369229048e-07,-1.009244505127655e-07,-1.4011496246904695e-06,-5.724520035378487e-07,-3.263019315391449e-07,3.822998299383654e-07,-8.41556349914631e-07,7.367117005604637e-07,1.3191901579194532e-07,1.59105089304952e-07,1.246548458352041e-06,7.050932232946136e-07,9.597763828009042e-07,7.1690462716772e-07,8.009821668428557e-07,3.2208104468328826e-07,9.046076614815534e-07,-1.9217770536341393e-07,9.057101375972619e-07,-6.087558911475446e-07,4.531739802834926e-07,6.063709121397261e-07,-1.0579954903728682e-06,-8.422219500235455e-07,9.708753357806212e-07,6.967648965202002e-07,-7.534707614716702e-07,-2.610145192451921e-06,-8.392271114196909e-07,1.0181503225767094e-06,7.644962431342637e-08,-1.7229496494586218e-06
064,-4.895449460890487e-07,-3.380774916134047e-07,-1.1334880021013048e-06,-1.0276476952466401e-06,-4.852984194477466e-07,-5.257552227484109e-08,-4.84879909631979e-08,-3.349334461439708e-07,-1.726162630642687e-07,-1.038472748045662e-06,-6.25847723981131e-07,1.2356815528482983e-07,-1.544634602690007e-07,-1.989123389371672e-07,4.949440952912401e-07,-7.607640485208001e-07,2.6890725058384575e-07,1.0366840584866138e-07,5.329730249146052e-08,-4.0039164962054745e-07,-3.5860150853096113e-07,-4.4867213060600734e-07,-5.496650082785556e-07,-3.796956246018844e-07,-7.85689461843321e-07,-1.1814423483848675e-06,-1.1209347990394134e-06,-3.335379770490132e-07,-1.8984686154088233e-07,-6.403204640159091e-07,-5.373867508069974e-07,-9.39543696992402e-07,-9.961943150991589e-07,-9.849938631743585e-08,-4.790569942922645e-07,-3.8657489165634943e-07,-5.700833480770012e-07,-1.0379892621786832e-06,-1.306875384707358e-06,-2.662176549479249e-07,1.4945600964640247e-06,1.44585437476803e-06,3.802879772832236e-06,2.1073393677248585e-06,1.0177410048413994e-06,1.1911754725449752e-06,4.6431246241027485e-07,1.4043778473326881e-06,-4.0861316782411965e-07,1.5628982507912953e-06,-5.759383540076431e-07,1.3391182135595262e-06,8.028643737753462e-07,3.0218269378466118e-06,8.342630730686181e-07,3.881247790658415e-06,1.892389749349542e-06,1.1403528816892034e-06,-1.4369587601533319e-06,-1.7366387045436747e-06,-1.0968964885991341e-06,-1.5974797405906741e-06,-1.5585602237545044e-06,-1.6815182439887785e-07
065,9.15636476570818e-07,2.334066504237823e-06,-3.718065638125534e-07,1.8650629160568434e-07,1.5162367578379208e-06,-7.1430916983347e-07,-4.918700271454696e-07,-3.7844810405011265e-07,3.05632909160245e-07,2.258570279998071e-08,-1.3494457436050007e-06,-1.4089816478995096e-06,2.9614244821477223e-09,-1.2630598348941445e-06,-3.3783002389620377e-07,-2.4948657432719378e-06,-3.0584868563103747e-06,-8.006739232684402e-07,-1.1101195263958707e-06,1.5951488010508852e-06,1.547363495804246e-06,1.8119532668293412e-06,2.1322339210302385e-06,1.1710159522479068e-06,4.4430346454164707e-07,-4.0878709525167265e-07,5.896955060735708e-07,2.3401883113097503e-07,9.164169303484097e-07,1.779830242178107e-06,2.736836497529212e-06,1.5459973972781358e-06,-7.266170261795495e-08,1.1211659099470373e-06,-9.474930819527143e-08,1.5306584309164945e-06,1.0249048252627887e-06,1.4019679513932789e-07,-4.4943709136105985e-06,1.3092452682049265e-06,1.5694134006741765e-06,1.9223557499132496e-06,2.259170898724e-06,1.8810778355440093e-06,8.119676581583793e-07,4.5099536033352653e-07,-6.803667909056488e-07,-8.20793724412231e-07,-3.1897112252711506e-06,-7.658724479429512e-08,-1.8274389690526641e-07,8.11709218024035e-07,4.4554874710851437e-07,2.7651798299359373e-06,3.3310235840728956e-07,1.4768156225240111e-06,1.8860756441435693e-06,-2.1903289280174488e-07,-3.966804498740562e-06,-2.8084814792216606e-06,-4.292661521639909e-06,-4.23771864951784e-06,-1.2422615999002555e-06,-2.9603942175294343e-06
066,2.132026013260365e-06,1.3352230874823653e-06,2.1913676220770092e-06,1.367503523219415e-06,1.0483078294636636e-06,-1.8275223482284313e-06,-2.5704116467806134e-06,-1.8604870486742309e-06,-2.274737233268809e-06,-5.102793429677935e-07,-1.6691656739096652e-06,-3.078352518034057e-07,-5.538120512642226e-07,-1.429374749763196e-06,-6.146562806360293e-07,-9.046792039127113e-07,5.436348751616975e-07,-8.156961759711185e-07,-1.2928566247727758e-06,3.970591440842302e-07,1.2455832979729076e-06,6.126587502018742e-07,1.342638289181919e-06,1.3125574210371718e-06,1.256775223867838e-06,1.5871675328618162e-06,1.333992785966082e-06,-5.243563150259893e-07,-1.542221249199807e-06,-5.1094477163543e-07,-1.931503222742324e-06,-6.075385700229666e-08,-1.1218741763010088e-06,-1.2822879165353487e-06,2.792557070402573e-06,2.751779307441018e-06,2.8306835246322248e-06,4.6332395581594953e-07,-1.5875514021673508e-06,9.377586740612044e-07,-8.327859109729781e-07,-1.9540417872216443e-06,-9.228243014399868e-07,-1.3850357347460578e-06,1.7016763189370287e-06,7.648844769645724e-07,3.844688541044633e-07,-3.011816684606088e-07,-1.5749552545070358e-07,5.449479668018132e-07,4.968073994093194e-07,9.644708770662642e-07,1.6882582789988374e-07,-2.3414503852089637e-07,-4.223203045845906e-07,-4.4514228627957186e-07,1.5218769189445318e-06,1.8593463883372441e-06,-6.163483020869024e-07,6.24238679355568e-07,-3.2788232661312094e-06,-2.775648309251113e-07,1.9114399321018613e-07,-6.845701298393793e-07
067,-2.4511898135534305e-07,2.0166852042099683e-07,-5.643882220343807e-06,-8.415331775008773e-08,-3.8724242412263425e-07,1.3193476472404076e-07,2.2949926545981424e-07,2.1333375220018763e-07,1.6620112362129649e-07,-2.98311152523577e-07,4.567330716491254e-08,3.2940013651677145e-07,3.7808124887496755e-07,3.26697108872761e-07,5.183809482714727e-07,3.065165981946552e-07,-8.288917149913363e-08,2.4670559246821225e-07,8.56639370425448e-08,-3.480575930763255e-07,-7.255985196978438e-08,-6.10383461620262e-07,1.2587524969539153e-07,-6.271670776723792e-07,3.4095060491883716e-07,-3.096643410418751e-07,1.7170017248978746e-07,-7.109773148357685e-08,-5.646005871753364e-08,-1.7115275361858348e-07,7.756025163230176e-08,-1.8635853324805996e-07,1.7291377540078673e-07,-1.4245962083623414e-07,-7.70549880953175e-07,-4.4812705403892004e-07,-3.3098193177828535e-07,-2.411681805552125e-07,-9.265229375794354e-09,-1.7844562012989256e-07,8.880112635550741e-08,3.061225263515628e-08,6.057848698082632e-07,1.9370890291108594e-07,4.5493771767301617e-07,3.9686635889725565e-07,3.204060598146891e-07,5.728867791443531e-07,1.0975583757257238e-06,4.1765379015733544e-07,7.235115150523844e-07,9.40861986718592e-07,2.0484783806681484e-08,7.936766199137303e-07,-6.029871102800277e-07,7.251125014740646e-07,2.498029555777103e-07,4.4196451443562003e-07,-2.72574647881504e-07,3.529110295971016e-08,-6.480886206613682e-08,-4.6592586928850216e-07,5.465694912856891e-07,-3.4553850896572666e-09
068,-5.424277691852405e-07,-1.453925952855706e-06,-2.0132906402550295e-07,-1.3931572599741244e-06,-1.4477966094724549e-06,2.0932514382785707e-07,-1.5388108704527597e-06,1.5642141841183347e-06,-7.59982686211303e-07,2.275270568491734e-06,-2.1111893447841015e-06,-1.1807797494857322e-06,5.409396427233117e-07,1.6441163951741613e-06,-1.2324445455112402e-06,3.3130539340271072e-06,-1.8674354975822687e-06,1.0122270993151729e-06,6.418684205889631e-07,-1.5152444841691914e-06,-1.0885161979337014e-06,7.725510256749757e-07,-1.9489044246665354e-06,1.7416066187483414e-06,-2.5434789844069886e-06,-7.517145647592226e-07,-2.4712492788840855e-06,2.7649558462882613e-07,-9.240956027331622e-07,5.011328147435789e-09,-1.366786597626044e-06,1.4665167019636082e-06,-2.889701617563648e-06,3.0319222952570125e-07,-1.6363767518619646e-07,-6.480380884968819e-07,-3.906442871110066e-07,3.351180328643042e-06,-2.6951934363088324e-06,-2.01408929036095e-06,1.280541186721285e-06,1.5421718355114298e-06,1.922165825640344e-06,1.4092909732238746e-06,6.268290947453191e-07,-1.7158893045726647e-06,5.976765618731904e-07,-1.2744011608818845e-06,8.986606136497146e-07,-1.6963030622797573e-06,4.652117157693586e-06,-1.5709196853875034e-06,2.6877011747132584e-06,-2.497405292002643e-07,1.8010546898331542e-06,-1.5783579308937227e-09,5.707090921191833e-07,-4.0932521240492836e-07,-4.183685773984521e-06,5.169846375868023e-06,-2.842797124837399e-06,2.9507543708239835e-06,5.75304591907588e-06,-1.8949199858640882e-06
069,5.926417483976147e-07,3.779266675467518e-09,-5.667091153679629e-07,-2.0729615380921283e-06,1.0384911613983923e-06,1.8988997904238233e-06,1.2126850238250324e-07,1.0282844365904752e-06,-2.856398222659727e-07,1.4631327250864736e-07,-1.8009814923993659e-06,1.5696612203212107e-06,1.149517942898621e-06,8.050811375676938e-07,1.2976928935436486e-06,3.0402832066744375e-07,-1.2644680890679806e-06,1.432386322504954e-06,1.6146450788100462e-06,1.1757145819203785e-06,1.5699760908251751e-06,1.2272095389143832e-06,-9.850763358240749e-07,2.038773979769349e-07,-1.7425250634035288e-06,-5.679525991550464e-08,-2.1363062546672593e-06,2.035638844468329e-06,1.5652221772108595e-06,1.0159258290785175e-06,-1.6214831930933278e-07,1.00266530310709e-06,-1.800407903876057e-06,2.0627543465726427e-06,-3.515242858840024e-09,-9.044679891895044e-07,-3.4534583446176883e-07,-8.415116650142409e-08,-2.7533758232179075e-06,2.0995368805913263e-06,-1.8803464850836083e-06,-1.0123953011634403e-06,-1.0750536849014273e-06,-1.4161373796183964e-06,2.0293807742270094e-06,5.062543272542182e-07,7.463750163679113e-07,1.2990694014660126e-06,2.0248591640058445e-07,-3.117872413001092e-07,8.176816397426686e-08,-1.3409797330639118e-06,1.7386260091838934e-07,5.642122873912513e-07,-4.2434795404791327e-07,-6.435732812938898e-07,2.792705642468976e-07,1.4851517339100218e-06,-3.5961171766952123e-06,-4.2722586055365537e-07,-2.7750291955975807e-06,-5.257413128427148e-07,-9.149151754963221e-07,-1.0205178394359412e-06
070,-1.0643972545307618e-06,-2.0154079088631152e-06,-1.3121278563014911e-06,-3.808541119069808e-06,-1.8991487945316e-06,9.584847964604892e-07,-5.1927511689119576e-09,7.285917098335537e-07,-1.1983417533929701e-06,1.5595301764452245e-06,-3.3201836276667102e-06,1.7475346074515919e-06,7.786618361583646e-07,9.2028597735945e-07,-1.660240439621859e-06,1.3550431083796917e-06,-1.7116200271424508e-06,2.360923489142757e-06,4.749581160203921e-07,-1.9089603766618695e-06,-2.307850591925333e-06,-9.39388633679705e-07,-2.233878241436922e-06,-2.3260440949301166e-06,-1.796319044486826e-06,-9.783055845036504e-07,-2.840646285208495e-06,-6.442973868891707e-07,-1.529380171161516e-06,-2.2169671641569696e-07,-1.928250181279676e-06,-6.105813988378064e-07,-1.921002820689246e-06,-1.1488960652609109e-06,-1.1841500633706542e-06,-1.8948907201131616e-06,-1.3619402012439083e-06,1.221152169321986e-06,-1.6822550609362132e-06,-2.0135299015339215e-06,1.3504005228734813e-06,4.123508812357916e-06,3.4511999791991664e-06,3.6015855618051463e-06,2.480062474061722e-06,9.595659729889168e-07,8.277495790997569e-07,-7.266830771819334e-07,8.964532587590062e-07,-5.999874652065269e-07,2.5548814052230086e-06,-2.830044116727844e-07,2.6381250522177697e-06,1.5775138877560589e-06,2.0641799145078584e-06,1.0355206651066554e-06,4.273601135357149e-06,2.406811962823069e-06,-2.929259209850321e-06,4.512488929442058e-06,-2.116315676063914e-06,3.3992400107162922e-06,3.957809406191503e-06,-2.0931496042301324e-06
071,-4.743864815313866e-07,-2.0999538860677084e-06,1.4976358114305056e-06,-2.2647906194156533e-06,-1.7302463752964024e-06,-2.8999773373324753e-07,2.8584250591844905e-07,2.9446263440954305e-07,8.996365651530464e-08,1.7181167692508571e-06,-5.797820273048997e-07,-1.420893426072317e-06,6.530280679409399e-07,5.061691376623032e-07,5.392821106682859e-07,2.1270401680161556e-06,-4.393522031991831e-07,-5.323146398932346e-07,5.29541917671964e-08,-9.440443649212603e-07,-1.5525853979769276e-06,4.967852997187017e-07,-2.792964502825949e-06,7.432010368045617e-07,-1.889878561035832e-06,8.337015010804084e-07,-2.6985954396523847e-06,-6.337600772232106e-07,-6.430695824055126e-07,-2.9003331613112993e-07,-1.6269918053886116e-06,1.438566012513911e-06,-9.281317315325259e-07,-7.327392418332536e-07,-1.2346377376254432e-08,-2.086492457423892e-06,-1.5316221770926054e-06,3.1147197751042167e-06,-5.923086393059575e-07,-1.0827652739093523e-06,-2.610591580514905e-07,2.2399576603408222e-06,7.643652580848827e-07,2.0194747688256384e-06,6.679920809547292e-07,4.196106753357173e-07,5.38367972263739e-07,7.287429321464196e-09,1.5177446542857663e-06,-1.0423597124691884e-06,1.6986350165251233e-06,-2.1215178447855145e-06,8.259164886875295e-07,-2.3875628484759323e-07,1.6997995223544706e-06,-7.457255172405561e-07,9.820057030669386e-07,9.53696275061061e-07,-2.797153092883776e-06,4.4977085781114786e-06,-1.6569285265956324e-07,2.781193367193281e-06,3.7015329509389203e-06,-2.464446278666504e-06
073,1.3058761481805196e-07,-5.737319489527121e-07,6.175774106032643e-08,-1.3497033504458392e-06,-5.236554750295438e-08,1.1939648234094023e-06,-8.283825498753828e-09,1.5426080511321998e-06,-5.892863215199948e-07,1.616227184525125e-06,-2.12884111798331e-06,1.2114403810311643e-06,1.2425090985225822e-07,1.665159298239912e-06,-6.744575040142745e-07,1.8122772179827507e-06,-1.4607430273892224e-06,8.451285827615782e-07,9.36219360382836e-07,-4.815979408310303e-07,-5.517666207914089e-07,9.335988516197126e-07,-5.299024160763199e-07,1.1957229373001232e-06,-6.627926903775133e-07,-7.515002310732571e-07,-1.932772888326236e-06,1.0713785915355937e-06,1.2778839711192272e-08,1.67221522100392e-06,-8.969772156807715e-07,1.4522318465775824e-06,-1.6128840654829769e-06,6.229729235615646e-07,-4.925197079896171e-07,-9.117862740861427e-07,-7.149329397565703e-07,7.760277179771024e-07,-2.086026149756634e-06,-5.062256047426565e-07,-1.3386330474561987e-06,3.5037191859697236e-07,-2.696693683394692e-07,-9.891852919896613e-08,1.1812757708192435e-06,4.2892496233965254e-08,1.1713799154867136e-06,-4.864403078219046e-07,1.734991521706087e-06,-1.2279765380381675e-06,1.7610038898071696e-06,-1.6084420577894929e-06,1.2721118608489721e-06,-4.66594459791943e-07,1.2535955744690246e-06,-1.0440171406104471e-06,3.585476227908067e-07,7.167968839421538e-07,-1.8844642415222955e-06,1.1505366245917788e-06,-2.485889207486185e-06,6.357231543656366e-07,1.54049176513713e-06,-2.166124806944772e-06
075,2.3173738687181964e-06,1.7947163784599572e-06,1.3288786944639406e-06,-3.265121208323578e-07,-1.021728302153528e-07,2.7589065945068746e-07,6.035099480546719e-07,2.790668502605846e-06,-3.645258817129809e-06,5.399166542565495e-06,1.0593048032522783e-06,2.2676949007229367e-06,3.196415939191761e-07,2.109541982488803e-06,6.486721889945962e-07,2.3076137506504737e-06,3.055098824338136e-06,-2.6329401837687074e-06,-1.92888330989143e-06,1.9285208349428817e-06,3.62319150081166e-07,1.2454016074065934e-06,8.738469327990754e-07,1.6470522858400573e-06,2.733402683283256e-08,1.1887225645663796e-06,-2.0487772764378677e-06,-2.3289697571823954e-08,-1.1223443348347676e-06,1.7693417317057917e-06,-1.1399984246144983e-05,-6.37862483168492e-08,-3.347996263230182e-06,7.337168392505132e-07,1.9088032229035786e-06,9.374186212479727e-07,1.701759295804331e-06,1.638820151181617e-06,1.0942555803813235e-06,1.7035385616344913e-06,2.314236040944191e-06,-2.6964516645054867e-06,-5.42028572364487e-06,-4.317478867500252e-06,-4.328107821741758e-06,-8.953485450346307e-07,-1.6626164715196815e-06,3.4347435912763794e-07,-3.3236562960094765e-06,3.967163843467453e-07,3.019902863573489e-06,-6.176724150493994e-07,-5.6014688812251165e-06,-5.3702183018698826e-06,-4.951167936065508e-06,-6.080012294684982e-06,-4.129193978269579e-07,2.0340240950419563e-06,-4.7145726192478986e-07,5.364931380779888e-06,3.6009060186424602e-06,2.3022550389794934e-06,2.7105670952428805e-06,5.665169885034388e-06
076,2.909816047297636e-07,3.37161142353422e-07,2.871697814288521e-07,3.2756271088452605e-07,2.8962547680482046e-07,1.0228782100826618e-07,1.550193578654629e-07,4.169466661735294e-07,1.670459452490052e-07,1.1234862676063451e-06,1.702295462251941e-07,8.567789296982722e-08,-1.3740482785510124e-07,8.872834244420586e-08,-2.0310136181408413e-07,4.261984157004266e-07,-1.8423048303124472e-07,8.583361110263344e-08,1.1034933910112842e-07,2.673884005653934e-07,2.3806416020184047e-07,2.939450427722592e-07,1.7358431904113895e-07,3.197078646618839e-07,2.2087154069165647e-07,1.775073562459978e-07,9.516531619541392e-08,4.2452925209625496e-07,2.36456373713671e-07,4.531244911057121e-07,2.2983361292692797e-07,1.078197250484619e-06,3.403587236290404e-07,1.1001246386697266e-07,2.7227663636179813e-07,2.418485636012098e-07,4.022869504575194e-07,3.1997975306266603e-07,-3.099891540302006e-08,3.177797467070195e-07,-9.876194188720132e-07,-7.676749398874677e-07,-8.153125821783463e-07,-9.54553692318942e-07,-8.576384405701015e-08,-5.59591809114743e-07,-8.259305973280847e-08,-4.822945273054453e-07,-9.143617995384262e-08,-5.444741006931123e-07,8.866732171051483e-08,-8.96335786580046e-07,-1.603379306686102e-07,-7.435894815888359e-07,-1.1485576417587098e-07,-9.05415699991243e-07,-4.2724217616843214e-07,-2.742474679264722e-07,-1.3605104932930873e-07,-2.2040079357772412e-07,-4.1865764313204295e-07,5.87077712457581e-08,1.433157395271939e-07,-7.437290371641024e-07
077,6.588133912512862e-07,-1.2771923190320661e-06,-4.1952362336924517e-07,-1.802547660379186e-06,2.8051444789247544e-06,4.0209423162859106e-06,4.105115203109132e-06,4.394189638904466e-07,1.6220241302913437e-06,-1.011190402778809e-06,-5.481249525718246e-06,3.3062350108981297e-06,3.249073588364962e-06,1.2197546257158163e-06,1.9076383598237955e-06,-2.8474082839786883e-06,-3.019864412400476e-06,2.6283255343760983e-06,5.426535884247753e-06,2.889525424237552e-06,3.689904294953525e-06,9.73388180405211e-07,1.1014093531782535e-06,5.33994427248642e-07,4.77825446908559e-07,-6.405203202991403e-07,-1.145569633420313e-05,4.9496546479563025e-06,3.394557571687074e-06,3.3330640512569013e-06,1.3799819840965874e-06,-5.5620727078906525e-06,-5.268079252226254e-06,3.8911673548448434e-06,-1.8394597468109157e-06,-1.4426089704897139e-06,-2.2683465028339246e-07,-2.3934708634147555e-06,-3.3101766630007617e-06,3.490657858288637e-06,-1.0518911116492686e-06,1.5718734976510008e-06,1.3975141354773182e-06,-1.3703268647690986e-06,1.853952500082304e-06,3.577833604586136e-06,-1.6927737713114802e-07,1.6472360087847255e-06,-4.6084072923351485e-06,1.16975898298974e-06,-2.127808507375493e-06,-4.0911498388285636e-07,4.616398172312949e-07,1.4663468447749961e-06,-1.0047869695147692e-06,-2.9559442743146548e-06,-7.661937445628137e-07,2.9456030286200364e-06,-2.6106396377898092e-06,-2.4035008011935155e-06,-3.0536779376175374e-06,-2.868877626265763e-06,-2.059604922745786e-06,-2.1279627150160036e-06
078,-8.199619952674575e-07,-1.3901413632430975e-07,-2.7548166347107837e-06,-6.465995588500968e-07,8.423134655824465e-08,1.8060074462396911e-06,1.0676911203338647e-06,4.596374060236561e-07,2.1774911918725827e-07,-1.453704381116151e-06,-1.0233767856609637e-06,1.9989086540226284e-06,1.4807657166649997e-06,1.275307055174616e-06,8.565464143828294e-07,-1.6684819048815824e-06,-4.1541179695006126e-07,1.675427801387048e-06,2.08834324364213e-06,4.4767660524819983e-07,7.315315679750225e-07,4.0454903724019483e-08,4.1138403448541117e-07,-1.0332942818522556e-06,-2.5454606148103845e-07,-2.7054025955997507e-06,-1.2202772730004735e-06,-5.762615507519632e-07,1.65641723323051e-06,2.121958141099488e-07,7.294570638175725e-07,-7.761544549726306e-07,-2.2474329155305322e-06,1.436013011592243e-06,-1.1362078112207045e-06,-8.682988858198846e-07,-7.34347023713211e-07,-1.9050314246666997e-06,-7.938551129309247e-07,1.105312722726631e-06,-2.553821914626068e-06,7.677593783159207e-07,-1.2842371633386664e-06,7.230623840171429e-07,1.4450694413713947e-06,2.7901146302905997e-06,1.6904126205084523e-06,1.5487746069783484e-06,-1.6129665005780573e-07,-4.082347816829013e-07,-1.3084726752568377e-06,-1.107948781781658e-06,2.4289225627783073e-06,1.6869441420600133e-06,-4.364570874383521e-07,-4.397434486633558e-07,3.746345627813722e-06,2.9816715235977815e-06,-2.446303261243909e-06,-1.695947108550991e-06,2.7708403430055075e-07,-2.794953478744283e-06,-1.5926575045829535e-06,-4.6466879128949294e-07
080,3.582804335718724e-07,1.3182643039673984e-06,-4.016544279190461e-07,-8.519818673291671e-07,4.811227929102698e-07,-1.3928357978532482e-06,4.14222126749349e-07,-5.511836136831626e-07,3.07097808623009e-07,-8.855008924193782e-07,-4.188935355307329e-07,-6.817209777354293e-08,1.018412886836477e-06,-2.750939136897569e-07,6.238163000262431e-07,-1.524207169089596e-06,-2.375487964744193e-07,-9.121605924794787e-07,2.6173855709219193e-07,-1.8275298957149166e-07,3.710609460477691e-07,-9.346681860976261e-07,-5.966830232284929e-07,-1.362610050147759e-06,1.2802863337627181e-07,-5.165758738576557e-06,-3.890473656317784e-06,-1.1750198434274487e-06,9.126810403127463e-07,-2.152706701924816e-07,-1.849835611155379e-07,-1.8824743019090087e-06,5.348377451423927e-09,-7.101873664095817e-07,5.326002473183997e-07,8.921712504899907e-07,4.937584757070606e-07,-1.894507562239081e-06,-7.866426939154374e-07,1.4061262795104779e-08,1.5039392288671251e-06,1.4202039966135297e-06,2.4627558879563977e-06,2.7951549880594424e-06,4.877326529481936e-07,1.1419833351865205e-06,-1.0370091682586468e-06,1.106240575691178e-06,1.7122204088498061e-07,1.6095328999898669e-06,-9.234845723374794e-08,3.081742471463236e-07,1.6793280352569846e-06,2.1564739063462667e-06,9.262219099394728e-07,2.4025745428259963e-06,2.1442755133782277e-06,5.990714168082102e-07,-1.429390340936513e-06,-3.190963176805524e-07,-5.728000300112939e-07,-6.040061944441759e-07,7.977733456856346e-08,-5.714120997881111e-07
081,-2.1059026222526848e-06,-2.3249093732765812e-06,-3.2044919843574667e-06,-2.9811496275835424e-06,-2.0934631199248953e-06,1.7425451649244075e-06,1.108510275799404e-06,1.5461966786004546e-06,1.1989430031231462e-06,8.800453295990171e-07,-1.3140719066923709e-07,1.879365799424052e-06,1.972821752352614e-06,1.7931920056398433e-06,1.4068523565221293e-06,1.0371081371881145e-06,6.715306155272954e-07,1.9581160800239446e-06,1.1422929593122824e-06,-4.568901993764743e-07,-1.327947119549733e-06,-4.858621060943748e-07,-1.30697495428648e-06,-1.789391278288349e-06,-1.3219181609117823e-06,-2.7815147692987236e-06,-3.984217559881864e-06,9.118055862879823e-07,1.1513693088161477e-06,-4.773028265021344e-07,-4.790430093037668e-08,-3.529194533302486e-07,-1.0294827232711886e-06,1.1613562932075423e-06,-3.1136899225746246e-06,-3.0885106414893412e-06,-3.2670411015477907e-06,-1.0276502134258941e-06,-2.490618249706276e-06,-4.336385112140228e-07,-1.3521249535198465e-08,7.593827568518733e-07,3.268424252801761e-07,6.446316915211629e-07,1.9101978322236172e-06,1.991290751157393e-06,1.4871180864420312e-06,1.6088038795055583e-06,1.1295105887947772e-06,8.580566854896564e-07,1.5193431226390528e-06,6.584940320242036e-07,1.1195776702182837e-06,1.0573924997823004e-06,6.707218058627632e-07,4.5377946010763187e-07,1.4011896410885918e-06,2.0631376288642628e-06,-1.1916722307095972e-06,9.688600273880594e-07,-4.1043194454462796e-07,-1.0337523865332539e-06,1.8197805310303845e-06,2.640133584465946e-07
082,-9.696583160333648e-07,-2.6310793480201646e-06,-2.011231613664724e-06,-2.5853207122560617e-06,-7.137815166505985e-07,1.7093108580612058e-06,1.4727171027332856e-06,1.3149310019498272e-06,2.875518967023869e-06,-9.263054354324589e-07,1.294875388121247e-06,2.256776897925639e-06,2.8343744183259473e-06,2.1683958651388566e-06,4.116496197264037e-06,4.5569858273857194e-07,2.3587739432014933e-06,2.124243624600176e-06,1.2923892282896988e-06,3.574299695495617e-07,-2.0383572268797313e-07,2.413523911128567e-07,-4.387988375385705e-07,-2.0680029826481923e-06,-1.114581002604313e-06,-2.167168350157428e-06,-2.5926400364039038e-06,8.424230381673522e-07,5.818725917439529e-07,3.174511582807787e-07,4.426823911367308e-07,-1.111199536985004e-06,-8.248080301433873e-07,3.9260578559021973e-07,-1.4834027967643274e-06,-2.2574733553703736e-06,-2.244450041639336e-06,-2.309165319903193e-06,-2.858555419837531e-06,3.552385010873632e-07,-4.039566546504885e-06,3.400631480135211e-06,-8.368876209386311e-07,-1.5772507108834573e-07,3.5509339259663522e-06,2.897787836755916e-06,3.378750675862351e-06,4.4879975234153634e-06,4.003916442551565e-06,1.4892171696669122e-06,2.028756463113139e-06,2.1626758539763546e-06,3.6238811569534592e-06,3.180130336107104e-06,6.06280726466084e-06,1.6999525317251725e-06,2.750658512291829e-06,2.9999173934823096e-06,-4.956262806786847e-06,-3.14074755681694e-06,-2.5043601253172445e-06,-2.6689652807847396e-05,-2.1165859677124443e-06,-1.5703255909528577e-06
083,-2.896455117302354e-06,-2.791981367845241e-06,-6.43823302526102e-06,-7.945399340079433e-06,-1.0536589448348966e-06,3.5558599941759843e-06,1.7813565989774996e-06,-5.664964426423805e-07,-1.1719370077519415e-06,-2.065519114624611e-06,-3.8049692072305782e-06,8.571043537497295e-06,3.858540040432506e-06,2.615116302795749e-06,1.2577949902026593e-06,6.800955362132604e-07,-7.01787610000877e-07,7.0851102464089046e-06,3.954944802635031e-06,4.654816564385102e-07,2.531547214298573e-07,-2.8851790334786824e-06,-9.430822697628399e-07,-3.091110005899856e-06,-6.370655335933098e-07,-5.759236116669384e-06,-7.702008327425407e-06,1.3965460245901628e-06,2.3527317900426615e-06,-8.381009937175336e-07,9.350243027112144e-09,-3.939056173536955e-06,-3.2654949915079026e-06,2.1471533662645428e-06,-6.350646780586605e-06,-5.906109967653765e-06,-5.30695197389919e-06,-4.7292591156198585e-06,-7.263902926741164e-06,9.975365323945616e-07,-4.010214582963354e-06,5.5133309248749505e-06,1.7678125932731636e-06,3.4563350334784726e-06,9.840855306566629e-06,8.190944398418174e-06,5.794696187865346e-06,4.739635893965503e-06,2.4622594263046973e-06,2.4707890615725275e-06,3.8136967691701935e-06,-6.251541571341658e-07,7.014567109440316e-06,4.4982766379300604e-06,5.072028440142788e-06,3.4573303412080056e-07,8.338299888007783e-06,1.0454711331357444e-05,-9.827904575357188e-06,-3.96613458818158e-06,-5.741464725492704e-06,-7.528066279522298e-06,-5.022613432272982e-07,-4.500946780470669e-06
084,-6.608793135835546e-07,-5.079818135021139e-06,-1.1464645260788848e-06,-2.1059729801786995e-06,-5.888826864833895e-07,5.9192174017224835e-06,5.5574372511687765e-06,8.584358387047227e-06,5.97727131916384e-06,4.361500120998414e-06,5.418686392540507e-07,8.268746336711623e-06,3.367630753754468e-06,5.235855189561589e-06,2.6643579368197747e-06,2.395372899563996e-06,-4.482882821943192e-06,4.020171666235524e-06,4.546185822845681e-06,1.5739757806852966e-06,-7.32024327789963e-07,3.759120750524999e-07,-2.36414316297406e-06,8.670403370256393e-07,-1.7377191416102197e-06,8.158512717362826e-07,-2.1952906117485293e-06,2.2804230081094695e-06,3.1000044681368963e-06,3.969959648673916e-06,2.361087255208356e-06,1.5905621378925904e-06,1.356263727792093e-06,1.5142054229972926e-06,-8.511579876391742e-07,-3.838556638654386e-06,-4.771448100434894e-06,2.6901416738932756e-06,-2.0890601892482145e-06,2.760594483951494e-07,-3.4058775132877044e-06,-1.2242474250296648e-06,-5.207879539748169e-06,-3.207251200267276e-06,6.600120759493668e-06,-8.220674328589987e-07,5.982025244236935e-06,3.106220757567771e-09,1.5784885615364875e-06,5.577478187580312e-07,-4.0031296947453155e-06,-3.968610998326883e-06,3.851995660526677e-06,-9.466909512532944e-06,-6.800740707160631e-06,-3.326911535864597e-06,-5.789096090553317e-07,-3.057517132099665e-06,-5.6798766476241855e-06,-3.815033078951206e-07,-5.811416483183647e-06,-2.067316937309898e-06,-3.082248445815278e-06,-8.048229499561927e-06
085,-1.6197237490706025e-06,-7.416434985820563e-07,-9.740011426640637e-07,-2.7853041728223734e-06,-5.937017964133903e-07,-9.35263333323012e-07,-6.081596354221586e-07,-4.180692664176533e-07,2.5618352714291182e-06,5.438755425161476e-09,-3.1069813660672743e-07,-1.330145120190208e-06,-8.046102670094679e-07,3.2973424031058625e-06,2.7895180358950356e-06,1.1602434882180154e-06,2.674635869417767e-06,-3.659678013642707e-07,-1.2058641627798622e-06,-5.570695492045425e-07,-1.8253181869540075e-06,-8.288284724125236e-07,1.8223583046901134e-07,-2.435548633571518e-07,-1.144984330823991e-06,-6.304024580087553e-06,-2.0253212846235353e-06,-2.8250030821455906e-07,2.227734768464539e-06,-3.5541613123735407e-07,-2.0954170644907975e-06,-4.743914131929657e-07,-2.111368280061032e-06,-5.783087950323411e-06,-1.8103275498436276e-06,-1.6375629056697983e-06,-9.575116427494546e-07,-8.625710019571364e-07,-3.3557022230820436e-07,-1.553450739376777e-07,-1.2414020929463434e-07,4.196076279204887e-06,8.76807473649627e-07,4.3107658129976756e-07,1.879821181344073e-06,1.9755363671385478e-06,2.9878271259842748e-06,2.241182196526133e-06,2.8944191037748625e-06,-8.352542453492768e-07,1.4531107097341272e-06,1.2826621188624075e-06,3.0008316783773236e-06,2.019818263316074e-06,1.4755485882280757e-06,2.076754664386009e-06,1.7788011739821548e-06,1.1351332788237516e-06,-2.001163289152561e-06,-9.190850899073591e-07,-1.2274783158904657e-06,-1.0500245480019152e-06,8.731252948951311e-07,1.1629520897596567e-06
086,-4.2118407295027665e-08,-1.3877909777282758e-06,-2.993766219645525e-06,-2.2205944754220807e-06,-1.3249346680529372e-06,1.636043323263735e-07,3.645521307131192e-07,4.0912780161716195e-07,3.1550428222312103e-07,2.700281586459047e-06,1.821010158472357e-08,1.5600253063172945e-06,1.2851822533411136e-06,1.4972790639385606e-06,1.7056802082606738e-06,1.7677277916232e-06,1.118490310332815e-06,1.8177032442841415e-06,-1.0463708326555285e-07,-1.0809039763939886e-06,-6.021723997972802e-07,-2.0558053408595404e-08,-4.317767459217549e-07,-4.2251297626294376e-06,-1.8307755195256065e-06,-1.7398779050718566e-06,-6.798098073532466e-07,-7.52974445750385e-07,-1.6663741273845645e-07,-2.9679620341976385e-07,-1.1883215413253757e-07,-5.205353308397806e-06,-1.0351238283934422e-06,-3.5734767564609703e-07,1.4869532931459611e-06,-1.5333989165833282e-06,-1.4887044164973076e-06,-2.4202218617735005e-07,-5.407329947941965e-07,-8.199377649795328e-07,3.179869109169928e-06,3.256674425721187e-06,1.773821419934398e-06,3.4996450185184595e-06,-1.070088829082681e-05,2.779997108869826e-06,2.9027312304349025e-06,2.5015264138039203e-06,1.7292891621796387e-06,1.6492039847339497e-06,2.5114694344503745e-06,5.829406970304926e-07,2.8622405914734887e-06,2.7187693698698637e-06,2.3708558610329177e-06,1.9554133520770564e-06,4.153864755168872e-06,2.7613409478569675e-06,-1.980486083330412e-06,-1.911992626452934e-06,-4.7553646870743057e-07,-1.1009168204372166e-05,-3.083189561844048e-06,1.003993956061621e-06
087,-1.1361741926500527e-06,2.9936612268678424e-07,-1.5252861229316277e-06,-2.645046319028623e-08,-1.1132131514812921e-06,-5.871224940870696e-07,2.741807833439331e-06,-9.576005122696605e-07,2.1768370110483077e-06,-3.3129996038897156e-06,1.4940959897442984e-06,-1.215145784531155e-06,2.739685087990655e-06,-3.6289526572933563e-07,-4.84258581081975e-07,-2.440388445318054e-06,2.9855841126100533e-06,1.0819999993735645e-06,1.1475171572987692e-06,-1.0300658098267724e-06,1.5804397511989452e-07,-8.100891755486598e-07,1.2651616422929478e-06,-1.5407752006567868e-06,1.1611438671020694e-06,-1.5558313480995708e-06,2.836801372120367e-07,-8.307613051346849e-07,2.043137123061779e-06,-1.3417127417135992e-06,2.42160165085722e-06,-2.3294059965040344e-06,1.825379883685375e-06,3.1532342007716937e-07,-1.309503814724635e-06,-4.3003596762299065e-07,-1.1144968167762803e-06,-2.8858987099540823e-06,1.1383073910141675e-06,-5.415945350929303e-07,3.8200602161055367e-07,6.241637477123274e-09,1.7024869863864895e-06,1.4495527768732972e-06,8.818650791881955e-07,3.585138533235813e-06,-7.929000973800672e-07,2.9849430924404233e-06,-2.324817218806747e-06,1.77875814393098e-06,-1.984107545400411e-06,1.8075568137127746e-06,-1.5193605206193915e-06,6.007854168438082e-07,-3.276484564690293e-06,7.583540191325755e-07,1.50061996904861e-06,2.2706757329643214e-06,-1.2234270435744596e-06,-2.9562518890191754e-06,9.700906391740257e-07,-2.7675656563685876e-06,-2.146834673330717e-06,1.9157079813716977e-06
090,-6.960279318764985e-06,-6.8450940250380256e-06,-7.034908121759989e-06,-7.576938932429298e-06,-6.167208095460511e-06,2.886633364100513e-06,6.5992285248602416e-06,6.957219950023812e-07,5.18279972450536e-06,-2.1526260190642534e-06,-1.7180443296702289e-06,1.1671741104778918e-05,1.5691937698724975e-05,8.333317078788847e-06,1.2942134580414205e-05,1.1251020698347233e-06,3.779253573520358e-06,1.0075859761323568e-05,5.182118344338783e-06,-4.239679345986828e-06,-3.7624286556699777e-06,-4.675627899176623e-06,-3.726469636178818e-06,-5.981523171991011e-06,-5.639652865603452e-06,-7.4372891114595585e-06,-7.496382484237256e-06,-1.933577909425152e-06,-6.342437611644053e-07,-1.4314092956154634e-06,-5.029270464320709e-06,-4.698545161982491e-06,-4.895817465897608e-06,-1.6238785905171164e-06,-7.2645990806675525e-06,-7.576498733943244e-06,-7.962246437768229e-06,-6.262121503617796e-06,-5.098767234910837e-06,-3.992739647165415e-06,-6.738342336151123e-06,1.6379441877514668e-06,-1.1060552788340472e-06,3.6098728477087246e-07,1.5837328502194947e-05,1.7646723810799437e-05,1.2081613079413068e-05,1.4945963998651419e-05,4.275489848141042e-06,7.272937024216117e-06,-2.137594231725927e-06,-3.4936376855184487e-06,9.506218022998723e-06,8.533204638408613e-06,7.828420572807168e-07,-1.3613263591959962e-06,1.0175421201718354e-05,1.6340018047884184e-05,-1.0999449995770473e-05,-6.459687968043922e-06,-1.3217245332032249e-05,-8.037791794180102e-06,-2.596895378184119e-06,-7.596645865298577e-06
091,-1.196215543592668e-06,-7.045638444040454e-07,-3.4822473176931905e-06,6.102996946654154e-07,-7.838578417388085e-07,2.4323126619718742e-06,1.6328779394719005e-06,2.258607655762999e-06,-2.6021633090323974e-07,4.259740573846284e-07,-1.2344866651628268e-06,1.8698486230637479e-06,-1.7343063638129068e-08,1.8204332869051811e-06,-9.791695559633353e-07,6.273880373284606e-07,-2.415989731427875e-06,1.221025105755632e-06,2.364931657178347e-06,1.5821365320951197e-06,1.4011033575298143e-06,1.410858760066037e-06,-2.551714248425676e-07,6.6495177547944655e-09,-5.429207520686734e-07,-4.590854790722454e-06,-2.217540866567125e-06,2.5501982277505332e-06,1.8055722784787834e-06,2.5951400476807867e-06,-1.6542397612374885e-06,2.501207713806916e-06,5.01953521749303e-07,9.594760452679708e-07,-1.3702282532695809e-06,5.485995524850087e-07,-9.486489025610376e-07,-1.4707849109337988e-06,-5.00679697638068e-06,1.9057640415258642e-06,1.8041825778463708e-06,3.7803207777232953e-06,1.6060842600135168e-06,2.0081564565199674e-06,9.356917597845529e-07,-5.3963135932776006e-08,1.2779703539211905e-06,-1.0760088952112933e-06,2.1722438945721414e-06,-1.2275131695121097e-06,3.612758987667544e-07,-1.856504899421288e-06,2.8777921983655884e-06,-5.734956078313861e-07,2.495195179489035e-06,-2.914774116906952e-07,5.358351644904855e-07,8.281883980639387e-07,-6.698475350243333e-06,-1.199271997701764e-06,-4.7692510260135985e-06,5.411421424073318e-07,-6.794574011410598e-07,-6.699741949836463e-06
094,-6.341699334488109e-06,-7.667304443590097e-06,-7.1879265584513875e-06,-7.952872645421186e-06,-5.5646870633828306e-06,7.505590815618956e-07,4.346200568047517e-06,-2.4691426595059595e-06,3.0487891163597453e-06,-6.202130452188332e-06,-3.5467790788180824e-06,7.316681311919468e-06,7.361355950889975e-06,5.566311658484709e-06,7.635921444435545e-06,2.5364418873852196e-06,1.0005490831062487e-06,6.570825409133827e-06,2.3337352602770973e-06,-4.993253763367576e-06,-3.906970988580607e-06,-5.766155968740606e-06,-4.913238277505263e-06,-6.137787404330231e-06,-5.258745816850105e-06,-8.1938009822938e-06,-7.349733728326056e-06,-3.312362694936457e-06,3.221361955599904e-07,-6.587267848207773e-06,-2.997320030672735e-06,-6.500418693619247e-06,-6.685331881448474e-06,-2.122523552773193e-06,-7.831484535529426e-06,-6.018649918368249e-06,-6.2595798569648476e-06,-7.47849153257407e-06,-7.884098585969838e-06,-3.642451097125374e-06,1.7716242751764092e-06,1.0965006724894724e-05,5.42180451431473e-06,6.840791658572554e-06,1.1236107809446892e-05,9.071204662044878e-06,9.854710999997692e-06,1.0249925382862013e-05,7.697445331185364e-06,3.276437584278686e-06,5.924618797065583e-06,-1.5958945056089075e-06,1.3541665827665363e-05,7.516083019121895e-06,8.828336197591953e-06,8.397272058453186e-07,1.1887318788899378e-05,1.2409935010448203e-05,-7.273291232278263e-06,-1.7112443229573627e-06,-7.487934810939199e-06,-6.0737442863859776e-06,4.088631491058154e-06,-5.29656369543139e-06
095,-4.694082381477912e-06,1.9763571160121377e-06,-5.532982952855654e-06,-5.649201845863257e-06,-4.654127320158593e-06,1.5314204454979302e-06,-3.3105086013448767e-05,1.1367905846479948e-06,1.2416476585824787e-06,-5.375956011274371e-06,-3.1239384300849635e-06,7.028111873879725e-06,6.973861388693611e-06,4.869909944731877e-06,3.94520635028639e-06,4.645787961533817e-06,7.56844590783334e-07,6.490904915925614e-06,2.987566097740328e-06,-2.170527600846585e-06,-3.3368824773655778e-06,-2.872762017194862e-06,-4.936835174146205e-06,-4.257515438291519e-06,-4.688396178302001e-06,-5.0571916710285395e-06,-6.292305524756234e-06,-2.0184271145809053e-06,-7.525017578862836e-07,8.487787706448592e-08,-3.9308379358285985e-07,-1.4621731259291977e-06,-8.569406317338144e-06,-2.1521076177500105e-06,-5.1892761250521985e-06,-7.012166375750046e-06,-4.79331662673959e-06,-6.923281278610368e-06,-6.44422791926856e-06,-1.8898800528578842e-06,8.201306242286488e-07,7.209064219990902e-06,2.00853886229012e-06,5.636081562577664e-06,9.334723517865241e-06,8.310307108557848e-06,9.235188162182335e-06,7.541160068736568e-06,7.146502387925017e-06,6.557042878921801e-07,5.813752047876384e-06,8.687702508003383e-07,1.1756023174244527e-05,9.305440668805572e-06,7.12992175403402e-06,2.3211569058307184e-06,1.0484361866350339e-05,7.915918487528458e-06,-8.096192225734775e-06,3.6502574501891916e-06,-5.721963211319247e-06,-2.563116643604292e-06,2.402438029531546e-06,-3.4858170197179305e-06
096,1.3653197669915327e-06,-6.824024645670018e-08,2.338510742884661e-06,-2.6010495627703974e-06,3.782372376303869e-07,-9.659063409755351e-07,9.6675335260909e-07,7.464416974972683e-08,-4.102634128718788e-06,-1.545730121232902e-06,5.94064198339292e-07,6.760007093065111e-07,2.1268798360691463e-06,3.269955476882335e-07,9.41213172038968e-07,2.184393927258462e-07,1.0432402958630315e-06,1.9593142206692593e-06,3.2163024943054563e-08,3.57397256516293e-07,1.2696639492065107e-06,2.3670423297673952e-07,1.074799707325451e-06,-7.022812175987201e-07,2.0530602902469474e-07,-2.2395602922220985e-06,9.750996842043716e-09,-7.158632001627234e-07,8.057337233266825e-07,-4.343574364401761e-07,3.1123297650172436e-07,-2.5088938257904683e-06,8.351723543387309e-07,2.1257931091781303e-07,1.1166145722770466e-06,2.2747247768482555e-07,1.0943632074693932e-06,-2.0718473191876564e-06,5.91419709029459e-07,1.0499642762859004e-06,-2.3304683874840756e-07,-2.2145116248091112e-06,-1.1408297204281669e-06,-1.352032441306256e-06,1.777711009719177e-06,1.7126002618091031e-06,9.722040619918019e-07,7.250503815176477e-07,1.242860716762928e-07,3.766937325764154e-07,4.506485793941745e-08,1.2951389151144504e-07,-1.6875963811431598e-07,-6.576204826917473e-08,-5.380682627882484e-07,-7.379485634777326e-07,6.605855219766545e-07,2.0525648108372134e-06,-5.931473878768516e-06,-6.019613433459617e-07,-8.546771699657725e-07,5.377721277399078e-07,1.379643775402221e-07,1.0347366751048121e-07
097,2.5403443710615515e-07,1.9760607001684899e-07,-1.3730953969683984e-06,-1.585374631889793e-07,5.8806355007109195e-08,1.0624491596482147e-06,1.943764015297439e-06,-1.977896778859585e-06,5.001635880795939e-07,-5.561157072141341e-07,3.037193924205635e-07,1.6699631749315788e-06,1.8768410228116193e-06,7.307868111961783e-07,7.121401464029722e-07,-7.465523685431302e-07,-1.4722478833695137e-06,2.2672407282055584e-06,2.030476621448431e-06,3.510737783016101e-07,1.4811556413120302e-06,5.591679289736328e-07,5.688615257523993e-07,-8.668138801209458e-07,-1.6718914673862162e-06,6.698960462572363e-07,-1.783836119199371e-06,7.251280544500709e-08,1.1830428871742048e-06,-8.07915830187414e-07,7.774023336543163e-07,-1.2945791952098792e-06,-5.465578488509562e-07,1.1723633753249034e-06,3.56877062694849e-07,2.963411435924825e-07,9.875364419977072e-07,5.014975555246911e-08,-1.227144908158534e-06,2.743823439689157e-06,-1.4580876573085399e-06,-2.0763243983704407e-07,-1.6702617354720668e-06,-8.547472156966617e-07,9.118588167803213e-07,1.1579919892888122e-06,4.324636053574315e-07,-2.365597992046933e-07,6.4885275407792e-07,-1.0675837765635244e-06,3.1984298747650193e-06,-7.758955472860046e-07,4.534376127057608e-07,-1.8509189145519078e-06,4.728546206138171e-07,-1.6654501467736614e-06,-4.489117384511997e-07,6.413071131117423e-07,-1.495594179113671e-06,-5.485041623317017e-07,-5.337652516801371e-06,1.4645983469724066e-06,-1.120200538231961e-06,-1.0388052070864368e-06
098,-2.1205510910467988e-07,1.3082993109368007e-08,-6.608032951241505e-07,-8.816106367231529e-07,5.40812034391667e-07,6.860322517176542e-07,5.065135548393529e-07,8.260078462426217e-07,4.6382811982120665e-07,1.3641354613855147e-06,-8.756455905637183e-08,6.659081843665576e-07,6.896576633810011e-07,1.1641580919928263e-06,1.6679073398395242e-07,1.0245201716359618e-06,-6.559080318496703e-07,1.0621971615729584e-06,4.875996297703185e-07,8.391203265433589e-07,7.736057423803279e-07,6.770604943246697e-07,4.4098922206321255e-07,4.3550199741162947e-07,-8.87143878994468e-08,9.19347581914087e-08,-4.82664044922229e-07,9.079443611333587e-07,9.16006219515871e-07,8.554441986033593e-07,9.98396299013264e-07,6.010299122703195e-07,1.4549137212001373e-07,8.719245502902138e-07,-2.2672369701884031e-07,-1.6090070416979837e-08,-9.429555955341001e-08,2.642678572607209e-07,-3.3656650269894757e-07,7.287134978509069e-07,-2.2577060693848523e-06,-5.952547746431135e-07,-2.6979856279363067e-06,-3.60812046441934e-07,9.667513583055008e-07,1.002791402276573e-06,8.74683074966673e-07,5.929680647317173e-08,1.0592551707151736e-07,-1.6051875398817724e-06,9.384062116894594e-08,-2.421571963317858e-06,-4.5054811681762716e-07,-2.0099053490237185e-06,-2.032747846224748e-06,-1.94425761483495e-06,2.4399860206603673e-08,1.0494837288975408e-06,-1.4270384313855688e-06,3.783339318049263e-07,-8.437455370423207e-07,-5.321316595773808e-07,8.146757194742348e-08,-9.237601094224388e-07
099,-3.0418003406570843e-06,-8.242213404018979e-07,-3.4152997434285374e-06,-6.467919087187455e-07,-1.3040573933554886e-06,-1.1971630283683703e-06,-1.8619625235026652e-06,-1.1012689087828315e-06,-8.434638425891194e-07,-4.254853998612227e-06,-3.5702027382695677e-07,2.0118355706973673e-06,-5.160877148186373e-07,1.9627006683554745e-06,-5.106431754553889e-07,-3.815840594604295e-08,4.1158086913732475e-07,1.9760837665825907e-07,-1.5611689711862108e-06,-1.6144502372035286e-06,-1.388838788647296e-06,-3.939357586978392e-06,-8.255461641980069e-07,-4.56483370923462e-06,-5.252606017650099e-07,-4.842232619502607e-06,-6.37585218328078e-07,-1.755528642099337e-06,-1.3447982191998606e-06,-3.8055648445360494e-06,-9.013038347538833e-07,-5.732310386258798e-06,-2.1748749237568853e-07,-1.5111934624028337e-06,-1.3542935977537425e-06,-2.1877490413473832e-07,-8.686430714019871e-07,-5.444479865195905e-06,2.0538386643280874e-07,-1.0846784309883086e-06,4.950400271022722e-06,9.509894041751191e-06,4.9446112134406545e-06,6.531422806409147e-06,5.729508159844731e-06,1.4303181682395436e-06,4.560623766259864e-06,6.547577462222975e-07,4.5022574134634935e-06,7.022408213089055e-07,9.524464907731417e-07,9.70665831938216e-07,9.728785571104089e-06,2.3368107105694614e-06,7.93150341473746e-06,1.479391258202196e-06,7.286786747855477e-06,3.850668666472557e-06,-2.1743013023624386e-06,-6.068983157453001e-06,-8.972676120921526e-07,-6.1509142673613985e-06,-3.963417938240348e-06,4.6380507322183135e-07
101,-8.592264663851211e-07,-5.892450380324214e-07,-1.2427385121954263e-06,-4.7599022217000526e-07,2.3432212518424873e-06,-8.599322888247236e-07,-5.75013355975075e-07,6.985724131512339e-07,4.33360206960828e-07,-3.2986872078163116e-06,-4.444206357625876e-08,-2.1763073655727684e-07,-6.069077890865315e-07,3.7218031970991815e-07,-1.267446296215118e-06,5.925207567052763e-07,-8.615225857901435e-07,-2.9002143515848325e-06,-5.497955992725117e-07,-1.0775666678183329e-06,5.31555531000012e-07,-1.0298582722594414e-06,-1.341973880435701e-06,-3.0220679003175215e-07,-1.6304837175777563e-06,4.415648049293878e-07,4.4672763823951507e-07,-4.717467990902182e-07,2.5015770407529704e-07,-1.4535625249807766e-06,2.2268018349013544e-07,9.109451827339019e-08,2.3980570591373146e-07,-1.4234315992361808e-07,1.7443621559924227e-07,-1.0964674297469735e-07,-2.7920347374941246e-07,3.092463540905932e-07,7.680455478104443e-07,4.778496886972841e-07,3.972392858823219e-10,1.4634022633671791e-06,6.26049534565117e-07,1.7523969599709655e-06,1.923711645257282e-06,1.0370922335236814e-06,9.235828686997393e-08,-4.7549683393561474e-07,8.217866719471058e-07,-2.9531365109823853e-07,-6.071686537186001e-07,5.956756779615218e-07,4.97593495669969e-07,-2.0368732841320796e-07,1.5564900924622489e-06,8.924884038461511e-07,1.9034452683091466e-06,-8.242746408933004e-07,1.3934493485906392e-06,7.931430902814839e-07,8.566112946552953e-07,-2.6515845395889543e-07,4.010900634199453e-07,-1.4171630613104475e-07
102,9.3105304313518e-08,-6.464235823733148e-07,-1.4873062628126775e-07,-1.2613082038454906e-06,-1.3399666212255283e-07,6.595610939953804e-07,1.1411648531271977e-07,9.662112320461758e-07,-1.5318298825942013e-07,4.94397060554172e-07,-6.367086359676162e-07,7.870676844457542e-07,1.1368893013237827e-07,1.045155304561251e-06,-3.4538108072486696e-07,3.9243965318178597e-07,-4.101754919705865e-07,5.644181219736449e-07,4.269806347782282e-07,3.9837889534328346e-07,2.2236410407222226e-09,2.3628907914507393e-07,2.4201295092631792e-08,5.354794987017975e-07,-5.270997470532284e-07,4.2492109068986175e-07,-9.049612498563412e-07,3.6934933267034126e-07,1.408747160880232e-07,3.24055116992852e-07,-6.040905301706179e-08,4.5503076303624516e-07,-5.231247837315666e-07,4.0570679013106104e-07,-2.1351139541114565e-07,-6.159411348030665e-07,-6.005736412667436e-07,3.885667073362238e-07,-7.052291073263123e-07,3.4274980771212057e-07,-6.778956793254292e-07,8.226735268547728e-08,-4.1381894322433833e-07,-1.5824796515955163e-07,7.148440234458087e-07,6.420800913065938e-08,8.116383385073481e-07,1.2563353843962917e-07,6.356870911744528e-07,-5.037906491870617e-08,4.381672115667032e-07,-4.805712731879583e-07,4.4982825330925915e-07,-2.4304477069575205e-07,1.9038997497740377e-07,-2.1288445824375687e-07,6.786229145791694e-08,4.255565065773781e-07,-2.199747792029144e-06,3.395030084654431e-07,-1.0387636690396197e-06,-2.742796443375294e-07,3.119003757324261e-07,-7.260635705727807e-07
103,6.743341041623801e-07,-3.527051510081393e-06,1.470684166989607e-06,-4.468915944281261e-06,-1.521398493150023e-06,2.1090535533739102e-06,8.36625395612418e-08,1.4646610287393075e-06,-4.643847539065053e-06,8.354333090212877e-07,-5.565665401914983e-06,2.615387873846434e-06,3.087441868196827e-06,1.7458367291205328e-06,1.3963025724640844e-06,-1.0586065389452228e-07,-2.3310034685239294e-06,-4.3365563378808825e-06,3.2160036754023314e-07,4.6773104772544333e-07,-1.628034760221551e-06,5.274546738584084e-07,-4.478577681788546e-06,1.1580530436752267e-06,-5.286021628862048e-06,8.089529105686664e-07,-4.610631087866663e-06,1.1802318477628033e-06,-3.148320099128332e-06,1.634817864817632e-06,-3.878802173328594e-06,1.0279744502219917e-06,-6.411842999727579e-06,-6.934580572062195e-07,-5.923254249071267e-07,-3.817949183247777e-06,-1.938857571476371e-06,1.619414558334239e-06,-7.977244013595108e-06,6.496806567530623e-08,-2.6959598659697122e-06,1.0281732397855515e-05,3.0151409592014094e-06,3.0091024511402087e-06,4.2972505846886325e-06,7.428529035391216e-06,3.447274735027301e-06,5.189765532808371e-06,2.399312551404683e-06,1.2215515862447567e-06,2.5515823277672664e-06,-9.407074596612348e-06,5.204718246859906e-06,3.2236995717934145e-06,1.9277876024687075e-06,2.6268966988217912e-06,7.890884618843156e-06,8.098730125623898e-06,-7.760438783404385e-06,-7.75879794871158e-07,-7.100370811728342e-06,-3.876920711906208e-07,1.5755847481990916e-09,2.9802487675805338e-06
104,1.300869692133408e-07,3.41946585692939e-07,-1.18935395387518e-07,-1.9233145817717323e-06,6.922865142080763e-07,7.856672441471916e-07,3.403206144309928e-07,-1.6928029440245426e-07,7.976209748430594e-07,-6.436499640253623e-07,-5.866226234080853e-07,1.355813459044584e-06,1.4080532230631653e-06,4.2283334836303986e-07,3.477203502604622e-07,-1.6403962053289492e-06,2.3276334335396684e-07,2.1097817643031514e-06,1.2478042370990056e-06,8.596796614362705e-07,9.930434119651505e-07,1.0549468887085063e-06,9.29818209841807e-07,-1.10772213703304e-06,1.165036662754255e-07,-6.63963194991569e-07,-2.041948400079852e-06,1.5820566429717811e-06,1.3574827066229316e-06,5.903008093516304e-07,1.3508390854708462e-06,1.1311243045635024e-07,4.3363562911937737e-08,1.8344552325184022e-06,4.93211865379126e-09,-8.300230111835582e-07,-7.826728929546202e-07,-1.7476946176556235e-06,-1.152279170160243e-06,9.71494842273997e-07,-1.8961180694701742e-06,6.766263448040463e-07,-3.974520235801745e-07,-1.492190016407988e-06,1.1355379147667356e-06,9.170138137619357e-07,1.0246146745834634e-06,-1.5703185922717423e-07,4.720589176703343e-07,8.106126475261762e-08,-2.3978984860518157e-07,-2.853333503690333e-07,2.5146809927608155e-07,1.0162839550072382e-06,8.016982537158002e-07,-1.6882819623956652e-07,-8.099768624545408e-07,1.5204117792051856e-06,-4.487736699949377e-06,-1.41877942002513e-06,-7.699661802428079e-07,-1.8826424593748739e-06,-1.2048373389116925e-06,-1.2923181017849435e-06
105,-1.8433657344408248e-06,-2.0676534076508476e-06,-2.965536997827199e-06,-4.453630155768886e-06,-1.8095835342197544e-06,3.75467292672354e-07,-8.545357021046655e-07,1.6825691808201678e-06,-1.5485621411820262e-06,7.823614981380979e-07,-2.2497090226189864e-06,2.5446572515802714e-06,8.499140841795244e-07,3.1680211408856297e-06,6.688364908583166e-07,3.3744516898655305e-06,-2.2928582520055814e-07,9.221948496235082e-07,-1.0685551485086701e-06,-1.1316939615706572e-06,-1.4518605092994205e-06,-1.1687419830649698e-06,-1.7388219227587678e-06,-1.8010493699190943e-06,-2.6748021431801567e-06,-4.483534773188737e-06,-3.6414653838509578e-06,-5.21488658271614e-06,-2.500438787921593e-06,-1.1776809746642606e-07,-2.2285836604667865e-06,-5.42707956525193e-06,-3.201435121470391e-06,-1.2051976179284125e-06,-2.918103202953039e-06,-4.076362360337322e-06,-3.206457288898364e-06,-2.174168889278356e-06,-3.4236358949042603e-06,-1.2439404801659206e-06,1.3236024317958725e-06,4.427950200987858e-06,3.958377629326584e-06,5.040755514648111e-06,5.633677342532648e-06,3.0739607054445244e-06,5.2674758374489625e-06,3.868770058671603e-06,4.062942056597601e-06,2.5677548126285393e-06,2.162616037165045e-06,7.20544795422595e-07,3.7624464736631185e-06,5.249652026731264e-06,3.943687987507699e-06,3.407819494173543e-06,8.316352374505087e-06,5.261500093445766e-06,-5.81088677906302e-06,3.9599853258826806e-09,-2.3568590715073047e-06,-3.9394466422439696e-06,1.5440933374301276e-06,-1.7387749151473921e-06
106,-2.089447303177831e-06,-2.92781361011376e-06,-7.887436584895222e-06,-6.223985816462162e-06,-5.604279118306631e-07,3.1204861321491e-06,3.2976023175023086e-06,1.8530506795289657e-06,4.044447644711613e-07,-2.586424619439853e-06,-2.6664797224292608e-06,5.917202380155345e-06,5.479692829955573e-06,2.913503533061134e-06,2.911544104087374e-06,1.0890366416741234e-07,-1.1972974593920015e-06,6.689833221262335e-06,3.4886461820446937e-06,1.6256661768463075e-07,-7.970896492368562e-07,-3.8470553082442505e-08,-9.073841844774727e-07,-4.34288407290892e-06,-4.358087479819378e-06,-5.158028419391808e-06,-6.807866810634228e-06,1.034338548743258e-06,-3.192046172979434e-07,-4.237110105661498e-07,-2.1240018153164335e-06,-2.950422300210884e-06,-3.788585083536228e-06,2.9955375738573746e-07,-2.0230094928709964e-06,-3.2821798121939415e-06,-1.9598377118612855e-06,-4.706551521547875e-06,-7.313079931741804e-06,-4.1077174128593824e-07,-4.620924704897304e-06,2.4258315689948663e-06,3.874436529435199e-06,3.6339389775102513e-06,7.815554193152241e-06,8.695545017913915e-06,4.192130900633753e-06,6.673351517051466e-06,3.0804804984847177e-06,4.239384355556139e-06,-1.6878346712021083e-06,-5.327148636706216e-07,2.94449204743104e-06,6.082047603458461e-06,2.375011707407586e-06,4.854382890256491e-06,8.113417657421599e-06,9.428969172717624e-06,-6.59261058250248e-06,-5.3438447520288645e-06,-8.17538425423123e-06,-5.532079320064938e-06,-4.541199277361195e-06,-1.2332717079442364e-06
107,-1.776394618180519e-06,2.9419435039806487e-06,-2.759991435103294e-06,4.840163544649732e-06,5.152390144011709e-08,-2.503220013990929e-06,-7.990352808340814e-09,-3.3340622193316026e-06,3.3936020069119494e-06,-3.5032323421516845e-06,5.261119064132214e-06,-1.946910400120811e-06,1.2306432315742997e-06,-2.0144437996705662e-06,4.498955896438157e-06,-2.2477703316635097e-06,7.2312370555404135e-06,-2.0596712967922392e-06,-1.929368438152037e-06,-2.0959069140621333e-06,8.94751720353375e-07,-2.5890954923056473e-06,2.4433426784200453e-06,-3.5846213615800696e-06,4.652190403150965e-06,-3.8245480529048715e-06,4.651849757806977e-06,-2.1980085803200583e-06,2.6596708497935146e-07,-2.6831085997298554e-06,2.3787711405755503e-06,-2.9037076031286342e-06,3.195600788943639e-06,-1.0088220337127598e-06,-1.2647767802105345e-06,1.4589867260664788e-06,8.044075202573511e-08,-3.584926923779221e-06,3.5465659254762714e-06,-5.25720713381889e-07,-1.8284916458263827e-06,-1.1715205978898172e-06,1.130794028302507e-06,9.514897922132739e-07,-1.8874464120090371e-06,2.4163307327778593e-06,-1.0204151760128016e-06,4.3257081725196585e-06,-3.010590454197341e-06,5.7753428746594845e-06,-4.937623216121669e-06,4.667951118980872e-06,-1.5899725106897673e-06,3.530219668625361e-06,-5.285447017844198e-06,2.116047183355434e-06,6.740778180391836e-07,-2.7941938727041987e-07,2.781894000746739e-06,-4.548379777501845e-06,-5.811564885872913e-08,-4.76473356042078e-06,-3.860973087153922e-06,3.20191622219159e-06
108,-1.27600738931264e-06,9.54805183950169e-07,-4.740647012130982e-06,9.960987617779478e-07,-1.2606085470463687e-06,5.665732570906381e-07,-1.3588867400407427e-07,8.055731547397386e-07,1.0737133489502313e-06,-1.4697106062517744e-06,4.470689528234663e-07,5.200478964457598e-07,7.311553161144807e-07,-8.084246668837354e-07,2.1034894188866468e-06,-1.1115385578834967e-06,6.499184281654228e-07,1.1404789631804667e-07,-6.423852886025157e-07,-2.414406387555095e-07,3.47693965697126e-07,-9.896082217760743e-07,1.1328746566327084e-07,-2.1739063083538455e-06,3.0952335075134063e-07,-3.820292947567473e-06,2.9595958501377576e-07,-1.975291943443291e-07,-1.4436751210755152e-06,9.484735741794816e-08,-6.756125960841742e-07,-1.937575583502432e-06,-3.700626280887356e-07,-5.556945898227098e-07,-9.47707271329257e-07,4.329826500679654e-07,3.102510117780172e-07,-3.7670312155211382e-06,-1.7798717539880216e-06,-1.591828868197882e-08,1.3116520267619433e-07,3.224978819066615e-06,1.8572196606593511e-06,1.9607035288758852e-06,5.787973411346755e-07,2.7141949169445095e-06,5.468560220090477e-07,2.3874094309475104e-06,1.426350472073715e-06,1.7576669397424724e-06,2.093772452384141e-06,3.4910469801207664e-08,4.320516250175356e-06,2.9201127006578923e-06,3.419204586391589e-06,1.5823692141601703e-06,2.140236028142494e-06,1.917106538726671e-06,-3.4958802042012504e-06,-4.818788454195448e-06,-1.724764141710857e-06,-4.60399893326043e-06,-6.21048413146866e-07,-2.5499032869986495e-07
109,9.008692235784533e-08,2.7430904608169414e-06,-2.9632043956277737e-07,-6.971099320608389e-07,3.1169766918059555e-06,-1.985563643496178e-06,2.4610924808211102e-06,8.013614520218901e-07,-2.9740777759905226e-05,-8.39673665218611e-07,3.9686603316026665e-06,2.45678816153433e-07,-6.19156198616552e-07,-5.190078451394832e-07,1.009880082625306e-06,-1.5231711038565798e-06,1.139183784021716e-06,1.009040834613755e-06,2.6176673617343327e-06,2.5329279050930786e-06,3.6068695156039194e-06,2.232788106213123e-06,3.873559367859387e-06,5.620370948867926e-07,-2.6746356711711145e-05,-1.7398899493233162e-06,5.159979376540561e-06,5.680675320362452e-06,3.033227203130529e-06,1.8227990408963667e-06,2.6207842711198503e-06,-1.0284470447584228e-05,4.146330904281837e-06,2.9351250287322865e-06,1.4765731596644509e-06,2.102080861771988e-06,1.897105149811256e-06,6.320802179557276e-07,3.5238777548508398e-06,2.2446999163722388e-06,1.3309606171233126e-06,7.768036056793763e-07,2.1079121968644243e-07,7.97438054908551e-07,-7.123840799915566e-07,-3.34414649833177e-06,-6.819408174145836e-07,-1.627160560322379e-06,7.801059908827795e-07,-6.348561884182551e-07,2.84611569671624e-06,-4.272659509302371e-07,-7.214252837575008e-07,-7.652860944470613e-07,1.2823492407263552e-06,-5.843216578242464e-07,-1.2842421495149073e-06,-1.6711206239593672e-06,3.985915171360298e-06,1.7971209368625909e-06,4.13060636452599e-06,-1.4737101637255715e-06,1.0218817198357382e-06,6.730297330830572e-07
