subject,Af3,Af4,Af7,Af8,Afz,C1,C2,C3,C4,C5,C6,Cp1,Cp2,Cp3,Cp4,Cp5,Cp6,Cpz,Cz,F1,F2,F3,F4,F5,F6,F7,F8,Fc1,Fc2,Fc3,Fc4,Fc5,Fc6,Fcz,Fp1,Fp2,Fpz,Ft7,Ft8,Fz,Iz,O1,O2,Oz,P1,P2,P3,P4,P5,P6,P7,P8,Po3,Po4,Po7,Po8,Poz,Pz,T10,T7,T8,T9,Tp7,Tp8
001,0.08243320867233217,-0.3071500340947691,0.028238050301397394,-0.2701058154021312,-0.08722507802529658,-0.011306581598714172,0.4514423551779082,-0.2736644734120358,0.208059326865752,0.2249876244343114,-0.1400726286881116,-0.19145919631413588,0.1028252319209488,-0.3505951924805334,0.05149109631231305,-0.07811928236422089,0.09828298709020197,-0.004868924630848648,0.31966864286226293,0.1544308208686171,-0.33158552725940166,-0.20573266428187853,-0.16701902380704967,0.23594536893993698,-0.42453883393100533,-0.005677250642716292,-0.4513649446256718,0.3552514161871806,-0.08019920461164429,0.21384592233115826,0.06250193567372694,0.5546039859044994,-0.09528555487395149,0.027973615985320832,0.3318179184821878,-0.08814543317885662,0.19030751303749352,0.3616355072248457,-0.2028841267547317,-0.21650153879245704,0.10592631540308273,-0.13609125203020347,0.09440441328248322,-0.10812658780768089,-0.10252069178992693,-0.2062523371841331,-0.25519683114846803,0.0021881138467790273,-0.09571845569269666,0.07976393968037762,-0.12447107143834557,0.08608288455328592,-0.2332314557155871,-0.052946187173593645,-0.19719546275091324,0.26295405229145585,-0.09892791217288258,-0.17636959739763522,0.04211394953866049,0.3167253568823365,0.19857879598698477,-0.04511642232282606,0.23693518191377524,0.33425004274343884
002,0.08408218125663947,0.42234760415692596,0.09937197892078434,0.2753882719910686,0.21882837829940635,0.08129849693161403,-0.12574462532762776,-0.04805313016170801,0.1105084531592613,0.16288859219439178,0.4398095586359717,0.06884669303351884,0.15008524918843916,0.30456237047379286,0.35437408593628295,-0.22290917404530305,0.2537805698113348,0.0579035697405508,-0.2052204541250127,0.07459283643417017,0.14279892149295,0.012831719082257331,0.08203431048731966,0.09513897623058437,0.2968776014658618,0.5063913083926257,-0.05893992387886926,-0.14080241781746178,0.035080821355415875,-0.09291373026525215,0.08898598161646368,-0.07861658913859501,0.10289304722684042,-0.11641783527529484,0.22373854102314342,0.28411445870570484,0.13011569236140927,0.36678232096484076,0.20903584837118422,0.16042486297193861,-0.5216076129753842,-0.3860988301250097,-0.5018830105386302,-0.49559865672972925,-0.05489900618262836,-0.18279574819437786,-0.3230703006034791,-0.0361286149479573,-0.033141141997868634,-0.15104422778375906,-0.017957704965929883,-0.09038945907357099,-0.10808604812564246,-0.29118210501156394,-0.010698573968967368,-0.5136297597249748,-0.21511540460002246,-0.26882353532906356,0.02212476307566852,-0.9705271845078176,0.22881298322759103,0.026734574255189103,-0.15476867251287527,0.2434778554632346
003,0.053829537039800084,-0.01668189105521834,-0.06647815769298587,-0.01579430122924464,-0.2885662085838524,-0.10377089169917975,0.13346988432230777,0.05485137352605548,-0.1268992055570039,-0.031573830889869405,-0.09631697329189778,0.08090413048485531,0.17037270693330056,0.15075236594016578,0.04120113573921982,0.2081332598315459,-0.08788920272694473,0.015539329534610312,0.29908551834277625,0.030036313028079235,0.11076525328474479,0.06294223597438486,0.08776918478524068,0.27095630290664896,0.030401749181496206,0.3488241130598645,-0.04338686770082859,0.09764541918246114,0.14465477168890462,0.07409098649497814,-0.08816507584712577,0.31331242516992946,-0.09168180881437396,0.18796071553514548,0.08087181818993319,-0.029103317068827024,0.00723737385974587,0.36751238432577527,0.08429249231479599,0.11419297041826881,-0.20746105043884538,-0.27420085970071845,-0.1606304692445743,-0.17649122346409607,-0.04196723524237173,-0.024339943384494862,-0.1381947780779843,-0.1529307581840844,0.0524692228001895,-0.14345823977143096,-0.013195636767362635,-0.1983086077942911,-0.23551350423499862,-0.1308936141593997,-0.03746111134797626,-0.24486640664456752,-0.23718127317665155,0.0702499626748525,-0.4978776846375227,0.25489309470398386,-0.15405974852905255,0.07055869920790628,0.2713796783287405,-0.18581653185293082
004,0.2164227484812148,0.21274307101978485,0.27800107565014276,0.2923390447550076,0.0964126869055321,-0.5315339519516328,-0.3325197228327403,-0.22420679296557755,0.013346441554638266,-0.4645699262914277,-0.28971592712006095,-0.36559212448636513,-0.1896099508753613,-0.3279649822801638,-0.032458227545650684,-0.02583422503428924,0.03150272276814138,-0.5441680342276597,-0.5333173149952511,-0.017361293508227085,-0.20320876577128388,-0.034861216714974844,-0.17519071893561228,0.7172907023734563,0.265539870752348,0.08112158230167553,0.28661567524842035,-0.30648762481797387,-0.5117378456036534,-0.21520346983143052,-0.06033433049081839,-0.30926014882883607,-0.16177014067626477,-0.5518294716356029,0.22597678058291537,0.45987989566876997,0.24380429721523839,-0.29657420060135115,0.18042541913115007,-0.10949640001798137,0.42995377797909184,0.4137722531114608,0.37817117018240276,0.2559866305969223,-0.24279722595462616,0.11720305477565669,0.2819117409244639,0.04881918693190708,-0.004476605841201339,0.15607407924345545,0.4856982741753376,0.20493169548385237,0.19247490264465345,0.30961246836335565,0.24540895052566447,0.28027624503102455,-0.015776208848927373,-0.10718701740940502,0.28184418099000097,-0.36387713002262856,0.21468811025643159,-0.5004827571682231,-0.20463324554673978,0.35578826320782597
005,0.5268515176778431,0.022679051503575298,-0.0013895607773480867,0.2038182566476311,0.11923582751720507,0.04864393928073485,0.3450580940461955,-0.026302397942854827,0.14641703310713405,-0.27491595018903436,0.42352001034683606,0.2690839539509421,0.35538428821956713,-0.43156762459383885,0.006199483951611406,-0.5798755209425407,-0.20419652206929675,0.24443437137542812,0.33589140125661454,0.259136033505336,0.18885796390396636,0.325770173351411,-0.3057781390284484,-0.07064007844077813,-0.0906304205017685,0.15168565974262083,-0.2947298470742621,0.19658325638233087,0.22571938384555745,0.20397260999316813,-0.44722132654543045,-0.3226047434450151,-0.0661066251384711,0.3087428396087163,-0.08915976226150088,0.28847139151139634,0.36164191298907633,0.43759278704714766,-0.26370446937582825,0.2923949857626501,0.29855978794259186,0.18797486969088595,-0.13542323666606493,0.7034244668089512,0.06023668885846856,-0.24679832406305802,-0.31985977065775706,-0.3449775134357813,-0.5805930681244585,-0.033127407322213254,-0.41863977851472467,0.11998864991723529,0.2508080917581711,-0.1348093441930315,0.1158926331923344,-0.30123823538890615,-0.39959689675864435,0.04070409651948326,-0.21651921856423406,-0.4422683528528769,-0.2323163976359336,-0.10980182353323906,-0.19052817577883513,-0.490054979396639
006,-0.11441137311020559,-0.32285428999215016,-0.13317341493370558,-0.4342074384197004,-0.5696892434204801,-0.4518851880427481,-0.07915523776922086,-0.29098666297885883,0.07011575195061297,0.3428552239052574,0.6329477287262223,-0.35792536261250063,0.4254608640183873,-0.27616654069010976,0.24247415881419718,0.05880705579553143,0.22572259313225562,0.1485756578470821,-0.17114650733551381,-0.24684612277215698,-0.5261186922031063,-0.3337116802614029,-0.5748673508666804,-0.24177288062496835,-0.07890432529397563,-0.30852304421902915,0.13660198935336276,-0.34659329356869767,-0.1415721274244362,-0.2535955749873652,-0.055002107705070344,0.14539153953789904,0.39786843528336463,-0.328071234597147,0.05574513136493921,-0.03920283908921891,-0.06711628183376327,0.2447035452730966,0.6976606273115825,-0.3858127427088835,0.5201152591078242,-0.1797526130177148,0.10879893478723614,0.21005472464825972,-0.08971872083783243,0.23079426350416227,-0.08875741319903462,0.057095265883135224,-0.36812203750497136,0.13424470042991993,-0.38270653754700035,0.44410676145721073,-0.22155727050854787,0.23867159138111557,-0.44505789130881873,0.24074712900190706,0.28729252068182437,0.24081803617999795,-0.11948916687218479,0.569926841601013,0.6615282121629671,0.32834453326302043,0.2495040422244493,0.6775000896293667
007,-0.5018509223223058,-0.24631243565043748,-0.5100559771809594,-0.1398916280924275,0.021539911702618042,-0.13971947819032404,0.6904534088361947,-0.1779813594961488,0.693317974792304,-0.25288144897537884,0.8111618327842482,0.002672529955780767,0.8173247448123651,0.12260483614573564,0.7996245880657289,0.09010650270438578,0.7185771379583468,0.13385220649933693,-0.10217122871685336,-0.018597420170845258,0.03829586871737445,0.016681148064616624,0.0029193276073327667,-0.33100344288542266,0.0339043821269967,-0.745234906835899,-0.3099517169642733,-0.16054337166124782,0.06387521745465985,-0.3136877956119492,0.07297665515426904,-0.30246146130011387,0.4050482537624927,0.06399155152848063,-0.3022491504795432,-0.11278396119048745,-0.20235001777849054,-0.8774043174229675,-0.1629137547714185,0.013498823666130588,-0.38931887209350013,-0.2134868802939655,-0.0728011562286115,-0.3439728104571346,0.4185485131507605,0.4968606895386913,0.26737046848805407,0.7664145139426342,-0.1597229593692181,0.4112292231474022,-0.4315630608824825,0.028831922503727098,0.029290071134745466,0.13310543009568832,-0.5465468680477644,0.15790475229736808,-0.0005385189464750251,0.4724303980644809,0.11706486939796654,-0.3947214230522151,0.32795486885871267,-0.6133312804433393,-0.20687254590094165,0.04348954845351169
008,0.2350204490867579,0.26185241012766014,0.1215453654476466,0.0883199756464812,0.09031627186507507,0.4300868254762912,0.336387209685736,0.3209967988852286,0.3458584421828559,-0.03913072431130793,0.05252995978057173,0.03549107853079797,0.33977355732473424,0.18486654436334893,0.348901025135156,-0.058335031520244135,0.1768380812901752,-0.021915343241881324,0.28262920356091203,0.15886996283858534,0.13112944460724968,0.16352296482927603,0.15130131371856842,0.20257963808733193,0.13205339102220648,-0.34057958459387594,-0.41028814281316284,0.32548331271573194,0.43314526911868945,0.24323369880601053,0.4212970458017874,0.09818072225688179,-0.03766530659329359,0.46528622509034623,0.19327896969403324,0.21902523017187392,0.23075339176633725,-0.3202391305796163,-0.5315671264050905,0.15517188000260185,-0.42269035350483,-0.3364030138272479,-0.4725492061969867,-0.3367088488302089,-0.09401228943392106,-0.03192279179127633,0.11794117523248632,-0.026812169347486203,-0.26742858479711873,-0.1878500066774292,-0.6120810589146634,-0.475005284978629,-0.11561848619344581,-0.23619058228157883,-0.396201289582479,-0.2875839729588967,-0.22287600227445387,-0.028858009220327274,-0.08832613545186,-0.16527336856119293,-0.26076773679696597,-0.2631613491192053,-0.31076584126422735,-0.09486006208652434
009,0.15188580886827188,-0.20959013738328128,0.3225327208637684,0.8871772682929643,0.039152948780623725,0.20160592043414635,-0.04484320769928646,0.19490726204855116,-0.12164220547482535,0.32631123084344216,-0.3816169407549458,-0.07658132878301926,-0.1589868517538682,-0.20245081429266842,-0.03096873047526813,0.0024377352373297634,-0.25494011965180563,-0.04680649821604689,0.12433043710983097,0.06627478543535079,0.049665361740928365,0.20276141638085246,0.021712973728232776,0.3839513898353497,-0.22204312969953777,0.4305625070466197,-0.050175567181395486,0.026544154999720987,-0.07022603781468398,0.1436650253788577,-0.11735186370129039,0.44847506468060605,-0.34649567313315477,-0.008588400042195993,0.17509352224375987,-0.15836817286607802,-0.23447536009990835,0.1601491887677642,0.02442668464402989,0.0810577922278235,-0.4919146083177177,-0.009516821531786346,0.12442598390541418,-0.12597956014239065,0.017344997638936904,0.02446332344649077,-0.02872316913433534,-0.01961909733306369,-0.16311595045883986,0.03716001760287768,-0.36580392319823124,-0.18235052504225602,0.10253539136146941,-0.20931663300682332,0.1737024135602542,-0.1727237595903845,0.008251932060306888,-0.1655535513465907,-0.1050917780656048,-0.265279857433946,0.05654567484491632,0.14489214604754166,0.27009436291047995,-0.3829571693422833
010,-0.019428193053997816,-0.016111619096641383,-0.012560457248357942,-0.20919101689524355,0.43420900598285167,0.3372738720108156,0.18207293215462156,0.2095659428960286,-0.020915938598397465,-0.1584675259850269,-0.23695538074064249,0.20956002240939292,0.05811187580143953,0.02204251016741135,-0.1459879525695087,0.14465330430167397,-0.24474374720046593,0.20332822568330505,0.34037020553482755,-0.12849510375430362,-0.011050513148712277,0.03881194464074664,-0.13831464588594233,0.02149366228789837,0.21556700698387257,0.2534894379981313,-0.18421001033846318,0.34303440240339883,-0.062284548241557935,0.19643443260787294,-0.28692241995629464,0.21937372373045072,-0.31315301487331104,0.04289650620482016,-0.038587168516105025,0.01833323851451349,-0.03372368924035743,0.3486391731625774,-0.01826066317816788,0.12559489608666585,0.34861665166899525,-0.07183899963354357,-0.14708172720753193,-0.014322236783119446,0.07791158939875406,-0.5014189534141539,-0.1772350317770856,-0.2886866178332443,-0.26591026062297285,-0.019904280621641207,0.12750893292441526,-0.2701212754590123,-0.195533354475606,-0.44250433353151597,-0.35579665538462224,-0.5351073389329993,-0.09180266324886671,-0.14458253514489094,0.20915197058615037,0.41835228608677066,-0.5041322345746291,0.9532467999034102,0.2948608306695133,-0.08916327563439119
011,-0.20475986813641145,0.23831832425690996,-0.016536856125479504,0.015061137965762639,0.21290109155921866,0.09415600130683954,0.28649986350416423,0.017215431977758017,0.23323145980167198,-0.046563239089484565,0.06472667948188085,-0.07312065805478143,0.01009651211318266,-0.10447839428723393,-0.0775161315465289,0.04015431138196973,-0.06451907974515078,0.36316038222956937,0.35630424588999243,0.11583007068439777,0.2717107690280168,-0.1533956468346745,0.1996889647981655,-0.12870937740856597,0.2702882281184178,-0.1560059877905558,0.2584297037439949,0.20774521842222304,0.3170724195583776,0.21401768949247424,0.3719573121703176,-0.23209741451204594,0.384376341609744,0.33808360791803294,0.3140639478362452,0.042980955837311985,0.31175469800756894,0.02976162607402094,-0.11215011544940898,0.26467181725950656,-0.13684175980845215,-0.2509244383040834,-0.13391435430560134,0.056571900630393135,-0.14919861288890193,-0.5163930340744181,-0.23640834577503816,-0.3274073324586012,0.1755751051714179,-0.4639196614904838,0.38328816333829596,-0.3688827309702596,-0.19902881096730546,-0.5157068655368606,0.06714765901602432,-0.5275891389679384,-0.30923010573533755,-0.2744599835912731,0.1898252811377783,-0.021987329507175163,-0.03883000089907013,0.027009728092674157,-0.5089589885725281,-0.3941423865806704
012,-0.11487931655540146,-0.123102003337447,-0.13370459030644077,-0.18105901299904736,-0.011668475903061637,-0.05419791844217947,-0.21395834645186423,0.2813395545900442,0.17181333149454636,0.1828171694895636,0.4537426279666019,0.15717292183896536,-0.05083164471138174,0.18803843074154125,0.2137335463236686,0.1772335548150964,0.23412758363965924,-0.2715187139911741,-0.27081313558208964,0.045969606651292294,-0.07776633938051092,0.046557489709378674,-0.10397528233631528,-0.14594103256022628,-0.1167233292714217,-0.13435696627273103,-0.09446985764519988,0.2604251176812238,0.20259660468096263,0.24661088336897996,0.23082041677724507,0.13488234919443087,0.24462697935006805,0.0628795610125974,0.08284066333900175,-0.22558063244289622,-0.07285478292608122,-0.10555937428925499,-0.07525561906495998,-0.13654866219855655,-0.36285538683641494,-0.024510130346454606,0.15330037973161825,0.0004541521702626783,0.07135862843299978,-0.12460895225757326,0.05887083685625372,-0.15321995390883714,0.08080815550292975,0.17272096310004148,0.12610013838167566,-0.09374313717360733,0.02763286206217941,0.14401265510613726,-0.013677771701173902,0.07186531046142336,-0.02335252852612857,-0.08704669570371681,-0.27453915593832534,-0.11621184224557979,-0.17850277424840585,-0.19621399427623204,0.11894651333264283,-0.281051627972345
013,0.07048163529954989,0.6722250661000865,0.05295114778531228,0.6031776862542974,0.1309626885153381,-0.3357165185571057,-0.25274202307777455,0.03322144468473036,0.051835550887791584,0.038256602875292825,-0.37241027781814845,-0.28487798045498475,-0.45152312460610816,-0.3897385220025991,-0.40279881216266233,0.047645384098352825,0.06363734371378857,-0.32728880287248235,0.005936993443099406,-0.024853421176937826,0.23756956745647,-0.24535892655888936,0.3645055052878544,-0.012786579890982211,0.5596637746976226,0.35629519554806943,0.505413103369064,0.04920872406527825,0.1958772081660612,-0.16498953392524285,0.21218662887280748,-0.039357810813875,-0.06410147641695822,0.043119281815988744,0.32105551431965657,0.5942377601171095,0.38733390331045375,0.36283929569193857,0.07128409813044796,0.019945949986025543,0.10040746726350218,0.1293153048641304,-0.04515274920561359,-0.18490610151954107,-0.30645297368635643,-0.5327755491832027,-0.18171125279915906,-0.4143915889328165,-0.01682261357408628,-0.300337035377749,0.3050443511059335,-0.36966568988734755,0.14045312393935155,-0.28619085207157097,0.18816432408301353,0.08874224258027187,-0.20872330507508935,-0.5477256348767209,0.05552555488272766,0.15037751157676343,-0.2971462028121492,0.40133707901678545,-0.048623982535794516,-0.501064671933019
014,0.07477016984200262,-0.08438241317788205,0.16733925408616537,-0.06238390594774622,0.1554179649399493,-0.3621460403264543,-0.43438737457147447,0.06224300405901513,-0.03575560874731652,0.1614589421054528,0.11730215885214033,-0.24811125561035063,-0.019805535551522466,-0.04246222920700189,-0.10162862187958537,0.04822732829690217,0.4256612354884584,-0.2020834653292638,-0.09789324706141032,0.12292645995896596,0.30069445787035637,-0.04479778300437744,-0.07767695508748367,0.21638657628700003,-0.1566156583112681,0.23994277711192114,-0.158812987750095,0.10989987385691181,-0.08587197498619294,0.08601505585365636,0.1449166241506017,0.16219329103903846,-0.05752448605299289,-0.15598870095695283,0.04486930731143483,-0.09528794726316765,0.036987681865403396,0.11546635472159393,-0.24961580259751726,0.0747230608932385,-0.06779889177629105,-0.16572242581095847,-0.07711497456877527,-0.016274978041288038,-0.2606622690130031,-0.1736330601327759,-0.352972495501557,0.09520671752664177,-0.044316519847461947,-0.177387216379632,0.522689047616147,-0.23198736606588422,0.14424014386268774,-0.06625659382139497,0.0439578789821637,-0.10444172148324303,-0.2023697252594861,-0.35331409276956377,0.2778634112354253,0.14205824430031422,0.22611659149830737,0.14484440898641254,0.247602264926632,0.35546403636643037
015,0.06159731957943215,0.2220300642512949,0.046176753067912135,0.22517762526994312,0.19714516185967113,0.3106138843211017,0.10503707936530593,0.3003988575929297,0.1343372568876221,0.3769774389712546,0.0414737776463745,0.21909071965051208,-0.0669049134850751,0.3003247063918303,-0.21793377026945326,0.18217900939157738,-0.3931006138248628,-0.01779213458095885,0.09136279625670962,0.14319053360540523,0.1909922862659852,0.3658140571485806,0.4397477583954079,0.11625353269590755,0.2174038823279888,-0.16550602093900646,-0.03518305613745054,0.14782889308054492,0.3002437044286028,0.02582668776352559,0.07395316771186322,0.11599469406251561,0.06221446554677024,0.24831875741214304,0.23291896191701278,0.09809845709208753,-0.31373412128698985,-0.23452329390741383,-0.000396639640944052,0.33070836666977743,-0.058828767756982536,-0.26733976384806474,-0.3187516415794728,-0.27980908372149016,-0.047703050240431755,-0.21921676183568917,0.14893216398895714,-0.3729565358099583,0.015437282246542505,-0.5423991638145587,-0.07640284739967107,-0.4115535007722452,-0.04143449913417829,-0.16933116089766576,-0.06118809449664275,-0.4380662949489582,-0.0022847680924665825,-0.053249343453594944,-0.8802544183277221,-0.27993618645161444,0.13272201549431784,0.06450787380009149,0.04632337643386064,-0.365572921937801
016,-0.16097445974071123,-0.04527397175433076,-0.3740898049210071,-0.04454783062443629,-0.07533236623356115,-0.13086382380645867,-0.041151705832927654,-0.032752001484681326,-0.1748034875649579,-0.012628722181259933,-0.22677954464856598,-0.039539629760079964,0.01072438200069864,0.12609451390248433,0.27674627497022997,0.03302724343109953,-0.10574126707253326,-0.03587789103987837,-0.2222514595472979,-0.12438488875139758,-0.03513419062336676,-0.23467594771820868,-0.030337117651473372,-0.23120980236808947,0.1343529468257604,-0.13999354672316822,-0.03934791990735553,-0.09556513117917842,-0.1289041221871365,-0.12098313553160897,-0.05219555300563605,-0.03076697143647894,-0.21375942513123541,-0.17709058090854587,-0.10539700576438785,0.022894742612082686,-0.0021450242753051074,-0.0577166593342715,-0.46147075013627864,-0.07113397918644696,0.2624572062960423,0.016116128835124977,0.47208394350658667,0.14219533895647296,0.07386978750756801,0.27176791742944556,0.27032430890241044,0.1051894489631402,0.2216089096246473,0.5037365551576716,0.12717292870096314,0.23285746555074482,0.16602970125017358,0.2590100882365505,0.3255342850710573,0.5203035809587764,0.19453017212703838,0.20825695900356456,-0.17960671894808233,-0.19316599912405802,-0.287883238960174,-0.14811881674999616,0.11667695389194627,-0.2099672918977119
017,-0.21023748391117358,-0.2304093780619294,-0.19684061277979825,-0.3262489687782901,-0.15706511365510312,0.10559012998118411,0.43085047465180204,0.19437326033399271,0.34166816983277437,-0.04762405328921138,-0.0533704654539322,0.11021650343049116,0.3204926557012171,0.18251461767866717,0.5092390623406973,0.3150968496283568,-0.042553543222495493,0.21432829318995839,0.281669820347082,0.09072891259108484,0.011507475131371958,0.1198777679915215,0.010895585571716104,-0.13663928887555232,-0.3608967965355663,-0.4806687731877194,-0.4830710689301124,0.0837109513148806,0.3368536505603261,-0.005010338074023402,0.2807246824762637,-0.2222975607485147,-0.2556564010916891,0.10009581678707602,-0.14925036975665384,-0.3296234924904333,-0.25178246860328857,-0.5869937380204845,-0.3960211985115626,0.0855395212661696,-0.41438755574871533,0.04381874023340715,0.22778075063278425,0.18523332557540817,0.17534919362320123,0.14511705801656527,0.17794859551836906,0.22230491816324505,0.5394425588271006,0.17513999451977247,0.4089268275272122,-0.45265200707911835,0.1223649323434195,0.0639926836283724,0.17400584907288663,0.25010333426355413,0.14328529228509046,0.20208134984635118,-0.8332999209231494,-0.4878102924272538,0.15926786389497893,-0.6470147347635886,0.2788384717061059,-0.06355031556508961
018,0.33915285161368913,0.24666420752361617,0.5704714433913333,0.1560988048705455,0.24671542566301696,-0.020420332844159783,-0.049037144635120655,0.1262000016016852,-0.024896906543199204,0.41401282973416553,0.07835980375907303,-0.15410517058788664,-0.14847790581207032,-0.17913406752487937,-0.18313065884566243,0.15245934610372058,-0.5388141880851037,-0.17782422695232436,-0.018269937777515843,0.3889015407444253,0.2122126362566994,0.3284736870290105,0.19860753587771507,0.36928722104059875,0.16379716794582178,0.2412295153327425,0.30311375721337674,0.23270640583862678,0.346739443366716,0.2896771127755703,0.33688140272905964,0.3967746471456086,-0.0047424413055136005,0.3706820764599562,0.3185525381879052,-0.060654874344468535,0.2689464053091263,0.5375252479837717,-0.004918972610980954,0.3094245253644422,-0.282985037932408,-0.6013385205388062,-0.7255369088596533,-0.741456102451377,-0.15553148557642882,-0.4112134013701684,-0.16908441927597107,-0.23347390583481015,-0.09439343456710264,-0.4360407668306937,0.013292529674067466,-0.5426952491155463,-0.6238989111056563,-0.6510700169517047,-0.5615916571239561,-0.5063435144943856,-0.6230805850597235,-0.35782935617104006,0.3989186599184479,0.30774176842388623,0.019528475939213696,0.4112154446032167,0.29001106551811195,-0.10238542381064197
019,0.10279840075625166,0.0056726484501392616,-0.2942420116064393,-0.21275990177695175,0.032792420469226424,-0.11507149377784404,0.015717851732791,0.2839290143555112,0.2865194303321065,0.2933378653132629,0.44333850361320726,-0.04019113060348084,-0.012569037289123397,0.1802290577374075,0.13997217182452693,0.012059115589851344,0.07894167321186829,0.04387624997625489,0.0004393256689161351,-0.006517505634615006,0.1909460792548254,-0.12460964568959482,0.17731868908535997,-0.12201739875727458,0.08229223932954371,-0.4248212509120209,-0.03527004061085509,0.12994096115429934,0.01057724071551508,0.19884592694145642,0.06720723085379882,0.09030950510769142,0.1812006199109596,0.09695151839619712,-0.018116159292615397,-0.15094408878271948,-0.08248925602507046,-0.22568950210691446,0.21482428639759413,-0.08320165038087418,0.23472341886217696,-0.10131178412685343,-0.08337444191449522,0.012192653704792555,0.020664255705437562,-0.0486074270517351,0.008701796744511936,-0.18230075866890944,-0.18445702102865286,0.026712306116265683,-0.15384828512827325,0.050811709956495255,-0.3247798266652992,0.047308307673793404,-0.2960923294266275,0.06309791955362204,-0.20394857426766472,0.18393432374108099,-0.8074641110229734,-0.16078055474279795,0.5638147384395167,-0.19001271675978865,-0.1575947253204732,0.2710831726946814
020,-0.41532812362626337,-0.32441413089479976,-0.5022734493271954,-0.19195668985551428,-0.041435770226899135,0.011237179554835663,-0.11825822270992528,-0.06778616158511686,0.31020029424092377,0.29689390831025,0.13608446969207402,0.6133375560366101,0.08652536929524288,0.8233713512563301,0.19885954958101779,0.37572947002556023,-0.0301662991675343,0.06391461037756277,0.053636632892759634,0.01646308327891982,0.19967622235455337,0.047666134813027006,0.17823542836383507,-0.45749489007562116,-0.3496250754050517,0.12336501050349219,-0.2636307919560017,0.215636703294822,-0.009622862965145751,0.23789602587482403,-0.10383169846199458,0.055112782098433594,0.2508762008865857,-0.5552272973541499,-0.1300687550956521,-0.7124279765779131,-0.870884852478321,-0.042246618534502706,-0.2029258665383035,-0.12149199989019913,0.3794816253779585,-0.04626778412548237,-0.24948890530820564,-0.14846049352788526,0.32591872620952733,-0.09200580584309814,0.26556906507652334,0.0671218155424198,-0.0816718165882338,0.22496685105357642,0.3503485303182041,-0.4128636205077606,0.22117368804125717,-0.15234860771829378,0.21030553426207169,-0.2931215673145386,0.05692755810439995,0.2905385134768803,-0.4516887440670696,0.21216648775177285,-0.2883000878246129,0.4430361037851236,0.20302246004215777,0.18202002377775264
021,0.03659373117236163,0.19410843072221068,0.11763122308896286,0.26484327901421506,0.18665880787058214,-0.13159597508444953,0.21341834010154387,-0.3862072202646829,0.18403448189048627,0.8458980707966248,0.17393982027115712,-0.3991966043800501,-0.004611887835240289,-0.45720361090009914,0.1298824380867532,-0.46199306216720326,0.15828409340590743,-0.4963109782893569,-0.04858519917521757,0.9821731059809462,0.12288704261420923,0.08425057196599185,0.13757543376880033,0.027044589281832634,0.07648138812270579,0.14280869631604182,0.2503076691531501,0.16781257745332945,0.311418631303934,-0.04676906167440374,0.38751528586888484,0.07209420829052961,0.40164738387543747,0.17093647815055674,0.19510053231866054,0.13999509649318848,0.14615411616034074,0.3018511909708269,0.29773895240389353,0.4791003752636312,-0.08190177129153002,-0.543743990586107,-0.28667517641748846,-0.36346884972370136,-0.6695298718439825,-0.10698525481449737,-0.5951354110067617,-0.11343731656299498,-0.6959278599166667,0.18685742653304516,-0.5271682562429152,0.09390715740628915,-0.7285272598425703,-0.3213004320537406,-0.7210389697981243,-0.2785214502998919,-0.42485898810634903,-0.33066220097483867,0.332723816387631,-0.029641470680846535,0.39297416914338656,0.22342811236625554,0.003389205604552706,0.6175322003148536
022,0.013260088562620204,0.4537486468454862,-0.22819250463152266,0.2813768467125709,0.30051695214320717,0.04982522417397095,0.21802823479520253,0.12764466259051058,0.41985366283100334,-0.38080920195754564,0.4736800216701126,0.0713936802594888,0.1550284883951484,0.04663729142644907,0.7229180432027886,0.048176948472838266,0.5526775063983019,0.15473407722699087,0.2538271692229306,0.09360500556192516,0.35617691835316456,0.17717788553771815,0.36155165742137896,-0.3837796694928749,0.3864179633590693,-0.23606415574203277,0.12041995872919406,0.22954441281075608,0.1020122928384275,0.3062798691973545,-0.050273284274847146,0.3041323756504546,0.11197657701126776,0.13928353679180625,-0.12439158272556158,0.14189008680676415,0.035944031030363616,-0.34528276440474237,-0.17822660879318825,0.2593356014827468,-0.47765065232259973,-0.4881379624250869,-0.17218947253461692,-0.2512180723901004,0.02398060678577346,-0.4317491257029574,-0.16771645593041007,-1.0317584995866098,-0.08013073087365405,0.20824129548901268,-0.1506426467694718,0.2630497761839866,-0.35503235231055474,-0.39130979423215384,-0.2533493819001279,0.18452538263276794,-0.31613138041640065,0.08397444282247785,-0.2110452694361697,-0.5122041045453036,0.07746389965806538,-0.772414550445934,-0.4451598990924338,0.12454900185280454
023,-0.018846297836323744,0.19746716532959563,-0.28795008351746376,-0.039600096682268854,0.29277829332274435,0.01743040474049809,0.3338225316068783,-0.17878191603975763,0.16650473293003887,-0.25225517776200806,0.08280309592246554,-0.1822550761721377,0.09649319834286557,-0.1527468089273722,-0.08319054100601575,-0.19204152483457956,0.014815701618454274,0.09310255027619979,0.06921407074525926,0.11905311340192343,0.5131244749446802,0.10542878359208463,0.5054194734873036,-2.094384087408807e-05,0.41943443845262,0.003146943543207714,0.015418576761997427,0.11049375883895218,0.4381449253699183,-0.0036624424684984225,0.6172213992373892,0.05543976474776746,0.29066691881411616,0.3450764799822838,-0.36208452975991745,-0.07678985543795222,-0.16945275760746603,0.019483413183511933,0.004023824477691673,0.3610224092460211,0.1836614273038934,-0.05323490938230907,-0.2505725826432953,0.024197377996659525,-0.11926955260040273,-0.13303609148091589,-0.12177970645194486,-0.2818537861805171,-0.10462935980968047,-0.40604957305426814,-0.1367355079491243,-0.3121039583763568,-0.1349860467159143,-0.5000230395735217,-0.16711157212773603,-0.4711609515362531,-0.3157760320163098,-0.07598598344431925,0.06354712810217705,-0.08882355940223488,-0.03762174219391362,-0.12855256722537042,-0.007530506709772927,0.2880787044475978
024,-0.03800739769407105,0.7896764686959821,0.2939698235247766,0.4253020919582489,1.699910331986307,-0.1091369591255148,-0.1936730583219426,-0.0468921945545131,-0.2846605513684559,0.21335160804841763,0.10726557751981197,-0.2178658296955,-0.2594036328230902,-0.39632983245901077,0.1963630470230107,-0.39220616649701634,0.14387261887808617,-0.2018643813579587,-0.11533767286466068,-0.09114356014126479,0.4885909383249096,-0.0858112960939264,0.1989483158908215,-0.9963772393571086,0.289101505030436,0.23759739782293168,0.28071078469101013,0.13896436567903106,0.14526040692234077,0.1262781911652045,0.6391458178695169,0.16741659434929618,0.1442923680829435,-0.045245747053298785,1.504891558931445,1.1846222869756444,1.763488359122423,0.027058099995708018,-0.06150651935771925,0.40734789079270184,-0.7197280584401866,-0.5307694144984403,-0.47108257324283087,-0.5055390135930525,-0.6149189228338379,-0.15878177577150587,-0.5210257341624586,0.2029488866101818,-0.577578580905946,-0.06967276674164022,-0.569514523815897,-0.08355548766087406,-0.43005648728138324,-0.2570906074866165,-0.6706621893517797,-0.3490984726528027,-0.25569454402759073,-0.4323420091722494,0.02798768323204598,-0.18864144039055275,-0.2811534092151311,0.2789369660043969,-0.5569837465717695,-0.3439481885460327
025,0.19827392298132182,0.22469233203989572,-0.4507352340773868,-0.9243468711281227,0.3103075210549464,0.051335340056061995,-0.12139037755505738,0.3926917135598348,-0.20521560169214,0.5288228426618183,0.37243591204251414,-0.17011390218900777,-0.25518874383577317,-0.036752839297422984,-0.45138725477638864,0.23415270053314471,-0.4609160447131948,-0.19014749673434508,0.045682918899069974,0.24914783831858608,0.15104738832438433,0.30762813816109535,0.07922003397427585,-0.013650035382123865,-0.15535506241426533,-0.4410563781716317,-0.23426120670690198,0.312347555090862,0.23092171874449494,0.39713418630877073,-0.015083349514775718,0.46115558313991445,0.07728489388561047,0.16027874607173406,0.008879139178951584,-0.049355162393011937,-0.0037575575499939617,-0.5117827606808327,0.024913463424868748,0.2364816455037352,0.11530330618670623,0.507201820217271,0.23635450805847955,0.22609065966510253,-0.34036779694734387,-0.39398928365606134,-0.13271238019634626,-0.5012857492764734,0.3260490741443661,-0.513450295478275,0.4522807041357114,-0.11723562537697249,0.2587948245196007,-0.04488159504646275,0.5984510813985519,0.01834139795259332,-0.15481624033647332,-0.30894158137944616,-0.04068992328379825,0.15475864408203713,-0.15197513162455265,-0.07378086774447692,-0.3114045936244666,-0.1724346115327859
026,-0.2954069437676867,-0.7664934285783842,-0.2821041609247923,-0.0397615441262944,-0.15337493394456148,0.04648947032171369,0.06528048260707725,-0.190828630870987,-0.048839008089460845,-0.20032693348579578,0.11248984657607147,0.019126797204631285,0.22583736525153492,-0.03348351512515424,0.32711132054635533,-0.15214985779805856,0.3603521106461549,0.12617432151943744,0.013915624120261705,-0.22620710491899687,-0.24170806342692497,-0.2605206844138631,-0.5715929072543287,-0.5776226925996565,-0.6411505376047839,-0.5809002837120101,-0.1528909807078742,-0.376846681157763,-0.13193724264756257,-0.34463877544687294,-0.20440609439982682,0.04656112883757069,0.09729227779570526,-0.15971642122012997,-0.2300588279476028,-0.19582880895957566,-0.12461475333815497,-0.3153058430592699,0.28834561196678765,-0.20589238102400353,0.12591638038166889,0.181601707640577,0.7611637053761102,0.5309042406571455,0.3786267385004621,0.5601076488778999,0.15822536079273686,0.4756384813892759,0.1029239428190043,0.5132103319436943,-0.3159002771780459,0.4768572852982779,0.334290819159891,0.47807653653144633,-0.07140393335112799,0.3666022190030953,0.6150319204284587,0.5982102834836167,0.2055765163052543,-0.40895120296299003,0.21912091710285506,-0.43146467776511144,-0.41367850687947516,0.5349452456023558
027,-0.10504909189591272,0.25317254155448654,-0.05777343706286875,0.14265095852298082,0.09399257161835567,-0.10086528452933585,-0.2566080477431387,0.04985131396862991,0.07151601893039727,0.331588133510075,-0.278366035319625,0.12304973095471555,-0.12640121402275173,0.15366973226002323,-0.15093302269965114,0.3038415536257537,-0.16701328435814433,-0.14507899930061763,-0.19215516555693757,-0.14067220597540409,0.01504199439895565,0.08098380780135028,0.023096643416652907,-0.18297015421521223,0.12313340021852415,-0.18742255592732693,0.1776412897714884,-0.11807068198359061,-0.06578658515618363,-0.1360070694506148,-0.10233119657303347,-0.20758849465612028,-0.4420441372124454,-0.036176508219411985,-0.14904632436360832,0.12011431151161556,0.02152664055209985,-0.3855352558419154,-0.09387716764411125,0.0994847810126816,0.3951632836478537,0.2279002707137437,0.25439630013662096,0.2701414044065339,0.24140644404730682,0.038884787120567865,0.027401651131117477,-0.14002594704909477,0.09021926245767864,-0.11665242165922196,0.20182214764239537,-0.10325427429465894,0.2952853513847215,-0.0019674217879708245,0.11701941173283703,-0.029831951784629274,0.35805889941176694,0.21051535334402466,-0.14781842746696838,0.03670635420449747,0.2399090445555394,-0.354340594410682,-0.15463457247167856,-0.3128878589331222
028,0.42290721527785463,0.2167425455940558,-0.18771183799002106,0.19838352388357183,0.009755563232157302,0.31942580893800415,0.15396537638429958,0.49543370294390293,0.4101009367071898,0.0014995618818532813,0.4634411277939577,0.22171567983069923,0.11858868535828694,0.16389571084744037,0.34755712272128364,-0.2397193934454151,0.21931770458097138,-0.061843976706764794,0.5610108762176772,0.35966702300443615,0.10950978304996149,0.19143013905525813,0.26496383574108334,0.0796152586731985,0.13300437047477098,-0.06695335602824172,-0.1986192325678317,0.45578637194227706,-0.005770747142794561,0.36471077459916734,0.3014758070106681,0.10938148645521738,0.25744400917578286,0.16065526590925316,0.18964263438927115,0.21197922164242655,0.4536694736431694,-0.061629910616013237,0.32718240552306554,0.2004366601510848,-0.5305160831794095,-0.6487543835418431,-0.5583554172623142,-0.41014187915198147,-0.14833507186317768,0.021878843075154794,-0.10105535291420638,-0.1166048484396238,-0.35442115491363313,-0.17617086345355587,-0.824414904502946,-0.5062469546357606,-0.34241623043699526,-0.2686545552409614,-0.8061925355206024,-0.5557288876052608,-0.2284581699151942,0.057542947905801986,-0.5280727492149295,0.05223563725082479,-0.15801614913759943,-0.15314572018729528,-0.5815112277124314,0.19350850246172374
029,0.250487869103003,0.2858783807028996,-0.10677669634820919,0.03336187885527164,0.3030723796383346,0.12398231162814355,-0.1069170687389,0.0386384183265423,0.035092557569611826,0.04684575082640596,-0.138610215661512,0.0729812873418785,-0.07219733896471764,0.07187226870161967,0.030558751768169967,-0.03269771132562607,-0.03581334674651043,-0.11835038427318181,-0.15578792316179468,0.10720599760997412,0.15621563196703037,0.2130148479165901,0.16128421443217383,0.2583617888719174,-0.03826262874702524,-0.41271593527425177,0.07474117374191624,0.4059291079030749,0.0786153969977128,0.29311319402185937,0.05331085214171252,-0.01453364214598496,-0.23491981344575796,0.4800678964815293,0.4365333560296588,0.2376928427136021,0.349048250945656,-0.2164912330315003,-0.6488095528242794,0.38320599947324263,-0.0005501332395008718,-0.26790354163164143,-0.20140712888325257,-0.15660876355075842,0.08828995894404437,-0.07780761181593454,0.1572272286349228,0.05258604974120673,0.25312577308491385,-0.12841558708742545,-0.026565645422305578,-0.06780307669403413,0.24276822364996675,-0.09992891577024271,-0.163820869641772,-0.4418056808863139,-0.057734048702301755,-0.1939141723236013,-0.3297610146740306,-0.2353190120998575,-0.41132389299213346,-0.37542830577756325,-0.02291118976886289,-0.18321755811380197
030,-0.17451684774701048,0.084952463282717,-0.1359354736782531,0.11464819235526014,-0.07080415880932434,-0.08088152980125274,-0.0785799694637524,-0.2499830056131127,0.09740393288175558,-0.13912350833140041,0.05968259072936327,-0.23727852718554587,-0.024438564730946966,-0.28396739977153007,0.22471664301833538,-0.21938491187291476,0.04598796620491702,-0.008548595948573101,-0.025092364588213845,-0.098169127459522,-0.04815064038851369,0.08829831336780591,-0.07184308445036003,0.10081321067356475,-0.12390780603894924,0.10350483300975455,0.4626567513587866,-0.1255431255755134,0.06028430620987579,-0.22875143789122487,0.030324151350136053,-0.01791085174043866,0.020525186566694886,-0.017199926111163166,-0.20639326791150758,-0.12387688040326916,-0.19424388995100672,0.09425407154986543,0.11227298826013954,-0.09874874443298598,0.49733035513865653,0.11347263537821461,0.2874501145020583,0.4245142039148548,-0.14046942142118557,0.296729674599732,-0.2527105894680598,0.347501733836159,-0.3127088527474582,0.14386631927481008,-0.30203022023320936,0.1866931615796091,-0.00601396217377459,0.16299674333082276,-0.04088971947268377,0.18627608547719182,0.3208604887668032,-0.13721038935355723,0.10302686577335946,-0.3427858760738426,-0.15536218574179095,0.20240399955363642,-0.32320632806836436,0.12321320270533187
031,0.3415327642972198,0.2576548555715366,0.2095432255658584,0.3109231026564847,0.32213462693966494,0.06769012073103964,0.3072873269190726,-0.0007246517202256011,0.2388332610071763,-0.18437953954700081,0.007854262314880782,-0.031953686048919856,0.12210393867842223,0.11974852650745116,-0.026504976233668827,-0.2599275424909394,-0.0041095005887972005,0.042405899033186444,0.21254421545879357,0.22617581287492725,0.08468013101352803,0.2408522147630687,0.14378474543134845,0.06480765024903395,0.3573811766471593,-0.16172034607678817,0.35365233568368026,0.16136518331206207,0.021200809515008544,0.2657306792994396,0.09385846226769293,0.0863948435295451,0.21748684837231277,0.06796159041628441,0.47684028581570315,0.3069923873039524,0.2359761071273078,-0.2969779233606895,0.038491768571825256,0.015348728449929398,-0.003022751073869047,-0.018304627562630522,-0.42956020591456967,-0.06439378267888354,-0.02785180548662406,-0.1470304633566356,0.07401643669989907,-0.20543516757638716,-0.15703594368467602,-0.2482329420805133,-0.46108028899569076,-0.2863164964718284,-0.10685989055332246,-0.43304365621448243,-0.13557454399381424,-0.3047157526582396,-0.23066516967664358,-0.058087934539879156,0.09561147365513956,-0.4923783293060413,-0.17940295406326157,-0.3405754316763543,-0.49648705098376167,-0.39651244206449787
032,-0.11350626961441711,-0.3495773367164413,-0.06045265276075727,-0.4783789660636001,-0.3052057196776495,0.11315078350232115,0.4577979355488523,-0.010770851213892776,0.22390571931016134,-0.21210576895941308,-0.03881547599701811,0.0036562164231761923,0.02199459307020528,0.10046406518487162,-0.00944643032761279,-0.13173567982792456,0.4369258903670587,0.4780341618207282,0.27342788226809706,-0.23974601824345038,-0.2180069560163856,-0.27758168796289573,-0.11318305645613173,-0.1345217032805005,-0.2376504243916563,-0.3074336565659084,-0.26315986236722166,0.09813341042139388,0.3514608077182213,-0.14847211613749606,0.07087857861855675,-0.17513935825095328,0.0929987846404245,0.1148583288092171,-0.17193492064491528,-0.494057229520711,-0.3124186545877743,-0.5217048193359309,-0.2707798141075169,-0.029186213557913218,0.5826425171583637,0.23300644339974974,0.4503829301350091,0.29790651284660336,0.06554005646131077,0.359826606687675,-0.02827801078777338,0.16716313957784523,0.10258322957516004,0.2636567218305709,0.12231616627372684,0.23866842549628153,0.0012170525247877234,0.5143108373902028,0.11806021150889569,0.1817598513526404,0.18594077931575514,0.21642916555079728,-0.43559226532626416,-0.32098179233888025,-0.11547096044748549,-0.2391812927226234,-0.11421276101599813,-0.06040907956354884
035,-0.2006534274470495,-0.17020558386808537,0.01562987415152517,-0.12050534728892748,0.04891166809675246,0.0077500716280604065,0.12105577268002424,0.0269064700209386,-0.529711450713444,0.08760791937915507,-0.5952744587336348,0.0899533843871893,-0.14460345850027645,0.032254377566673265,-0.3115352244476415,-0.1521450440045775,-0.5605428492978096,0.24578937706255963,0.21189282890280942,-0.16927238000978606,-0.0795687481218958,-0.22403455115019466,0.012884859310878127,-0.27612386240190123,0.4675509834783577,-0.12985690585814402,0.4634749110147596,-0.3867133828648104,-0.1859280527164291,-0.1046341338156993,-0.026063191263996366,-0.15229543943061885,0.0010922985001006746,-0.15682355214177457,0.1307667077911055,0.10678556964510555,0.1294855005513302,-0.22116945734147242,0.5176430914438898,-0.003010324861364655,0.7048971116146223,0.2793569579236659,0.03827881122792709,0.3044104242958192,0.0192217111030224,0.10548992551970293,0.13332401920394554,-0.25356834025115316,-0.17356972195040976,-0.10019902099074546,-0.1877142730125746,-0.08319290764083515,0.0635073831094195,0.06882828286948872,0.07005162518092756,0.19030390180272116,-0.002329309828263071,0.08380154313015964,0.5973058582919208,0.21467925847977223,0.054290207133640744,0.3313547937227622,-0.014907242146364241,-0.26038583812085003
036,0.22480534762480692,0.23484975154980953,0.1952573468247772,0.36696074587860267,0.15277519320227645,-0.22139643101100984,0.11366934994591998,-0.43643133147241214,0.33546214274782876,-0.07262041661487412,0.2673430398214779,-0.15499508783434263,0.11108006896689343,-0.6021923174115256,0.3766629980767949,-0.37517733364849903,0.47159900932210036,-0.032282608620264996,0.009278340667638912,0.023000569860604225,0.059019688675697124,0.14085623687072285,0.08947022446737507,0.0633888797642777,0.35051759024903556,0.4363511105641705,-0.00957328337774388,-0.12403702006036471,0.22853372942832667,-0.1326949482023313,0.3773262495866054,-0.1199562471834987,0.061356157856012394,-0.13323371559199235,0.23939925660483502,0.36754241040474894,0.30216983431886685,0.1505707353330355,-0.317122826626266,-0.017480290287095274,0.051185989759525874,-0.2070167821395596,-0.0026465189952245283,-0.08796992818547303,-0.2941642229019554,-0.029313871303069672,-0.6195016337997863,0.24627964044979306,-0.5287379184005563,0.3736988384899334,-0.1861689316973597,0.1790395553411414,-0.5525527867675244,0.0913932031240266,-0.40202797271265417,-0.007059431611759537,-0.24426874266549078,-0.21103752322045452,-0.1417465152544831,0.2184948190971619,-0.14481948961368715,-0.11436747499495503,-0.216915681025367,-0.1698287716432439
038,-0.14060218497864663,-0.17115472815578284,0.04350961210184223,-0.04013907612794232,-0.2878625924649372,-0.11463140192559065,-0.14280589073276917,0.3133029668711069,0.05940264549818741,0.30901741525949933,0.03226170197109138,-0.04015503366235294,-0.2935660601936302,0.23803606319287254,0.034580398548935076,0.4640582542146795,-0.23217951045602245,-0.23294481553512728,-0.3086155482145771,-0.2456112293258662,-0.03651207829387032,-0.15844618950464212,0.02603366241013555,0.19729229647418237,0.039938255084736,0.1022944764886399,-0.01938660336544354,-0.1718854634643254,-0.16259356459143268,0.20017573658810436,0.07309944256780856,0.4309128446264555,-0.29804526004779963,-0.016005246493421527,-0.013891498430948418,-0.00892131596513282,0.031066756979211657,0.006563798311193941,-0.28115954202821636,-0.35544486058719693,0.28315976843550317,-0.05315712129140876,0.19303948941870377,-0.10147108138037733,0.04363940411431036,-0.3354103066328077,0.07742896185850098,-0.04368577082054133,0.16760791617812923,-0.37348744398245004,0.39807361252165774,-0.16568023169514146,0.1311220251224193,-0.0018562288404792848,0.06068214284816745,0.01796717290834332,-0.2787420023190568,-0.2767263789495299,0.24955976614191674,0.6482106866619348,-0.29754369644383205,0.6529213410722041,0.5537478534305639,-0.37838651099973775
039,0.27895932573831195,0.7331223013045989,0.4098628185424108,0.42705474503235397,0.30299017563503633,0.2853341983728551,0.1780232730191076,-0.2127570073957882,-0.04022147206229312,-0.12881870737482198,-0.0268789787678953,0.17506408398224788,-0.147517238373965,0.09457391370738111,-0.29486001599202677,-0.16246540129651676,-0.39972196241221924,-0.15500441164361703,0.11699923158028291,0.10508059353392002,0.20993326740140017,0.1446726206691734,0.5298963589231868,0.4323283993365731,0.7223992461349718,0.3632072007055891,0.18356473736252243,0.29879899313936975,0.4105280293194279,0.1370066134134426,0.2697127121298917,0.4366747758495817,0.08397121246473144,0.09000820204795673,0.3832272993040794,0.7656458791452779,0.628857437072601,0.12622918455721543,0.33667482910892466,0.1361833298577783,-0.0034060940769150005,-0.6256317559233059,-0.6190277426280006,-0.2845449683415423,0.08113719690522947,-0.46284151152222935,0.07007236797614447,-0.5054205332863247,-0.06807492189687042,-0.4618702803180675,-0.4555801765073262,-0.4275810296071093,-0.08456758392591597,-0.8392144930792582,-0.25662569914527933,-0.7632923733908689,-0.7766321385535924,-0.4923068911196621,0.011098311071581157,-0.19871567828407583,-0.2962449631232943,0.1562937972107803,-0.3095291925643531,-0.6158334389428012
040,-0.12035967839576883,-0.34907528622289435,-0.6922656522956523,-0.9940682860296195,-0.05732142114964778,0.486768944089328,0.13998131030188876,0.1613191063317777,0.13965052961225977,-0.26614046236307026,0.5012275022312356,0.276251459091988,-0.01980003017489579,0.14774491669342094,0.0677221096442806,-0.012742350983929701,0.2903217109633901,0.37529368334287283,0.46093199584901645,0.007481847126940527,-0.32953558109173386,0.27175379503437525,-0.09570123639738237,0.028564137651530985,-0.5726998672815214,-0.40028588244215413,-0.4404937689765573,-0.1492038756889744,0.18868185684474725,0.011374560719724591,0.24126787071608657,-0.09625901218077051,-0.27456076749897335,0.12833941002372568,-0.12114857685938404,-0.01053629343700252,-0.11896282033022518,-0.21996374643486546,0.04892665507793137,0.12276990702197388,0.1421301087653486,-0.12329335005132966,0.70966478455857,0.29899529883747833,0.07603552725311635,0.2247661401992047,0.6156314478703099,0.057710126733899525,-0.0031186207239822794,-0.41253489684806144,-0.029984003530063252,0.1771378824673404,0.27022429329217934,-0.0775880887412167,-0.23723023416321293,0.039584356628477146,-0.016130584533379483,0.2491591403138741,-0.06378734711808459,-0.1818195980852923,0.27621993289334457,-0.4275736826319274,-0.43871530862366226,0.1192679631035981
041,-0.03451357743724251,-0.3312828966514424,0.07355556671151188,-0.34898439789319463,-0.20104972070801974,0.28370187353844,0.06446146579600823,0.16265336932343866,0.10554806588703661,0.16572416722006406,0.22827753230217446,0.1402692980551589,0.17746675241519821,0.2968714699188702,0.05897553418398144,0.4975046447055015,0.3321970566508474,-0.08305795850532069,-0.10165011864168924,-0.08648969065988926,-0.3246017220073529,0.04179646474887283,-0.4197537460686617,-0.03485916994264057,-0.4515999789072484,-0.37005097417793126,-0.5669729832021968,0.20243681573506617,-0.17233639749897073,-0.11284320801696973,0.01622095696314324,0.37479926257216734,-0.3549336327331101,-0.14288182155771528,0.24828990491868277,-0.24632707693108769,0.1909239097637886,-0.22760619947812755,-0.6090124439388653,-0.10475859552616715,0.21647074991820098,0.004064359083690128,0.43219160891371317,0.15687491649431043,0.35392415952559053,0.1122295481208801,0.27751926322478215,0.1329153442104867,0.19944837122375847,0.36206039055842376,-0.27801927906469753,0.3453949615048622,0.04641267753884676,0.2472051701855894,-0.031662235732016986,0.44028258514568,0.009580735219264808,0.13188878304218477,-0.12240412321769209,-0.645360634843815,-0.3860580044489796,-0.4505521427656795,-0.2164327766234312,0.32591777185993975
042,-0.39282275857730253,-0.17412289866504294,-0.3921449763705829,-0.16072290174607162,-0.266894745343895,0.022291218677155777,-0.09722631715262575,0.12684783255418397,-0.47511751137917035,0.05376442231355316,-0.22223404431562832,-0.0248158597126813,-0.07682722106607565,0.15251577739461797,-0.25909980037531555,-0.04090463649925247,-0.5689865814507532,-0.14811813584108924,-0.10708435024503382,-0.278210097427782,-0.19357880500903735,-0.24977098843063505,-0.1569082325707749,-0.13886222040447738,-0.15801206078488383,-0.22332507680956315,-0.4185817038200922,0.05659501488666496,-0.1166348479674727,0.06380484440262091,-0.21543260798152675,-0.3002857452214226,-0.2017060356999334,-0.18820543243822352,-0.24092996731144023,0.10768918504019331,-0.03274007990296246,-0.4441423874445237,-0.3160300919359815,-0.22985353467305658,0.9698568967848338,0.9482113881934542,0.525618497158687,0.6310325520237334,0.27654093314355443,0.05266511051457101,0.3799865814250283,0.3073409060178458,0.34950931337003666,-0.10980794209344946,0.3768389165405974,0.3930352590656403,0.7222976865525534,0.3291754600070802,0.9114014273241682,0.35900808476066737,0.33226221087013275,0.23373567685049923,0.10043560154470277,-0.5445007421839407,-0.297870134130656,0.006026510515958705,-0.15939560521232,-0.1665802297380683
043,0.2655640772174329,0.08900570953788245,-0.10092499888779194,0.1107379439318148,0.04714324584462726,0.2753418084845295,0.08761668798838373,0.8266833538716678,0.5990682049360117,-0.1500195144347739,0.5228762656716164,0.3213626956878344,0.07592979794296828,0.22868857178015156,0.2225731431221759,0.30205031384714687,0.3542052762042929,0.07529748767515121,-0.1606935241498132,0.4918412486921919,-0.017805734998584177,0.1700916381023797,0.12502481161546375,-0.0034071162986063497,0.47386210676491625,-0.28864223511486475,-0.4981348435670306,0.24709743995260336,0.04408281518146806,0.251101545585948,0.17498504901609757,0.026022098145305428,-0.3254903069489805,0.055433150626116756,0.001462771275960506,-0.23844129555242355,0.02275171872423276,-0.424920312245778,0.2609186651935518,-0.06428679574859009,-0.6340801598775858,-0.49233985173311823,-0.5927995093608168,-0.449485250374669,-0.004905068180192318,-0.2762525470809445,0.11852376585935165,0.12080697605868718,-0.009873585924802919,-0.2672280095103766,-0.28171502460189274,0.16714112705416018,-0.37325015194865196,-0.3265335635407497,-0.3909279024696201,-0.23420302693112416,-0.6614348544124504,0.008762341842473376,-0.16823679352421028,-0.47386111288230026,0.2946595842253361,0.08058355798731431,-0.14018266759312503,0.5107787622466236
044,0.4001047752706341,0.39682835169016006,0.515111296322577,0.48642984038868153,0.2970888251188263,-0.14641478119956686,-0.2516508826037327,0.2702742239694984,-0.00458167237663909,0.30638183457438517,-0.0180558854647348,-0.12129227082269733,-0.29769123217512306,0.12142765464614835,-0.3390547331657441,0.13171141888100424,-0.47435553284939247,-0.21660811675320812,-0.055304868530321016,0.08420132664806979,0.027703900415193106,0.20875545211644075,0.4193528005436733,0.49774450154754857,0.45642147050229637,0.37192104171348905,0.45001906463109986,-0.07337552416337734,-0.23643553676636397,-0.06052436697732011,-0.04788319014219544,0.23818485324902283,0.10496297164614221,-0.25705585088739924,0.5200215783192202,0.4931895181262952,0.489583890215874,0.07818943734096828,-0.032518685119117374,0.13476211960380868,0.030852365930939762,-0.31077280089801107,-0.24270528823833848,-0.2016941614033948,-0.24587307731048358,-0.4219867580172285,-0.02926521108896707,-0.44874917770521816,-0.0220582076312974,-0.4181065751646682,-0.17158878381355458,-0.5350262202617508,-0.13780781871190695,-0.4516675137734387,-0.08531655631403645,-0.44531434384339863,-0.263989058426195,-0.3165905627547345,0.04847716601650298,0.10638192078596787,-0.04191558658871797,-0.11976849016088509,-0.1577751105025963,0.014690832391291986
045,-0.18495899380843406,0.2560643606827026,-0.3126119485474599,0.3204425425190537,-0.03427151412877777,-0.03628971523281499,0.06008872074118535,0.09007220932526844,-0.020604284670087625,0.09279355822254229,-0.47947811227960857,-0.14215847346460464,-0.09414565969235777,-0.002086720905581041,-0.24064788500387457,-0.01910182389002074,-0.4804872870536283,-0.12414003018730635,0.15790591339637744,0.0219906669042855,0.41936922739210314,0.022802912844333445,0.4517117468225239,-0.1900390784341519,0.8333277237051899,-0.07635957236194535,0.8602474351194056,0.13831142159219237,0.14881559207923772,0.054817459930724066,0.1271406341793322,0.0024789386965623494,0.2611797009504698,0.1456291529894599,-0.2539864704050008,-0.16982716580535873,-0.1737821688620067,-0.10326612506340233,0.39891062198815574,0.22590040548163953,0.2136069452079115,-0.12034076512519176,-0.0538013243551701,-0.2747893927355731,-0.3623587505921706,-0.20922515090032628,-0.16199485433913718,-0.2116366409248791,-0.08851007790396448,-0.22984983945619675,-0.11445623943305999,0.02970431377854263,-0.3358922455177539,-0.24503552399850437,-0.32293345303099796,-0.016591207163288102,-0.42174463126056927,-0.05550480559830151,0.47978592620901894,0.06441985877790757,0.4792281435113069,-0.1420690378168029,-0.02568475583740093,0.17391559273828
046,-0.28911879547798364,-0.04096272629044723,-0.04851364339864539,-0.12708959655763183,-0.10405338534571634,-0.21912550003795425,0.05472459409186961,-0.37823097513910253,0.21586545630218068,-0.162134354618489,0.16005215930561184,-0.06972241113934952,0.08017566118051023,0.0769259459381097,0.3826208879362965,0.05453065685715641,0.054765490974546305,0.07913014326359707,0.05083938910032065,-0.2361630527173942,-0.3220042921263089,-0.2435209913951392,-0.31322706277043544,0.02932601374563598,0.19642574433672538,0.026597719099568595,0.15238622776019045,-0.38531626622214193,-0.28844930784158784,-0.21305428889961137,0.01253891559402548,-0.11043971917586143,0.1338748034029073,-0.11212883128171719,-0.23699611377944083,-0.015691738724581433,-0.27296131094675263,-0.08939768579158483,-0.017889978432192866,-0.38622636562444645,0.1592058715580812,0.3783612718723342,0.12431481164318253,0.22525044496623975,0.3251621359105402,0.09643299401706301,0.642837548658123,0.40427513685737165,0.08674997713561894,0.17991765271257276,0.07192919304370265,0.054219084357607306,0.07688862748822997,0.2541740992506179,0.26635417005993434,0.012738836564077066,0.046533816683036994,0.09391001526723691,-0.05675346831688316,-0.18520684960743772,0.2081331077918836,-0.27888603165000786,-0.13704882927136558,-0.12785503214649688
047,0.37759471360998614,-0.17422857662005883,-0.08285228585346549,-0.3791541692543374,0.05938007002902875,0.06684193810055913,-0.060548763979349086,0.46998921406513555,-0.22301479665875532,0.24484427152808821,-0.08345656003540264,0.10377597919401074,-0.032519739466948396,0.2771046790011367,0.12247367513108201,0.044309386171706065,0.17525072385369703,-0.10042984093494384,0.06406754023380687,0.3045660480329122,-0.11457943390361305,0.36732155113926723,-0.3368388553632041,0.020286683094372253,-0.7142672281130811,0.194267368350217,-0.5638760853716527,0.3446473399762793,0.010290396654244575,0.3073155703417775,-0.30607051734383534,0.24518751903447025,-0.6645443785878364,0.019203596823286005,0.21385933202644386,-0.07128207028940922,-0.03535899187716272,0.0879313270124081,-0.44993689693144745,-0.11552018198862976,-0.4492757979296274,-0.1799739965935976,-0.3024751177989608,-0.1478336228450031,0.1938469997876034,-0.04843225081981437,0.12042652828651637,-0.07943652851283659,0.21956965329889488,0.09460781603777915,-0.00851441729786815,0.5016178866156602,0.09431071964075882,-0.02713234452542982,-0.055139567529677226,0.16941833061187825,-0.21123247226596883,-0.012187031143737682,-0.16127227676570416,0.02297861260536107,0.13638138844319694,0.0011298123378545508,0.09587561977341205,0.42071250575852687
048,0.3422618371381153,0.13970373797425117,0.11081876795736556,-0.15236552985447682,0.2623152506410862,0.27997138449588044,-0.21721281374382873,0.032705804589416854,-0.14748335912479682,0.07452141363413567,0.0934539420618028,-0.27678204847897603,-0.2456661244685372,-0.2017970941455376,-0.42688411274026317,-0.2753648576344174,-0.23659453940392283,-0.13513136532401915,0.08523675417862964,0.4461833734148084,0.2807152359110586,0.3439239179423965,0.37761349879337747,0.0932390865636672,0.22448377515342244,0.10458580867430656,-0.3032522716305426,0.5117202314660494,0.30139475233949253,0.3509576071708893,0.1675211964214799,0.07631456177871554,0.20697496053747466,0.3694829794083564,-0.046623019744678196,-0.05747438788401005,0.014133749489611436,0.04048832561864302,-0.1900813471530831,0.3902135920915414,0.06904759682456652,0.025776148311891234,0.1536681769909951,0.22434981853531333,-0.4326594044576222,-0.28287727785225125,-0.362465884674845,-0.38944143154187616,-0.32879806515820165,-0.34871530932064587,-0.08099290110901758,-0.0739007125678941,-0.27948917001117435,-0.21969467018679878,-0.25424976157522994,0.0457053315480378,-0.14840414743438246,-0.2338379164553368,-0.5578913237257497,0.12138673940801459,-0.14991539536716747,0.5460819676692699,0.28990945991786043,-0.14081454188263742
049,0.011332518720798546,0.3636080054731702,0.12316765297146026,0.28126940676388257,0.1727998494547872,0.13789497515310956,-0.10570176969364153,0.05625336728009955,-0.12410360888544353,-0.21298173790452601,0.0661083848393676,-0.19272639592669197,0.27114979132594974,-0.2014395311303995,-0.04771160066013444,-0.23824456458139825,-0.10574943666271175,-0.1799727835763211,-0.1404224926954618,0.053139439445494596,0.21131136501907255,0.05065597954596035,0.19668031976284195,-0.015256642337313053,-0.14893199162153392,0.04188616499612963,0.09803328950462137,0.0955648003825178,0.04377772786073458,0.08348293571203591,0.04993916830373335,0.015534390271357279,-0.02138685142718555,0.19744592869569366,0.09990813609110616,0.6919066703955254,0.4990161037252099,-0.3028716903488521,0.5375039760553157,0.1804733978973575,-0.1361756477153055,0.03459570069293083,0.23908164620895844,-0.03822740073966213,-0.20940354469699152,0.12865875920212022,-0.19815416569630426,-0.28821133498756724,-0.01942561479605892,-0.2412387079036181,0.0003818624436170426,-0.22307192176163052,0.26282895751441515,-0.20022931393261856,-0.02361056219905533,0.41505895325626563,0.0052088701661289205,0.13321898138202892,-0.25795671700616324,-0.42846949660640565,-0.46180763414582215,-0.24736487488154443,-0.33444767231952355,-0.5035817696739145
050,0.04421374892253545,-0.3883582764577123,0.026865476288816904,-0.05226645331837597,-0.12157245340484339,0.10173116037406148,0.015201443599257253,0.27615901217440714,-0.1175268273414196,-0.10189944325777046,-0.1884526893071203,0.07316184030971289,-0.12529526181907794,0.011562838708528079,-0.125173870507946,0.25190865897366577,0.018397379711175072,-0.13738344276576137,0.11281930861816881,0.2348581862843006,-0.019091142964873586,0.2581385075611184,-0.0027287803799447945,-0.013919217496562091,-0.0770888469575836,-0.3388605431742513,-0.23636516115677497,0.1606386687412309,-0.10621681830425177,0.3374826734531096,-0.09422544043708798,0.17766584048363618,-0.09162963807642556,-0.08543367559194172,0.21542539789365578,0.03719472358038921,0.12621545950640642,-0.30103724291838146,-0.40919631129680556,0.09866695780690493,0.1772811064651682,-0.18052224515698112,-0.11236029297778734,-0.28783715118767733,0.12583031651732665,-0.06588151269816174,-0.038814235642425574,0.09452492830782404,0.12324534171582142,-0.10442960579858758,0.006593322053226037,0.1272346437423964,-0.08179416208199457,0.043417589782688046,-0.14910501291983247,0.12487909005742782,0.09473813480427988,-0.04548994383085002,0.02542513910409393,-0.04226195482728358,0.2106744567448361,-0.07672650142805217,0.4976994091748253,0.08909339402355039
051,0.1802880279071093,0.09812363617334002,-0.08042887651863567,-0.18137477919778155,0.1273967016609321,-0.33626829356442167,0.05555863552261084,-0.25341521129920086,0.17940762924161352,-0.043296112778945295,0.03580945147505553,-0.23767205241266476,0.09607430656470078,-0.34974964707024836,0.25755078044258917,-0.3617600526762316,0.026091892486262508,-0.11660481475765161,-0.18983310735992165,-0.14989656940723517,0.00875664537902579,-0.16334773449429985,0.01033480275634105,-0.35990903639934013,0.1660342754186506,-0.06072091145166569,-0.0775529853208369,-0.39756798950595884,0.09802346368168702,0.10618638517942028,0.04846332367138853,0.10300064712469897,0.15998070627878355,-0.053846442826726265,0.1506937422041547,-0.012183535368916393,0.01671911734092177,-0.10452784312653288,0.0938553824977532,0.07320426125833351,-0.09151252157311152,0.04957237877827489,0.45228363842445446,-0.31824816900289166,0.060956431946542294,0.23496358475175683,0.20928986468966584,0.12752261192563058,-0.0411065968175007,0.3705448398480542,-0.08701413672412645,0.00883183448043573,-0.2889941036306334,0.3626832713697041,-0.39750380444969,0.5981155282168973,0.08761940245590252,-0.14657034309059275,-0.11717553638630818,0.1460340986433341,0.5239061429614653,-0.30080078196869214,-0.13460862478717378,0.12961317121044535
052,0.421052753123035,0.452368087052643,-0.24545666457695683,0.10426892266399745,0.33034237888246176,0.007865397640722083,-0.05237930882310213,0.16720743647877565,-0.023124453458450156,0.49126653573013956,0.11783730940570683,-0.33927962552392243,-0.2442839653456281,-0.15131106359437554,-0.32432135796770944,-0.015794648309615744,-0.011944678488588295,-0.12785883189862354,-0.33798172738614374,0.45861793827542097,0.6170762202046877,0.11218947998787024,0.36680695858694945,0.16640507265591345,0.3185337186445375,0.07339775004158755,0.5173481360523127,0.12458940367651208,0.1976321658308544,-0.35745143138459634,0.26082745279814235,0.3240474574417569,0.45071173273690135,0.32772776913568125,0.2169278814140367,0.2710426302477007,0.2019701896885099,0.5468499541387309,0.18694124126440514,0.5285545420819155,-0.39102500169704724,-0.4799677487372698,-0.6695625212072716,-0.5633442746865873,-0.15957302798508058,-0.41988102927856774,-0.1979834738432751,-0.4203950494587756,-0.3156894436787582,-0.25044682233558624,-0.21377788549832052,0.034430645871976834,-0.4192958849021584,-0.5694106852257618,-0.37895218109373807,-0.5635114034295716,-0.3853763441286281,-0.09683793918622366,0.20387580840297864,0.11698991876049714,0.2010288054908555,-0.30737927955921496,0.1175831271032137,-0.000717068821880773
053,0.06590316497175347,-0.2044610034390622,0.09590877152923072,-0.2013613297199268,0.04861542202088254,-0.003910615793784267,-0.38783991897921355,-0.0672820060877524,-0.32054775291651993,0.07640140853967814,-0.5219722986485387,0.31803997956250374,-0.1567208654788012,0.3220779632389845,-0.1652454965003355,0.31277443740670163,-0.13636907162404535,-0.09928178510699381,-0.08618865068380432,-0.17123831699145642,-0.2726703602242041,0.08661069731000542,-0.27818212038393,0.31484465695815,-0.2606277115421708,0.12759972191397706,-0.335189695798444,-0.26010724074528896,-0.5675156213669228,-0.05615475489352367,-0.04036606452087893,-0.028031618962064048,-0.19832471946216487,-0.3593567741059277,-0.02294529892017838,-0.08370791967580249,-0.08325397642108989,0.49765773629420673,-0.14462965584480622,-0.4701987939915301,0.011534206501938704,0.00947114982943198,-0.36156737468491207,0.043756242655027866,0.3385682408746249,-0.03932747527148733,0.3715933649836065,-0.442701965826228,0.45310505945340107,0.08098331591822838,0.25308225031628795,0.015798160263758132,0.4487915447017391,-0.21614149317500403,0.47762524744367996,-0.30344191161195516,0.05065799449945396,0.04470095806520347,-0.00435613356885578,0.4998212462164847,0.7627309138409331,0.412901503231607,0.5270862857362997,0.2825761486898226
054,-0.11031790909885297,-0.4511412593407148,-0.09416990112168411,-0.7820046828653752,-0.30960190030251356,0.18951291578780793,0.002549361318179455,0.1270002125273325,-0.00018941762475271906,0.05678138847027048,0.09107648610158267,0.2215110166068059,0.33268273287627964,0.09783125804087961,0.0960084061458906,0.12028816220712812,0.18752166850383098,0.17911242473641276,0.00534112031288847,-0.2948158147673564,-0.5029551993104519,-0.13770677128010161,-0.47022071916001285,-0.12906185598826536,-0.7696415125785133,-0.11544509136362202,-0.6367644182515365,-0.03491655777960562,-0.35642642064717234,0.11203704315445945,-0.40753055008220385,0.17609409873254583,-0.33735864420060047,-0.18251558132283574,-0.08391177312424014,-0.3469549015706971,-0.29816844335337134,0.0504324392918406,-0.3518885434327962,-0.36284385217966186,-0.06489130354132189,0.3526258093810515,0.07405154479818649,0.41027788802293963,0.5375118201664933,0.3821624968194913,0.2809055394489324,0.3605745370044464,0.013878550023539604,0.177796288334149,0.034650853589310304,0.04246238064149854,0.18560772706982398,0.2156148288788983,0.175020885114503,0.14641022521696656,0.5561303153287234,0.3834547895612685,0.3923105370480282,0.181665849263858,0.08772350398573237,0.14383710528374546,0.2910678062782829,0.15992100821425595
055,0.1854889179225934,0.15542639824519083,0.5105098505492691,0.03193688531193134,0.2851071957593496,-0.21611240275266966,-0.2692425346555246,-0.05854775399046033,-0.11631939751629258,-0.040889227114456306,-0.06924682441355531,-0.2386164900095382,-0.27707579785947245,-0.22657867511888527,-0.272066871534826,-0.40142259232432775,-0.10707993049422401,-0.3079635465229208,-0.36426648334144573,0.19905316662575423,-0.013813736201704757,0.2089406803136419,-0.06022923663986249,0.09973589964047797,0.19008097472962826,0.09162421680732677,-0.09120800260845938,0.18983366539993202,0.0403171264846329,0.07055640207163846,-0.17135574060992956,0.08003999808999748,-0.0054514784782786485,0.006236988796379267,0.5255846057505078,0.4850750903066552,0.5762863194818265,0.17853189905076314,-0.09741748856197188,0.18352553408246466,0.12474712729957921,0.2550107772344844,0.03497470379225487,-0.04028135990466253,-0.27570202271227406,-0.08515464109057383,-0.09385214568143987,-0.11104631260124351,-0.225130727431638,-0.1612452646046991,-0.056351101038562196,0.09123059799270497,0.23868960669026448,-0.06976269152471745,0.13179044297082068,0.09593983261462927,-0.028000197652676834,-0.23695103959773542,-0.08119079085253597,-0.033460088325998255,0.18655540796183606,-0.09912285808014484,-0.3473381001653877,-0.10333675996344013
056,0.22199388101271603,0.04198956003083415,0.19671535303976892,-0.18579998450255844,0.10462671746532409,0.08834036360573363,0.3069764757784711,-0.014034103002414727,0.4270257164294995,-0.15494841860928768,0.014087651580995397,0.0867354559515949,0.3342671838288448,0.018390722093253292,0.24636775917343182,-0.062462352314570785,-0.1205294553215909,0.061390181192208876,0.05250263501878555,-0.03879532866488947,0.1595875107753799,0.14757930370692626,0.1669021561229451,0.151650598403287,0.09740423322704275,-0.09331364972735837,-0.09756075952148965,0.008956968713322438,0.20567441950650814,0.011027596733600181,0.09772030166484,-0.017733801494113938,-0.0453793962347894,0.12739214838034366,0.188886739982925,-0.11640651550654238,0.07410870579124215,-0.12736979583441774,-0.42236533699257794,0.11182154933821037,-0.36766600942407124,0.027121340179564607,-0.27716752295395786,0.03769685536143161,0.13313414617315197,0.1551385908107966,0.041303162003014954,0.1561957769847121,-0.02437653383074992,-0.2246027101656102,-0.030016766193289773,-0.4163188072535621,-0.02842422979659162,-0.04693822568542863,-0.0245287692401788,-0.30562049833380167,0.07178034173250233,0.09542876652121504,0.05147248028607493,-0.2501275363825065,-0.3900244919471849,-0.16214352671148083,-0.07891079750599464,-0.3958280254494888
057,-0.39230767857673904,-0.2796977545483179,0.04900033585386154,0.5065794754136819,-0.44754673951745133,-0.2411499589327979,-0.1543139357354482,-0.05487246453368047,0.22154765318784891,0.03978906016876574,-0.08791940953401063,-0.09085994451983918,0.12135421417295211,0.3112998399890468,0.002611014089937372,0.35789874021139984,-0.04663591928695144,-0.10597156669348012,-0.43278201276754674,-0.74721666971356,-0.4450426947886654,-0.4838548029768455,-0.3788495638505652,-0.2395976792077341,-0.2819594412479168,-0.18741076465768192,0.20035942674609158,-0.5231779310921107,-0.4161554704566132,-0.2600313946530158,-0.22782515973334938,0.031747224143840416,-0.2055561619107452,-0.2190095047957433,-0.1587296706043553,-0.3635739559347731,-0.33142848673250325,0.22326685469834306,0.2345590726756414,-0.5768354857492874,0.18648271464581317,0.25648472184619414,0.05483025671279912,0.3072480875011559,-0.04087457042984735,-0.18422739073887195,0.40581340439638425,0.2553296730844615,0.6043907657844505,0.1820915451917749,0.2961887743820368,0.30568623397211364,0.46615879928935117,0.15698041877432067,0.42815050609241406,0.2368096985025971,0.14446686817312251,-0.05936198264145531,-0.07156438065153292,0.48954030864641923,0.17095010317689457,0.35769415784302766,0.7613263783584232,0.36970421948827215
058,-0.3354348057064964,-0.21735116275768826,-0.38568409135449266,-0.08568189749123176,0.0774671262174444,0.03980009226768966,0.24609996640538895,-0.279443094692493,0.45123712765361873,-0.31014569392769986,0.3451856913597013,0.3019598808373621,0.27584445407645836,0.07438594651892128,0.429304950351385,-0.08254654382507148,0.4257498067577899,0.29487684318160207,-0.03706418197460526,-0.18782383862763816,0.329027438946427,-0.20473015216121743,0.28888433865582924,-0.21907627933481524,-0.050056310786510155,-0.48234882675508994,0.05835755953459504,-0.37061503623037606,-0.016819082533059276,-0.3860581043052299,0.28013116989027725,-0.4770635943188462,0.23271867085130177,0.0008625842385364402,-0.24412265384811713,-0.11634103664382422,-0.1792452918643607,-0.5444038971796024,0.2662035163479804,-0.20739869157478533,-0.05650489272041184,0.10693989785533481,-0.1620387396074077,0.2172746532132253,0.16858078225416945,0.32027581570533853,0.16019744227591975,0.18743336110406444,-0.06351934024153766,0.09378291097214536,-0.1553163649690989,0.041972830123050475,0.18649891423317516,-0.06945383497888447,-0.22120678360338591,-0.1489316109650647,0.10053854256241562,0.10657145051660083,0.40102274707199353,-0.3563569819946286,0.42224613054688037,-0.3681972193279893,-0.3229598467461574,0.41250724052119575
059,0.03028623062956623,0.21324724268280135,0.3695181086340418,0.03987200645769362,0.16285631142651477,-0.14750670656498902,-0.10080605485212249,0.12021455229898229,0.1758743921430527,0.11193235335919996,0.09189677054708609,0.24160108227231772,0.05300095571204014,-0.0802646820173036,0.1029498194963083,-0.07489672702655101,0.1423176672852627,-0.2400789223767867,-0.07656630617430887,0.014929797546109139,0.16244628650770934,0.1527152544430525,0.16848705710568648,0.18090729775541994,0.13538649043514153,-0.12899593210931484,-0.15863565046877695,0.06697493557429793,0.09172411983412793,0.07345248805560584,0.30463679390072473,0.04457811659983271,0.41314210883516134,0.08872654528868204,0.04360605681973234,0.1057337235905901,0.08249441848564912,0.08824664175835067,-0.22215081129022804,0.1736827606682156,0.03430073941718023,-0.5898384470293053,-0.033323899598688034,-0.12920373047920392,0.32197735345003575,0.09565807203312057,-0.3548873644690228,0.003353481060592578,-0.14265383910118964,-0.023468703223893217,-0.1871196126670791,-0.11927379222867993,-0.2956428804211558,-0.006528893377594075,-0.4645302918045625,0.03006954771245643,-0.06174073779634673,-0.19112359331649673,-0.655298058925322,0.14527412363562303,-0.2360705936463586,0.06714976196565348,-0.15225447454513333,-0.07236075991320579
060,0.0403085335505824,0.1832701445075867,-0.005521913869200472,-0.0444932672722004,0.21070770011725082,-0.22256166976614655,-0.3609907152801509,0.15513104939214425,0.5225034422482361,0.019852097330477665,0.175707096031577,-0.7593779215008284,-0.36311013788519764,-0.4654965946557711,0.2676660310022336,-0.012602886270350909,0.6881279827030543,-0.8134202980411057,-0.36460227738160966,0.18597799495989858,0.1583400808026153,0.18674152151875392,0.1495376825738291,-0.03508860506180549,0.1754278442606295,-0.1951843566563621,-0.12554425042627543,0.03148457036797451,0.04639404949099491,0.3267420138018443,0.16379551864221947,0.29119285574343823,0.04508960909214194,0.08697150481940938,0.15971131817086354,0.16204151033618752,0.16263291098329288,0.08058958729250923,-0.023528893278576872,0.09287709824372764,-0.09278908845143641,0.19616301908027176,-0.2903471276151345,-0.04426130337530542,-0.6623405029131219,-0.07622573411615902,-0.41612113234628817,0.23529035235260892,0.0661745036381444,0.16457430179762159,-0.08724902854118785,0.1245491288340021,-0.22843233260165796,-0.17768029074877442,-0.004509796951988908,0.18265776147134008,-0.3189400225839085,-0.7066836256752178,0.129799493988695,0.1573046639292754,-0.4175538454982881,0.17878346140315948,0.4876593028337952,0.6228798814516631
062,0.3445253794751812,0.2920100906481771,0.29980803684718116,0.27029165641214026,0.4721862135602943,-0.053969597488053245,-0.08575396421268816,0.16889765461330064,-0.2383691392610094,-0.07055136852457866,-0.35933272579705783,-0.08771817862010578,-0.068911513223673,0.06879063209520897,-0.1123730044178336,-0.03569609942868457,-0.18212512874466208,-0.15958184093235267,-0.09621252888302123,0.1139566265313594,0.4199002526554786,0.13161088143312993,0.30181337679025466,0.25213348647170036,0.2273272847660574,0.4046087019762934,0.1542740107652809,0.4164525536004397,0.2914480870031399,0.2503621432179139,0.039510313403675834,0.09572712401952066,-0.22510721096646552,0.2626949580593301,0.4629388273595017,0.23907586225361632,0.2632527456729726,0.3488153926377955,-0.38096318283955094,0.24474441446316297,-0.09012743543998919,0.029549469034692633,-0.37332123491020025,-0.35953378874432457,-0.16553122930436864,-0.16637129850394156,-0.13964310469058255,0.3566692023019709,-0.09804466654634647,-0.042704556007645056,-0.1170962714330554,-0.42756452193640143,-0.1212115354574726,-0.13287125748539735,-0.1440515313208341,-0.4584838802518511,-0.31111125033887105,-0.10237338099023435,-0.4100733145464543,-0.2741403200792703,-0.39975605580235224,0.04742224347336094,-0.3435407728903033,-0.43658073152249915
063,-0.46594707913527456,-0.31290802387748684,-0.24401933679508836,-0.003181604089199097,-0.35016234138410585,0.009998347836635446,0.006781830385718002,-0.12604928241824126,0.24308544584702765,-0.36667187596774864,0.27178275012566994,0.09089180864172386,0.312392623240287,0.003502614716768271,0.31474364562322826,-0.13797759421909733,0.1566800276290661,0.25849190027338403,0.05940480727391251,-0.2400829211118063,-0.08770323017980186,-0.1817771828958794,-0.15814809349939385,0.021797703497466653,-0.11097947730982793,0.011309117534504781,0.13921783520671777,0.09012996063346856,0.03820000269587215,0.05381316148775114,0.10264930510174214,-0.34889680764156283,0.18805042979906106,0.0383402350200901,-0.30861203170909457,-0.16441105645504167,-0.2757135952590901,-0.019150879959803357,0.0898777735581256,-0.19983233464794448,-0.060056839343361645,-0.07224184853084026,0.08071727842909385,0.056885488633128145,0.27168313044424985,0.3352176441430885,0.18308451973684867,0.32063105861849794,0.16593112688031936,0.2788981911347126,0.02257750399400299,0.14652433816115362,-0.12569796788334076,0.11850525445475538,0.1333312388354062,-0.055140249309807654,-0.004009310218378914,0.306636919404015,-0.17768935104508343,-0.28498788919380647,0.045138279926417585,-0.44236484520784747,0.2714552740655283,0.08605447629851415
064,0.1968332563030707,-0.127809555679552,0.13384117788379152,0.12318911452931908,-0.036252184940157806,0.1090388026614158,-0.017401352552551486,-0.01402194975079507,0.006240763161503571,0.21565772969182273,-0.017652831520208356,-0.15618298340216785,-0.126208562151916,0.1095725923540804,0.074701082305628,0.13941260440818865,0.04739058432014942,-0.13923616495449098,-0.13948148029928809,-0.121404177535408,-0.13812530062176676,0.0953191470774517,-0.062232545160433195,0.0615603887045173,-0.07985644527608515,-0.3668042957139739,-0.10679583495058487,-0.1113722952593067,-0.1506827936777596,0.08802864617424477,-0.10972003310231104,-0.19302600714321005,-0.12486112743615363,-0.23524186844505246,0.12282660229782905,-0.08742747594346278,-0.09934016420179337,-0.2581573545768602,-0.0354419507319651,-0.3430331258050574,0.33346755370942716,0.1753994721029314,0.09217012440004296,0.3008155835119391,0.06326194536544683,-0.03269417932734997,0.33298358062847694,0.07996112473760858,0.2641770184053026,0.028538006866211107,0.2679175917575985,-0.03403619610973885,0.13290385524067538,-0.0069090039120512925,0.06731340509612493,0.007162109562998786,0.054501504321870176,-0.15334563214022423,0.0554405439508493,-0.3055843056860127,0.030895308339807914,0.11525636930612326,-0.10053070488935911,0.10509229372059997
065,-0.14584375845831787,-0.02941151758664584,-0.4767112568250975,0.030845066507062535,-0.09301638155918568,0.17671732939364937,0.035811016635535764,0.23798282876932186,-0.13972546725891688,-0.053887578560863236,-0.27270782414277406,0.24294947312445486,0.06471554601674301,0.17130489136888127,0.260227593686394,-0.1210249227844622,0.2418432899012325,-0.11678778765476361,0.14375092629612174,0.09296916651752662,-0.021520628431925926,0.18952091322530684,-0.019013153614246603,-0.09348978862823865,-0.06177828226242266,-0.5961775598220425,-0.2877602313030083,0.2550400218567129,-0.015519018618436853,0.3088099675500871,0.08024152637787729,0.15863182515947039,-0.1714684052304294,0.10819411956030689,-0.2562472086923251,-0.16728211893846923,-0.24706131325747194,-0.18404371547323806,-0.3452987685949388,-0.003289888808925001,0.05167611633589653,0.09184276895698096,0.23025245195329685,0.06389194689107613,0.14892017334277163,0.1216325545899416,-0.14493558906260362,0.23976395021786379,0.18772662426827214,0.49054228998031846,0.3396185960830173,0.26596040173492824,-0.2608691287706606,0.2156881106892229,0.15320426478954796,-0.09109994293250334,0.02606745584677994,-0.027980203949852567,-0.47377718815889613,-0.5570634061983419,0.022348499295911317,-0.15665937734375546,-0.021498846188238052,0.20425855218948563
066,-0.027546761998105185,-0.21188247745150401,-0.03542844975951642,-0.22793879443323578,-0.45415248185392243,0.08905413943410093,-0.007123848697220603,0.02314738851208406,-0.12362505289062703,0.050108399486691046,0.1542710910214066,0.1124765030767983,0.058308383492417015,-0.014369303368209407,0.0168637433594028,-0.1259045482927469,-0.20931750562233153,0.26726232824412044,-0.08125954479698139,-0.26744984961474094,-0.22468582099681655,-0.11444884474096634,-0.20836073394513466,-0.08488021505557797,-0.18189991650351955,0.02999588861125088,-0.23220253728516566,-0.14372686864831014,-0.26659510962206756,-0.15537863284106285,-0.4509300653271703,0.21945803250931897,-0.2152445622660255,-0.033478194981959364,-0.05093734214070439,-0.1240236834679051,-0.07288822214896784,0.38730369287034705,0.4794840982135219,-0.40042025043862195,0.09935119484852462,-0.035084716942537564,0.30684457124121944,0.2443770510772045,0.005018724913656514,0.47795124570613606,0.011563135471537339,0.5649124592986557,-0.15704913043900104,0.30438075430705236,-0.17435507518020604,0.10225049214924126,-0.08359329437120505,0.2728542011423554,-0.13492848619951636,0.23943933499688813,0.203704487810015,0.07877562926994056,0.1704916277966288,0.14119192337871483,0.3089047361781016,0.1558563494812717,-0.043881824051831386,-0.20060946152518877
067,0.3070237176920224,-0.34629110572510496,-0.43799820129297845,0.1609542345445728,-0.010354310593634342,0.3523621215062268,0.17695859076390907,0.14653630615483482,-0.17519339708509776,0.36158163769076934,-0.3354420308968744,0.019402349550175696,0.26125459888117997,0.04653981862218537,-0.008151495331245373,0.2422178939183146,-0.016891147446355698,0.07994484309826294,-0.02925546362863657,-0.1131457291901507,-0.03818118099348171,0.2733889168927478,0.15565981896575126,0.2488193611770802,-0.07302846268700705,0.01140181547983879,-0.03958178213605079,0.07465095863001314,0.2030881745398233,0.08661189570259104,0.2013693660497914,0.006328497430934943,0.13590798071975946,0.2111366175885555,0.2595340854578532,0.46721783376748194,0.6426179226558949,0.21685051507396863,-0.1330672405666382,0.08365887071107758,0.6727186052547268,-0.279568834444742,-0.08023134285013708,-0.5113035810309233,-0.2617942173502122,-0.2654268766645396,-0.337818347938816,-0.020491580214330812,-0.08673080420376256,-0.06386763794476905,-0.30580652861690977,-0.45529267739678814,-0.24803536569097956,-0.142727156065389,-0.3602803167900849,-0.620381987092181,-0.3442385286612611,-0.060531380633964016,-0.1518041465760035,0.08802374951535683,0.4509304743058955,-0.047771541264171935,-0.31584858977603536,0.07184141643765976
068,0.2201684078280146,0.10991832495342464,0.13184209556722215,0.17731250478231853,0.12489752322910024,0.14511680376495767,-0.02972442992772599,0.47286486941451067,-0.029500340946263567,0.18942406588617577,-0.09045154926070047,0.08560002082157799,-0.1521743660890001,0.2544648197471745,-0.40040319818150494,0.1455563906697911,-0.40124576491433284,-0.1578629739906725,-0.3129248252731904,0.04314581342543157,0.1720031647119024,0.459649232601565,0.03532053142734691,0.352126224464459,0.28092999605408414,0.4683640140240217,0.4677460918976962,0.19083691982147022,-0.34526048692199873,0.29744889916094047,0.15228527832932554,-0.05065068722187056,0.43104872161153224,-0.1423500176149372,0.1815106680295397,0.19154616637462457,0.1501935347456348,-0.22228247635172677,0.5275448880929381,0.14610813757152868,-0.4880098768986887,-0.22451418449324034,-0.35027585481294377,-0.6178832487483852,-0.03963387714186932,-0.34695803521907065,0.39726577918279693,-0.21515280287433647,0.2085204599569268,-0.3065342306703285,-0.1437206939904086,-0.31168751697277897,0.08058171562613119,-0.4327645656236825,0.1706327536145607,-0.3643726833159974,-0.5761636257387617,-0.22645169051768244,0.10210182706716138,-0.04567539813962075,-0.11232189128565763,-0.2604303396258649,-0.05694017550921905,-0.10975483618342445
069,-0.14585737134919138,-0.37645462142484415,0.005274204017355066,0.3230911613366755,-0.29300709378074064,0.14127086780621018,-0.06049993289318184,0.1148131984075888,0.2415890624321586,0.24064689007243645,-0.21169320554730697,0.040660105408238,-0.31651136669056473,0.1952483131422435,-0.39235348232946254,0.10433555056741561,-0.028035251228790192,-0.2933001487251592,0.10311212776639306,-0.2520729117746837,-0.3406651362887797,-0.22091333325919355,-0.35311069212665314,0.04814930344686402,0.17333911422457682,0.2709889032425262,0.5408750895342581,-0.15960070690535283,-0.23459913900958643,-0.19163601857284235,-0.11190133888512943,-0.20526386573310199,-0.025266123946223296,-0.16745281743671966,-0.05004972928792306,0.10751409512505766,0.04134913977787685,-0.4522409924961873,0.3383366888883259,-0.2614512002725271,0.12744362452206293,0.2651442294311538,0.40781213091053026,0.3547065548271885,-0.11392358784248141,-0.29457962423011574,0.034351103378779835,-0.5357226052468216,0.3201079413039355,-0.05468802189042743,0.061219251388614504,0.3435515465573533,-0.2036316656710891,0.06720696195586345,0.2917933718816864,0.3320871823486392,0.11127481264711353,-0.15862911623122183,0.20001194933029354,0.3301293648683491,0.4442113323592417,-0.2967998648321248,-0.3629414676913185,0.44320726069273975
070,-0.03319575596443153,0.003937520606236866,0.03788753969171477,-0.07531141035306121,-0.15563485603333038,0.015343535004939235,-0.11707292188302565,0.19238808475594382,-0.05142993650051125,0.39918602253949464,0.0018738296998273007,-0.18294970266737043,-0.11799689737986618,-0.042430535240711165,-0.05175811931634222,0.1268485450610718,-0.006290688313495996,-0.08064464547479844,-0.154357597262057,0.06808271657074605,0.08363279779067456,0.09380074559716034,0.021539841574549357,0.2244052938943899,-0.03928808147809637,0.4055044036011479,0.06819303504688468,-0.04058323370398992,-0.03142077586803177,0.118288000797384,0.050457792849543326,0.49238466267761816,-0.015957429522289623,-0.10505171621350373,-0.13235233060232854,-0.09342648553058497,-0.07523550555224412,0.4686557307579313,-0.16727522049814258,-0.07886845215949534,0.5199666601556616,-0.1089920631004897,0.2149156367051197,0.13143998121189937,-0.23808483765450003,-0.38860326135263634,-0.12104639441803927,-0.183246276363361,-0.14935395785009875,-0.2513296892123573,-0.1060619253320933,-0.3269034469688433,-0.36499931051842516,-0.2098575655646141,-0.28791407375449546,0.044882935269459745,-0.4328133105415106,-0.4832556626767154,-0.030466046979365502,0.42825869879659306,0.2312517263238525,0.722135589500962,0.3615196369171828,0.004679156407265572
071,0.0038900558062842094,0.1694412983536128,0.3125647781596159,0.07546121137721576,-0.10786380085860373,-0.13828773369825756,-0.23443190522657234,-0.27206711813195994,0.07873449567542826,0.09234802149027146,0.10968036587825628,0.05155685131700666,-0.08802009542526751,-0.024458259270579402,-0.07168566762258041,0.10768563212443852,-0.11265020374725307,-0.035928912318562906,-0.0021560081399860653,-0.0920101683256431,-0.006585885767516897,-0.06325086241649128,-0.06373800438833108,0.12781155428733673,0.046548177323948614,0.03531859043932922,-0.282306213804819,-0.23823906849451756,-0.10852106172213388,0.007907854676345666,-0.18837093470336766,0.05859839716066381,-0.003950045793332774,0.0485890617562936,0.05119649469848922,-0.05300075570362045,0.02277823784257141,-0.05369921617088513,0.06896617357896903,-0.009189397447442293,0.05543129732577093,-0.011642833360570065,0.16318654193527402,-0.007369328951134596,0.11315041768322942,0.06572391102687217,0.033386804357410954,-0.06896407756189729,-0.10113240317794966,0.27912283354160117,-0.10951771106702682,0.2908717610259489,-0.10961933622568634,0.041811789070258204,-0.310473342152631,0.1634952354701785,0.15444262794696115,0.09518682197292752,-0.34091894840246395,-0.11458994631630312,0.20002061400591314,-0.15302954787082335,0.14900089488904314,0.3037599920667441
073,-0.272442992160962,-0.11371816800884871,-0.3423246823112406,0.06340622913666649,-0.2738257432273227,0.06528513087123544,0.17625481128118559,-0.2480377173389154,0.4892366993316637,-0.31414979561936296,0.14763064854886482,0.2188880306326888,0.5397321386967995,0.15092157751162333,0.5152792259499498,-0.4855162738372686,0.33399301058779773,0.3816487654846782,0.15008799747469748,-0.16969736777390776,-0.1287522306384699,-0.24214331990406807,-0.1479070350273336,-0.26963593031128535,-0.06516211615771078,-0.21039055851161748,0.3622318911462634,0.058290050406953786,0.21200797386178905,-0.20470159824929657,0.39482065359769103,-0.3460793106888623,0.03273121247145794,-0.008475539228901374,-0.37543133152583663,-0.21689038530046342,-0.38377514114949063,-0.7750492667369688,-0.7041607004325834,-0.16542095096282444,0.08108201792021763,0.05526558655819003,0.5348366834763838,0.19309585587708417,0.3235382278553096,0.6181470767494497,0.30097981996804224,0.6502490553744009,-0.410581283750777,0.8104673899922503,-0.4335755373657897,0.5149094004771314,0.056569494271447585,0.9172177212841768,-0.3407409598342268,0.5126202859395306,0.5852365136657165,0.32387630358787756,-0.41807435187217157,-0.7443639081012288,-0.6040968372098126,-0.6664713553320125,-0.6884772212883463,-0.00046787013130833444
075,0.13182856422241396,0.13230210459989256,-0.1173675205551763,0.07765093289051989,0.6898936251999266,0.4456851456602374,0.23181525462660124,0.022762083331634653,-0.011796888734459499,-0.0076188616047643265,-0.49186905431155414,0.2132775014499474,0.3174614089076646,0.0914538357924975,0.2921080097690244,0.07958473313084469,-0.36715963710690835,-0.14828922385219534,0.24711198179869864,0.1673699922544622,0.4242423361773055,0.30999367735172323,0.24468222039338663,-0.19188986752074155,0.5950263970449228,-0.23457518142661038,-0.05880019974016948,0.27373118246224515,0.01977104402606278,0.06639003778990943,0.253384361102702,-0.09690998446751897,0.07428736394361135,-0.014745400422542687,0.0453528919692725,0.2532470959837156,0.006226204162897986,0.054506237709863126,-0.7284449700109774,0.10002295932849237,0.3358975175870804,-0.056566241793397976,0.0027990602486894223,-0.054863070461112384,-0.025056850319887136,0.1931049752363837,0.04337104678728321,-0.004680996617758948,-0.16630610310082128,-0.0641170944398538,-0.2712815333712846,-0.5815868956898658,-0.03012025640268201,-0.18651546771965932,-0.09225415342281362,-0.17264001664945516,-0.04657344131169927,0.03693907639838717,-0.5255491356450028,0.01091727216812155,-0.9153990188071821,-0.11936972343530983,0.11054802551147247,-0.8123993680764889
076,-0.20462132188860613,-0.33283970657350753,-0.19999859467687245,-0.32968212357938237,-0.09769724141826733,0.0315252952773492,0.06477121567054744,0.07520696899793983,0.08176797228451069,-0.06873390582914699,0.05851014546520162,0.020690476844892995,0.15120285170567596,0.023184757741056432,0.2585072750372134,0.4658243373600093,0.2855755710249365,0.042210032274311644,0.041145841749639804,-0.17290870826955937,-0.20685984706571617,-0.21110233965735228,-0.16593064257181325,-0.1794123063602125,-0.2160768124388008,-0.06385299929184993,-0.05988755812450083,-0.10759254857329031,0.08119261101900874,-0.07125807249458169,0.08012145147950364,0.33258051828125834,0.21331365244897274,0.0005433250647913848,-0.15077606560757406,-0.327546483720219,-0.19847401205352214,-0.27729981122618735,-0.011892435820026019,-0.0767306783808201,-0.00654448290786238,-0.16290056327006058,0.29176124609556453,0.022298205116280202,0.16296098849175944,0.09206308269054217,0.15188980327306079,0.18886682371952565,0.15905190274222894,0.27065022140136213,0.0894999831011111,-0.18618795036185964,0.12059815266211607,0.5058976271669747,0.09582300618357897,0.17975475360271145,-0.007393634037516979,-0.13537180190096235,0.13927097361200255,-0.32573961024783915,-0.039667911472607446,-0.10316623935006508,0.022151533551208143,-0.10226619396626438
077,0.2393442143466251,0.1335424352865578,0.23615215997298397,0.028622879282575148,0.3323322900835769,0.18643440769151226,-0.04515555057857207,0.0406416502746155,-0.04966244585707247,0.07707210499202485,-0.3374526379551057,0.11483505803294211,-0.19109758257995152,-0.08572769650843554,-0.08886454135234884,-0.022946246185959418,-0.11048137687866555,-0.1929444505818413,0.13178806521331007,0.23391255433756314,0.24639267108514504,0.07123554410209468,0.025167095327869232,0.012511375190320972,0.08260117760380042,-0.02536323209162139,-0.5590356892422705,0.11603245034403223,-0.13449086274476013,0.24022917846269445,0.27335214061565416,-0.16799459609257877,0.0018069342407699418,0.0890716598357219,0.3103927874061714,0.23304145137741653,0.36305806061211876,0.0034915057386851744,-0.10849376429998553,0.0947421075929614,-0.1501548966122087,-0.05254863596171122,0.08335868044046962,-0.07555795838133317,-0.1289789143650365,-0.08978379199518538,-0.057167281499074796,-0.35070647052342896,0.06940954766741986,0.13669397739693842,-0.10150240654840426,0.15582266239042936,-0.2340901461095255,0.07672721735084789,0.0712231978852535,0.005531674145861198,0.07107121196343244,-0.17520298353772495,-0.2806720875467238,-0.2275480184311543,-0.2645099872567338,-0.025130843623733246,-0.10888113646315867,-0.14549589648608752
078,0.06779001352545955,-0.11236958037306266,-0.06936323936363942,0.09344225349738644,-0.24920139771346572,0.11569788812806037,-0.0601182275935479,0.3566608673627478,-0.011674561040135756,0.6414666214290554,-0.2001577575494039,0.23272320534794214,-0.14663907505343143,0.39063830238724123,-0.04728311549933506,0.3958429785173707,-0.0965214005208761,-0.14272732039583302,-0.14920244834031948,-0.02529568630208967,-0.18840037777480334,0.10149379980768092,-0.10923024221300781,0.022539938830169637,0.21546799237862047,-0.42911827853072504,-0.22414661120827817,0.05488452713157199,-0.05152981569618381,0.41015423776055615,-0.05483494083852625,0.1140204096111016,-0.686558847430998,-0.10013039140303304,-0.30654226387366124,-0.2069728042919715,-0.3100355841637574,-0.1259170623804382,-0.30062628567493477,-0.09419655550072936,0.26561584073642946,-0.09623887742045922,0.10655733854862937,0.1523708535424121,0.056460669338115,0.30471286424409594,0.2793466893118104,0.3792052787641822,0.35931340876397494,0.25074229342822957,0.4969210035746621,-0.25144097708877367,-0.05058665173547683,0.1167113775412586,-0.031303518711106704,-0.183113725770101,-0.21885617914499833,-0.09509930550540746,-0.29646080783191275,0.06740545804415993,-0.543302196669146,-0.10903886985907629,0.615111457252668,-0.2890625883429475
080,0.016007933099349808,-0.27876119944765754,0.03780202250651467,-0.23186314837781732,0.20675582911507964,0.12009136878204915,-0.3353584613432278,0.014113286335362421,-0.617492438417218,0.17235265313528655,-0.1594843258883118,-0.056433832102969844,-0.14799507988803667,0.2078975833204145,-0.32412650666977927,0.057983202266958606,-0.2492259973268658,0.23908233590296432,-0.27001461574775354,-0.44396042872391916,-0.2859786674918031,0.23724326013579436,-0.04051218048989258,-0.0624789013136855,-0.15218761580770737,-0.3118709147930314,-0.6492376945504373,0.03180182719115861,-0.10024803162252804,0.1758498843784356,-0.29550081642572906,-0.1895983852502512,-0.401597127151608,-0.3125986194623711,0.11732198101701952,0.05599036214748215,0.12461334928317494,-0.07228214868507188,-0.5650728962029705,-0.16384654481439087,0.27529805680482167,0.1931475834228524,0.5593783644151008,0.2878270716946085,0.27562059635409486,-0.12888530839011422,0.22374004401676598,-0.1767335330063303,0.1644556396938252,0.25919395485023256,0.37393780954365796,0.37409109053020495,0.17991592947596804,0.27993408804747955,0.4229729411671952,0.5571728376734723,0.30015238553436385,-0.09247810061122227,0.16548031639669794,-0.04217223241451881,-0.29209024534676276,0.19258839227691907,0.5300910205582358,0.020180996690440975
081,0.08170473425963093,-0.05498954727216421,0.21692643996868705,0.27829050893239865,-0.17010689834292209,-0.09338453477194691,-0.2437418539258941,0.41833967078530665,-0.2432302385119799,0.28971439658810705,-0.0004984484122235178,-0.06950393803587973,-0.25466649024505184,-0.12948326346178718,-0.2510453603742707,-0.1734813783993474,-0.0657613091773393,-0.2356932743807829,-0.25604623014940164,0.05744835656988481,-0.14613635563523514,0.02892615898635892,-0.15442168714674442,0.5205459515324317,-0.18726776466863893,0.20169695261355594,0.49551779752418224,0.07165376486047279,-0.237837182286475,-0.018959213676738473,-0.32015208546636054,0.47048567325369584,-0.021950103509328023,-0.2577325457088344,0.10585857459031761,0.15779874258780646,0.19507959417782733,0.3131115719571824,0.3725770909060955,0.07585536766272474,0.12842433494540448,-0.0002108412376832236,-0.028575191916028697,0.15389768648067073,-0.32900169653000233,-0.27702932964392224,-0.280966007667086,-0.2021776431945278,-0.012178219263402956,-0.16450179727989722,-0.01583925495900851,0.15504558452683526,-0.3243368840919695,-0.048275685045031325,-0.14266862025849875,-0.0958722871174349,-0.20444500702702617,-0.37446602457071154,0.31438878198789966,0.15774876644412542,0.39672650278545457,-0.07121219896916592,0.4052323759792025,0.09485101142448538
082,0.1488420238522018,0.11504268849352628,0.043235898696949326,0.23757349666480337,0.26690838519652127,0.005375000171365274,-0.2098859386971167,0.05519774656169091,-0.38701289584593024,0.01527993671017236,-0.2903854907138089,-0.08614805607012954,-0.10955908718445628,-0.07264822918540803,-0.3150403529272985,0.11370396607483652,-0.046546725457267735,-0.20529007342340355,-0.23918708137903633,0.16454528728789952,0.07323586097032364,0.10723904756812153,0.07575692012957319,0.2518218302261318,0.13788880373345413,-0.15140818784291732,0.2873545494220935,0.06321888728636915,-0.08691086941758885,0.1692365529437168,-0.11015841550124117,-0.012450895963444286,-0.039566124426613336,-0.07264342916576916,0.2558868973683718,0.3331883244270304,0.28427282044954816,-0.24864826870708545,0.06554959248254866,0.0830177489512885,-0.13913949280176785,-0.10461118273361847,0.2723643430893244,0.07095625468793432,-0.19229291111590108,-0.3566644202374949,-0.18689156001097806,-0.1612034411356964,-0.07140190394726287,-0.14383701778039026,0.18643310648267342,-0.015861266913557825,0.08377775075454164,0.07006542491084683,0.0051574139508157035,0.37552820750078236,-0.2570485043384133,-0.20833336211739018,-0.01257699214454927,-0.03481406281730237,0.13024716738128028,0.16990193107275342,-0.08549310587724579,-0.0641445196194067
083,-0.18927259274418895,0.03603687039634018,0.22021023645711857,0.4498694843038594,-0.078702953489868,0.029877978257149662,-0.11984325586593791,0.19762620111871554,-0.14789264297686988,0.11923171044188763,-0.02224986302098042,-0.042347396143180394,-0.18316318449153202,-0.0529702022060492,-0.1361918209802977,0.03658174483526078,0.058738649972043366,-0.015737423667649075,-0.0032921910870675752,-0.11366648198818452,0.004549102828398821,0.004968580449628335,-0.0012268740738906603,-0.018516326293620988,-0.009738221058867347,0.13874512818406004,-0.025345326586317052,-0.16995635336032477,-0.13249167599362033,0.034964014100721696,0.00782483834839931,-0.12678182081738476,-0.09463900802482494,-0.11430775111119207,0.08028286744235347,0.08638766832421418,-0.011316644385984787,0.13261152034368706,-0.097701554968888,-0.04355763253742029,0.3121449202905714,-0.10323691387217115,-0.0373788476532515,-0.11670409241724178,-0.11356973330328812,-0.18275128130591356,-0.028323218219203916,-0.03569310323796415,0.1726449881429205,-0.026988100061016373,0.008046824063027813,0.15955995770048748,-0.2764220998355451,-0.0928337323082844,-0.024302487099992165,0.1880391880000437,-0.28161498524539863,-0.17928650261713774,0.2100938113010804,-0.12484591280305568,0.2124082671137848,0.4970949096300942,-0.11017257173317163,0.2864933175409353
084,-0.261947293369748,-0.2814410334283731,-0.2585897116467414,0.007251362158989111,-0.04214731354990098,-0.18330372470880615,0.32857605207739726,0.03195121232545303,0.10808013138387412,0.1990163607141453,-0.01894310342039912,-0.07536105548629937,-0.006642645570842848,0.19791306642884898,0.005526192235227101,0.21727410879139866,0.16390518741005108,-0.06552609477502955,0.028787774910489172,-0.5470233324558743,-0.2047291251218835,-0.2949514574266544,0.10584472439628345,-0.3035959951144991,0.14369305229965068,-0.03700342352984523,0.16537630765258313,-0.06722736154818573,-0.03527264794690255,-0.3752154441104697,0.06429938296740959,0.16238025855666205,-0.2475204015586396,0.4383444859678819,-0.377913722199969,-0.38008931050740336,-0.4332295757627872,0.14114849446141242,0.17421745229941324,-0.26023623879058755,0.06083933704614419,0.0738906773212559,0.17782462458905807,-0.13231257232888308,0.20326794436390289,0.4412358079464226,0.18071258971593243,0.1749259512809509,0.314255349745033,0.04457406630240568,0.1079846861057554,-0.20502731469365146,-0.06562513017512545,0.30700839395063995,-0.01167981863231285,0.14151831287409505,0.21599044594137012,0.09601708653635335,-0.5962715111908515,-0.19161554216399265,0.6084108119635667,-0.021433873084479832,-0.2610508249818002,0.4108849065608813
085,0.05269909027330133,0.09442166452539191,-0.011727245856879676,-0.42303601722078854,0.23324065648496328,-0.49911683690799513,-0.1408297461810677,0.33778931108718513,-0.11178890494671556,0.4079671894344692,0.2000289850815249,0.6614753668433977,0.2956822897243149,0.7267454166835321,-0.029265291097067103,-0.03754189711665312,-0.36174243631813907,-0.3379376212354108,-0.7046550616930601,0.07349661870421753,-0.0032787571006329674,-0.020489210139124747,0.002473118751762704,-0.3732254445989278,0.11996275949916324,-0.05219162061641458,-0.14697389462050758,-0.06956493690251009,-0.3845013105718288,-0.22550995297131754,0.04028499431834798,-0.21817973947680358,-0.40322983121775224,-0.28316744508308694,0.002666138490948766,0.012213634281674213,0.1577870546016581,-0.4761153124179955,0.32027008064965157,0.16333177374585328,-0.5804737882614635,-1.148719824268439,-0.2523404121618343,-0.04603902517305947,0.488375772153842,0.24818199661930773,0.29027754761006486,0.12322752389347746,0.44484450357971705,0.23258872773857597,0.40328491524196086,0.5723972561021649,-0.13245473105582356,-0.09340503211336265,0.004730762940034383,-0.3959500097461702,0.2919554932211611,0.2605793558276389,0.29123775103717175,-0.011791379088880283,0.11702305470412377,-0.11253328639016313,0.23764325304573242,0.17889194565354227
086,-0.2176605184483731,-0.2641992599640125,-0.4549130504613057,-0.19707761482775465,-0.0400589754219102,-0.38884255001248136,0.08333644130474416,-0.0823914296138589,0.037326356212830314,-0.3713561687618664,-0.5441292580923603,-0.031438027059426166,0.055690250807870656,0.05552199427100901,0.06473593288188306,-0.05418205802018791,0.2341016896954754,-0.03130570887515702,-0.1641575089979923,-0.16233624056813925,-0.03855531364374823,-0.17924763865364304,-0.12847626900290487,0.16586818753908128,-0.3014094314661344,-0.33848085004143713,-0.350690447652788,-0.1280003169118239,0.05641618858398345,-0.27428052247319856,0.09171778843110806,0.11921962138041764,-0.4613099836905362,-0.06620410773857452,-0.14365677507073482,-0.25960506585886345,-0.277282005512659,-0.2884939672585968,-0.4642149811368297,-0.0935892769306213,0.43412721754449335,0.3488991964309718,0.7664664858195357,0.31214961547967357,-0.00011812210577205606,0.2521349378561014,0.18422477841505114,0.12251615233458274,0.5735177954130389,0.4924606012386751,0.6486211981345585,0.37012970636136533,0.22923088426569893,0.40228328122387214,0.436574451857366,0.880523307031036,0.05712356960766041,0.1657169577706803,-0.2633089049073983,-0.5594809848081632,0.11387816663652639,0.010115084101622818,0.11882932719091016,-0.2630038318325715
087,-0.3751600815965712,-0.12562718757139496,-0.43673238882901344,0.4926296904686288,-0.06819804605265437,-0.29506749360541606,0.19108235241475593,-0.42131306267349644,-0.18606250110399083,-0.245589802500272,-0.045626374912503015,0.005541623265912787,0.19130928966396332,-0.2922661162153404,-0.12967066106197656,0.07830583427266583,-0.18756833773649398,0.263638704468311,0.13431455453814395,-0.30808384783203824,-0.05229760070381989,-0.3884377861290037,0.18472960422992613,-0.5172604203065515,0.046899400513109674,-0.21789255346747186,0.17864539943777005,-0.16786013831547494,0.2533171797508758,-0.5096019202560292,0.31555192793615594,-0.09339331912276014,0.2525915245967999,0.058822849616681716,-0.44452776202329813,-0.35035362866015907,-0.41647152781570085,-0.28267055500799965,0.555820059420888,-0.22689305479545005,0.25535768076862997,0.17998291438331412,0.21151978692363704,0.17168809097353677,-0.004383944343103685,0.23447192869581301,-0.04355447052634587,0.13102317324784238,0.14656009069922935,0.528703811634208,0.18991517007193742,0.34863303344283564,0.006176697372060724,0.5724928807438019,-0.04710069583052051,0.39147710154754267,0.38352103732044585,0.15009860003262865,0.06483300852343618,0.0688437839360436,0.0925527187700318,-0.2392283593286589,-0.1637836445175668,-0.04837422084048701
090,0.02753938194166483,-0.1935172449354844,-0.47688511800775946,-0.29758278139240235,0.10396141708895723,0.5507062856725603,0.322144579678444,0.3375607535417572,0.5048007875584942,0.02080345082827062,0.4149473640694922,0.6424780690658461,0.542564084756806,0.36526985885750707,0.22779432340171535,0.2764329100841728,0.05594670782451461,0.4828358483093763,0.4814136108539441,0.24732227554461705,0.43605177884772905,0.028829100148146103,0.13939739832407172,-0.14167883008541782,0.14679025495176734,-0.5952353038983778,0.18153306116969226,0.31486972687366166,0.16485681415199116,0.21310937816119602,0.03151675007291488,-0.03766182613694935,-0.21649263170202537,0.3116903567884918,-0.21812912749132252,-0.06717803722404936,0.12942034958636206,-0.38159996668603724,-0.019285917343210723,0.34907620565569075,-1.4334326904450156,-0.25552873809338916,-0.7248635828945311,-0.5619033299416045,0.5738157037215793,0.3004897102434435,0.5368517730959693,0.1938751353770104,0.16489353422516906,-0.12724863212842918,-0.4331654623655198,-0.5339678119050497,0.21998522419397248,-0.3114757675145783,-0.2134691062127213,-0.7621858611996026,0.3086848586298351,0.30731063904113476,-0.6660456895701106,-0.26156742866587124,-0.15098517647338416,-1.0572014594650005,-0.2701489021676955,-0.24913303839243384
091,0.20185640555170867,0.11217466980093355,0.09734991878773305,0.48058816389365266,0.25939243416494784,0.050023527750578,-0.016173408547831863,0.08303084680061601,-0.36998205927812955,0.3243137087616873,-0.0605032820791738,-0.026411947866201713,-0.4409322385916927,-0.011458925347843929,-0.4799761453129351,0.12887763495572904,-0.4313749415130552,-0.24835815095166858,0.020430693866774208,0.22976197008015484,0.2593531330999206,0.23758911723274448,0.21206097071068106,0.02345040358353663,0.22467389613691027,0.10219535919620351,-0.03321906146465407,0.2658687402542069,0.23498410199078526,0.24240208550523126,0.15942633887141036,0.3455982249219246,0.13888581256103708,0.2040508140820614,0.20280595610035787,0.1467567550708468,0.26579613722178297,0.23601308256206502,0.059477590820987664,0.23768339521266182,-0.08758763651902915,-0.2165955991784482,-0.4243569437839929,-0.24263164942628215,0.10562432772947089,-0.3750066571487486,0.11109758819489371,-0.4113381857306466,0.08330516227923596,-0.4199664962935703,0.23471132416512633,-0.2514471637974709,0.010127486517607281,-0.562914661359154,0.15253325479726637,-0.24797048686839143,0.007825551910685208,-0.11926894345095099,-0.6577254952467824,0.23713769493638717,-0.33292551928571534,-0.16036669762875194,0.15468638638049947,-0.25542836978992134
094,-0.5291704181365539,-0.23082820074046673,-0.2820191155497316,-0.4604710619580793,-0.15002617435669507,0.44740221043559414,0.4169109725096152,0.17393823115303042,0.05420126107203771,-0.17180927031514592,-0.568564154464223,1.1530348147714515,0.8189253478389671,0.6138548414880463,0.6071368432563955,0.07133772575949804,-0.16715130645378307,0.7474592163861145,0.26783870256728526,0.11207349490706875,-0.1093207012428925,-0.05928951421408213,-0.4750437969811405,0.02885183493783794,-0.48593284313569907,0.12581572236633942,-0.3364467007162282,0.0261071548012779,0.19758392973935734,-0.07834110710104492,-0.4345705200885749,-0.3910356331760696,-0.5314185103382987,0.11276151698843706,-0.6347380906227824,-0.012110024650582751,-0.3472425820765339,0.10562314198824274,-0.8394023591106962,0.11511028982581628,-0.3388735159877305,-0.027873143650699594,0.05121665116104923,-0.0420360356751619,0.6259986050051545,1.04337802947154,0.4094816959902545,0.4650127950529461,0.13091796534611277,-0.28174626189623186,0.057291641670016435,-0.426453490740725,0.0027755122730601656,-0.1410019941666516,0.08057132073009354,-0.5834790727171444,0.6710080769245592,0.7736916600772705,-0.07403389380014302,-0.07814075084035155,-0.8448748910346082,0.1558802611270882,-0.18108732381143167,-0.34865900787136583
095,-0.633233342668881,-0.11376429943396595,-0.715488109482355,-0.769304611684766,-0.3976650245061182,0.3766875369299214,0.7586856259529684,-0.1935274356282845,0.13609887170216056,-0.05800395649496613,-0.3790125307458809,0.41896186708590494,0.43155662227610253,0.21697327443045444,0.21306131539321937,0.3366053708174665,-0.0031638165319359673,0.43577020810668265,0.27969286124979,-0.17685421775196886,-0.11648718342072618,-0.04251974318265443,-0.31279217938221965,-0.3741414041532537,-0.538049085010914,-0.47454687530081663,-0.8564307576533616,-0.17548442115559343,0.06676666819667947,-0.040950463599041156,0.04323545689620954,-0.2035232402374989,-0.6320912650702198,-0.18577218435174314,-0.506094111799954,-0.4541104306616508,-0.5976668299879498,-0.25318394093658536,-0.9406770215130631,-0.24405755733316353,0.3677069286350769,0.7879670605369489,0.33140060338280497,0.6277039014011647,0.6411177629010554,0.5252658221068326,0.6545470651309104,0.26315254165518265,0.5972204790837458,0.0805912538644639,0.41701368071075096,0.14254413301500185,0.712100744495618,0.4758986002087685,0.6990792643774186,0.24661773317261454,0.6118688461045109,0.7103690402798728,-1.1150797682119713,0.37664013849829436,-1.0208656911749616,-0.29722692766292474,0.18716257899826372,-0.34829543086746945
096,-0.24099537668910195,-0.13679628553842121,-0.25021901321587453,-0.35675669405709337,0.1829649188231942,0.2693162287542695,0.20688555824414412,0.11234171055351594,0.24960471086295455,0.15100825978198318,-0.02030386797862682,0.23139572728846103,0.34953080854517915,-0.06548986368136667,-0.006630340211326802,0.6238463062620112,-0.24274615568137842,0.2056146148921355,0.21049883657062018,-0.10421924786292719,0.0966261783618017,-0.12629248258751904,0.0034118636829896243,0.07295746953654397,-0.18615526841965654,0.34967827314558797,-0.00673895536856306,0.2217281711776955,0.1594271494149867,-0.1751095987985944,0.045997379898831015,0.18793406317499128,0.061456429847443095,0.13707567796214631,-0.2776908468094752,-0.18929831249054385,-0.4707443194360399,0.3145373046780391,-0.42163467565504176,0.1150728092380594,-0.43723163327861864,-0.2399777915197474,-0.5687782916350561,-0.3803786554759702,0.18685343335409077,-0.10978586116322508,0.10479440857978628,-0.28945921851738843,0.48030916338965923,-0.44752932079608837,0.4685486689272813,-0.36128287085679567,0.25550676080291335,-0.5889357386677292,0.3876613651356443,-0.5779021211571655,-0.0030901487444747744,0.1924992975977805,-0.5984560451424421,0.5778089110990465,-0.15010777244413934,0.5142695223588978,0.5963509364885214,-0.29277614455081513
097,-0.5264461605755792,-0.24825128842757238,-0.12916952820077185,-0.38037256201073155,-0.1846359609633957,0.20425614085567137,0.24698936924591505,0.01009468274600453,-0.11727449046523655,-0.2138859914795087,-0.034301337573231866,0.2736745109855895,0.028482459411051958,0.4238099779520178,0.3315894155450837,0.08103935299126494,0.022824200642087983,0.3224897663716907,0.23245924080952365,-0.4887769708451978,-0.1588706805774907,-0.4623742740986121,0.037200983802469584,-0.22114570606253792,-0.5170203212168889,-0.4656570301642837,-0.6403146624171734,0.10799084242389559,0.035156465463214465,-0.4335774120400795,0.02411525482666263,-0.3178270508588218,-0.36933710734864456,0.10348671419290087,-0.27079148658863245,-0.23665688829259077,-0.23556149780757407,-0.18182032316605667,-0.284212347237758,-0.1018635668563628,0.3093037302510978,0.5425526947541804,0.2908544406575765,0.555881663628503,0.2458164557268991,0.13802569713744403,0.32212384470040767,0.34666485301652716,0.24721110447336345,0.3460562345683724,0.2842884211402129,-0.11558617051433062,0.5207037273255509,0.011705286528826714,0.41112085481043226,0.3439564407167047,0.4969858050971433,0.027081241308496845,-0.08526417727160823,-0.19918548218058701,0.2054879312573212,-0.3085790711888034,-0.009233668014806046,-0.19348659091923548
098,0.010727389617173733,-0.14083639621349298,-0.22557723295370496,0.05313340757005361,-0.2146027142987122,-0.028281182287722584,-0.12014712350641304,-0.21292960423457152,-0.22068274109506308,-0.3075501910136658,-0.13012265890788205,-0.0216298377653793,0.17718192170159858,0.0833966144950084,0.1892843446193126,0.15974628427190568,0.2865791163217908,0.08421357835405563,-0.039599155039881484,-0.05150623091265577,-0.162252191240211,-0.049025712234471386,-0.32761955886919375,0.05007977452546003,-0.3068902259144361,-0.0423646341150386,-0.21726250344072395,0.04664775898045634,-0.016179718145639788,-0.024270499070822904,-0.16834757041483017,-0.13146253650423995,-0.20633911547455863,-0.045782934626462546,-0.16297684155407194,-0.13014393440118394,-0.25362287484134843,-0.2217104477020106,-0.21977010441709116,-0.046719412490082324,0.1828580580257037,0.48485047329343894,0.14927074296726744,0.4971777602296242,0.11864483084721952,0.17036729794642125,0.024156581182545794,0.44388959516477067,0.13641483555786763,0.102311675625129,0.1086613326009099,-0.0812291691879084,0.174859766549436,0.10145743299178434,0.27821553665414844,0.09574874350886345,0.16360602139052577,0.16315506275297037,-0.07395000438966054,-0.22616556646610864,-0.08073224862650691,0.26918494704267354,-0.04148182743247758,0.14394381500010747
099,-0.011451679778785098,-0.12325566569806955,0.0626256877064371,-0.11400194643465754,-0.12541320305989828,-0.1662472851125848,-0.332656995062692,-0.17230888555476942,-0.3084696729177009,-0.14978598265312043,0.022824792921605677,-0.07932639493588202,-0.14545471194684523,0.052000205275075775,-0.03170865286771497,0.013743902240207231,-0.30074055352906537,-0.14898322757705385,-0.20906069629625712,-0.11203060414083714,-0.08825971902559342,-0.19539628342776633,-0.04156838286679547,0.07997351543052682,0.11257875073781139,0.1459887914726199,0.07143227624859534,-0.1278011873944343,-0.19375982277828807,-0.19053297146519532,-0.24333747794275967,-0.06439754419531539,-0.0012420067139841534,-0.16851398410986967,0.09359334215788535,-0.0337652047826542,0.007807106634626623,0.17607226876437632,0.6002191033016852,-0.1256323837907628,0.012860384188358706,0.14294328467852535,0.10733530323944877,0.06268647958229236,0.016791691201191464,0.12347265202727327,0.09121732463062061,0.16300497526515512,0.13206616849181468,0.00025436865233750827,0.16576588383823498,-0.0788019272289245,0.2273792727549087,0.06471631814566033,0.17574147273369872,-0.030288232918932803,-0.008017674018746826,0.01861789285122982,0.6573883238339282,0.20312091658828813,-0.07258264152741166,0.35945026408235214,0.2830872795065495,-0.25196639742995297
101,0.2525908634423777,0.13387383785804047,0.23124752184664749,-0.10209133393558023,0.13104817145524938,0.27577765775729113,0.3193007996932865,0.3682490324918859,-0.36036193268346484,-0.02757794789403728,0.08992517597054084,-0.07957997912879433,-0.23459795044269693,0.33873799976593466,-0.481569173295171,-0.19500516540825463,-0.5664964125130378,0.4429818889020891,0.30295215715196433,0.3769074362357677,0.7984300708730107,0.45034690901114693,0.2611904151651384,0.5803360203578748,-0.2944253228863126,0.22903122860188851,0.14515376098528743,0.19350705613053376,0.17709011633738386,0.5717486935944466,0.15999667575203858,0.3946474245402355,0.12023043837411723,0.4657844466133375,-0.36382407277757445,-0.17437425114328367,-0.6039942980181783,0.1707192209542971,-0.053181710335115595,0.7855562605657181,-0.34562715520506737,-0.15384668491298162,-0.3528287138985353,-0.3904107375492937,0.268444123269273,-0.1368335911235229,0.18354719178332413,-0.5020810070021342,-0.05930709961389169,-0.506340726877388,0.08893716224515325,-0.39272120632434,-0.2785878598582077,-0.4807548772216424,-0.0770217238013716,-0.42583472478874607,-0.28126215187684933,-0.10229216135739896,0.10654265635534427,0.06306733196770642,-0.5687318627409215,-0.49033131826227294,-0.06549540038266763,-0.33051119278959673
102,0.04451195914154463,0.445065569033967,-0.12796636807370568,0.15102500176538325,0.39946686050714975,0.3848654611678728,0.45242304977781356,0.2469671480590395,0.2677762177400719,0.12482203852209367,0.08481821099505504,0.2602276483464293,0.17796584384848868,0.0925155738469558,0.1540924151679701,0.07504142503265676,0.19838680563847544,0.0893947560235154,0.44643652461658745,0.32347365622576807,0.4699477025389669,-0.011815758799904569,0.4963843783262062,-0.1447377773779556,0.3601485480458252,-0.1830674677744817,-0.029089426471852725,0.547108660589746,0.44442052487231687,0.47935487888612094,0.47478995057052176,-0.44404440397172584,0.13836002642016784,0.4940356838066168,0.04351994218441052,-0.08520188665116182,-0.19192564298301476,-0.4508339791981938,-0.07091912042347859,0.47937223984233246,-0.6384638605299453,-0.31937717736219506,-0.7706816061613385,-0.7260663806079863,-0.10599138402396133,-0.3278466380743127,-0.012869201424529797,-0.3793676693956497,0.0735401716907583,-0.5493987622999319,0.1487394101805796,-0.5474596772469883,-0.15746582341075246,-0.4840016940870854,-0.1645637473884645,-0.5088118300212655,-0.4084195045039246,-0.07875947853819099,-0.3254984546898583,-0.31363958660231417,-0.15286643364244476,-0.5071850674987424,0.13822356200477062,0.011113963819180311
103,0.1054474461571718,0.05574278050427792,0.2697985343297873,-0.04542705475216369,0.13007788135493853,0.0003868957427173858,0.13754953953701907,0.11502711183350081,0.09498905181437467,0.18437728104232437,-0.19539298984030767,-0.3983033098888408,-0.026772340181511478,-0.06668081527102199,0.15655042073031977,-0.0446229715446127,-0.030289665013915112,-0.3810019857853205,0.14473391596341786,0.16262787625720362,0.012691034434151899,0.1571986078032625,-0.07257650548806616,0.11446274203489346,-0.1050049386161751,0.3584663794894217,-0.283301638739196,0.16292456772155428,-0.07668070451464082,0.17268735130280513,-0.15628374626701624,0.4617229707578214,-0.46651788133915406,-0.041868040962703246,0.15503448010229742,-0.027210088759053508,0.023196936377359006,0.2835317317836347,-0.1463555599082621,0.0399822035431211,0.09503435169056654,0.13060929777333313,0.11052650590543148,0.21244066153001498,-0.21545061685854117,0.26985005451417565,-0.17989055354828604,0.17670633062621147,-0.13279465785095745,-0.00017323320868600778,-0.18884535306117645,-0.5202143278331605,-0.09376326711498428,0.10420187050310761,-0.2635131152017186,-0.10484252699852714,0.19604449214102398,0.09459910194095528,-0.18328514224308684,0.168099252579252,-0.34974502848216393,0.078310986737463,-0.008725307125386383,-0.33009728016027273
104,0.10372036807655036,0.21387641415246267,-0.14201074556343646,0.3125179819774211,-0.06357547437234237,0.025757518230598464,-0.07554074563985352,-0.27437831170303145,-0.4084835553107832,0.1456145252184699,0.19541619002161265,-0.04456985815892883,-0.10802482306679206,0.26289521512144187,-0.23918129677174346,0.27394704828815436,-0.30898496149425647,-0.08816891630953153,0.07835944655944749,-0.08185918784846977,-0.10685099746191773,0.10081814001454498,0.09583835157448906,0.22615419796005148,0.27871920140927536,0.04316503055216514,0.013510746346294705,0.045350479901722,-0.17304115165738115,0.07482480245768791,-0.22469106944098083,0.06622256266776838,-0.16782910942052115,-0.16375672568560223,0.16962346481343687,0.08410104466751328,0.32438345938666685,0.2352696050804885,0.08039503902758377,-0.21446264554498493,-0.10762402645714311,0.13176351617240384,0.21708671753597847,0.2620092600344181,0.11484855145978082,-0.22884309816872664,0.06821161425050218,-0.5556153014274885,0.056184180441477855,-0.46486079025611077,0.11417812039582864,-0.5199460210434896,-0.04828218496602128,-0.40067687537713426,0.0009158336532060773,-0.2310299666627456,-0.024285937116342582,-0.07392741854521839,0.28208898831600054,0.24043817130671663,0.3782566661696896,0.3180058789388675,0.22145218028574654,-0.3154193169954854
105,-0.027990696318197422,-0.07825917775745023,-0.3398621219676882,-0.1669649592312785,0.03559257529863688,0.1885225239899441,0.22615690758918774,0.05511317131160573,0.01289402478232049,-0.01217164682259797,0.10550506311558586,0.3193858566851975,0.22233068053751595,0.24175596449778794,0.13136803818352513,0.034322762874809065,0.16212834549429103,0.49023838185547375,0.10917731704536762,0.0035367842732849375,0.02651417645861734,0.020756038832389467,0.0667614311236926,-0.06003355282655504,-0.14720289728343355,-0.12423049699006397,-0.33861040060197173,0.04744826609810812,0.2459032368854386,0.08166902324499015,-0.044977061691230474,-0.6200029110026346,0.0500006973316596,0.2811598591846102,-0.47712335738120615,-0.4290267735540886,-0.41172377152621964,-0.197015912869593,-0.10466617517739685,0.09098416735762518,-0.46335578149600476,-0.017070932275125406,-0.0022200856454205886,-0.1571150752991702,0.2870465498026684,0.5327122740143679,0.4205379820345657,0.48798667208339463,0.14210159422312,0.3860653974682592,-0.024965803363177108,0.09785832387141297,-0.1201734368729428,0.2531747516691324,-0.18076326317222607,0.1275435287409946,0.21501956933116453,0.32484051248793766,-0.452253875379406,-0.36219168270387425,-0.34845933481413627,-0.09675369338747444,-0.30468711123092995,-0.41424046113718926
106,0.17477840515892007,0.22457241443908055,-0.19498346434015268,0.21260038123343672,0.40114405622170385,0.15259316548262858,-0.08223845885386671,0.11420748895852217,-0.16974605961379396,-0.073155212051295,-0.15292015129684589,-0.16899944857578186,-0.3233455671523522,-0.021124655879234844,-0.3447679842585072,-0.04875398017609811,-0.2561744006192208,-0.16138634521985906,0.25213993006538066,0.40458849900043753,0.1746707904094376,0.17466136418794348,0.18242718564217655,0.08157257082966451,0.12362780255366645,0.39681171490629114,-0.04650272107760306,0.42577960146326016,0.4504671828417909,0.4084431181106886,0.33047997617964475,0.5156417050890183,0.06212669774624313,0.47704216548646317,0.3926900344929759,0.15913819734000634,0.3063346705212793,0.19695168965602877,-0.25105600672359196,0.28587589260294505,-0.021539854096216393,-0.05515170595644325,-0.22840072285199897,-0.3732503321828058,-0.44253592981353673,-0.5108007533831748,-0.1079439400172244,-0.28949230045246555,-0.3342872382758061,-0.2869467922904796,-0.06443211420542239,0.041707417161974736,-0.20636034729154185,-0.5389268292234036,0.03747450240268463,-0.33402417357876024,-0.3932977812422157,-0.5529908575873143,0.3163986568535995,0.20023284256647286,-0.40271683810167636,0.06519716381505103,0.04781750570513882,-0.35194182273586516
107,0.1762702942105825,-0.10993078324998351,0.08482241836084498,-0.2941013169110075,0.08163863515008529,-0.26622309841427594,-0.3440829653813573,0.08365865771740622,-0.11459548050138735,0.14897520233588346,-0.16403354421052518,-0.18397177053096891,-0.19371019398906886,-0.07993992554446194,-0.015749837153266943,0.07252620997402415,0.037300466175377855,-0.35857929782100284,-0.40428899324574874,0.14022018947117654,-0.09303760976754871,0.24453677222747527,-0.1485529205301479,0.18233459469701851,0.005121471608694916,0.10665185704111024,-0.0035365066885397756,0.0020466824484086654,-0.22598286472395845,0.20421133631077548,-0.27951406504971266,0.24036104136187353,-0.055079907345549795,-0.11982264796637832,0.004374432355162661,0.118586512929033,0.08610073292005282,0.16263485897424423,0.0128759798193262,0.08227151660649212,0.049712520468774335,-0.06675679412036506,0.048376501222690715,-0.017333526488717443,-0.13990910664047607,-0.043807862037677836,-0.11785606956519112,-0.026939615405862538,0.00419862247463243,-0.07722038647860752,0.17170190743319586,-0.15256153147646812,0.00492204314962974,0.0687666844937691,0.025179187688230464,-0.23589120507340244,0.005935561042130999,-0.12147587246047253,0.9312064761161729,0.2450340650503356,0.14233223650904936,0.18331412287494953,0.20890601838491768,0.08737988916859835
108,-0.36901913504340156,-0.32959142826356935,-0.4132304916366927,-0.33707839991053323,-0.1802967725317726,0.3128242623366678,0.1877871519712253,0.3780011341067896,0.13829786841962446,0.35584759872553884,0.0541686755865777,0.33331486802385946,0.4341381327580406,0.46727180746481445,0.23456691951342634,0.5051189267318305,0.12866316239607253,0.2748438946515975,0.19040689125467997,-0.150581205892123,-0.3850513483139354,-0.15910025673030595,-0.4228231626480634,-0.24910470323572495,-0.3570657582975575,-0.17641519407747866,-0.34341290901660615,0.10054115880390058,-0.2762786631933698,0.1291711543310464,-0.03495004090366857,0.09451177008092007,-0.13894626702931845,-0.08946745796077007,-0.40948912482340316,-0.2907401173246176,-0.2491725582035296,0.1693544205382327,-0.4749443283875803,-0.22673940599895778,-0.0301560804812237,0.3144724523992388,0.09193114448913683,0.1506001200665362,0.5102433878153475,0.23435757094192824,0.3962059834092311,-0.024059930640735222,0.19503290776416118,-0.3248151886187909,0.08615778283567768,-0.49448120596167167,0.3580092004154456,0.021374073682243422,0.06994180828992014,-0.2503020378335157,0.41459946204606524,0.3636715687311429,-0.12468004653250223,0.25425869958996394,0.03069034450628952,-0.009157752414260617,0.003873207707008469,-0.6630985404785029
109,0.22657584440563777,-0.3744014090414355,0.2727791139400753,-0.18905884410951243,-0.30615424758578874,-0.7616401462822937,-0.03079828052839209,-0.4431588798143438,-0.18213571500404385,0.733398721615268,-0.2864715832317177,-0.06539661222896534,0.5507088658344254,-0.07011518460966107,0.27559600496641373,0.13278268900501988,-0.08980458899279536,0.455549286621915,0.3553356817965028,-0.40490598856926324,-0.6138565633659814,-0.3346756267364105,-0.45995257890593505,0.056256889420977896,-0.10607932426437136,0.1382005275955533,-0.2692762094388836,-0.21057768383100187,-0.40139598111453617,-0.20129526983309803,-0.6562910047254512,0.300277296166662,-0.28133969261031183,-0.20149952536376492,-0.12708065993830928,-0.6825576285525123,-0.42125269504285506,0.19994248147431312,-0.4617667181471657,-0.355908016355835,0.1395340555083552,0.36714666160800197,0.042686525658763685,0.3010769751310704,0.3687294359138746,0.4870990897509142,0.14633325216952614,0.09239005928058783,0.5183131420291665,-0.08114778874639589,0.07730860924384028,-0.3229571788479506,0.5014220252406014,0.38402496337628256,0.705489037617675,0.26456728934141355,0.5495414479262184,0.4924552028095677,-0.29450952788115553,0.4172111070759026,-0.3038296937766073,0.01006738148017308,0.4826309764162216,-0.05413979294417623
