subject,Af3,Af4,Af7,Af8,Afz,C1,C2,C3,C4,C5,C6,Cp1,Cp2,Cp3,Cp4,Cp5,Cp6,Cpz,Cz,F1,F2,F3,F4,F5,F6,F7,F8,Fc1,Fc2,Fc3,Fc4,Fc5,Fc6,Fcz,Fp1,Fp2,Fpz,Ft7,Ft8,Fz,Iz,O1,O2,Oz,P1,P2,P3,P4,P5,P6,P7,P8,Po3,Po4,Po7,Po8,Poz,Pz,T10,T7,T8,T9,Tp7,Tp8
001,0.17562220401827913,-0.21396103874882214,0.12142704564734436,-0.17691682005618425,0.00596391732065038,0.08188241374723279,0.5446313505238551,-0.18047547806608888,0.30124832221169895,0.31817661978025835,-0.04688363334216464,-0.09827020096818892,0.19601422726689577,-0.25740619713458646,0.14468009165826,0.015069712981726074,0.19147198243614894,0.08832007071509831,0.4128576382082099,0.24761981621456405,-0.2383965319134547,-0.11254366893593157,-0.0738300284611027,0.32913436428588394,-0.3313498385850584,0.08751174470323067,-0.35817594927972485,0.4484404115331275,0.012989790734302675,0.3070349176771052,0.1556909310196739,0.6477929812504464,-0.002096559528004527,0.1211626113312678,0.4250069138281347,0.005043562167090343,0.2834965083834405,0.45482450257079265,-0.10969513140878473,-0.12331254344651008,0.1991153107490297,-0.04290225668425651,0.18759340862843019,-0.014937592461733928,-0.009331696443979964,-0.11306334183818614,-0.16200783580252107,0.09537710919272599,-0.0025294603467496957,0.17295293502632458,-0.03128207609239861,0.17927187989923288,-0.14004246036964013,0.04024280817235332,-0.10400646740496627,0.35614304763740284,-0.005738916826935614,-0.08318060205168826,0.13530294488460745,0.4099143522282835,0.29176779133293174,0.0480725730231209,0.3301241772597222,0.42743903808938577
002,-0.004906308900299888,0.33335911399998663,0.010383488763844984,0.18639978183412922,0.129839888142467,-0.00768999322532532,-0.2147331154845671,-0.13704162031864736,0.02151996300232195,0.07390010203745243,0.3508210684790324,-0.020141797123420513,0.0610967590314998,0.21557388031685354,0.2653855957793436,-0.3118976642022424,0.16479207965439546,-0.03108492041638855,-0.29420894428195205,-0.014395653722769186,0.053810431336010656,-0.07615677107468202,-0.006954179669619698,0.006150486073645017,0.20788911130892243,0.41740281823568637,-0.14792841403580861,-0.22979090797440113,-0.05390766880152348,-0.1819022204221915,-2.5085404756763907e-06,-0.16760507929553436,0.013904557069901069,-0.2054063254322342,0.13475005086620406,0.19512596854876552,0.041127202204469915,0.27779383080790143,0.12004735821424486,0.07143637281499926,-0.6105961031323235,-0.47508732028194905,-0.5908715006955695,-0.5845871468866686,-0.1438874963395677,-0.2717842383513172,-0.4120587907604184,-0.12511710510489665,-0.12212963215480799,-0.24003271794069841,-0.10694619512286924,-0.17937794923051034,-0.1970745382825818,-0.38017059516850327,-0.09968706412590672,-0.6026182498819141,-0.3041038947569618,-0.35781202548600294,-0.06686372708127084,-1.059515674664757,0.13982449307065167,-0.06225391590175025,-0.24375716266981462,0.15448936530629526
003,0.08576032515076482,0.015248897055746391,-0.03454736958202115,0.01613648688172009,-0.2566354204728877,-0.07184010358821502,0.1654006724332725,0.08678216163702021,-0.09496841744603918,0.00035695722109532757,-0.06438618518093306,0.11283491859582004,0.20230349504426529,0.1826831540511305,0.07313192385018455,0.24006404794251063,-0.05595841461598,0.047470117645575044,0.33101630645374097,0.06196710113904397,0.14269604139570952,0.09487302408534959,0.1196999728962054,0.3028870910176137,0.06233253729246094,0.3807549011708292,-0.01145607958986386,0.12957620729342587,0.17658555979986934,0.10602177460594286,-0.05623428773616104,0.3452432132808942,-0.059751020703409236,0.2198915036461102,0.11280260630089792,0.002827471042137708,0.0391681619707106,0.39944317243674,0.11622328042576072,0.14612375852923354,-0.17553026232788066,-0.24227007158975372,-0.12869968113360958,-0.14456043535313134,-0.010036447131407,0.00759084472646987,-0.10626398996701958,-0.12099997007311966,0.08440001091115423,-0.11152745166046624,0.018735151343602097,-0.16637781968332638,-0.2035827161240339,-0.09896282604843498,-0.005530323237011525,-0.2129356185336028,-0.20525048506568683,0.10218075078581723,-0.46594689652655796,0.2868238828149486,-0.12212896041808782,0.102489487318871,0.3033104664397052,-0.1538857437419661
004,0.32075108367072425,0.3170714062092943,0.3823294108396522,0.39666737994451706,0.20074102209504155,-0.4272056167621233,-0.22819138764323083,-0.11987845777606812,0.11767477674414771,-0.3602415911019182,-0.18538759193055152,-0.2612637892968557,-0.08528161568585188,-0.22363664709065434,0.07187010764385876,0.0784941101552202,0.13583105795765082,-0.43983969903815023,-0.4289889798057417,0.08696704168128236,-0.09888043058177443,0.0694671184745346,-0.07086238374610282,0.8216190375629657,0.36986820594185743,0.18544991749118497,0.3909440104379298,-0.2021592896284644,-0.407409510414144,-0.11087513464192109,0.04399400469869105,-0.20493181363932664,-0.057441805486755315,-0.44750113644609346,0.33030511577242483,0.5642082308582794,0.34813263240474784,-0.1922458654118417,0.2847537543206595,-0.00516806482847193,0.5342821131686013,0.5181005883009703,0.4824995053719122,0.36031496578643174,-0.1384688907651167,0.22153138996516614,0.3862400761139734,0.15314752212141652,0.0998517293483081,0.2604024144329649,0.5900266093648471,0.30926003067336183,0.2968032378341629,0.4139408035528651,0.34973728571517393,0.384604580220534,0.08855212634058207,-0.0028586822198955752,0.3861725161795104,-0.2595487948331191,0.31901644544594104,-0.3961544219787137,-0.10030491035723035,0.46011659839733543
005,0.8576423358453003,0.35346986967103244,0.32940125739010906,0.5346090748150882,0.4500266456846622,0.379434757448192,0.6758489122136526,0.3044884202246023,0.4772078512745912,0.05587486797842278,0.7543108285142932,0.5998747721183992,0.6861751063870243,-0.1007768064263817,0.33699030211906855,-0.24908470277508357,0.1265942960981604,0.5752251895428853,0.6666822194240717,0.5899268516727931,0.5196487820714235,0.6565609915188682,0.025012679139008703,0.260150739726679,0.24016039766568864,0.48247647791007797,0.03606097109319506,0.527374074549788,0.5565102020130146,0.5347634281606253,-0.11643050837797328,0.008186074722442066,0.26468419302898605,0.6395336577761734,0.24163105590595627,0.6192622096788535,0.6924327311565335,0.7683836052146048,0.06708634879162886,0.6231858039301073,0.629350606110049,0.5187656878583431,0.19536758150139222,1.0342152849764084,0.3910275070259257,0.08399249410439913,0.010931047509700087,-0.014186695268324168,-0.2498022499570014,0.2976634108452439,-0.0878489603472675,0.45077946808469244,0.5815989099256282,0.19598147397442564,0.44668345135979154,0.029552582778551023,-0.0688060785911872,0.3714949146869404,0.11427159960322308,-0.11147753468541977,0.09847442053152355,0.2209889946342181,0.14026264238862202,-0.15926416122918183
006,-0.10274965878662534,-0.3111925756685699,-0.12151170061012534,-0.4225457240961201,-0.5580275290968999,-0.4402234737191678,-0.06749352344564061,-0.27932494865527857,0.08177746627419322,0.3545169382288377,0.6446094430498025,-0.34626364828892037,0.43712257834196755,-0.2645048263665295,0.2541358731377774,0.07046877011911168,0.23738430745583586,0.16023737217066233,-0.15948479301193358,-0.23518440844857674,-0.514456977879526,-0.32204996593782265,-0.5632056365431002,-0.23011116630138811,-0.06724261097039538,-0.2968613298954489,0.148263703676943,-0.3349315792451174,-0.12991041310085596,-0.24193386066378494,-0.043340393381490094,0.15705325386147928,0.4095301496069449,-0.3164095202735667,0.06740684568851946,-0.027541124765638664,-0.05545456751018302,0.25636525959667683,0.7093223416351627,-0.37415102838530323,0.5317769734314044,-0.16809089869413457,0.12046064911081639,0.22171643897183996,-0.07805700651425218,0.2424559778277425,-0.07709569887545437,0.06875698020671547,-0.3564603231813911,0.14590641475350016,-0.3710448232234201,0.455768475780791,-0.20989555618496764,0.2503333057046958,-0.43339617698523847,0.2524088433254873,0.29895423500540463,0.2524797505035782,-0.10782745254860454,0.5815885559245932,0.6731899264865473,0.3400062475866007,0.26116575654802954,0.6891618039529469
007,-0.44806871548523386,-0.1925302288133655,-0.4562737703438875,-0.08610942125535553,0.07532211853969001,-0.08593727135325208,0.7442356156732666,-0.12419915265907683,0.7471001816293759,-0.19909924213830688,0.8649440396213202,0.05645473679285273,0.871106951649437,0.1763870429828076,0.8534067949028008,0.14388870954145774,0.7723593447954188,0.1876344133364089,-0.04838902187978139,0.03518478666622671,0.09207807555444641,0.07046335490168859,0.05670153444440473,-0.2772212360483507,0.08768658896406867,-0.691452699998827,-0.25616951012720135,-0.10676116482417586,0.11765742429173182,-0.25990558877487724,0.126758861991341,-0.2486792544630419,0.45883046059956467,0.1177737583655526,-0.24846694364247124,-0.05900175435341548,-0.14856781094141858,-0.8236221105858955,-0.10913154793434654,0.06728103050320255,-0.33553666525642817,-0.15970467345689354,-0.01901894939153953,-0.29019060362006266,0.4723307199878325,0.5506428963757632,0.32115267532512604,0.8201967207797061,-0.10594075253214613,0.46501142998447415,-0.3777808540454105,0.08261412934079906,0.08307227797181743,0.18688763693276028,-0.49276466121069246,0.21168695913444005,0.05324368789059694,0.5262126049015529,0.1708470762350385,-0.3409392162151431,0.38173707569578463,-0.5595490736062674,-0.15309033906386968,0.09727175529058366
008,0.5304327699394951,0.5572647309803973,0.41695768630038377,0.38373229649921836,0.38572859271781224,0.7254991463290283,0.6317995305384732,0.6164091197379657,0.641270763035593,0.25628159654142924,0.3479422806333089,0.33090339938353514,0.6351858781774714,0.4802788652160861,0.6443133459878931,0.23707728933249303,0.47225040214291236,0.27349697761085584,0.5780415244136492,0.4542822836913225,0.42654176545998684,0.4589352856820132,0.4467136345713056,0.4979919589400691,0.42746571187494364,-0.04516726374113875,-0.11487582196042567,0.6208956335684691,0.7285575899714266,0.5386460196587477,0.7167093666545246,0.39359304310961896,0.2577470142594436,0.7606985459430834,0.4886912905467704,0.5144375510246111,0.5261657126190744,-0.02482680972687909,-0.23615480555235333,0.450584200855339,-0.1272780326520928,-0.04099069297451077,-0.17713688534424957,-0.041296527977471714,0.2014000314188161,0.26348952906146084,0.4133534960852235,0.26860015150525096,0.027983736055618408,0.10756231417530795,-0.3166687380619262,-0.17959296412589182,0.17979383465929136,0.05922173857115834,-0.10078896872974186,0.00782834789384046,0.0725363185782833,0.2665543116324099,0.20708618540087717,0.13013895229154424,0.03464458405577117,0.032250971733531864,-0.015353520411490185,0.20055225876621283
009,0.3086895370830185,-0.052786409168534665,0.479336449078515,1.043980996507711,0.19595667699537034,0.35840964864889296,0.11196052051546015,0.3517109902632978,0.035161522739921264,0.48311495905818874,-0.22481321254019918,0.08022239943172735,-0.0021831235391215897,-0.04564708607792181,0.12583499773947848,0.15924146345207638,-0.09813639143705899,0.10999722999869972,0.2811341653245776,0.2230785136500974,0.20646908995567498,0.3595651445955991,0.1785167019429794,0.5407551180500964,-0.06523940148479115,0.5873662352613663,0.10662816103335113,0.1833478832144676,0.08657769040006263,0.3004687535936043,0.039451864513456225,0.6052787928953527,-0.18969194491840813,0.14821532817255062,0.3318972504585065,-0.0015644446513314036,-0.07767163188516174,0.3169529169825108,0.1812304128587765,0.2378615204425701,-0.3351108801029711,0.14728690668296027,0.2812297121201608,0.030824168072355967,0.17414872585368352,0.18126705166123738,0.12808055908041127,0.13718463088168292,-0.006312222244093252,0.1939637458176243,-0.20900019498348463,-0.025546796827509405,0.259339119576216,-0.05251290479207671,0.3305061417750008,-0.015920031375637883,0.1650556602750535,-0.008749823131844081,0.05171195014914182,-0.10847612921919936,0.21334940305966293,0.3016958742622883,0.4268980911252266,-0.22615344112753666
010,-0.21255243033706997,-0.20923585637971354,-0.2056846945314301,-0.4023152541783157,0.24108476869977952,0.14414963472774348,-0.011051305128450595,0.016441705612956437,-0.21404017588146962,-0.35159176326809904,-0.43007961802371464,0.016435785126320768,-0.13501236148163262,-0.1710817271156608,-0.33911218985258085,-0.04847093298139818,-0.4378679844835381,0.010203988400232913,0.14724596825175537,-0.32161934103737577,-0.20417475043178443,-0.15431229264232552,-0.3314388831690145,-0.17163057499517378,0.02244276970080042,0.06036520071505913,-0.37733424762153533,0.14991016512032668,-0.2554087855246301,0.0033101953248007854,-0.4800466572393668,0.026249486447378567,-0.5062772521563832,-0.150227731078252,-0.23171140579917718,-0.17479099876855866,-0.22684792652342958,0.15551493587950524,-0.21138490046124003,-0.0675293411964063,0.15549241438592307,-0.2649632369166157,-0.3402059644906041,-0.2074464740661916,-0.11521264788431809,-0.694543190697226,-0.37035926906015776,-0.48181085511631644,-0.459034497906045,-0.21302851790471336,-0.0656153043586569,-0.4632455127420845,-0.38865759175867814,-0.6356285708145881,-0.5489208926676944,-0.7282315762160715,-0.28492690053193886,-0.3377067724279631,0.016027733303078218,0.22522804880369854,-0.6972564718577012,0.7601225626203381,0.10173659338644112,-0.28228751291746335
011,-0.03791449382839063,0.4051636985649308,0.15030851818254132,0.18190651227378346,0.3797464658672395,0.26100137561486036,0.45334523781218505,0.18406080628577884,0.4000768341096928,0.12028213521853626,0.23157205378990167,0.09372471625323939,0.17694188642120348,0.06236698002078689,0.08932924276149193,0.20699968568999055,0.10232629456287004,0.5300057565375902,0.5231496201980133,0.2826754449924186,0.4385561433360376,0.013449727473346329,0.3665343391061863,0.03813599689945485,0.4371336024264386,0.010839386517465022,0.4252750780520157,0.37459059273024387,0.48391779386639844,0.38086306380049506,0.5388026864783384,-0.06525204020402511,0.5512217159177648,0.5049289822260538,0.480909322144266,0.2098263301453328,0.47860007231558976,0.19660700038204176,0.054695258858611845,0.4315171915675274,0.030003614499568676,-0.08407906399606258,0.03293102000241949,0.22341727493841396,0.01764676141911889,-0.34954765976639723,-0.06956297146701734,-0.16056195815058036,0.3424204794794387,-0.297074287182463,0.5501335376463168,-0.20203735666223877,-0.03218343665928464,-0.3488614912288398,0.23399303332404514,-0.36074376465991753,-0.14238473142731672,-0.10761460928325228,0.3566706554457991,0.14485804480084566,0.1280153734089507,0.19385510240069498,-0.34211361426450726,-0.2272970122726496
012,0.2299985683528027,0.22177588157075714,0.21117329460176337,0.16381887190915678,0.3332094090051425,0.2906799664660247,0.1309195384563399,0.6262174394982484,0.5166912164027505,0.5276950543977678,0.7986205128748061,0.5020508067471695,0.2940462401968224,0.5329163156497454,0.5586114312318727,0.5221114397233005,0.5790054685478634,0.07335917091703001,0.07406474932611454,0.39084749155949644,0.26711154552769323,0.3914353746175828,0.24090260257188886,0.19893685234797787,0.22815455563678244,0.21052091863547312,0.25040802726300426,0.6053030025894279,0.5474744895891668,0.5914887682771841,0.5756983016854492,0.479760234102635,0.5895048642582722,0.40775744592080154,0.4277185482472059,0.11929725246530792,0.27202310198212293,0.23931851061894915,0.26962226584324417,0.2083292227096476,-0.017977501928210793,0.32036775456174954,0.4981782646398224,0.3453320370784668,0.41623651334120393,0.22026893265063088,0.40374872176445786,0.191657930999367,0.4256860404111339,0.5175988480082456,0.4709780232898798,0.2511347477345968,0.37251074697038355,0.4888905400143414,0.33120011320703024,0.4167431953696275,0.3215253563820756,0.25783118920448733,0.07033872896987883,0.22866604266262436,0.1663751106597983,0.1486638906319721,0.463824398240847,0.06382625693585914
013,-0.012866197862063056,0.5888772329384735,-0.030396685376300664,0.5198298530926844,0.047614855353725144,-0.41906435171871864,-0.3360898562393875,-0.05012638847688258,-0.03151228227382136,-0.045091230286320116,-0.4557581109797614,-0.3682258136165977,-0.5348709577677211,-0.47308635516421205,-0.48614664532427526,-0.03570244906326012,-0.019710489447824373,-0.4106366360340953,-0.07741083971851354,-0.10820125433855077,0.15422173429485708,-0.3287067597205023,0.2811576721262415,-0.09613441305259515,0.47631594153600965,0.2729473623864565,0.422065270207451,-0.03413910909633469,0.11252937500444826,-0.2483373670868558,0.12883879571119455,-0.12270564397548794,-0.14744930957857116,-0.0402285513456242,0.23770768115804364,0.5108899269554965,0.3039860701488408,0.27949146253032564,-0.01206373503116498,-0.0634018831755874,0.017059634101889237,0.04596747170251744,-0.12850058236722653,-0.268253934681154,-0.38980080684796936,-0.6161233823448157,-0.265059085960772,-0.49773942209442945,-0.10017044673569922,-0.3836848685393619,0.22169651794432055,-0.4530135230489605,0.0571052907777386,-0.3695386852331839,0.10481649092140058,0.00539440941865893,-0.2920711382367023,-0.6310734680383339,-0.027822278278885282,0.0670296784151505,-0.38049403597376213,0.3179892458551725,-0.13197181569740746,-0.5844125050946319
014,0.018475154075916905,-0.14067742894396776,0.11104423832007966,-0.11867892171383193,0.0991229491738636,-0.41844105609254,-0.49068239033756017,0.005947988292929418,-0.09205062451340223,0.10516392633936711,0.06100714308605462,-0.30440627137643633,-0.07610055131760818,-0.0987572449730876,-0.15792363764567108,-0.008067687469183543,0.3693662197223727,-0.2583784810953495,-0.15418826282749604,0.06663144419288025,0.24439944210427067,-0.10109279877046315,-0.13397197085356938,0.1600915605209143,-0.2129106740773538,0.1836477613458354,-0.2151080035161807,0.0536048580908261,-0.14216699075227865,0.02972004008757065,0.08862160838451597,0.10589827527295276,-0.1138195018190786,-0.21228371672303856,-0.01142570845465088,-0.15158296302925336,-0.019307333900682316,0.05917133895550822,-0.30591081836360295,0.018428045127152792,-0.12409390754237676,-0.22201744157704417,-0.13340999033486098,-0.07256999380737375,-0.3169572847790888,-0.2299280758988616,-0.4092675112676427,0.038911701760556056,-0.10061153561354766,-0.23368223214571773,0.46639403185006123,-0.2882823818319699,0.08794512809660202,-0.12255160958748068,-0.01233713678392201,-0.16073673724932874,-0.2586647410255718,-0.40960910853564947,0.22156839546933957,0.08576322853422849,0.16982157573222167,0.08854939322032684,0.1913072491605463,0.29916902060034467
015,0.6110112951422426,0.7714440398141054,0.5955907286307226,0.7745916008327536,0.7465591374224816,0.8600278598839122,0.6544510549281164,0.8498128331557402,0.6837512324504326,0.926391414534065,0.590887753209185,0.7685046952133225,0.48250906207773536,0.8497386819546408,0.3314802052933572,0.7315929849543878,0.1563133617379477,0.5316218409818516,0.6407767718195201,0.6926045091682157,0.7404062618287957,0.9152280327113911,0.9891617339582184,0.665667508258718,0.7668178578907993,0.383907954623804,0.5142309194253599,0.6972428686433554,0.8496576799914133,0.575240663326336,0.6233671432746737,0.6654086696253261,0.6116284411095807,0.7977327329749535,0.7823329374798232,0.647512432654898,0.2356798542758206,0.31489068165539663,0.5490173359218664,0.8801223422325879,0.4905852078058279,0.2820742117147457,0.2306623339833377,0.2696048918413203,0.5017109253223787,0.3301972137271213,0.6983461395517676,0.17645743975285216,0.564851257809353,0.007014811748251859,0.4730111281631394,0.1378604747905653,0.5079794764286322,0.3800828146651447,0.4882258810661677,0.11134768061385222,0.5471292074703439,0.4961646321092155,-0.33084044276491165,0.269477789111196,0.6821359910571283,0.613921849362902,0.5957373519966711,0.1838410536250095
016,-0.04797680033481866,0.06772368765156181,-0.2610921455151145,0.06844982878145628,0.037665293172331415,-0.017866164400566098,0.07184595357296492,0.08024565792121124,-0.061805828159065324,0.10036893722463264,-0.11378188524267341,0.0734580296458126,0.12372204140659121,0.2390921733083769,0.38974393437612254,0.1460249028369921,0.007256392333359313,0.0771197683660142,-0.10925380014140534,-0.011387229345505012,0.07786346878252581,-0.12167828831231611,0.0826605417544192,-0.1182121429621969,0.24735060623165298,-0.026995887317275646,0.07364973949853704,0.01743252822671415,-0.01590646278124394,-0.0079854761257164,0.06080210640025652,0.08223068796941363,-0.10076176572534284,-0.0640929215026533,0.007600653641504723,0.13589240201797526,0.11085263513058746,0.05528100007162107,-0.34847309073038607,0.041863680219445615,0.37545486570193487,0.12911378824101755,0.5850816029124792,0.25519299836236553,0.18686744691346058,0.38476557683533813,0.383321968308303,0.21818710836903277,0.33460656903053987,0.6167342145635641,0.2401705881068557,0.3458551249566374,0.27902736065606615,0.37200774764244304,0.4385319444769499,0.633301240364669,0.30752783153293095,0.3212546184094571,-0.06660905954218976,-0.08016833971816545,-0.17488557955428138,-0.03512115734410359,0.22967461329783884,-0.09696963249181934
017,0.8222573616483726,0.8020854674976168,0.8356542327797479,0.706245876781256,0.8754297319044431,1.1380849755407303,1.4633453202113482,1.226868105893539,1.3741630153923206,0.9848707922703348,0.979124380105614,1.1427113489900373,1.3529875012607633,1.2150094632382133,1.5417339079002434,1.347591695187903,0.9899413023370507,1.2468231387495046,1.3141646659066282,1.123223758150631,1.0440023206909181,1.1523726135510677,1.0433904311312623,0.8958555566839939,0.6715980490239799,0.5518260723718268,0.5494237766294338,1.1162057968744268,1.3693484961198723,1.0274845074855228,1.3132195280358099,0.8101972848110315,0.7768384444678571,1.1325906623466222,0.8832444758028923,0.7028713530691129,0.7807123769562576,0.4455011075390617,0.6364736470479836,1.1180343668257158,0.6181072898108309,1.0763135857929533,1.2602755961923304,1.2177281711349544,1.2078440391827474,1.1776119035761115,1.2104434410779152,1.2547997637227912,1.5719374043866468,1.2076348400793186,1.4414216730867584,0.5798428384804278,1.1548597779029657,1.0964875291879186,1.2065006946324328,1.2825981798231003,1.1757801378446366,1.2345761954058974,0.19919492463639676,0.5446845531322924,1.1917627094545251,0.38548011079595756,1.311333317265652,0.9689445299944566
018,0.8774759491527295,0.7849873050626566,1.1087945409303737,0.6944219024095859,0.7850385232020574,0.5179027646948806,0.48928595290391974,0.6645230991407256,0.5134261909958412,0.9523359272732059,0.6166829012981134,0.38421792695115375,0.3898451917269701,0.359189030014161,0.35519243869337797,0.690782443642761,-0.0004910905460633608,0.36049887058671604,0.5200531597615246,0.9272246382834657,0.7505357337957398,0.8667967845680509,0.7369306334167555,0.9076103185796391,0.7021202654848622,0.7795526128717829,0.8414368547524171,0.7710295033776672,0.8850625409057564,0.8280002103146107,0.8752045002681,0.935097744684649,0.5335806562335268,0.9090051739989966,0.8568756357269456,0.47766822319457186,0.8072695028481667,1.075848345522812,0.5334041249280594,0.8477476229034826,0.2553380596066324,-0.06301542299976576,-0.18721381132061288,-0.2031330049123367,0.3827916119626116,0.12710969616887205,0.36923867826306933,0.30484919170423025,0.44392966297193776,0.10228233070834669,0.5516156272131079,-0.004372151576506,-0.08557581356661587,-0.11274691941266429,-0.02326855958491572,0.03197958304465476,-0.08475748752068316,0.18049374136800037,0.9372417574574883,0.8460648659629266,0.5578515734782541,0.9495385421422571,0.8283341630571524,0.4359376737283984
019,-0.2359805331622685,-0.3331062854683809,-0.6330209455249595,-0.5515388356954719,-0.30598651344929373,-0.4538504276963642,-0.32306108218572915,-0.05484991956300897,-0.05225950358641371,-0.045441068605257234,0.10455956969468713,-0.378970064522001,-0.35134797120764355,-0.15854987618111266,-0.19880676209399323,-0.3267198183286688,-0.25983726070665186,-0.29490268394226526,-0.338339608249604,-0.34529643955313516,-0.14783285466369475,-0.46338857960811497,-0.16146024483316018,-0.46079633267579473,-0.25648669458897644,-0.763600184830541,-0.37404897452937524,-0.2088379727642208,-0.3282016932030051,-0.13993300697706373,-0.27157170306472134,-0.24846942881082873,-0.15757831400756056,-0.24182741552232304,-0.35689509321113555,-0.48972302270123963,-0.4212681899435906,-0.5644684360254346,-0.12395464752092603,-0.42198058429939433,-0.1040555150563432,-0.4400907180453736,-0.4221533758330154,-0.3265862802137276,-0.3181146782130826,-0.38738636097025525,-0.3300771371740082,-0.5210796925874296,-0.523235954947173,-0.31206662780225447,-0.4926272190467934,-0.2879672239620249,-0.6635587605838194,-0.29147062624472675,-0.6348712633451477,-0.2756810143648981,-0.5427275081861849,-0.15484461017743917,-1.1462430449414935,-0.4995594886613181,0.22503580452099656,-0.5287916506783088,-0.49637365923899335,-0.06769576122383872
020,-0.30875260969605095,-0.21783861696458728,-0.39569793539698295,-0.08538117592530184,0.06513974370331331,0.11781269348504811,-0.011682708779712836,0.03878935234509559,0.41677580817113624,0.40346942224046245,0.24265998362228647,0.7199130699668226,0.19310088322545532,0.9299468651865426,0.30543506351123023,0.48230498395577265,0.07640921476267815,0.17049012430777521,0.16021214682297208,0.12303859720913227,0.3062517362847658,0.15424164874323945,0.2848109422940475,-0.35091937614540875,-0.2430495614748393,0.22994052443370464,-0.15705527802578928,0.32221221722503446,0.0969526509650667,0.3444715398050365,0.002743815468217864,0.16168829602864604,0.3574517148167981,-0.44865178342393747,-0.02349324116543966,-0.6058524626477007,-0.7643093385481086,0.06432889539570974,-0.09635035260809105,-0.01491648595998668,0.4860571393081709,0.06030772980473008,-0.1429133913779932,-0.04188497959767282,0.4324942401397398,0.014569708087114303,0.3721445790067358,0.17369732947263225,0.024903697341978642,0.33154236498378886,0.4569240442484166,-0.3062881065775482,0.3277492019714696,-0.04577309378808134,0.31688104819228413,-0.18654605338432614,0.1635030720346124,0.39711402740709273,-0.34511323013685713,0.3187420016819853,-0.1817245738944005,0.5496116177153361,0.3095979739723702,0.2885955377079651
021,0.08947232345648962,0.24698702300633868,0.17050981537309085,0.31772187129834306,0.23953740015471015,-0.07871738280032153,0.26629693238567187,-0.3333286279805549,0.23691307417461427,0.8987766630807528,0.22681841255528512,-0.3463180120959221,0.0482667044488877,-0.40432501861597114,0.18276103037088118,-0.40911446988307526,0.21116268569003543,-0.4434323860052289,0.004293393108910415,1.0350516982650741,0.17576563489833721,0.13712916425011984,0.1904540260529283,0.07992318156596062,0.12935998040683377,0.19568728860016982,0.3031862614372781,0.22069116973745742,0.364297223588062,0.006109530609724245,0.44039387815301284,0.1249728005746576,0.45452597615956547,0.22381507043468474,0.24797912460278854,0.19287368877731648,0.19903270844446871,0.3547297832549549,0.35061754468802153,0.5319789675477592,-0.029023179007402033,-0.49086539830197906,-0.23379658413336046,-0.31059025743957336,-0.6166512795598545,-0.05410666253036939,-0.5422568187226338,-0.06055872427886699,-0.6430492676325388,0.23973601881717316,-0.4742896639587872,0.14678574969041713,-0.6756486675584423,-0.2684218397696126,-0.6681603775139964,-0.2256428580157639,-0.37198039582222103,-0.27778360869071067,0.385602408671759,0.023237121603281452,0.44585276142751457,0.27630670465038354,0.05626779788868069,0.6704107925989815
022,0.13483489845386493,0.5753234567367309,-0.10661769474027794,0.4029516566038156,0.42209176203445187,0.17140003406521567,0.33960304468644725,0.2492194724817553,0.541428472722248,-0.25923439206630094,0.5952548315613573,0.19296849015073353,0.27660329828639313,0.1682121013176938,0.8444928530940333,0.169751758364083,0.6742523162895466,0.2763088871182356,0.3754019791141753,0.2151798154531699,0.47775172824440926,0.2987526954289629,0.4831264673126237,-0.26220485960163015,0.507992773250314,-0.11448934585078804,0.24199476862043878,0.3511192227020008,0.22358710272967222,0.42785467908859925,0.07130152561639758,0.42570718554169934,0.23355138690251248,0.26085834668305097,-0.0028167728343168608,0.2634648966980089,0.15751884092160834,-0.22370795451349768,-0.05665179890194352,0.3809104113739915,-0.35607584243135504,-0.36656315253384214,-0.050614662643372194,-0.12964326249885572,0.14555541667701818,-0.3101743158117127,-0.046141646039165346,-0.910183689695365,0.041444079017590674,0.3298161053802574,-0.029067836878227088,0.3846245860752313,-0.23345754241931002,-0.26973498434090915,-0.1317745720088832,0.30610019252401266,-0.19455657052515593,0.20554925271372257,-0.08947045954492497,-0.3906292946540589,0.1990387095493101,-0.6508397405546893,-0.32358508920118906,0.24612381174404926
023,0.18402795599068628,0.40034141915660565,-0.08507582969045371,0.16327415714474117,0.4956525471497544,0.2203046585675081,0.5366967854338883,0.024092337787252394,0.3693789867570489,-0.049380923934998044,0.28567734974947556,0.02061917765487231,0.2993674521698756,0.05012744489963783,0.11968371282099427,0.010832728992430457,0.2176899554454643,0.2959768041032098,0.2720883245722693,0.32192736722893345,0.7159987287716902,0.30830303741909465,0.7082937273143136,0.20285330998613593,0.62230869227963,0.20602119737021773,0.21829283058900745,0.3133680126659622,0.6410191791969283,0.1992118113585116,0.8200956530643992,0.2583140185747775,0.4935411726411262,0.5479507338092938,-0.15921027593290746,0.1260843983890578,0.03342149621954399,0.22235766701052195,0.2068980783047017,0.5638966630730311,0.3865356811309034,0.14963934444470095,-0.047698328816285274,0.22707163182366955,0.08360470122660729,0.06983816234609413,0.08109454737506516,-0.07897953235350708,0.09824489401732955,-0.20317531922725812,0.06613874587788571,-0.10922970454934677,0.06788820711109572,-0.2971487857465117,0.03576268169927399,-0.26828669770924307,-0.1129017781892998,0.12688827038269077,0.2664213819291871,0.11405069442477514,0.1652525116330964,0.0743216866016396,0.1953437471172371,0.49095295827460783
024,-0.20079353067797437,0.6268903357120788,0.13118369054087325,0.2625159589743456,1.5371241990024036,-0.2719230921094181,-0.3564591913058459,-0.20967832753841642,-0.44744668435235924,0.05056547506451431,-0.05552055546409135,-0.3806519626794033,-0.4221897658069935,-0.5591159654429141,0.03357691403910737,-0.5549922994809197,-0.018913514105817153,-0.364650514341862,-0.278123805848564,-0.2539296931251681,0.32580480534100625,-0.24859742907782972,0.03616218290691817,-1.159163372341012,0.1263153720465327,0.07481126483902836,0.11792465170710681,-0.02382176730487226,-0.017525726061562552,-0.03650794181869882,0.4763596848856135,0.004630461365392857,-0.01849376490095983,-0.2080318800372021,1.3421054259475418,1.021836153991741,1.6007022261385198,-0.1357280329881953,-0.22429265234162257,0.24456175780879855,-0.8825141914240899,-0.6935555474823436,-0.6338687062267342,-0.6683251465769559,-0.7777050558177412,-0.3215679087554092,-0.6838118671463619,0.04016275362627847,-0.7403647138898494,-0.23245889972554354,-0.7323006567998003,-0.24634162064477738,-0.5928426202652866,-0.4198767404705198,-0.833448322335683,-0.511884605636706,-0.41848067701149405,-0.5951281421561527,-0.13479844975185734,-0.35142757337445607,-0.4439395421990344,0.11615083302049356,-0.7197698795556728,-0.506734321529936
025,0.36453975563661833,0.39095816469519223,-0.2844694014220903,-0.7580810384728263,0.47657335371024295,0.2176011727113585,0.04487545510023913,0.5589575462151313,-0.038949769036843496,0.6950886753171148,0.5387017446978106,-0.0038480695337112514,-0.08892291118047668,0.12951299335787353,-0.28512142212109215,0.40041853318844123,-0.2946502120578983,-0.02388166407904857,0.2119487515543665,0.4154136709738826,0.31731322097968084,0.47389397081639184,0.24548586662957236,0.15261579727317265,0.010910770241031181,-0.2747905455163352,-0.06799537405160547,0.47861338774615847,0.39718755139979145,0.5634000189640672,0.1511824831405208,0.6274214157952109,0.24355072654090698,0.3265445787270306,0.1751449718342481,0.11691067026228458,0.16250827510530255,-0.34551692802553624,0.19117929608016526,0.4027474781590317,0.28156913884200274,0.6734676528725675,0.40262034071377606,0.39235649232039904,-0.17410196429204733,-0.2277234510007648,0.03355345245895025,-0.33501991662117686,0.4923149067996626,-0.34718446282297855,0.6185465367910079,0.04903020727832402,0.4250606571748972,0.12138423760883377,0.7647169140538483,0.18460723060788983,0.011449592318823199,-0.14267574872414962,0.12557590937149826,0.32102447673733364,0.014290701030743869,0.09248496491081959,-0.1451387609691701,-0.006168778877489373
026,-0.6289305145716177,-1.1000169993823152,-0.6156277317287233,-0.3732851149302254,-0.4868985047484925,-0.28703410048221734,-0.2682430881968538,-0.524352201674918,-0.38236257889339187,-0.5338505042897268,-0.22103372422785955,-0.31439677359929974,-0.10768620555239611,-0.36700708592908526,-0.006412250257575691,-0.4856734286019896,0.02682853984222386,-0.20734924928449358,-0.3196079466836693,-0.5597306757229279,-0.575231634230856,-0.5940442552177941,-0.9051164780582597,-0.9111462634035875,-0.9746741084087149,-0.9144238545159411,-0.48641455151180524,-0.710370251961694,-0.4654608134514936,-0.678162346250804,-0.5379296652037578,-0.28696244196636034,-0.23623129300822576,-0.493239992024061,-0.5635823987515338,-0.5293523797635067,-0.458138324142086,-0.6488294138632009,-0.04517795883714337,-0.5394159518279346,-0.20760719042226214,-0.15192186316335402,0.4276401345721792,0.19738066985321448,0.04510316769653104,0.22658407807396883,-0.17529821001119417,0.14211491058534487,-0.23059962798492672,0.17968676113976317,-0.6494238479819769,0.1433337144943469,0.0007672483559599819,0.14455296572751528,-0.404927504155059,0.03307864819916431,0.28150834962452764,0.2646867126796857,-0.12794705449867672,-0.7424747737669211,-0.11440265370107597,-0.7649882485690425,-0.7472020776834062,0.2014216747984247
027,-0.6162197644252532,-0.2579981309748539,-0.5689441095922092,-0.36851971400635963,-0.4171781009109848,-0.6120359570586763,-0.7677787202724792,-0.46131935856071055,-0.4396546535989432,-0.17958253901926544,-0.7895367078489655,-0.3881209415746249,-0.6375718865520922,-0.3575009402693172,-0.6621036952289916,-0.20732911890358674,-0.6781839568874848,-0.6562496718299581,-0.703325838086278,-0.6518428785047445,-0.4961286781303848,-0.43018686472799017,-0.48807402911268755,-0.6941408267445527,-0.3880372723108163,-0.6985932284566674,-0.33352938275785204,-0.6292413545129311,-0.5769572576855241,-0.6471777419799553,-0.6135018691023739,-0.7187591671854607,-0.9532148097417859,-0.5473471807487524,-0.6602169968929488,-0.3910563610177249,-0.4896440319772406,-0.8967059283712558,-0.6050478401734517,-0.41168589151665885,-0.11600738888148673,-0.28327040181559676,-0.2567743723927195,-0.2410292681228066,-0.26976422848203363,-0.4722858854087726,-0.483769021398223,-0.6511966195784352,-0.4209514100716618,-0.6278230941885624,-0.3093485248869451,-0.6144249468239994,-0.21588532114461895,-0.5131380943173113,-0.3941512607965034,-0.5410026243139697,-0.15311177311757354,-0.3006553191853158,-0.6589890999963088,-0.474464318324843,-0.27126162797380104,-0.8655112669400225,-0.665805245001019,-0.8240585314624627
028,0.31538324631002523,0.10921857662622644,-0.29523580695785046,0.09085955491574246,-0.09776840573567208,0.21190183997017475,0.04644140741647021,0.38790973397607353,0.3025769677393604,-0.1060244070859761,0.3559171588261283,0.11419171086286983,0.011064716390457557,0.056371741879611,0.24003315375345424,-0.3472433624132445,0.11179373561314199,-0.16936794567459418,0.45348690724984786,0.25214305403660675,0.001985814082132109,0.08390617008742873,0.15743986677325397,-0.02790871029463088,0.025480401506941586,-0.1744773249960711,-0.3061432015356611,0.34826240297444766,-0.11329471611062394,0.25718680563133794,0.19395183804283872,0.001857517487387994,0.14992004020795346,0.053131296941423795,0.08211866542144178,0.10445525267459715,0.34614550467534,-0.16915387958384262,0.21965843655523618,0.0929126911832554,-0.6380400521472388,-0.7562783525096725,-0.6658793862301435,-0.5176658481198109,-0.2558590408310071,-0.08564512589267459,-0.20857932188203576,-0.2241288174074532,-0.4619451238814625,-0.28369483242138527,-0.9319388734707753,-0.61377092360359,-0.44994019940482466,-0.3761785242087908,-0.9137165044884318,-0.6632528565730902,-0.3359821388830236,-0.0499810210620274,-0.6355967181827589,-0.05528833171700459,-0.2655401181054288,-0.2606696891551247,-0.6890351966802607,0.08598453349389437
029,0.13107249022411016,0.16646300182400678,-0.22619207522710205,-0.08605350002362122,0.18365700075944175,0.004566932749250685,-0.22633244761779286,-0.08077696055235056,-0.08432282130928104,-0.0725696280524869,-0.25802559454040486,-0.04643409153701436,-0.1916127178436105,-0.047543110177273196,-0.0888566271107229,-0.15211309020451894,-0.1552287256254033,-0.23776576315207468,-0.27520330204068755,-0.01220938126891874,0.0368002530881375,0.09359946903769722,0.04186883555328097,0.13894640999302452,-0.1576780076259181,-0.5321313141531446,-0.04467420513697662,0.28651372902418204,-0.04079998188118006,0.1736978151429665,-0.06610452673718034,-0.13394902102487782,-0.3543351923246508,0.36065251760263645,0.31711797715076595,0.11827746383470925,0.22963287206676314,-0.33590661191039317,-0.7682249317031723,0.26379062059434977,-0.11996551211839374,-0.3873189205105343,-0.32082250776214544,-0.2760241424296513,-0.03112541993484849,-0.1972229906948274,0.03781184975602994,-0.06682932913768613,0.133710394206021,-0.24783096596631832,-0.14598102430119844,-0.187218455572927,0.12335284477107389,-0.21934429464913557,-0.28323624852066487,-0.5612210597652068,-0.17714942758119462,-0.31332955120249417,-0.44917639355292344,-0.35473439097875037,-0.5307392718710263,-0.4948436846564561,-0.14232656864775575,-0.30263293699269483
030,-0.551037831629167,-0.2915685205994395,-0.5124564575604096,-0.26187279152689635,-0.4473251426914808,-0.45740251368340923,-0.4551009533459089,-0.6265039894952692,-0.2791170510004009,-0.5156444922135569,-0.3168383931527932,-0.6137995110677024,-0.40095954861310346,-0.6604883836536866,-0.1518043408638211,-0.5959058957550712,-0.33053301767723947,-0.3850695798307296,-0.40161334847037033,-0.4746901113416785,-0.4246716242706702,-0.2882226705143506,-0.4483640683325165,-0.27570777320859174,-0.5004287899211057,-0.27301615087240194,0.08613576747663013,-0.5020641094576699,-0.3162366776722807,-0.6052724217733814,-0.34619683253202044,-0.39443183562259515,-0.3559957973154616,-0.39372090999331966,-0.5829142517936641,-0.5003978642854257,-0.5707648738331632,-0.28226691233229106,-0.26424799562201695,-0.47526972831514247,0.12080937125650001,-0.2630483485039419,-0.08907086938009817,0.04799322003269829,-0.5169904053033421,-0.07979130928242448,-0.6292315733502163,-0.029019250045997452,-0.6892298366296147,-0.2326546646073464,-0.6785512041153658,-0.18982782230254738,-0.3825349460559311,-0.21352424055133373,-0.41741070335484026,-0.19024489840496467,-0.055660495115353315,-0.5137313732357137,-0.27349411810879704,-0.7193068599559991,-0.5318831696239474,-0.17411698432852007,-0.6997273119505208,-0.2533077811768246
031,0.3839603664022275,0.30008245767654435,0.2519708276708661,0.35335070476149244,0.36456222904467267,0.11011772283604736,0.34971492902408036,0.04170295038478211,0.281260863112184,-0.1419519374419931,0.050281864419888495,0.010473916056087856,0.16453154078342994,0.16217612861245886,0.015922625871338886,-0.21749994038593168,0.03831810151621051,0.08483350113819416,0.2549718175638013,0.26860341497993495,0.12710773311853574,0.2832798168680764,0.18621234753635615,0.10723525235404166,0.399808778752167,-0.11929274397178047,0.396079937788688,0.20379278541706977,0.06362841162001626,0.30815828140444734,0.13628606437270063,0.1288224456345528,0.2599144504773205,0.11038919252129212,0.5192678879207109,0.34941998940896013,0.2784037092323155,-0.2545503212556818,0.08091937067683297,0.05777633055493711,0.039404851031138666,0.02412297454237719,-0.38713260380956194,-0.021966180573875838,0.014575796618383652,-0.1046028612516279,0.11644403880490678,-0.16300756547137946,-0.11460834157966832,-0.2058053399755056,-0.418652686890683,-0.24388889436682065,-0.06443228844831475,-0.3906160541094747,-0.09314694188880654,-0.26228815055323185,-0.18823756757163587,-0.015660332434871443,0.13803907576014726,-0.4499507272010336,-0.13697535195825386,-0.29814782957134656,-0.45405944887875394,-0.35408483995949014
032,-0.059878777292590946,-0.29594984439461514,-0.0068251604389311105,-0.4247514737417739,-0.2515782273558233,0.1667782758241473,0.5114254278706785,0.042856641107933385,0.2775332116319875,-0.1584782766375869,0.014812016324808053,0.057283708745002354,0.07562208539203144,0.15409155750669778,0.04418106199421337,-0.07810818750609841,0.4905533826888849,0.5316616541425544,0.32705537458992323,-0.1861185259216242,-0.1643794636945594,-0.22395419564106958,-0.05955556413430557,-0.08089421095867433,-0.18402293206983011,-0.2538061642440822,-0.2095323700453955,0.15176090274322004,0.4050883000400475,-0.09484462381566988,0.1245060709403829,-0.1215118659291271,0.14662627696225067,0.16848582113104327,-0.11830742832308913,-0.44042973719888484,-0.2587911622659481,-0.4680773270141048,-0.21715232178569072,0.024441278763912944,0.6362700094801899,0.2866339357215759,0.5040104224568352,0.35153400516842953,0.11916754878313693,0.4134540990095012,0.02534948153405278,0.2207906318996714,0.1562107218969862,0.31728421415239705,0.175943658595553,0.2922959178181077,0.054844544846613885,0.567938329712029,0.17168770383072185,0.23538734367446656,0.2395682716375813,0.27005665787262345,-0.381964773004438,-0.26735430001705407,-0.06184346812565933,-0.18555380040079722,-0.06058526869417197,-0.006781587241722675
035,-0.5678003108202556,-0.5373524672412915,-0.35151700922168094,-0.4876522306621336,-0.31823521527645365,-0.3593968117451457,-0.24609111069318187,-0.3402404133522675,-0.8968583340866502,-0.27953896399405104,-0.9624213421068409,-0.2771934989860168,-0.5117503418734826,-0.33489250580653285,-0.6786821078208476,-0.5192919273777836,-0.9276897326710157,-0.12135750631064648,-0.1552540544703967,-0.5364192633829922,-0.4467156314951019,-0.5911814345234008,-0.354262024062328,-0.6432707457751073,0.1004041001051516,-0.49700378923135013,0.0963280276415535,-0.7538602662380165,-0.5530749360896352,-0.4717810171889054,-0.3932100746372025,-0.519442322803825,-0.36605458487310544,-0.5239704355149807,-0.23638017558210062,-0.26036131372810056,-0.2376613828218759,-0.5883163407146785,0.15049620807068365,-0.37015720823457077,0.33775022824141626,-0.0877899254495402,-0.328868072145279,-0.06273645907738692,-0.3479251722701837,-0.2616569578535032,-0.23382286416926057,-0.6207152236243593,-0.5407166053236159,-0.46734590436395157,-0.5548611563857807,-0.45033979101404126,-0.3036395002637866,-0.2983186005037174,-0.29709525819227856,-0.17684298157048495,-0.3694761932014692,-0.2833453402430465,0.23015897491871468,-0.15246762489343388,-0.31285667623956537,-0.03579208965044389,-0.38205412551957035,-0.6275327214940561
036,0.4505211665698182,0.46056557049482083,0.4209731657697885,0.592676564823614,0.37849101214728775,0.004319387934001467,0.3393851688909313,-0.21071551252740084,0.5611779616928401,0.1530954023301372,0.4930588587664892,0.07072073111066868,0.33679588791190473,-0.3764764984665143,0.6023788170218062,-0.1494615147034877,0.6973148282671117,0.1934332103247463,0.23499415961265022,0.24871638880561553,0.28473550762070843,0.36657205581573415,0.3151860434123864,0.289104698709289,0.5762334091940469,0.6620669295091818,0.21614253556726742,0.10167879888464659,0.454249548373338,0.09302087074268,0.6030420685316167,0.1057595717615126,0.2870719768010237,0.09248210335301896,0.4651150755498463,0.5932582293497602,0.5278856532638782,0.3762865542780468,-0.0914070076812547,0.20823552865791603,0.2769018087045372,0.018699036805451708,0.22306929994978678,0.13774589075953828,-0.06844840395694407,0.19640194764194163,-0.393785814854775,0.47199545939480436,-0.303022099455545,0.5994146574349447,0.039546887247651596,0.4047553742861527,-0.32683696782251315,0.3171090220690379,-0.17631215376764287,0.21865638733325177,-0.01855292372047948,0.014678295724556784,0.08396930369052821,0.4442106380421732,0.08089632933132415,0.11134834395005627,0.00880013791964429,0.05588704730176741
038,0.024317080083334414,-0.006235463093801796,0.20842887716382327,0.12478018893403872,-0.1229433274029561,0.05028786313639039,0.022113374329211857,0.478222231933088,0.22432191056016845,0.4739366803214804,0.19718096703307242,0.1247642313996281,-0.12864679513164917,0.4029553282548536,0.19949966361091612,0.6289775192766606,-0.0672602453940414,-0.06802555047314623,-0.14369628315259605,-0.08069196426388517,0.12840718676811072,0.00647307555733892,0.1909529274721166,0.3622115615361634,0.20485752014671704,0.26721374155062094,0.1455326616965375,-0.006966198402344359,0.002325700470548364,0.3650950016500854,0.2380187076297896,0.5958321096884366,-0.1331259949858186,0.14891401856855951,0.15102776663103262,0.15599794909684822,0.1959860220411927,0.17148306337317498,-0.11624027696623535,-0.1905255955252159,0.44807903349748424,0.11176214377057228,0.3579587544806848,0.06344818368160371,0.2085586691762914,-0.17049104157082665,0.24234822692048202,0.12123349424143971,0.33252718124011027,-0.208568178920469,0.5629928775836388,-0.0007609666331604148,0.29604129018440034,0.16306303622150176,0.2256014079101485,0.18288643797032436,-0.11382273725707578,-0.11180711388754885,0.4144790312038978,0.8131299517239159,-0.13262443138185098,0.8178406061341852,0.7186671184925449,-0.2134672459377567
039,0.4509767950918919,0.9051397706581789,0.5818802878959908,0.5990722143859339,0.4750076449886163,0.4573516677264351,0.35004074237268756,-0.04073953804220823,0.13179599729128685,0.043198761978757994,0.14513849058568468,0.34708155333582785,0.024500230979614984,0.2665913830609611,-0.12284254663844679,0.009552068057063212,-0.22770449305863924,0.017013057709962948,0.2890167009338629,0.2770980628875,0.38195073675498015,0.3166900900227534,0.7019138282767667,0.604345868690153,0.8944167154885517,0.5352246700591691,0.3555822067161024,0.4708164624929497,0.5825454986730079,0.3090240827670226,0.44173018148347165,0.6086922452031617,0.2559886818183114,0.2620256714015367,0.5552447686576594,0.9376633484988579,0.800874906426181,0.2982466539107954,0.5086922984625046,0.3082007992113583,0.16861137527666498,-0.4536142865697259,-0.44701027327442067,-0.11252749898796233,0.25315466625880945,-0.2908240421686494,0.24208983732972444,-0.33340306393274477,0.10394254745670956,-0.2898528109644875,-0.2835627071537462,-0.25556356025352933,0.087449885427664,-0.6671970237256782,-0.08460822979169938,-0.5912749040372889,-0.6046146692000124,-0.3202894217660821,0.18311578042516113,-0.02669820893049584,-0.12422749376971434,0.32831126656436027,-0.13751172321077312,-0.4438159695892212
040,0.10820404966570357,-0.12051155816142195,-0.4637019242341799,-0.7655045579681471,0.17124230691182463,0.7153326721508004,0.36854503836336117,0.3898828343932501,0.36821425767373217,-0.03757673430159786,0.729791230292708,0.5048151871534604,0.20876369788657662,0.37630864475489334,0.296285837705753,0.2158213770775427,0.5188854390248625,0.6038574114043452,0.6894957239104889,0.23604557518841293,-0.10097185303026149,0.5003175230958476,0.13286249166409003,0.2571278657130034,-0.34413613922004904,-0.1717221543806817,-0.21193004091508488,0.07935985237249801,0.41724558490621966,0.239938288781197,0.469831598777559,0.1323047158807019,-0.04599703943750094,0.3569031380851981,0.10741515120208836,0.21802743462446988,0.10960090773124723,0.00859998162660694,0.2774903831394038,0.3513336350834463,0.370693836826821,0.10527037801014275,0.9382285126200424,0.5275590268989507,0.30459925531458876,0.4533298682606771,0.8441951759317823,0.28627385479537193,0.22544510733749012,-0.18397116878658903,0.19857972453140915,0.4057016105288128,0.49878802135365174,0.1509756393202557,-0.008666506101740523,0.26814808468994955,0.21243314352809292,0.4777228683753465,0.1647763809433878,0.046744129976180104,0.504783660954817,-0.199009954570455,-0.21015158056218983,0.3478316911650705
041,-0.15517199558834158,-0.45194131480254146,-0.04710285143958719,-0.4696428160442937,-0.3217081388591188,0.16304345538734097,-0.05619695235509084,0.04199495117233959,-0.01511035226406246,0.045065749068964975,0.10761911415107539,0.019610879904059825,0.05680833426409915,0.17621305176777113,-0.06168288396711763,0.3768462265544024,0.21153863849974835,-0.20371637665641976,-0.2223085367927883,-0.20714810881098833,-0.44526014015845194,-0.07886195340222624,-0.5404121642197608,-0.15551758809373964,-0.5722583970583475,-0.4907093923290303,-0.6876314013532959,0.08177839758396711,-0.2929948156500698,-0.2335016261680688,-0.10443746118795583,0.25414084442106827,-0.4755920508842092,-0.26354023970881435,0.1276314867675837,-0.36698549508218675,0.07026549161268952,-0.3482646176292266,-0.7296708620899645,-0.22541701367726621,0.09581233176710191,-0.11659405906740894,0.3115331907626141,0.03621649834321136,0.23326574137449144,-0.008428870030218971,0.1568608450736831,0.012256926059387635,0.0787899530726594,0.24140197240732472,-0.3986776972157966,0.22473654335376314,-0.07424574061225231,0.12654675203449034,-0.15232065388311605,0.31962416699458096,-0.11107768293183426,0.011230364891085698,-0.24306254136879116,-0.766019052994914,-0.5067164226000787,-0.5712105609167786,-0.33709119477453026,0.2052593537088407
042,0.6749126057171064,0.893612465629366,0.6755903879238261,0.9070124625483373,0.800840618950514,1.0900265829715647,0.9705090471417832,1.194583196848593,0.5926178529152386,1.1214997866079621,0.8455013199787806,1.0429195045817277,0.9909081432283333,1.220251141689027,0.8086355639190934,1.0268307277951565,0.49874878284365576,0.9196172284533197,0.9606510140493751,0.7895252668666269,0.8741565592853716,0.8179643758637739,0.910827131723634,0.9288731438899316,0.9097233035095251,0.8444102874848458,0.6491536604743168,1.124330379181074,0.9511005163269363,1.1315402086970299,0.8523027563128822,0.7674496190729864,0.8660293285944756,0.8795299318561854,0.8268053969829687,1.1754245493346023,1.0349952843914465,0.6235929768498852,0.7517052723584274,0.8378818296213524,2.0375922610792427,2.015946752487863,1.593353861453096,1.6987679163181424,1.3442762974379634,1.12040047480898,1.4477219457194372,1.3750762703122548,1.4172446776644456,0.9579274222009595,1.4445742808350064,1.4607706233600493,1.7900330508469624,1.3969108243014892,1.9791367916185771,1.4267434490550763,1.3999975751645417,1.3014710411449082,1.1681709658391117,0.5232346221104682,0.769865230163753,1.0737618748103677,0.908339759082089,0.9011551345563407
043,0.9857085194577063,0.8091501517781559,0.6192194433524815,0.8308823861720882,0.7672876880849007,0.9954862507248029,0.8077611302286571,1.5468277961119412,1.319212647176285,0.5701249278054995,1.2430207079118898,1.0415071379281078,0.7960742401832417,0.948833014020425,0.9427175853624493,1.0221947560874203,1.0743497184445663,0.7954419299154246,0.5594509180904602,1.2119856909324653,0.7023387072416892,0.8902360803426531,0.8451692538557372,0.7167373259416671,1.1940065490051897,0.43150220712540865,0.22200959867324283,0.9672418821928768,0.7642272574217415,0.9712459878262214,0.895129491256371,0.7461665403855788,0.3946541352912929,0.7755775928663902,0.7216072135162339,0.48170314668784986,0.7428961609645062,0.29522412999449543,0.9810631074338252,0.6558576464916833,0.08606428236268765,0.2278045905071552,0.12734493287945656,0.2706591918656044,0.7152393740600811,0.4438918951593289,0.8386682080996251,0.8409514182989606,0.7102708563154705,0.4529164327298968,0.43842941763838067,0.8872855692944336,0.34689429029162144,0.3936108786995237,0.3292165397706533,0.48594141530914925,0.058709587827822984,0.7289067840827468,0.5519076487160631,0.24628332935797317,1.0148040264656095,0.8007280002275877,0.5799617746471484,1.230923204486897
044,-0.37188192897589173,-0.37515835255636576,-0.2568754079239488,-0.2855568638578443,-0.47489787912769954,-0.9184014854460927,-1.0236375868502585,-0.5017124802770274,-0.7765683766231649,-0.46560486967214065,-0.7900425897112606,-0.8932789750692232,-1.0696779364216489,-0.6505590496003775,-1.11104143741227,-0.6402752853655216,-1.2463422370959183,-0.988594820999734,-0.8272915727768468,-0.687785377598456,-0.7442828038313327,-0.5632312521300851,-0.3526339037028525,-0.27424220269897726,-0.31556523374422946,-0.40006566253303677,-0.32196763961542596,-0.8453622284099032,-1.0084222410128898,-0.8325110712238459,-0.8198698943887213,-0.533801850997503,-0.6670237326003836,-1.029042555133925,-0.2519651259273056,-0.27879718612023063,-0.2824028140306518,-0.6937972669055575,-0.8045053893656432,-0.6372245846427171,-0.7411343383155861,-1.082759505144537,-1.0146919924848643,-0.9736808656499206,-1.0178597815570094,-1.1939734622637543,-0.8012519153354929,-1.220735881951744,-0.7940449118778232,-1.190093279411194,-0.9435754880600804,-1.3070129245082767,-0.9097945229584328,-1.2236542180199645,-0.8573032605605623,-1.2173010480899245,-1.0359757626727208,-1.0885772670012603,-0.7235095382300228,-0.665604783460558,-0.8139022908352438,-0.8917551944074109,-0.9297618147491221,-0.7572958718552338
045,-0.4350835437924866,0.005939810698650072,-0.5627364985315124,0.07031799253500112,-0.2843960641128303,-0.2864142652168675,-0.1900358292428672,-0.1600523406587841,-0.27072883465414016,-0.15733099176151025,-0.7296026622636611,-0.3922830234486572,-0.3442702096764103,-0.2522112708896336,-0.4907724349879271,-0.2692263738740733,-0.7306118370376808,-0.3742645801713589,-0.0922186365876751,-0.22813388307976704,0.16924467740805058,-0.2273216371397191,0.2015871968384714,-0.44016362841820444,0.5832031737211374,-0.3264841223459979,0.6101228851353531,-0.11181312839186017,-0.10130895790481481,-0.19530709005332847,-0.12298391580472035,-0.24764561128749019,0.011055150966417238,-0.10449539699459265,-0.5041110203890533,-0.41995171578941126,-0.42390671884605924,-0.35339067504745486,0.1487860720041032,-0.024224144502413003,-0.03651760477614102,-0.3704653151092443,-0.30392587433922263,-0.5249139427196257,-0.6124833005762231,-0.4593497008843788,-0.4121194043231897,-0.46176119090893164,-0.338634627888017,-0.4799743894402493,-0.3645807894171125,-0.2204202362055099,-0.5860167955018064,-0.4951600739825569,-0.5730580030150505,-0.26671575714734064,-0.6718691812446218,-0.30562935558235405,0.22966137622496643,-0.18570469120614497,0.22910359352725435,-0.39219358780085545,-0.27580930582145347,-0.07620895724577254
046,-0.11750428451174533,0.13065178467579108,0.12310086756759292,0.04452491440860648,0.06756112562052197,-0.04751098907171594,0.22633910505810792,-0.20661646417286422,0.387479967268419,0.009480156347749319,0.33166667027185015,0.1018920998268888,0.25179017214674854,0.248540456904348,0.5542353989025348,0.22614516782339472,0.22638000194078461,0.2507446542298354,0.22245390006655896,-0.0645485417511559,-0.1503897811600706,-0.07190648042890088,-0.14161255180419713,0.2009405247118743,0.3680402553029637,0.1982122300658069,0.32400073872642876,-0.21370175525590362,-0.11683479687534956,-0.041439777933373056,0.1841534265602638,0.06117479179037688,0.3054893143691456,0.05948567968452112,-0.06538160281320252,0.15592277224165688,-0.10134679998051432,0.08221682517465348,0.15372453253404544,-0.21461185465820815,0.3308203825243195,0.5499757828385725,0.29592932260942084,0.39686495593247806,0.4967766468767785,0.2680475049833013,0.8144520596243614,0.57588964782361,0.25836448810185725,0.35153216367881107,0.24354370400994096,0.22583359532384562,0.24850313845446828,0.4257886102168562,0.43796868102617265,0.18435334753031538,0.2181483276492753,0.2655245262334752,0.11486104264935515,-0.013592338641199408,0.3797476187581219,-0.10727152068376955,0.03456568169487273,0.04375947881974143
047,0.3385939423401975,-0.2132293478898475,-0.12185305712325414,-0.41815494052412605,0.020379298759240105,0.02784116683077048,-0.09954953524913773,0.4309884427953469,-0.26201556792854397,0.20584350025829956,-0.12245733130519129,0.06477520792422209,-0.07152051073673704,0.2381039077313481,0.08347290386129337,0.005308614901917419,0.13624995258390837,-0.1394306122047325,0.025066768964018216,0.2655652767631236,-0.1535802051734017,0.3283207798694786,-0.37583962663299275,-0.018714088175416393,-0.7532679993828697,0.15526659708042834,-0.6028768566414413,0.30564656870649065,-0.02871037461554407,0.26831479907198885,-0.34507128861362396,0.2061867477646816,-0.7035451498576251,-0.01979717444650264,0.1748585607566552,-0.11028284155919788,-0.07435976314695136,0.04893055574261945,-0.4889376682012361,-0.15452095325841841,-0.48827656919941603,-0.21897476786338627,-0.3414758890687494,-0.18683439411479175,0.15484622851781474,-0.08743302208960302,0.08142575701672772,-0.11843729978262524,0.18056888202910623,0.0556070447679905,-0.047515188567656796,0.4626171153458716,0.05530994837097017,-0.06613311579521847,-0.09414033879946587,0.1304175593420896,-0.2502332435357575,-0.05118780241352633,-0.2002730480354928,-0.016022158664427577,0.09738061717340829,-0.037870958931934096,0.0568748485036234,0.38171173448873824
048,-0.779459412621793,-0.9820175117856571,-1.0109024818025427,-1.274086779614385,-0.8594059991188221,-0.8417498652640278,-1.338934063503737,-1.0890154451704914,-1.269204608884705,-1.0471998361257726,-1.0282673076981055,-1.3985032982388843,-1.3673873742284455,-1.3235183439054459,-1.5486053625001714,-1.3970861073943257,-1.358315789163831,-1.2568526150839274,-1.0364844955812786,-0.6755378763450999,-0.8410060138488497,-0.7777973318175118,-0.7441077509665308,-1.028482163196241,-0.8972374746064858,-1.0171354410856017,-1.4249735213904509,-0.6100010182938589,-0.8203264974204157,-0.770763642589019,-0.9542000533384284,-1.0454066879811927,-0.9147462892224336,-0.7522382703515519,-1.1683442695045865,-1.1791956376439183,-1.1075875002702968,-1.0812329241412653,-1.3118025969129914,-0.7315076576683669,-1.0526736529353418,-1.095945101448017,-0.9680530727689132,-0.897371431224595,-1.5543806542175305,-1.4045985276121595,-1.4841871344347533,-1.5111626813017844,-1.45051931491811,-1.4704365590805542,-1.2027141508689259,-1.1956219623278024,-1.4012104197710826,-1.341415919946707,-1.3759710113351382,-1.0760159182118705,-1.2701253971942907,-1.355559166215245,-1.679612573485658,-1.0003345103518937,-1.2716366451270757,-0.5756392820906384,-0.8318117898420478,-1.2625357916425457
049,0.29782397200077837,0.65009945875315,0.4096591062514401,0.5677608600438624,0.45929130273476704,0.4243864284330894,0.1807896835863383,0.3427448205600794,0.1623878443945363,0.07350971537545381,0.3525998381193474,0.09376505735328786,0.5576412446059296,0.08505192214958032,0.23877985261984538,0.04824688869858157,0.18074201661726808,0.10651866970365872,0.14606896058451802,0.3396308927254744,0.4978028182990524,0.3371474328259402,0.4831717730428218,0.27123481094266677,0.1375594616584459,0.32837761827610945,0.3845247427846012,0.3820562536624976,0.3302691811407144,0.36997438899201573,0.3364306215837132,0.3020258435513371,0.2651046018527943,0.4839373819756735,0.386399589371086,0.9783981236755053,0.7855075570051897,-0.01638023706887226,0.8239954293352956,0.4669648511773373,0.15031580556467433,0.32108715397291065,0.5255730994889383,0.2482640525403177,0.07708790858298831,0.41515021248210005,0.08833728758367557,-0.001719881707587384,0.2670658384839209,0.04525274537636173,0.28687331572359687,0.06341953151834931,0.549320410794395,0.08626213934736127,0.2628808910809245,0.7015504065362455,0.29170032344610874,0.41971043466200875,0.028534736273816586,-0.1419780433264258,-0.1753161808658423,0.03912657839843539,-0.047956219039543724,-0.2170903163939347
050,0.03373536071170172,-0.39883666466854606,0.01638708807798317,-0.0627448415292097,-0.13205084161567712,0.09125277216322775,0.004723055388423519,0.2656806239635734,-0.12800521555225333,-0.1123778314686042,-0.19893107751795405,0.06268345209887916,-0.13577365002991168,0.0010844504976943448,-0.13565225871877976,0.24143027076283202,0.007918991500341338,-0.1478618309765951,0.10234092040733508,0.22437979807346686,-0.02956953117570732,0.24766011935028467,-0.013207168590778529,-0.024397605707395825,-0.08756723516841733,-0.34933893138508504,-0.24684354936760872,0.15016028053039715,-0.1166952065150855,0.32700428524227587,-0.10470382864792172,0.16718745227280243,-0.10210802628725929,-0.09591206380277545,0.20494700968282203,0.026716335369555477,0.11573707129557267,-0.3115156311292152,-0.4196746995076393,0.0881885695960712,0.16680271825433446,-0.19100063336781486,-0.12283868118862107,-0.2983155393985111,0.1153519283064929,-0.07635990090899547,-0.049292623853259304,0.08404654009699031,0.1127669535049877,-0.11490799400942131,-0.0038850661576076972,0.11675625553156266,-0.0922725502928283,0.032939201571854315,-0.1595834011306662,0.1144007018465941,0.08425974659344615,-0.05596833204168375,0.014946750893260197,-0.05274034303811731,0.20019606853400235,-0.0872048896388859,0.48722102096399156,0.07861500581271666
051,0.04264631897968241,-0.039518072754086864,-0.21807058544606256,-0.31901648812520844,-0.010245007266494785,-0.47391000249184856,-0.08208307340481605,-0.39105692022662775,0.04176592031418665,-0.18093782170637218,-0.10183225745237136,-0.37531376134009165,-0.0415674023627261,-0.48739135599767525,0.11990907151516225,-0.4994017616036585,-0.11154981644116438,-0.2542465236850785,-0.32747481628734854,-0.28753827833466206,-0.1288850635484011,-0.30098944342172673,-0.12730690617108584,-0.497550745326767,0.028392566491223716,-0.19836262037909258,-0.2151946942482638,-0.5352096984333857,-0.039618245245739876,-0.03145532374800661,-0.08917838525603836,-0.03464106180272791,0.022338997351356665,-0.19148815175415315,0.01305203327672784,-0.14982524429634328,-0.12092259158650512,-0.24216955205395976,-0.043786326429673686,-0.06443744766909337,-0.2291542305005384,-0.088069330149152,0.3146419294970276,-0.45588987793031854,-0.07668527698088459,0.09732187582432994,0.07164815576223896,-0.010119097001796307,-0.1787483057449276,0.23290313092062734,-0.22465584565155333,-0.12880987444699116,-0.42663581255806027,0.2250415624422772,-0.5351455133771169,0.46047381928947034,-0.050022306471524364,-0.28421205201801963,-0.25481724531373506,0.008392389715907222,0.38626443403403843,-0.43844249089611903,-0.27225033371460067,-0.008028537716981532
052,0.21011947060283134,0.24143480453243935,-0.45638994709716046,-0.10666435985620618,0.11940909636225816,-0.20306788487948155,-0.26331259134330576,-0.043725846041427985,-0.23405773597865379,0.2803332532099359,-0.0930959731144968,-0.550212908044126,-0.45521724786583173,-0.3622443461145792,-0.535254640487913,-0.22672793082981937,-0.22287796100879192,-0.3387921144188272,-0.5489150099063473,0.2476846557552173,0.406142937684484,-0.09874380253233339,0.15587367606674582,-0.04452820986429018,0.10760043612433384,-0.13753553247861608,0.306414853532109,-0.08634387884369155,-0.013301116689349218,-0.5683847139047999,0.04989417027793869,0.11311417492155323,0.23977845021669772,0.11679448661547759,0.005994598893833081,0.0601093477274971,-0.00896309283169372,0.33591667161852734,-0.023992041255798485,0.31762125956171194,-0.6019582842172508,-0.6909010312574734,-0.8804958037274752,-0.7742775572067909,-0.3705063105052842,-0.6308143117987713,-0.40891675636347874,-0.6313283319789792,-0.5266227261989618,-0.46138010485578984,-0.42471116801852415,-0.1765026366482268,-0.630229167422362,-0.7803439677459654,-0.5898854636139417,-0.7744446859497752,-0.5963096266488317,-0.3077712217064273,-0.007057474117224988,-0.0939433637597065,-0.00990447702934813,-0.5183125620794186,-0.09335015541698993,-0.2116503513420844
053,0.3431081008737307,0.07274393246291505,0.373113707431208,0.07584360618205047,0.3258203579228598,0.273294320108193,-0.11063498307723629,0.20992292981422486,-0.043342817014542706,0.3536063444416554,-0.24476736274656147,0.595244915464481,0.12048407042317605,0.5992828991409618,0.11195943940164177,0.5899793733086789,0.1408358642779319,0.17792315079498344,0.19101628521817293,0.10596661891052084,0.004534575677773156,0.3638156332119827,-0.000977184481952692,0.5920495928601273,0.016577224359806436,0.4048046578159543,-0.05798475989646673,0.017097695156688297,-0.2903106854649456,0.22105018100845358,0.23683887138109833,0.2491733169399132,0.07888021643981238,-0.08215183820395042,0.2542596369817989,0.19349701622617477,0.19395095948088736,0.774862672196184,0.13257528005717104,-0.1929938580895528,0.28873914240391596,0.28667608573140924,-0.08436243878293481,0.3209611785570051,0.6157731767766021,0.23787746063048992,0.6487983008855838,-0.16549702992425075,0.7303099953553783,0.35818825182020564,0.5302871862182652,0.2930030961657354,0.7259964806037164,0.06106344272697323,0.7548301833456572,-0.026236975709977906,0.3278629304014312,0.3219058939671807,0.2728488023331215,0.777026182118462,1.0399358497429103,0.6901064391335843,0.8042912216382769,0.5597810845917999
054,-0.43932872776986875,-0.7801520780117306,-0.4231807197926999,-1.111015501536391,-0.6386127189735293,-0.13949790288320785,-0.3264614573528363,-0.20201060614368327,-0.3292002362957685,-0.2722294302007453,-0.2379343325694331,-0.10749980206420989,0.00367191420526386,-0.23117956063013617,-0.23300241252512519,-0.20872265646388766,-0.1414891501671848,-0.14989839393460302,-0.3236696983581273,-0.6238266334383722,-0.8319660179814676,-0.4667175899511174,-0.7992315378310286,-0.45807267465928114,-1.098652331249529,-0.4444559100346378,-0.9657752369225523,-0.3639273764506214,-0.6854372393181881,-0.21697377551655633,-0.7365413687532196,-0.15291671993846995,-0.6663694628716162,-0.5115263999938515,-0.4129225917952559,-0.6759657202417129,-0.6271792620243871,-0.2785783793791752,-0.680899362103812,-0.6918546708506776,-0.39390212221233767,0.023614990710035727,-0.2549592738728293,0.08126706935192385,0.20850100149547754,0.053151678148475545,-0.04810527922208341,0.03156371833343061,-0.3151322686474762,-0.15121453033686677,-0.2943599650817055,-0.28654843802951724,-0.1434030916011918,-0.11339598979211749,-0.15398993355651278,-0.18260059345404922,0.22711949665770764,0.05444397089025271,0.0632997183770124,-0.14734496940715777,-0.24128731468528342,-0.18517371338727032,-0.0379430123927329,-0.16908981045675983
055,-0.003940238100288207,-0.03400275777769077,0.32108069452638754,-0.15749227071095026,0.09567803973646802,-0.40554155877555126,-0.4586716906784062,-0.24797691001334193,-0.3057485535391742,-0.2303183831373379,-0.2586759804364369,-0.4280456460324198,-0.4665049538823541,-0.41600783114176687,-0.4614960275577076,-0.5908517483472093,-0.2965090865171056,-0.49739270254580237,-0.5536956393643273,0.009624010602872629,-0.20324289222458636,0.019511524290760307,-0.2496583926627441,-0.08969325638240364,0.0006518187067466596,-0.09780493921555483,-0.280637158631341,0.000404509377050416,-0.1491120295382487,-0.11887275395124314,-0.36078489663281116,-0.10938915793288412,-0.19488063450116025,-0.18319216722650233,0.3361554497276262,0.29564593428377356,0.3868571634589449,-0.010897256972118463,-0.2868466445848535,-0.0059036219404169366,-0.06468202872330239,0.06558162121160283,-0.15445445223062673,-0.22971051592754413,-0.46513117873515564,-0.27458379711345543,-0.2832813017043215,-0.3004754686241251,-0.4145598834545196,-0.3506744206275807,-0.2457802570614438,-0.09819855803017663,0.04926045066738288,-0.25919184754759905,-0.05763871305206092,-0.09348932340825233,-0.21742935367555843,-0.426380195620617,-0.27061994687541757,-0.22288924434887986,-0.002873748061045539,-0.28855201410302644,-0.5367672561882693,-0.29276591598632173
056,-0.016063976672593572,-0.19606829765447545,-0.04134250464554068,-0.42385784218786804,-0.1334311402199855,-0.14971749407957596,0.0689186180931615,-0.2520919606877243,0.18896785874418986,-0.3930062762945973,-0.2239702061043142,-0.1513224017337147,0.09620932614353517,-0.2196671355920563,0.008309901488122218,-0.3005202099998804,-0.3585873130069005,-0.17666767649310072,-0.18555522266652405,-0.27685318635019907,-0.07847034690992971,-0.09047855397838334,-0.0711557015623645,-0.08640725928202259,-0.14065362445826685,-0.33137150741266796,-0.33561861720679925,-0.22910088897198716,-0.03238343817880146,-0.22703026095170942,-0.1403375560204696,-0.25579165917942354,-0.283437253920099,-0.11066570930496594,-0.04917111770238461,-0.354464373191852,-0.16394915189406745,-0.36542765351972734,-0.6604231946778876,-0.12623630834709923,-0.6057238671093809,-0.210936517505745,-0.5152253806392675,-0.200361002323878,-0.10492371151215762,-0.08291926687451301,-0.19675469568229464,-0.0818620807005975,-0.2624343915160595,-0.4626605678509198,-0.26807462387859937,-0.6543766649388717,-0.2664820874819012,-0.28499608337073823,-0.2625866269254884,-0.5436783560191113,-0.16627751595280726,-0.14262909116409456,-0.18658537739923467,-0.4881853940678161,-0.6280823496324945,-0.4002013843967904,-0.31696865519130424,-0.6338858831347984
057,-0.30962972217604146,-0.1970197981476203,0.13167829225455913,0.5892574318143795,-0.36486878311675375,-0.1584720025321003,-0.0716359793347506,0.027805491867017113,0.3042256095885465,0.12246701656946332,-0.005241453133313048,-0.0081819881191416,0.2040321705736497,0.3939777963897444,0.08528897049063495,0.4405766966120974,0.03604203711374614,-0.02329361029278254,-0.35010405636684916,-0.6645387133128624,-0.36236473838796784,-0.40117684657614794,-0.2961716074498676,-0.1569197228070365,-0.1992814848472192,-0.10473280825698433,0.28303738314678917,-0.4404999746914132,-0.33347751405591564,-0.1773534382523182,-0.1451472033326518,0.114425180544538,-0.1228782055100476,-0.13633154839504572,-0.07605171420365772,-0.2808959995340755,-0.2487505303318057,0.30594481109904065,0.317237029076339,-0.4941575293485899,0.26916067104651076,0.3391626782468917,0.1375082131134967,0.3899260439018535,0.04180338597085023,-0.10154943433817437,0.48849136079708183,0.33800762948515906,0.687068722185148,0.2647695015924725,0.37886673078273436,0.3883641903728112,0.5488367556900487,0.23965837517501826,0.5108284624931116,0.31948765490329467,0.2271448245738201,0.023315973759242273,0.011113575749164668,0.5722182650471168,0.25362805957759216,0.44037211424372524,0.8440043347591208,0.45238217588896973
058,-0.09640408532610859,0.021679557622699547,-0.14665337097410483,0.15334882288915605,0.3164978465978322,0.27883081264807746,0.48513068678577675,-0.040412374312105204,0.6902678480340065,-0.07111497354731203,0.5842164117400891,0.5409906012177499,0.5148751744568462,0.3134166668993091,0.6683356707317728,0.15648417655531632,0.6647805271381777,0.5339075635619899,0.20196653840578255,0.05120688175274965,0.5680581593268148,0.03430056821917038,0.527915059036217,0.019954441045572563,0.18897440959387765,-0.24331810637470214,0.29738827991498284,-0.13158431584998823,0.22221163784732853,-0.14702738392484213,0.5191618902706651,-0.2380328739384584,0.4717493912316896,0.23989330461892425,-0.00509193346772932,0.12268968373656358,0.05978542851602711,-0.3053731767992145,0.5052342367283682,0.03163202880560248,0.18252582765997596,0.3459706182357226,0.07699198077298011,0.4563053735936131,0.40761150263455725,0.5593065360857263,0.39922816265630756,0.42646408148445225,0.17551138013885015,0.33281363135253317,0.08371435541128891,0.2810035505034383,0.42552963461356297,0.16957688540150334,0.017823936777001892,0.09009910941532312,0.33956926294280343,0.34560217089698864,0.6400534674523813,-0.11732626161424084,0.6612768509272682,-0.1291664989476015,-0.0839291263657696,0.6515379609015836
059,0.11671770960982913,0.29967872166306425,0.4559495876143047,0.12630348543795653,0.24928779040677768,-0.06107522758472611,-0.014374575871859585,0.2066460312792452,0.2623058711233156,0.19836383233946286,0.178328249527349,0.3280325612525806,0.13943243469230304,0.006166796962959298,0.1893812984765712,0.011534751953711897,0.22874914626552562,-0.1536474433965238,0.009865172805954031,0.10136127652637204,0.24887776548797225,0.2391467334233154,0.2549185360859494,0.26733877673568285,0.22181796941540444,-0.04256445312905194,-0.07220417148851405,0.15340641455456083,0.17815559881439083,0.15988396703586874,0.39106827288098767,0.13100959558009562,0.49957358781542427,0.17515802426894495,0.13003753579999525,0.192165202570853,0.16892589746591202,0.17467812073861358,-0.13571933230996513,0.2601142396484785,0.12073221839744314,-0.5034069680490424,0.05310757938157487,-0.04277225149894101,0.40840883243029863,0.18208955101338348,-0.26845588548875987,0.08978496004085548,-0.05622236012092674,0.06296277575636969,-0.1006881336868162,-0.03284231324841702,-0.20921140144089287,0.07990258560266883,-0.3780988128242996,0.11650102669271933,0.024690741183916176,-0.10469211433623382,-0.5688665799450591,0.23170560261588594,-0.1496391146660957,0.15358124094591638,-0.06582299556487042,0.01407071906705712
060,-0.002440145096510027,0.14052146586049427,-0.0482705925162929,-0.08724194591929282,0.1679590214701584,-0.26531034841323897,-0.40373939392724334,0.11238237074505183,0.47975476360114366,-0.02289658131661476,0.13295841738448458,-0.8021266001479208,-0.40585881653229006,-0.5082452733028635,0.22491735235514113,-0.055351564917443336,0.6453793040559619,-0.8561689766881981,-0.4073509560287021,0.14322931631280617,0.11559140215552288,0.1439928428716615,0.10678900392673668,-0.07783728370889792,0.13267916561353707,-0.23793303530345453,-0.16829292907336785,-0.011264108279117918,0.0036453708439024846,0.2839933351547519,0.12104683999512704,0.24844417709634578,0.002340930445049516,0.04422282617231696,0.11696263952377112,0.11929283168909509,0.11988423233620046,0.037840908645416796,-0.0662775719256693,0.05012841959663522,-0.13553776709852883,0.15341434043317934,-0.3330958062622269,-0.08700998202239785,-0.7050891815602143,-0.11897441276325144,-0.4588698109933806,0.1925416737055165,0.023425824991051974,0.12182562315052917,-0.12999770718828027,0.08180045018690968,-0.2711810112487504,-0.22042896939586684,-0.047258475599081334,0.13990908282424766,-0.36168870123100094,-0.7494323043223102,0.08705081534160258,0.11455598528218297,-0.46030252414538053,0.13603478275606706,0.4449106241867028,0.5801312028045706
062,-0.03828778203116345,-0.09080307085816752,-0.08300512465916349,-0.11252150509420439,0.08937305205394963,-0.4367827589943979,-0.4685671257190328,-0.213915506893044,-0.621182300767354,-0.4533645300309233,-0.7421458873034025,-0.4705313401264504,-0.45172467473001765,-0.3140225294111357,-0.49518616592417825,-0.4185092609350292,-0.5649382902510067,-0.5423950024386973,-0.4790256903893659,-0.26885653497498524,0.03708709114913397,-0.2512022800732147,-0.08099978471608998,-0.13067967503464428,-0.15548587674028724,0.021795540469948776,-0.22853915074106373,0.033639392094095055,-0.09136507450320475,-0.13245101828843076,-0.3433028481026688,-0.287086037486824,-0.6079203724728102,-0.12011820344701457,0.08012566585315706,-0.14373729925272832,-0.11956041583337207,-0.03399776886854919,-0.7637763443458956,-0.13806874704318167,-0.47294059694633384,-0.353263692471652,-0.7561343964165449,-0.7423469502506692,-0.5483443908107133,-0.5491844600102862,-0.5224562661969272,-0.026143959204373735,-0.4808578280526911,-0.4255177175139897,-0.49990943293940004,-0.8103776834427461,-0.5040246969638172,-0.515684418991742,-0.5268646928271787,-0.8412970417581958,-0.6939244118452157,-0.485186542496579,-0.7928864760527989,-0.656953481585615,-0.7825692173086969,-0.3353909180329837,-0.726353934396648,-0.8193938930288438
063,-0.7208195373525147,-0.567780482094727,-0.4988917950123285,-0.25805406230643924,-0.605034799601346,-0.2448741103806047,-0.24809062783152214,-0.3809217406354814,-0.011787012370212485,-0.6215443341849888,0.016910291908429798,-0.16398064957551628,0.057520165023046854,-0.25136984350047187,0.059871187405988124,-0.39285005243633747,-0.09819243058817403,0.0036194420561438956,-0.19546765094332763,-0.49495537932904643,-0.342575688397042,-0.43664964111311955,-0.413020551716634,-0.23307475471977349,-0.3658519355270681,-0.24356334068273536,-0.11565462301052237,-0.16474249758377157,-0.216672455521368,-0.201059296729489,-0.152223153115498,-0.603769265858803,-0.06682202841817908,-0.21653222319715004,-0.5634844899263347,-0.4192835146722818,-0.5305860534763303,-0.2740233381770435,-0.16499468465911454,-0.4547047928651846,-0.3149292975606018,-0.3271143067480804,-0.1741551797881463,-0.197986969584112,0.016810672227009715,0.08034518592584837,-0.07178793848039147,0.06575860040125778,-0.08894133133692078,0.024025732917472453,-0.23229495422323715,-0.10834812005608652,-0.3805704261005809,-0.13636720376248476,-0.12154121938183393,-0.3100127075270478,-0.25888176843561905,0.05176446118677486,-0.43256180926232357,-0.5398603474110466,-0.20973417829082255,-0.6972373034250876,0.016582815848288107,-0.168817981918726
064,-0.2949631968875901,-0.6196060088702128,-0.35795527530686927,-0.3686073386613417,-0.5280486381308186,-0.382757650529245,-0.5091978057432123,-0.5058184029414559,-0.4855556900291572,-0.27613872349883806,-0.5094492847108691,-0.6479794365928286,-0.6180050153425768,-0.3822238608365804,-0.4170953708850328,-0.35238384878247214,-0.44440586887051137,-0.6310326181451518,-0.6312779334899489,-0.6132006307260688,-0.6299217538124275,-0.3964773061132091,-0.554028998351094,-0.4302360644861435,-0.5716528984667459,-0.8586007489046347,-0.5985922881412457,-0.6031687484499675,-0.6424792468684204,-0.403767807016416,-0.6015164862929718,-0.6848224603338708,-0.6166575806268144,-0.7270383216357132,-0.36896985089283174,-0.5792239291341236,-0.5911366173924542,-0.749953807767521,-0.5272384039226259,-0.8348295789957182,-0.1583288994812336,-0.3163969810877294,-0.3996263287906178,-0.1909808696787217,-0.42853450782521396,-0.5244906325180108,-0.15881287256218385,-0.4118353284530522,-0.22761943478535818,-0.4632584463244497,-0.2238788614330623,-0.5258326493003996,-0.3588925979499854,-0.4987054571027121,-0.42448304809453585,-0.484634343627662,-0.4372949488687906,-0.645142085330885,-0.4363559092398115,-0.7973807588766735,-0.4609011448508529,-0.3765400838845375,-0.5923271580800199,-0.3867041594700608
065,-0.7910561013926574,-0.6746238605209853,-1.121923599759437,-0.614367276427277,-0.7382287244935252,-0.4684950135406901,-0.6094013262988037,-0.4072295141650176,-0.7849378101932564,-0.6990999214952027,-0.9179201670771135,-0.4022628698098846,-0.5804967969175965,-0.4739074515654582,-0.3849847492479455,-0.7662372657188017,-0.403369053033107,-0.7620001305891031,-0.5014614166382177,-0.5522431764168129,-0.6667329713662654,-0.45569142970903265,-0.6642254965485861,-0.7387021315625781,-0.7069906251967621,-1.241389902756382,-0.9329725742373478,-0.3901723210776266,-0.6607313615527763,-0.3364023753842524,-0.5649708165564622,-0.4865805177748691,-0.8166807481647689,-0.5370182233740326,-0.9014595516266646,-0.8124944618728087,-0.8922736561918114,-0.8292560584075775,-0.9905111115292783,-0.6485022317432645,-0.593536226598443,-0.5533695739773585,-0.41495989098104263,-0.5813203960432634,-0.49629216959156786,-0.5235797883443979,-0.7901479319969431,-0.4054483927164757,-0.45748571866606735,-0.15467005295402103,-0.3055937468513222,-0.37925194119941125,-0.9060814717050001,-0.4295242322451166,-0.4920080781447915,-0.7363122858668428,-0.6191448870875595,-0.6731925468841921,-1.1189895310932356,-1.2022757491326814,-0.6228638436384282,-0.801871720278095,-0.6667111891225775,-0.44095379074485386
066,-0.2842238161582507,-0.46855953161164954,-0.29210550391966195,-0.4846158485933813,-0.710829536014068,-0.1676229147260446,-0.2638009028573661,-0.23352966564806146,-0.38030210705077255,-0.20656865467345448,-0.10240596313873893,-0.14420055108334723,-0.1983686706677285,-0.27104635752835493,-0.23981331080074272,-0.3825816024528924,-0.46599455978247706,0.010585274083974944,-0.3379365989571269,-0.5241269037748865,-0.4813628751569621,-0.37112589890111186,-0.4650377881052802,-0.3415572692157235,-0.4385769706636651,-0.22668116554889464,-0.4888795914453112,-0.40040392280845566,-0.5232721637822131,-0.41205568700120837,-0.7076071194873158,-0.03721902165082655,-0.47192161642617103,-0.2901552491421049,-0.3076143963008499,-0.3807007376280506,-0.32956527630911336,0.13062663871020155,0.22280704405337637,-0.6570973045987675,-0.1573258593116209,-0.2917617711026831,0.05016751708107395,-0.012300003082941019,-0.251658329246489,0.22127419154599054,-0.24511391868860818,0.3082354051385102,-0.41372618459914656,0.04770370014690681,-0.43103212934035157,-0.15442656201090427,-0.3402703485313506,0.0161771469822099,-0.3916055403596619,-0.017237719163257392,-0.052972566350130534,-0.17790142489020497,-0.08618542636351673,-0.11548513078143069,0.05222768201795608,-0.10082070467887383,-0.3005588782119769,-0.4572865156853343
067,0.46191449564984755,-0.19140032776727983,-0.2831074233351533,0.31584501250239794,0.1445364673641908,0.5072528994640519,0.3318493687217342,0.30142708411265995,-0.02030261912727263,0.5164724156485945,-0.18055125293904928,0.17429312750800083,0.4161453768390051,0.2014305965800105,0.14673928262657976,0.39710867187613974,0.13799963051146943,0.23483562105608807,0.12563531432918856,0.04174504876767443,0.11670959696434342,0.42827969485057293,0.3105505969235764,0.40371013913490533,0.08186231527081808,0.16629259343766392,0.11530899582177434,0.22954173658783827,0.35797895249764844,0.24150267366041617,0.3562601440076165,0.16121927538876007,0.2907987586775846,0.36602739554638064,0.41442486341567836,0.6221086117253071,0.79750870061372,0.37174129303179376,0.02182353739118692,0.23854964866890271,0.827609383212552,-0.12467805648691688,0.07465943510768805,-0.3564128030730982,-0.10690343939238706,-0.11053609870671449,-0.18292756998099086,0.13439919774349432,0.06815997375406257,0.09102314001305609,-0.15091575065908464,-0.300401899438963,-0.09314458773315443,0.012163621892436138,-0.20538953883225974,-0.4654912091343558,-0.18934775070343596,0.09435939732386112,0.003086631381821636,0.24291452747318196,0.6058212522637206,0.1071192366936532,-0.1609578118182102,0.2267321943954849
068,0.1245701017719958,0.014320018897405834,0.036243789511203356,0.08171419872629973,0.029299217173081427,0.049518497708938874,-0.1253227359837448,0.37726656335849185,-0.12509864700228238,0.09382575983015698,-0.18604985531671928,-0.009998285234440824,-0.24777267214501889,0.1588665136911557,-0.49600150423752376,0.0499580846137723,-0.49684407097035166,-0.25346128004669133,-0.4085231313292092,-0.05245249263058724,0.07640485865588362,0.36405092654554616,-0.0602777746286719,0.2565279184084402,0.18533168999806532,0.3727657079680029,0.3721477858416774,0.0952386137654514,-0.44085879297801756,0.20185059310492165,0.05668697227330674,-0.14624899327788937,0.3354504155555134,-0.237948323670956,0.08591236197352087,0.09594786031860578,0.054595228689616,-0.3178807824077456,0.43194658203691927,0.05050983151550986,-0.5836081829547075,-0.32011249054925917,-0.4458741608689626,-0.713481554804404,-0.13523218319788813,-0.44255634127508947,0.3016674731267781,-0.3107511089303553,0.11292215390090801,-0.4021325367263473,-0.23931900004642742,-0.4072858230287978,-0.015016590429887622,-0.5283628716797013,0.07503444755854191,-0.45997098937201625,-0.6717619317947805,-0.32204999657370126,0.006503521011142571,-0.14127370419563956,-0.20792019734167644,-0.35602864568188375,-0.15253848156523786,-0.20535314223944326
069,0.15516932465997882,-0.07542792541567395,0.30630090002652527,0.6241178573458457,0.008019602228429568,0.4422975638153804,0.24052676311598836,0.415839894416759,0.5426157584413288,0.5416735860816067,0.08933349046186323,0.3416868014174082,-0.01548467068139453,0.4962750091514137,-0.09132678632029234,0.4053622465765858,0.27299144478038,0.007726547284011009,0.40413882377556326,0.048953784234486486,-0.039638440279609485,0.08011336274997666,-0.052083996117482906,0.3491759994560342,0.474365810233747,0.5720155992516964,0.8419017855434283,0.14142598910381737,0.06642755699958378,0.10939067743632784,0.18912535712404077,0.09576283027606822,0.2757605720629469,0.13357387857245054,0.25097696672124714,0.40854079113422787,0.34237583578704706,-0.15121429648701715,0.6393633848974961,0.03957549573664307,0.42847032053123313,0.566170925440324,0.7088388269197005,0.6557332508363587,0.1871031081666888,0.0064470717790544585,0.33537779938795004,-0.2346959092376514,0.6211346373131057,0.24633867411874277,0.3622459473977847,0.6445782425665235,0.09739503033808111,0.36823365796503366,0.5928200678908566,0.6331138783578094,0.41230150865628373,0.14239757977794837,0.5010386453394637,0.6311560608775193,0.7452380283684119,0.00422683117704542,-0.06191477168214832,0.74423395670191
070,0.4345049350647328,0.4716382116354012,0.5055882307208791,0.3923892806761031,0.31206583499583396,0.4830442260341036,0.3506277691461387,0.6600887757851082,0.4162707545286531,0.866886713568659,0.46957452072899164,0.2847509883617939,0.34970379364929816,0.4252701557884532,0.4159425717128221,0.5945492360902361,0.46141000271566834,0.3870560455543659,0.31334309376710734,0.5357834075999104,0.5513334888198389,0.5615014366263247,0.4892405326037137,0.6921059849235542,0.42841260955106797,0.8732050946303123,0.535893726076049,0.4271174573251744,0.43627991516113257,0.5859886918265483,0.5181584838787077,0.9600853537067825,0.4517432615068747,0.3626489748156606,0.3353483604268358,0.37427420549857937,0.3924651854769202,0.9363564217870957,0.30042547053102175,0.388832238869669,0.987667351184826,0.35870862792867464,0.682616327734284,0.5991406722410637,0.2296158533746643,0.07909742967652797,0.34665429661112507,0.28445441466580335,0.3183467331790656,0.21637100181680702,0.36163876569707104,0.14079724406032104,0.10270138051073915,0.25784312546455024,0.17978661727466888,0.5125836262986241,0.03488738048765372,-0.015554971647551014,0.43723464404979884,0.8959593898257574,0.6989524173530168,1.1898362805301264,0.8292203279463471,0.4723798474364299
071,-0.08866127108335306,0.07688997146397553,0.22001345126997868,-0.01709011551242151,-0.200415127748241,-0.23083906058789483,-0.3269832321162096,-0.3646184450215972,-0.013816831214209013,-0.00020330539936580516,0.017129038988619005,-0.04099447557263061,-0.18057142231490478,-0.11700958616021667,-0.16423699451221768,0.015134305234801249,-0.20520153063689034,-0.12848023920820018,-0.09470733502962334,-0.18456149521528037,-0.09913721265715417,-0.15580218930612855,-0.15628933127796835,0.03526022739769946,-0.046003149565688656,-0.05723273645030805,-0.3748575406944563,-0.33079039538415483,-0.20107238861177115,-0.0846434722132916,-0.28092226159300493,-0.03395292972897346,-0.09650137268297004,-0.04396226513334367,-0.04135483219114805,-0.14555208259325772,-0.06977308904706586,-0.1462505430605224,-0.02358515331066824,-0.10174072433707956,-0.03712002956386634,-0.10419416025020733,0.07063521504563675,-0.09992065584077187,0.02059909079359215,-0.026827415862765103,-0.059164522532226316,-0.16151540445153456,-0.19368373006758693,0.18657150665196393,-0.2020690379566641,0.19832043413631165,-0.2021706631153236,-0.050739537819379066,-0.4030246690422683,0.07094390858054123,0.06189130105732388,0.0026354950832902513,-0.43347027529210125,-0.2071412732059404,0.10746928711627587,-0.24558087476046062,0.05644956799940587,0.21120866517710685
073,0.021533985037519243,0.18025880918963255,-0.04834770511275935,0.35738320633514775,0.020151233971158533,0.3592621080697167,0.47023178847966685,0.04593925985956587,0.783213676530145,-0.0201728184208817,0.4416076257473461,0.5128650078311701,0.8337091158952807,0.4448985547101046,0.809256203148431,-0.19153929663878733,0.627969987786279,0.6756257426831594,0.44406497467317874,0.1242796094245735,0.16522474656001135,0.051833657294413193,0.14606994217114766,0.024341046887195905,0.22881486104077048,0.08358641868686378,0.6562088683447447,0.35226702760543505,0.5059849510602703,0.08927537894918469,0.6887976307961723,-0.052102333490381014,0.3267081896699392,0.2855014379695799,-0.08145435432735537,0.07708659189801784,-0.08979816395100934,-0.4810722895384875,-0.41018372323410207,0.12855602623565682,0.3750589951186989,0.3492425637566713,0.8288136606748651,0.4870728330755654,0.6175152050537909,0.912124053947931,0.5949567971665235,0.9442260325728822,-0.11660430655229576,1.1044443671907316,-0.13959856016730843,0.8088863776756127,0.35054647146992884,1.211194698482658,-0.04676398263574555,0.8065972631380118,0.8792134908641978,0.6178532807863588,-0.12409737467369028,-0.4503869309027475,-0.31011986001133124,-0.37249437813353126,-0.39450024408986506,0.2935091070671729
075,-0.359199110697926,-0.3587255703204474,-0.6083951954755162,-0.41337674202982005,0.1988659502795866,-0.045342529260102515,-0.2592124202937387,-0.4682655915887053,-0.5028245636547994,-0.49864653652510427,-0.9828967292318941,-0.27775017347039255,-0.1735662660126753,-0.39957383912784245,-0.1989196651513155,-0.41144294178949525,-0.8581873120272483,-0.6393168987725353,-0.2439156931216413,-0.32365768266587774,-0.06678533874303444,-0.18103399756861674,-0.2463454545269533,-0.6829175424410815,0.10399872212458278,-0.7256028563469503,-0.5498278746605094,-0.21729649245809476,-0.47125663089427716,-0.4246376371304305,-0.2376433138176379,-0.5879376593878589,-0.4167403109767286,-0.5057730753428826,-0.44567478295106744,-0.23778057893662435,-0.48480147075744195,-0.4365214372104768,-1.2194726449313174,-0.3910047155918476,-0.1551301573332595,-0.5475939167137379,-0.4882286146716505,-0.5458907453814523,-0.5160845252402271,-0.29792269968395624,-0.44765662813305673,-0.4957086715380989,-0.6573337780211612,-0.5551447693601937,-0.7623092082916245,-1.0726145706102057,-0.521147931323022,-0.6775431426399993,-0.5832818283431536,-0.6636676915697951,-0.5376011162320392,-0.45408859852195277,-1.0165768105653428,-0.4801104027522184,-1.406426693727522,-0.6103973983556498,-0.38047964940886747,-1.3034270429968289
076,-0.26466604240134267,-0.3928844270862441,-0.260043315189609,-0.38972684409211894,-0.15774196193100387,-0.02851942523538735,0.004726495157810887,0.015162248485203283,0.021723251771774144,-0.12877862634188353,-0.0015345750475349307,-0.039354243667843555,0.09115813119293942,-0.03685996277168012,0.1984625545244768,0.4057796168472727,0.22553085051219998,-0.017834688238424906,-0.018898878763096746,-0.2329534287822959,-0.2669045675784527,-0.2711470601700888,-0.2259753630845498,-0.23945702687294904,-0.27612153295153735,-0.12389771980458647,-0.11993227863723738,-0.16763726908602686,0.02114789050627218,-0.13130279300731823,0.020076730966767084,0.27253579776852177,0.1532689319362362,-0.059501395447945166,-0.2108207861203106,-0.38759120423295557,-0.2585187325662587,-0.3373445317389239,-0.07193715633276257,-0.13677539889355664,-0.06658920342059893,-0.22294528378279713,0.23171652558282796,-0.03774651539645635,0.10291626797902288,0.03201836217780561,0.09184508276032424,0.1288221032067891,0.0990071822294924,0.2106055008886256,0.029455262588374553,-0.2462326708745962,0.06055343214937953,0.4458529066542382,0.035778285670842416,0.11971003308997491,-0.06743835455025353,-0.1954165224136989,0.07922625309926601,-0.3857843307605757,-0.099712631985344,-0.16321095986280162,-0.03789318696152841,-0.16231091447900092
077,-0.03268964644914488,-0.13849142550921217,-0.035881700822785995,-0.24341098151319482,0.06029842928780693,-0.0855994531042577,-0.31718941137434203,-0.23139221052115447,-0.32169630665284243,-0.1949617558037451,-0.6094864987508757,-0.15719880276282786,-0.4631314433757215,-0.3577615573042055,-0.3608984021481188,-0.2949801069817294,-0.3825152376744355,-0.46497831137761125,-0.1402457955824599,-0.03812130645820683,-0.02564118971062493,-0.2007983166936753,-0.24686676546790073,-0.259522485605449,-0.18943268319196954,-0.29739709288739136,-0.8310695500380405,-0.15600141045173774,-0.4065247235405301,-0.03180468233307551,0.001318279819884166,-0.44002845688834874,-0.270226926555,-0.18296220096004806,0.03835892661040144,-0.03899240941835344,0.09102419981634878,-0.2685423550570848,-0.3805276250957555,-0.17729175320280857,-0.4221887574079787,-0.3245824967574812,-0.18867518035530034,-0.34759181917710313,-0.40101277516080647,-0.36181765279095535,-0.32920114229484476,-0.6227403313191989,-0.2026243131283501,-0.13533988339883155,-0.3735362673441742,-0.11621119840534061,-0.5061240069052955,-0.19530664344492207,-0.20081066291051647,-0.26650218664990877,-0.20096264883233753,-0.4472368443334949,-0.5527059483424938,-0.49958187922692426,-0.5365438480525038,-0.2971647044195032,-0.38091499725892863,-0.4175297572818575
078,-0.3727479996951987,-0.5529075935937209,-0.5099012525842976,-0.3470957597232718,-0.6897394109341239,-0.32484012509259785,-0.5006562408142061,-0.08387714585791042,-0.452212574260794,0.2009286082083972,-0.6406957707700621,-0.20781480787271608,-0.5871770882740897,-0.04989971083341699,-0.4878211287199933,-0.044695034703287506,-0.5370594137415343,-0.5832653336164912,-0.5897404615609777,-0.4658336995227479,-0.6289383909954616,-0.3390442134129773,-0.549768255433666,-0.4179980743904886,-0.22507002084203775,-0.8696562917513833,-0.6646846244289364,-0.38565348608908623,-0.49206782891684203,-0.03038377546010204,-0.49537295405918447,-0.3265176036095566,-1.1270968606516563,-0.5406684046236913,-0.7470802770943195,-0.6475108175126297,-0.7505735973844156,-0.5664550756010964,-0.741164298895593,-0.5347345687213876,-0.17492217248422876,-0.5367768906411174,-0.33398067467202885,-0.28816715967824613,-0.3840773438825432,-0.1358251489765623,-0.16119132390884786,-0.061332734456475996,-0.08122460445668328,-0.18979571979242865,0.05638299035400392,-0.6919789903094319,-0.49112466495613505,-0.3238266356793996,-0.4718415319317649,-0.6236517389907592,-0.6593941923656566,-0.5356373187260657,-0.736998821052571,-0.3731325551764983,-0.9838402098898043,-0.5495768830797345,0.1745734440320098,-0.7296006015636057
080,0.09200607833386809,-0.20276305421313923,0.11380016774103295,-0.15586500314329904,0.2827539743495979,0.19608951401656743,-0.2593603161087095,0.0901114315698807,-0.5414942931826997,0.24835079836980484,-0.08348618065379351,0.01956431313154844,-0.07199693465351839,0.2838957285549328,-0.24812836143526096,0.1339813475014769,-0.1732278520923475,0.3150804811374826,-0.19401647051323528,-0.36796228348940085,-0.2099805222572848,0.31324140537031264,0.0354859647446257,0.013519243920832785,-0.07618947057318909,-0.23587276955851313,-0.573239549315919,0.10779997242567689,-0.02424988638800976,0.2518480296129539,-0.21950267119121078,-0.1136002400157329,-0.32559898191708975,-0.23660047422785283,0.1933201262515378,0.13198850738200044,0.20061149451769322,0.0037159965494464042,-0.4890747509684522,-0.0878483995798726,0.3512962020393399,0.2691457286573707,0.6353765096496191,0.36382521692912684,0.35161874158861317,-0.05288716315559594,0.29973818925128426,-0.10073538777181201,0.2404537849283435,0.33519210008475087,0.4499359547781763,0.4500892357647232,0.25591407471048633,0.35593223328199786,0.49897108640171345,0.6331709829079906,0.37615053076888216,-0.016479955376703992,0.24147846163121622,0.03382591281999947,-0.21609210011224445,0.26858653751143735,0.6060891657927541,0.09617914192495926
081,-0.21851030454854886,-0.355204586080344,-0.08328859883949274,-0.02192452987578114,-0.4703219371511019,-0.3935995735801267,-0.5439568927340739,0.11812463197712686,-0.5434452773201597,-0.010500642220072715,-0.3007134872204033,-0.3697189768440595,-0.5548815290532316,-0.42969830226996697,-0.5512603991824505,-0.4736964172075272,-0.3659763479855191,-0.5359083131889627,-0.5562612689575814,-0.24276668223829498,-0.44635139444341493,-0.27128887982182087,-0.4546367259549242,0.22033091272425184,-0.4874828034768187,-0.09851808619462385,0.19530275871600244,-0.228561273947707,-0.5380522210946548,-0.31917425248491826,-0.6203671242745403,0.17027063444551604,-0.3221651423175078,-0.5579475845170142,-0.19435646421786218,-0.14241629622037333,-0.10513544463035246,0.012896533149002631,0.07236205209791566,-0.22435967114545505,-0.1717907038627753,-0.300425880045863,-0.3287902307242085,-0.14631735232750906,-0.6292167353381821,-0.577244368452102,-0.5811810464752658,-0.5023926820027076,-0.31239325807158275,-0.464716836088077,-0.3160542937671883,-0.14516945428134453,-0.6245519229001493,-0.3484907238532111,-0.44288365906667854,-0.3960873259256147,-0.504660045835206,-0.6746810633788913,0.014173743179719839,-0.14246627236405437,0.09651146397727478,-0.3714272377773457,0.10501733717102268,-0.20536402738369441
082,-0.2938548274749412,-0.3276541628336167,-0.39946095263019366,-0.2051233546623396,-0.17578846613062174,-0.4373218511557777,-0.6525827900242597,-0.3874991047654521,-0.8297097471730732,-0.4274169146169706,-0.7330823420409519,-0.5288449073972725,-0.5522559385115993,-0.515345080512551,-0.7577372042544415,-0.32899288525230647,-0.4892435767844107,-0.6479869247505465,-0.6818839327061793,-0.27815156403924346,-0.36946099035681934,-0.33545780375902146,-0.3669399311975698,-0.1908750211010112,-0.30480804759368885,-0.5941050391700603,-0.1553423019050495,-0.37947796404077383,-0.5296077207447318,-0.27346029838342617,-0.5528552668283842,-0.45514774729058727,-0.4822629757537563,-0.5153402804929121,-0.1868099539587712,-0.10950852690011262,-0.15842403087759482,-0.6913451200342284,-0.3771472588445943,-0.3596791023758545,-0.5818363441289108,-0.5473080340607615,-0.1703325082378186,-0.37174059663920866,-0.6349897624430441,-0.7993612715646379,-0.629588411338121,-0.6039002924628394,-0.5140987552744058,-0.5865338691075332,-0.25626374484446957,-0.4585581182407008,-0.35891910057260135,-0.37263142641629615,-0.4375394373763273,-0.06716864382636062,-0.6997453556655563,-0.6510302134445332,-0.45527384347169225,-0.47751091414444535,-0.3124496839458627,-0.27279492025438956,-0.5281899572043888,-0.5068413709465497
083,-1.161682494628411,-0.9363730314878819,-0.7521996654271035,-0.5225404175803626,-1.05111285537409,-0.9425319236270724,-1.09225315775016,-0.7747837007655065,-1.120302544861092,-0.8531781914423344,-0.9946597649052025,-1.0147572980274024,-1.155573086375754,-1.0253801040902712,-1.1086017228645197,-0.9358281570489613,-0.9136712519121787,-0.9881473255518711,-0.9757020929712896,-1.0860763838724066,-0.9678607990558232,-0.9674413214345937,-0.9736367759581127,-0.990926228177843,-0.9821481229430894,-0.833664773700162,-0.9977552284705391,-1.1423662552445468,-1.1049015778778424,-0.9374458877835004,-0.9645850635358227,-1.0991917227016068,-1.067048909909047,-1.0867176529954141,-0.8921270344418686,-0.8860222335600079,-0.9837265462702068,-0.839798381540535,-1.07011145685311,-1.0159675344216423,-0.6602649815936507,-1.0756468157563932,-1.0097887495374736,-1.0891139943014638,-1.0859796351875102,-1.1551611831901356,-1.000733120103426,-1.0081030051221862,-0.7997649137413015,-0.9993980019452384,-0.9643630778211942,-0.8128499441837346,-1.2488320017197672,-1.0652436341925065,-0.9967123889842142,-0.7843707138841783,-1.2540248871296207,-1.1516964045013598,-0.7623160905831416,-1.0972558146872777,-0.7600016347704373,-0.4753149922541279,-1.0825824736173937,-0.6859165843432867
084,-0.36739858948631265,-0.3868923295449378,-0.36404100776330606,-0.09819993395757559,-0.14759860966646568,-0.28875502082537086,0.22312475596083253,-0.07350008379111167,0.0026288352673094206,0.0935650645975806,-0.12439439953696382,-0.18081235160286407,-0.11209394168740755,0.09246177031228428,-0.0999251038813376,0.11182281267483396,0.05845389129348638,-0.17097739089159425,-0.07666352120607553,-0.652474628572439,-0.3101804212384482,-0.40040275354321914,0.0003934282797187494,-0.4090472912310638,0.03824175618308598,-0.14245471964640993,0.059925011536018424,-0.17267865766475043,-0.14072394406346725,-0.4806667402270344,-0.04115191314915512,0.05692896244009735,-0.3529716976752043,0.3328931898513172,-0.4833650183165337,-0.4855406066239681,-0.5386808718793519,0.03569719834484772,0.06876615618284854,-0.3656875349071522,-0.04461195907042051,-0.031560618795308804,0.07237332847249336,-0.23776386844544778,0.09781664824733818,0.3357845118298579,0.07526129359936773,0.0694746551643862,0.20880405362846827,-0.06087722981415902,0.0025333899891906986,-0.31047861081021616,-0.17107642629169015,0.20155709783407527,-0.11713111474887755,0.03606701675753035,0.11053914982480542,-0.00943420958021135,-0.7017228073074162,-0.29706683828055735,0.502959515847002,-0.12688516920104453,-0.3665021210983649,0.3054336104443166
085,0.6308108925054867,0.6725334667575773,0.5663845563753057,0.15507578501139685,0.8113524587171487,0.07899496532419026,0.4372820560511177,0.9159011133193705,0.46632289728546983,0.9860789916666546,0.7781407873137103,1.239587169075583,0.8737940919565003,1.3048572189157175,0.5488465111351183,0.5405699051155323,0.21636936591404632,0.24017418099677457,-0.12654325946087475,0.6516084209364029,0.5748330451315524,0.5576225920930606,0.5805849209839481,0.20488635763325758,0.6980745617313486,0.5259201816157708,0.4311379076116778,0.5085468653296753,0.19361049166035663,0.35260184926086785,0.6183967965505334,0.3599320627553818,0.17488197101443312,0.29494435714909845,0.5807779407231342,0.5903254365138596,0.7358988568338435,0.10199648981418992,0.898381882881837,0.7414435759780387,-0.002361986029278118,-0.5706080220362537,0.3257713900703511,0.5320727770591259,1.0664875743860274,0.8262937988514931,0.8683893498422502,0.7013393261256629,1.0229563058119024,0.8107005299707614,0.9813967174741463,1.1505090583343502,0.44565707117636183,0.48470677011882274,0.5828425651722198,0.18216179248601522,0.8700672954533465,0.8386911580598243,0.8693495532693571,0.5663204231433051,0.6951348569363092,0.46557851584202226,0.8157550552779178,0.7570037478857277
086,0.03868383670173822,-0.007854904813901137,-0.19856869531119437,0.05926674032235668,0.21628537972820114,-0.13249819486237,0.3396807964548555,0.17395292553625244,0.29367071136294165,-0.11501181361175505,-0.287784902942249,0.22490632809068517,0.312034605957982,0.31186634942112035,0.3210802880319944,0.20216229712992342,0.49044604484558674,0.22503864627495432,0.09218684615211904,0.09400811458197209,0.2177890415063631,0.07709671649646829,0.12786808614720646,0.4222125426891926,-0.04506507631602308,-0.08213649489132582,-0.09434609250267664,0.12834403823828744,0.3127605437340948,-0.017936167323087226,0.3480621435812194,0.375563976530529,-0.2049656285404249,0.19014024741153682,0.11268758007937651,-0.0032607107087521403,-0.02093765036254769,-0.032149612108485465,-0.20787062598671835,0.16275507821949003,0.6904715726946047,0.6052435515810831,1.022810840969647,0.5684939706297849,0.2562262330443393,0.5084792930062128,0.4405691335651625,0.3788605074846941,0.8298621505631503,0.7488049563887864,0.9049655532846699,0.6264740615114767,0.48557523941581027,0.6586276363739835,0.6929188070074773,1.1368676621811473,0.31346792475777174,0.42206131292079163,-0.006964549757286942,-0.3031366296580519,0.3702225217866377,0.26645943925173415,0.3751736823410215,-0.0066594766824601415
087,-0.48685732047702207,-0.23732442645184584,-0.5484296277094644,0.3809324515881779,-0.17989528493310525,-0.406764732485867,0.07938511353430505,-0.5330103015539474,-0.2977597399844417,-0.35728704138072287,-0.1573236137929539,-0.1061556156145381,0.07961205078351244,-0.4039633550957913,-0.24136789994242744,-0.03339140460778506,-0.29926557661694486,0.15194146558786012,0.022617315657693066,-0.41978108671248915,-0.16399483958427077,-0.5001350250094546,0.07303236534947524,-0.6289576591870024,-0.06479783836734121,-0.32958979234792274,0.06694816055731917,-0.2795573771959258,0.14161994087042493,-0.6212991591364802,0.20385468905570506,-0.20509055800321102,0.14089428571634902,-0.05287438926376917,-0.556225000903749,-0.46205086754061,-0.5281687666961518,-0.3943677938884505,0.44412282054043706,-0.33859029367590093,0.1436604418881791,0.06828567550286324,0.09982254804318616,0.059990852093085884,-0.11608118322355457,0.12277468981536213,-0.15525170940679675,0.019325934367391495,0.03486285181877846,0.4170065727537571,0.07821793119148654,0.23693579456238476,-0.10552054150839016,0.460795641863351,-0.1587979347109714,0.27977986266709176,0.271823798439995,0.038401361152177765,-0.0468642303570147,-0.04285345494440729,-0.01914452011041909,-0.3509255982091098,-0.2754808833980177,-0.1600714597209379
090,0.8636491344753605,0.6425925075982113,0.3592246345259362,0.5385269711412933,0.9400711696226529,1.386816038206256,1.1582543322121397,1.1736705060754529,1.34091054009219,0.8569132033619663,1.2510571166031879,1.4785878215995418,1.3786738372905016,1.2013796113912028,1.063904075935411,1.1125426626178685,0.8920564603582103,1.318945600843072,1.3175233633876398,1.0834320280783127,1.2721615313814247,0.8649388526818418,0.9755071508577674,0.6944309224482779,0.982900007485463,0.2408744486353179,1.017642813703388,1.1509794794073573,1.0009665666856868,1.0492191306948917,0.8676265026066106,0.7984479263967463,0.6196171208316703,1.1478001093221875,0.6179806250423732,0.7689317153096463,0.9655301021200577,0.45450978584765844,0.816823835190485,1.1851859581893864,-0.5973229379113201,0.5805810144403065,0.11124616963916453,0.27420642259209116,1.409925456255275,1.1365994627771392,1.372961525629665,1.029984887910706,1.0010032867588647,0.7088611204052665,0.4029442901681759,0.30214194062864597,1.0560949767276682,0.5246339850191174,0.6226406463209744,0.073923891334093,1.1447946111635308,1.1434203915748304,0.17006406296358517,0.5745423238678244,0.6851245760603115,-0.2210917069313048,0.5659608503660002,0.5869767141412618
091,0.27638488677681144,0.18670315102603632,0.17187840001283583,0.5551166451187555,0.3339209153900506,0.12455200897568078,0.058355072677270914,0.1575593280257188,-0.2954535780530268,0.3988421899867901,0.01402519914592898,0.048116533358901065,-0.3664037573665899,0.06306955587725885,-0.40544766408783234,0.20340611618083182,-0.3568464602879524,-0.1738296697265658,0.09495917509187699,0.3042904513052576,0.33388161432502333,0.31211759845784726,0.28658945193578383,0.09797888480863941,0.29920237736201305,0.1767238404213063,0.041309419760448704,0.3403972214793097,0.30951258321588804,0.31693056673033404,0.23395482009651314,0.4201267061470274,0.21341429378613985,0.2785792953071642,0.27733443732546065,0.22128523629594957,0.3403246184468858,0.3105415637871678,0.13400607204609044,0.3122118764377646,-0.013059155293926372,-0.14206711795334542,-0.34982846255889016,-0.16810316820117938,0.18015280895457367,-0.30047817592364584,0.1856260694199965,-0.3368097045055438,0.15783364350433873,-0.3454380150684675,0.3092398053902291,-0.17691868257236815,0.08465596774271006,-0.4883861801340512,0.22706173602236915,-0.17344200564328865,0.08235403313578799,-0.04474046222584821,-0.5831970140216796,0.31166617616148995,-0.2583970380606126,-0.08583821640364916,0.22921486760560225,-0.18089988856481853
094,0.8221912225840763,1.1205334399801634,1.0693425251708986,0.8908905787625508,1.201335466363935,1.7987638511562243,1.7682726132302453,1.5252998718736606,1.4055629017926679,1.1795523704054842,0.7827974862564071,2.5043964554920817,2.1702869885595972,1.9652164822086764,1.9584984839770256,1.4226993664801282,1.184210334266847,2.0988208571067446,1.6192003432879154,1.463435135627699,1.2420409394777376,1.292072126506548,0.8763178437394896,1.380213475658468,0.8654287975849311,1.4771773630869696,1.014914940004402,1.377468795521908,1.5489455704599875,1.2730205336195852,0.9167911206320553,0.9603260075445605,0.8199431303823315,1.4641231577090672,0.7166235500978477,1.3392516160700474,1.0041190586440962,1.4569847827088729,0.511959281609934,1.4664719305464464,1.0124881247328996,1.3234884970699305,1.4025782918816794,1.3093256050454682,1.9773602457257846,2.39473967019217,1.7608433367108847,1.8163744357735763,1.482279606066743,1.0696153788243983,1.4086532823906466,0.9249081499799051,1.3541371529936903,1.2103596465539785,1.4319329614507237,0.7678825680034858,2.0223697176451894,2.1250533007979007,1.2773277469204871,1.2732208898802786,0.5064867496860219,1.5072419018477183,1.1702743169091985,1.0027026328492643
095,-0.718722200194672,-0.19925315695975698,-0.800976967008146,-0.8547934692105571,-0.48315388203190923,0.29119867940413036,0.6731967684271773,-0.27901629315407556,0.05061001417636954,-0.14349281402075717,-0.464501388271672,0.3334730095601139,0.3460677647503115,0.1314844169046634,0.12757245786742832,0.25111651329167545,-0.088652674057727,0.3502813505808916,0.19420400372399893,-0.2623430752777599,-0.20197604094651722,-0.12800860070844547,-0.3982810369080107,-0.45963026167904475,-0.623537942536705,-0.5600357328266077,-0.9419196151791527,-0.2609732786813845,-0.01872218932911157,-0.1264393211248322,-0.042253400629581495,-0.28901209776328995,-0.7175801225960109,-0.2712610418775342,-0.5915829693257451,-0.5395992881874419,-0.6831556875137409,-0.3386727984623764,-1.0261658790388541,-0.3295464148589546,0.2822180711092859,0.7024782030111578,0.24591174585701395,0.5422150438753737,0.5556289053752643,0.4397769645810416,0.5690582076051194,0.1776636841293916,0.5117316215579547,-0.004897603661327132,0.3315248231849599,0.05705527548921083,0.626611886969827,0.39040974268297746,0.6135904068516276,0.1611288756468235,0.5263799885787198,0.6248801827540817,-1.2005686257377624,0.2911512809725033,-1.1063545487007527,-0.3827157851887158,0.10167372147247268,-0.4337842883932605
096,0.10922680077256133,0.21342589192324207,0.10000316424578874,-0.006534516595430084,0.5331870962848575,0.6195384062159328,0.5571077357058074,0.4625638880151792,0.5998268883246178,0.5012304372436465,0.32991830948303646,0.5816179047501243,0.6997529860068424,0.2847323137802966,0.3435918372503365,0.9740684837236745,0.10747602178028487,0.5558367923537988,0.5607210140322835,0.2460029295987361,0.446848355823465,0.22392969487414424,0.3536340411446529,0.42317964699820726,0.16406690904200674,0.6999004506072513,0.3434832220931002,0.5719503486393588,0.50964932687665,0.1751125786630689,0.3962195573604943,0.5381562406366546,0.4116786073091064,0.4872978554238096,0.07253133065218806,0.16092386497111943,-0.12052214197437663,0.6647594821397024,-0.0714124981933785,0.4652949866997227,-0.08700945581695535,0.11024438594191588,-0.2185561141733928,-0.03015647801430693,0.5370756108157541,0.2404363162984382,0.45501658604144957,0.06076295894427486,0.8305313408513225,-0.09730714333442508,0.8187708463889446,-0.01106069339513241,0.6057289382645766,-0.2387135612060659,0.7378835425973076,-0.22767994369550232,0.3471320287171885,0.5427214750594438,-0.24823386768077882,0.9280310885607098,0.20011440501752395,0.8644916998205611,0.9465731139501847,0.05744603291084818
097,-0.2947246265381195,-0.01652975439011259,0.10255200583668794,-0.14865102797327173,0.04708557307406408,0.43597767489313116,0.47871090328337484,0.24181621678346432,0.11444704357222324,0.017835542557951084,0.19742019646422793,0.5053960450230492,0.26020399344851175,0.6555315119894776,0.5633109495825435,0.31276088702872473,0.2545457346795478,0.5542113004091505,0.46418077484698345,-0.25705543680773796,0.07285085345996908,-0.23065274006115227,0.2689225178399294,0.010575827974921875,-0.28529878717942914,-0.23393549612682393,-0.4085931283797136,0.3397123764613554,0.26687799950067426,-0.2018558780026197,0.2558367888641224,-0.086105516821362,-0.13761557331118476,0.33520824823036066,-0.039069952551172654,-0.004935354255130975,-0.0038399637701142797,0.04990121087140312,-0.05249081320029819,0.129857967181097,0.5410252642885576,0.7742742287916402,0.5225759746950362,0.7876031976659628,0.4775379897643589,0.3697472311749038,0.5538453787378674,0.5783863870539869,0.47893263851082324,0.5777777686058322,0.5160099551776727,0.11613536352312917,0.7524252613630107,0.2434268205662865,0.642842388847892,0.5756779747541645,0.7287073391346031,0.25880277534595664,0.14645735676585156,0.03253605185687278,0.437209465294781,-0.07685753715134361,0.22248786602265375,0.0382349431182243
098,-0.26200098147078266,-0.41356476730144937,-0.49830560404166135,-0.21959496351790278,-0.4873310853866686,-0.301009553375679,-0.39287549459436943,-0.4856579753225279,-0.4934111121830195,-0.5802785621016222,-0.40285102999583844,-0.2943582088533357,-0.09554644938635781,-0.189331756592948,-0.0834440264686438,-0.1129820868160507,0.013850745233834422,-0.18851479273390076,-0.3123275261278379,-0.32423460200061216,-0.4349805623281674,-0.3217540833224278,-0.6003479299571501,-0.22264859656249636,-0.5796185970023925,-0.315093005202995,-0.48999087452868034,-0.22608061210750005,-0.2889080892335962,-0.2969988701587793,-0.44107594150278656,-0.40419090759219634,-0.479067486562515,-0.31851130571441894,-0.43570521264202833,-0.4028723054891403,-0.5263512459293048,-0.494438818789967,-0.49249847550504755,-0.3194477835780387,-0.08987031306225268,0.21212210220548255,-0.12345762812068894,0.2244493891416678,-0.15408354024073687,-0.10236107314153514,-0.2485717899054106,0.17116122407681425,-0.13631353553008876,-0.1704166954628274,-0.16406703848704648,-0.3539575402758648,-0.09786860453852039,-0.17127093809617205,0.0054871655661920815,-0.17697962757909294,-0.10912234969743062,-0.10957330833498602,-0.34667837547761693,-0.498893937554065,-0.3534606197144633,-0.0035434240452828503,-0.31421019852043397,-0.12878455608784892
099,-0.08682372651995837,-0.19862771243924282,-0.012746359034736171,-0.1893739931758308,-0.20078524980107157,-0.24161933185375808,-0.40802904180386523,-0.24768093229594268,-0.38384171965887415,-0.2251580293942937,-0.052547253819567596,-0.1546984416770553,-0.2208267586880185,-0.023371841466097498,-0.10708069960888825,-0.06162814450096604,-0.37611260027023863,-0.22435527431822713,-0.2844327430374304,-0.1874026508820104,-0.1636317657667667,-0.2707683301689396,-0.11694042960796874,0.004601468689353544,0.03720670399663811,0.07061674473144663,-0.003939770492577932,-0.20317323413560756,-0.26913186951946133,-0.2659050182063686,-0.31870952468393293,-0.13976959093648866,-0.07661405345515743,-0.24388603085104296,0.01822129541671208,-0.10913725152382747,-0.06756494010654665,0.10070022202320306,0.5248470565605119,-0.2010044305319361,-0.06251166255281457,0.06757123793735209,0.0319632564982755,-0.012685567158880917,-0.05858035553998181,0.048100605286099996,0.01584527788944734,0.08763292852398183,0.056694121750641424,-0.07511767808883577,0.0903938370970617,-0.15417397397009777,0.15200722601373542,-0.010655728595512948,0.10036942599252544,-0.10566027966010608,-0.0833897207599201,-0.056754153889943454,0.5820162770927549,0.12774886984711484,-0.14795468826858493,0.2840782173411789,0.2077152327653762,-0.32733844417112623
101,0.5157785325912919,0.3970615070069547,0.4944351909955617,0.161096335213334,0.3942358406041636,0.5389653269062054,0.5824884688422007,0.6314367016408001,-0.09717426353455061,0.23560972125487695,0.35311284511945507,0.1836076900201199,0.028589718706217293,0.6019256689148489,-0.2183815041462568,0.0681825037406596,-0.3033087433641236,0.7061695580510033,0.5661398263008786,0.640095105384682,1.0616177400219249,0.7135345781600612,0.5243780843140526,0.843523689506789,-0.031237653737398396,0.49221889775080274,0.40834143013420166,0.456694725279448,0.4402777854862981,0.8349363627433608,0.4231843449009528,0.6578350936891497,0.38341810752303146,0.7289721157622517,-0.10063640362866022,0.08881341800563056,-0.34080662886926405,0.4339068901032113,0.21000595881379863,1.0487439297146324,-0.08243948605615314,0.10934098423593261,-0.08964104474962106,-0.12722306840037945,0.5316317924181873,0.12635407802539134,0.44673486093223835,-0.23889333785322003,0.20388056953502254,-0.2431530577284737,0.3521248313940675,-0.12953353717542576,-0.015400190709293493,-0.21756720807272817,0.18616594534754263,-0.16264705563983184,-0.01807448272793513,0.16089550779151526,0.3697303255042585,0.32625500111662065,-0.30554419359200724,-0.2271436491133587,0.1976922687662466,-0.0673235236406825
102,-0.12493044003854897,0.27562316985387336,-0.2974087672537993,-0.01841739741471035,0.23002446132705617,0.2154230619877792,0.28298065059771993,0.07752474887894589,0.09833381855997828,-0.04462036065799993,-0.08462418818503856,0.09078524916633568,0.00852344466839508,-0.0769268253331378,-0.015349984012123508,-0.09440097414743684,0.02894440645838184,-0.0800476431565782,0.2769941254364939,0.15403125704567444,0.30050530335887327,-0.18125815797999817,0.32694197914611256,-0.3141801765580492,0.19070614886573156,-0.3525098669545753,-0.19853182565194633,0.3776662614096524,0.2749781256922233,0.30991247970602737,0.3053475513904282,-0.6134868031518195,-0.031082372759925758,0.32459328462652315,-0.12592245699568308,-0.2546442858312554,-0.36136804216310836,-0.6202763783782874,-0.2403615196035722,0.3099298406622389,-0.8079062597100389,-0.4888195765422887,-0.9401240053414321,-0.89550877978808,-0.2754337832040549,-0.4972890372544063,-0.1823116006046234,-0.5488100685757433,-0.0959022274893353,-0.7188411614800255,-0.020702988999514005,-0.7169020764270819,-0.32690822259084606,-0.653444093267179,-0.3340061465685581,-0.6782542292013591,-0.5778619036840182,-0.24820187771828459,-0.4949408538699519,-0.4830819857824078,-0.32230883282253836,-0.676627466678836,-0.031218837175322978,-0.1583284353609133
103,-0.1552160061256527,-0.2049206717785466,0.009135082046962756,-0.3060905070349882,-0.13058557092788597,-0.2602765565401071,-0.12311391274580544,-0.1456363404493237,-0.16567440046844983,-0.07628617124050013,-0.4560564421231322,-0.6589667621716653,-0.287435792464336,-0.3273442675538465,-0.10411303155250472,-0.3052864238274372,-0.2909531172967396,-0.641665438068145,-0.11592953631940664,-0.09803557602562088,-0.2479724178486726,-0.103464844479562,-0.33323995777089066,-0.14620071024793105,-0.3656683908989996,0.09780292720659721,-0.5439650910220205,-0.09773888456127022,-0.3373441567974653,-0.08797610098001937,-0.41694719854984075,0.20105951847499695,-0.7271813336219786,-0.30253149324552775,-0.10562897218052708,-0.287873541041878,-0.2374665159054655,0.022868279500810218,-0.4070190121910866,-0.2206812487397034,-0.16562910059225797,-0.13005415450949137,-0.15013694637739303,-0.048222790752809525,-0.47611406914136567,0.009186602231351176,-0.44055400583111054,-0.08395712165661304,-0.39345811013378196,-0.2608366854915105,-0.44950880534400095,-0.780877780115985,-0.3544267193978088,-0.1564615817797169,-0.5241765674845431,-0.36550597928135165,-0.06461896014180052,-0.16606435034186923,-0.44394859452591134,-0.09256419970357249,-0.6104084807649884,-0.1823524655453615,-0.2693887594082109,-0.5907607324430972
104,0.23308300467957158,0.3432390507554839,-0.012648108960415239,0.4418806185804423,0.06578716223067885,0.15512015483361968,0.053821890963167696,-0.14501567510001023,-0.27912091870776196,0.2749771618214911,0.32477882662463387,0.08479277844409239,0.021337813536229155,0.3922578517244631,-0.10981866016872224,0.4033096848911756,-0.17962232489123525,0.041193720293489694,0.2077220831624687,0.04750344875455145,0.02251163914110349,0.2301807766175662,0.22520098817751028,0.3555168345630727,0.4080818380122966,0.17252766715518636,0.14287338294931592,0.17471311650474322,-0.043678515054359934,0.20418743906070913,-0.09532843283795961,0.1955851992707896,-0.03846647281749993,-0.034394089082581014,0.2989861014164581,0.2134636812705345,0.45374609598968807,0.3646322416835097,0.209757675630605,-0.0851000089419637,0.021738610145878107,0.26112615277542506,0.3464493541389997,0.3913718966374393,0.24421118806280204,-0.09948046156570542,0.1975742508535234,-0.42625266482446733,0.18554681704449907,-0.33549815365308955,0.24354075699884986,-0.3905833844404685,0.08108045163699994,-0.27131423877411304,0.1302784702562273,-0.10166733005972439,0.10507669948667864,0.055435218057802826,0.41145162491902176,0.36980080790973785,0.5076193027727108,0.4473685155418887,0.35081481688876776,-0.1860566803924642
105,0.06669576422314888,0.016427282783896074,-0.24517566142634192,-0.07227849868993219,0.13027903583998318,0.2832089845312904,0.32084336813053405,0.14979963185295203,0.10758048532366679,0.08251481371874833,0.20019152365693216,0.41407231722654375,0.31701714107886225,0.33644242503913424,0.22605449872487143,0.12900922341615537,0.25681480603563733,0.5849248423968201,0.20386377758671392,0.09822324481463124,0.12120063699996364,0.11544249937373577,0.1614478916650389,0.034652907714791265,-0.05251643674208725,-0.02954403644871767,-0.24392394006062543,0.14213472663945442,0.3405896974267849,0.17635548378633645,0.04970939885011583,-0.5253164504612883,0.1446871578730059,0.3758463197259565,-0.3824368968398599,-0.33434031301274225,-0.3170373109848733,-0.1023294523282467,-0.009979714636050546,0.18567062789897149,-0.36866932095465843,0.0776155282662209,0.09246637489592571,-0.06242861475782391,0.3817330103440147,0.6273987345557143,0.515224442575912,0.582673132624741,0.2367880547644663,0.4807518580096055,0.06972065717816919,0.19254478441275927,-0.025486976331596495,0.3478612122104787,-0.08607680263087977,0.2222299892823409,0.30970602987251084,0.419526973029284,-0.35756741483805965,-0.2675052221625279,-0.25377287427278994,-0.002067232846128142,-0.21000065068958368,-0.31955400059584294
106,-0.2297376314219738,-0.1799436221418133,-0.5994995009210465,-0.19191565534745714,-0.0033719803591900077,-0.2519228710982653,-0.48675449543476057,-0.2903085476223717,-0.5742620961946878,-0.47767124863218885,-0.5574361878777397,-0.5735154851566757,-0.727861603733246,-0.4256406924601287,-0.749284020839401,-0.45327001675699197,-0.6606904372001147,-0.5659023818007529,-0.1523761065155132,7.246241954367294e-05,-0.22984524617145627,-0.22985467239295038,-0.2220888509387173,-0.32294346575122934,-0.2808882340272274,-0.007704321674602721,-0.4510187576584969,0.021263564882366304,0.045951146260897024,0.0039270815297947625,-0.07403606040124908,0.11112566850812444,-0.3423893388346507,0.07252612890556934,-0.011826002087917925,-0.24537783924088752,-0.09818136605961461,-0.20756434692486508,-0.6555720433044858,-0.11864014397794881,-0.42605589067711025,-0.4596677425373371,-0.6329167594328928,-0.7777663687636996,-0.8470519663944306,-0.9153167899640686,-0.5124599765981183,-0.6940083370333594,-0.7388032748566999,-0.6914628288713734,-0.46894815078631624,-0.3628086194189191,-0.6108763838724357,-0.9434428658042975,-0.36704153417820923,-0.7385402101596541,-0.7978138178231096,-0.9575068941682081,-0.08811737972729433,-0.204283194014421,-0.8072328746825702,-0.3393188727658428,-0.35669853087575504,-0.756457859316759
107,-0.36067710705061873,-0.6468781845111847,-0.45212498290035624,-0.8310487181722087,-0.4553087661111159,-0.8031704996754772,-0.8810303666425585,-0.453288743543795,-0.6515428817625886,-0.38797219892531776,-0.7009809454717264,-0.7209191717921701,-0.7306575952502701,-0.6168873268056632,-0.5526972384144682,-0.46442119128717707,-0.49964693508582336,-0.8955266990822041,-0.94123639450695,-0.3967272117900247,-0.6299850110287499,-0.29241062903372594,-0.6855003217913491,-0.3546128065641827,-0.5318259296525063,-0.430295544220091,-0.540483907949741,-0.5349007188127926,-0.7629302659851597,-0.33273606495042574,-0.8164614663109139,-0.2965863598993277,-0.592027308606751,-0.6567700492275795,-0.5325729689060386,-0.4183608883321682,-0.4508466683411484,-0.374312542286957,-0.524071421441875,-0.4546758846547091,-0.4872348807924269,-0.6037041953815663,-0.4885709000385105,-0.5542809277499187,-0.6768565079016773,-0.580755263298879,-0.6548034708263923,-0.5638870166670638,-0.5327487787865688,-0.6141677877398087,-0.36524549382800536,-0.6895089327376693,-0.5320253581115715,-0.4681807167674321,-0.5117682135729708,-0.7728386063346037,-0.5310118402190702,-0.6584232737216738,0.39425907485497175,-0.2919133362108656,-0.39461516475215186,-0.3536332783862517,-0.32804138287628354,-0.4495675120926029
108,-0.47532101343389344,-0.4358933066540613,-0.5195323700271846,-0.4433802783010251,-0.2865986509222645,0.20652238394617595,0.0814852735807334,0.27169925571629766,0.03199599002913256,0.24954572033504696,-0.0521332028039142,0.22701298963336755,0.3278362543675487,0.3609699290743225,0.12826504112293444,0.3988170483413385,0.02236128400558063,0.16854201626110557,0.08410501286418806,-0.2568830842826149,-0.49135322670442727,-0.26540213512079786,-0.5291250410385553,-0.35540658162621686,-0.46336763668804937,-0.28271707246797056,-0.449714787407098,-0.0057607195865913285,-0.3825805415838617,0.02286927594055449,-0.14125191929416048,-0.011790108309571834,-0.24524814541981035,-0.19576933635126198,-0.515791003213895,-0.39704199571510945,-0.3554744365940215,0.06305254214774078,-0.5812462067780721,-0.3330412843894497,-0.1364579588717156,0.2081705740087469,-0.01437073390135507,0.04429824167604429,0.4039415094248556,0.12805569255143634,0.2899041050187392,-0.13036180903122713,0.08873102937366928,-0.43111706700928276,-0.020144095554814223,-0.6007830843521635,0.2517073220249537,-0.08492780470824848,-0.03636007010057177,-0.35660391622400756,0.30829758365557336,0.25736969034065105,-0.23098192492299413,0.14795682119947207,-0.07561153388420239,-0.11545963080475252,-0.10242867068348344,-0.7694004188689948
109,0.2165970497509437,-0.3843802036961295,0.2628003192853813,-0.1990376387642065,-0.3161330422404828,-0.7716189409369878,-0.04077707518308615,-0.45313767446903785,-0.19211450965873791,0.7234199269605739,-0.2964503778864117,-0.0753754068836594,0.5407300711797313,-0.08009397926435513,0.2656172103117197,0.12280389435032582,-0.09978338364748943,0.445570491967221,0.3453568871418088,-0.4148847832239573,-0.6238353580206755,-0.3446544213911045,-0.4699313735606291,0.046278094766283834,-0.11605811891906542,0.12822173294085923,-0.2792550040935776,-0.22055647848569593,-0.4113747757692302,-0.2112740644877921,-0.6662697993801453,0.29029850151196795,-0.29131848726500587,-0.21147832001845898,-0.13705945459300334,-0.6925364232072064,-0.4312314896975491,0.18996368681961906,-0.4717455128018597,-0.36588681101052906,0.12955526085366115,0.35716786695330793,0.03270773100406962,0.29109818047637637,0.35875064125918055,0.47712029509622017,0.13635445751483208,0.08241126462589377,0.5083343473744724,-0.09112658340108995,0.06732981458914622,-0.33293597350264464,0.49144323058590733,0.3740461687215885,0.6955102429629809,0.2545884946867195,0.5395626532715243,0.4824764081548737,-0.30448832253584956,0.40723231242120855,-0.3138084884313013,8.858682547902008e-05,0.47265218176152757,-0.06411858759887029
