subject,Af3,Af4,Af7,Af8,Afz,C1,C2,C3,C4,C5,C6,Cp1,Cp2,Cp3,Cp4,Cp5,Cp6,Cpz,Cz,F1,F2,F3,F4,F5,F6,F7,F8,Fc1,Fc2,Fc3,Fc4,Fc5,Fc6,Fcz,Fp1,Fp2,Fpz,Ft7,Ft8,Fz,Iz,O1,O2,Oz,P1,P2,P3,P4,P5,P6,P7,P8,Po3,Po4,Po7,Po8,Poz,Pz,T10,T7,T8,T9,Tp7,Tp8
001,5.441428122665099e-07,2.1445661788447385e-07,2.844127152430009e-07,6.209536610941792e-07,-6.002264438574357e-07,6.323775610135014e-07,-4.935208723048928e-07,9.781214421367245e-07,1.069462385576804e-07,1.1346303819336477e-06,-4.3432126099110447e-07,1.4580821305842027e-06,8.19024564360508e-07,2.2785335436329696e-06,5.365089363918155e-07,2.3521653291892784e-06,4.735645032174755e-07,1.6934371198785765e-06,9.915920416949353e-07,-2.570489500901092e-07,-1.2170639132779897e-06,2.3920011047821257e-07,5.150468186660802e-07,-8.070730803718542e-07,3.0831385846266856e-07,1.218938645432511e-06,-3.372298116212117e-06,1.1393197661462411e-07,-1.3995412475269823e-06,2.1678432973260848e-07,-3.239962462380597e-07,8.175690275510339e-07,-3.973134478987708e-07,-1.0319573530971875e-06,-5.6108728051785353e-08,6.644892679506607e-07,2.3557243520769166e-07,1.8286780860837458e-06,-7.654088733844905e-07,-8.202157899324509e-07,-2.9830948859670578e-06,1.2334246788391232e-06,-1.171564025798798e-06,2.460305359384069e-06,2.2354145004911918e-06,2.0266743747362754e-06,2.0507985431710895e-06,1.6205105469555507e-06,2.312506869265921e-06,1.3380539629366025e-06,2.2495925061955424e-06,1.4019971811456693e-06,2.115748635203707e-06,1.938521326862636e-06,1.5022764090860067e-06,1.9028811622953082e-06,2.3456282846604876e-06,2.068401118351092e-06,-7.437706004239303e-08,2.2378951590163106e-06,-4.684582031049927e-07,3.549477650098804e-06,1.703182539378889e-06,3.784711230752157e-07
002,6.71761740879859e-07,9.083733188638635e-07,3.276175866890428e-08,9.077519643728543e-07,7.524341559380298e-07,-1.4540731738138047e-06,-2.3053913433150734e-07,5.817113098690419e-07,5.324071058167677e-07,-2.7572727482283354e-07,-4.5838133021329e-08,1.4919171910055034e-07,1.9856509565886945e-08,-7.668811241175917e-07,4.7789252834563e-07,4.2363037062376206e-07,-7.005392136460131e-08,1.5613813919800708e-06,4.429130568756331e-07,1.558282067189625e-06,1.584920583094509e-06,8.349127841084978e-07,7.71772258351216e-07,-5.118973166090702e-07,1.08078999053845e-07,1.0579705727767254e-07,1.7342599851754555e-07,1.0815642589183771e-06,1.4219259669088916e-06,5.34244171139498e-07,8.038384644337998e-07,-2.6742404417534196e-08,6.054981741270258e-07,2.330392973111121e-06,1.0195603926289282e-06,1.0048278933643014e-06,1.2848913356948942e-06,-8.724193162840282e-07,-1.6851147388753702e-07,2.2219510638772793e-06,1.4469181193032993e-06,7.838269764052789e-07,5.059719737409265e-06,1.3735381023164962e-06,4.237697343249808e-07,1.0548436396119124e-07,-4.4896373245277474e-07,4.899685923458239e-07,-2.300579761160039e-06,9.47149192371893e-07,-6.423407045839653e-07,8.823456736557278e-07,-1.3897190041917633e-06,1.3529601880430178e-06,1.8646591988733903e-08,8.722582353003062e-07,9.82757970141399e-09,6.99695715333009e-07,-1.8614393065998987e-08,-3.0906269269972324e-07,-9.39534174318777e-08,-1.0926711344665094e-06,9.170938751365722e-07,4.556890889479192e-07
003,1.0271001655800223e-06,-4.6240925789350157e-07,3.6492578786428097e-06,-3.7830605759258753e-07,-9.690018282387475e-08,7.677478818207188e-07,-1.0779285189739327e-06,-6.116251861905444e-07,-8.627643536418097e-07,1.8830105497174035e-06,-2.9210158376333903e-06,-1.1183401110798162e-07,-1.5180770977353215e-06,-5.891993256385036e-07,5.198539808935885e-07,1.706032344875388e-06,1.1537809438867057e-06,2.5361738666807634e-07,-9.993287534932365e-07,4.3649959480937284e-07,1.0154491055871459e-06,2.2164862981883157e-06,1.0242020118649408e-06,1.9706463872161794e-06,-1.0971523981768535e-06,2.5378330454555445e-06,-1.6565689576519055e-06,-4.061207452427994e-07,-6.498229330800319e-07,-1.0395817322066472e-06,-1.7356038346994994e-06,-1.5298932250669315e-06,-1.7883383134513045e-06,-3.67722153926659e-07,1.9072729692372821e-06,1.0442253211257716e-06,1.1879799338011331e-06,4.800451432464919e-06,-1.4821319489582372e-06,8.109006489020797e-07,9.004880842007816e-07,-4.978604529492963e-07,6.911751528131405e-07,-8.078188233583641e-07,-4.948868875126321e-07,-3.78097052935686e-07,3.5940244983422114e-07,7.280315623082421e-07,8.454558165877388e-07,8.048531632599816e-07,1.80525267612601e-06,1.1085607510831298e-06,-3.607445889972314e-07,9.209744947914102e-07,-6.974969272851177e-07,1.0621354793439087e-06,-5.0385070926215414e-08,-7.639989078477036e-07,-2.0106751766219304e-06,5.054186143958597e-06,-1.023105368138853e-06,5.707375187572842e-06,4.150897413627372e-06,-2.9685663626705884e-06
004,-1.9952255710411117e-06,-1.4327759300962822e-06,-1.2244042020855006e-06,-3.0596309446831523e-06,-2.5977697273997004e-06,-1.552692910379397e-06,-1.6366372812795464e-06,-1.4605323624796196e-06,-2.2386101463858487e-06,-2.104249165418907e-06,-1.1445729836271124e-06,-1.003824707728834e-06,-1.5413523950494267e-06,-1.7578926141409726e-06,-9.889768846614042e-07,-2.5816658400075407e-06,5.538468745630075e-07,-1.3642484140397962e-06,-1.8968539543070296e-06,-8.449735295805062e-07,-1.3642291259754362e-06,-1.4138473482590088e-06,-1.3248676066534843e-06,-1.5125287602306505e-06,-1.7980298901092111e-06,-4.375422241195488e-06,-9.994408730596803e-07,4.2262202504877146e-07,-1.7775174860758468e-06,-1.6743490626554848e-06,-1.4275875938637397e-06,-1.1170581433075822e-06,-1.4118310697742179e-06,-1.758113477123814e-06,-1.3202737961540794e-06,-1.4852463931596312e-06,-1.6419091285661657e-06,5.37180610549859e-09,-2.354343650774898e-05,-1.3081448492782403e-06,-2.6616101574238057e-06,-1.965151766884314e-06,-2.013911305067368e-06,-1.6679540500695932e-06,-8.335703978909047e-07,-1.5684083458330814e-06,-9.820469963997126e-07,-1.549504329391021e-06,-1.6389433209543301e-06,-9.995646551948103e-07,-1.6137323497909001e-06,-1.0034155100154555e-06,-1.8995833309989236e-06,-1.7216021629650576e-06,-1.971077693656657e-06,-1.4229404944949894e-06,-1.5322463877627552e-06,-3.7652023546625764e-07,-2.302392766201557e-06,-9.606586703936295e-07,-1.269228244813004e-06,-9.062101451369704e-07,-2.339505955107875e-06,-5.828844971978604e-07
005,4.090081870168936e-07,6.312547611387128e-07,-2.867645038349442e-06,-9.732369324037569e-07,6.284172804103417e-07,1.4358278434706153e-06,3.3988265201430414e-07,8.042463673127684e-07,5.831691857298983e-07,-2.7869134172747985e-06,3.3099893684662874e-07,2.1134861846005676e-06,1.5860822738757816e-06,1.6554003226592182e-06,1.343049495347602e-06,1.5515605008590834e-06,-5.351225033158163e-06,1.4955980824446992e-06,1.3118374181086454e-06,1.3018436516062353e-06,1.196921664609586e-07,1.4441289724744642e-06,1.1012428806476742e-07,-7.678470497378403e-06,-5.089810175116007e-07,-1.216412287199662e-05,-3.3046635450346853e-06,5.356182821746604e-07,1.0782633776177777e-06,7.791492563227032e-07,-4.10497180463087e-06,-1.0433629045694247e-05,-3.1488544405544605e-06,4.733287703297525e-07,-7.754943684281404e-07,9.202903483749272e-08,6.124085981923737e-08,-3.743567010663079e-06,6.329017555292397e-07,3.842906166742437e-07,1.9922347293116474e-06,2.156325859526233e-06,2.284152682398101e-06,1.1110304193212912e-06,4.015359350734946e-06,1.9197766657125967e-06,1.5027660573003935e-06,1.956467093904103e-06,-4.272217495406192e-06,-1.924081256415406e-06,-4.721788277902347e-06,-1.4293050478953683e-06,1.5099425391011173e-06,1.7772080717398228e-06,-6.729939161017417e-08,-1.6259434608619436e-05,2.446828034607147e-06,2.2240526537276272e-06,-9.448457519012642e-06,-1.1616254317774035e-06,-2.202829606010337e-06,-9.490424551130253e-07,-1.3446730838110164e-06,-2.317729571298169e-06
006,-1.4911091458632907e-06,-2.470126178786111e-06,-1.376818732771776e-06,-2.544748771302127e-06,-1.1391919193663276e-06,-7.965706245281858e-07,1.5085157896063273e-07,-1.0611278725940058e-06,-5.785932449060037e-09,-1.49130940491317e-06,-1.205328345885216e-07,-9.002768446024563e-07,-4.869975007792294e-07,-9.129036576831378e-07,-3.342002511752785e-07,-1.7883779393028183e-06,-8.976407182037149e-07,-5.347870211161581e-07,-3.556605236675995e-07,-8.869993932932519e-07,-3.3250658178796356e-07,-9.476412872388535e-07,-3.714124889079427e-07,-9.80545071884322e-07,-1.1967658923913316e-06,-1.1846389094286637e-06,-2.304473760777474e-06,-2.9495876134070772e-06,3.0524542523784864e-07,-2.9736402123056497e-06,2.899931694743773e-07,-8.807962732448092e-07,-2.0670183310854343e-08,-2.868039726208952e-06,-9.483365607769046e-07,-2.06050284812032e-06,-1.6061874000362196e-06,-1.6227115633375941e-06,-1.7241390307327906e-07,-8.794533067600212e-07,-2.2691881418084472e-07,-6.443031761987925e-07,-1.4926201709920384e-06,-1.1469187994965348e-06,-9.260799722839764e-07,-9.830167049170546e-07,-9.83773963119356e-07,-1.0447681189386916e-06,-1.1411822159873661e-06,-1.161608962993584e-06,-1.1619345677234364e-06,-2.1713715908877436e-07,-6.449761755024734e-07,-1.32438059610123e-06,-1.2457470527551769e-06,-1.3575922615212606e-06,-1.3467066605809966e-06,-1.0146602671338028e-06,-1.4055514405050095e-06,-1.3048773337683364e-06,-2.2651720581258332e-07,-3.091163710493346e-07,-7.99834276627093e-07,-2.052148074013959e-07
007,-1.3166110944446381e-06,-6.541007342128713e-07,5.976341498516508e-07,-8.790284718801558e-07,7.23514740019637e-07,1.3762614395888588e-06,1.2675468468195489e-06,2.893495427719352e-06,1.2020957690167536e-06,2.1826653271322138e-06,1.5478581600772826e-08,2.9690972729900197e-06,1.7181709592654232e-06,3.4624700544289916e-06,1.7030807415362925e-06,2.2900392168117604e-06,8.197463488312917e-07,2.058325609838553e-06,1.3683278597341085e-06,7.666445573753465e-07,6.779363001516153e-07,7.477120906371832e-07,7.260451692875297e-07,1.597844860585034e-06,6.221646269664851e-07,-6.274438665374191e-07,5.074074696982411e-07,1.2566652425936046e-06,7.979071951847867e-07,2.367777003806473e-06,8.078592411323885e-07,3.1794139838356404e-06,4.513360078100268e-07,6.259439962676583e-07,8.474101262208237e-07,-1.1195891483744573e-07,3.320197638432975e-07,1.0004243063163495e-07,4.756728912015993e-07,7.386441997480693e-07,3.0602884928506014e-06,4.567983761872591e-06,5.249409082366015e-06,5.1844839320031135e-06,3.5536439457951045e-06,3.17154585652558e-06,4.0212599811250885e-06,2.4494866970254363e-06,3.4669765797734693e-06,2.212647823201148e-06,2.669658120518809e-06,2.566742716408889e-06,3.9228256680924125e-06,4.3274648868953794e-06,3.4412157809263896e-06,4.40794407371122e-06,4.122876602806208e-06,3.0997878348660396e-06,2.3407835454311983e-07,1.4504859598895029e-06,-1.6993894354222627e-06,9.617251525259418e-07,2.2921323078338413e-06,1.4698263103925083e-06
008,1.0043876937665818e-05,9.63989602898692e-06,9.910050857866455e-06,9.848189796540876e-06,1.0521525409569208e-05,1.1180387771666148e-05,9.824497176880141e-06,8.977614747869469e-06,1.1823435732313278e-05,9.729583999360018e-06,1.0963992183436969e-05,1.0843652515145079e-05,1.0992509727920972e-05,1.1028481796241041e-05,1.2169644093008141e-05,9.872985181325704e-06,1.2091012169022863e-05,7.516234164506414e-06,1.1128232424065614e-05,1.0807620737911866e-05,1.0018920972314375e-05,1.1318813839035867e-05,9.92508094961303e-06,1.0889170207398765e-05,9.642670744307312e-06,9.176815384772095e-06,9.763727105229058e-06,1.1348528794905677e-05,1.0963547917234484e-05,1.1370285592183303e-05,1.0953203135857475e-05,1.0183477889285994e-05,8.226629041835638e-06,1.0856782082147588e-05,1.0639254826152207e-05,1.0404305581608455e-05,1.041295522022261e-05,1.0136442371454547e-05,7.669321620677096e-06,1.0456902329494636e-05,1.0391082255358845e-05,1.0694508335120884e-05,1.030831036677287e-05,9.704935521855674e-06,1.0236959738113026e-05,1.1574487917774756e-05,8.178935066311668e-06,1.1620729130080074e-05,9.429681390178853e-06,1.1363144540460004e-05,9.55642415052235e-06,1.2047994486461666e-05,1.0289642854909692e-05,1.1584239659615915e-05,8.066321396727544e-06,1.1769433036631737e-05,1.0040393934411931e-05,1.1250274096831643e-05,1.2958435736578606e-05,1.069289646084621e-05,1.1479367014901185e-05,1.1097384481288331e-05,1.0174462563634908e-05,1.0809170431208262e-05
009,-2.470073916448057e-06,-1.0805699429204435e-06,-3.8026666657713376e-06,-7.130145449428597e-06,-8.679826118088658e-07,-6.909960132016186e-07,1.7712690417830929e-06,-1.3517760936230197e-06,1.7900398523745533e-06,-1.4702984615675914e-06,-8.086135476663086e-07,-4.317523407279316e-07,9.965194550501916e-07,-1.6860302229888053e-06,6.38932958119459e-07,-2.25571276458205e-06,-4.5062135173636166e-08,-4.601629317916995e-08,1.3150351752458123e-06,-1.7693225806777169e-06,-2.5891034038080605e-07,-2.92300967306055e-06,1.640814401151416e-08,-7.288036659191415e-06,-1.0070491748826589e-06,-3.4547659290711295e-06,4.017297196396639e-08,-6.408063368205413e-07,7.87720799359537e-07,-9.267840594621544e-07,1.6768525415837348e-06,-1.6380464593245598e-06,1.8094025130029546e-06,9.259862600767574e-07,-2.1038347226375414e-06,-4.731555344457866e-07,-1.5420954538220594e-06,-4.8928359445029825e-06,-1.3212181405715785e-07,-3.127136222845384e-07,-7.429120881517109e-07,4.267924600170658e-07,6.795289775877189e-07,-3.375116413710054e-07,2.6578982672697662e-08,1.4967818816693257e-06,-1.1333056952946006e-06,-1.6667643692725967e-08,-1.9404629980420185e-06,6.498461759206627e-07,-1.7547160653752615e-06,-1.4840776098051196e-07,5.97916116934451e-07,7.091405415597716e-07,1.0274110492045245e-07,-6.998784087781544e-07,1.8554229926359944e-07,4.5501802525085436e-07,-6.493965903656201e-07,-5.66660067506861e-06,4.99169496253397e-07,-3.6898943722622612e-06,-3.05666064231042e-06,-1.4921338464632345e-07
010,-1.4251193738400411e-06,-2.0440419227546357e-06,-1.623437456449391e-06,-1.6397458830535393e-06,-8.607261212826054e-06,-5.722189797295831e-06,-5.220391081189794e-06,-4.257769462017047e-06,-5.737382034852434e-06,-8.331708697780113e-07,-1.6835064008198783e-06,-1.4335440100598891e-06,-2.796584666996285e-06,-7.478375589433132e-06,-6.644049294789313e-07,-1.1747317632090482e-06,-3.1529828654147816e-06,-2.0261878652004225e-06,-6.861907283679854e-06,-7.519112488941438e-06,-5.7997261128474255e-06,-1.4854063632435056e-06,-4.392844901346327e-06,-4.793999791704292e-07,-1.038887225025613e-06,-9.798521878447257e-07,-4.556839461890056e-06,-1.592427445112735e-05,-7.0723711953572404e-06,-1.7140037583638488e-06,-6.541645696395534e-06,-2.325691631219705e-06,-3.1294725844233533e-06,-1.0472192275085965e-05,-2.9436794483978504e-06,-2.8182496338971543e-06,-2.954841079041168e-06,-1.9088398594388466e-06,-2.159714875183282e-06,-5.025098322037821e-06,-2.256934265685162e-06,-3.70939516714348e-06,-1.775781606985827e-06,-1.1294908443729418e-06,-8.110470722721045e-07,5.658892432109982e-07,-7.560706475890157e-06,-1.7308024811516555e-07,-3.477650766205593e-06,-1.3474134147181322e-05,-6.030752873149984e-06,-2.8235914105473336e-06,-7.507176302900819e-06,7.899132710556464e-07,-3.5282357967749943e-06,-2.00512804418417e-06,1.0189251700572094e-06,1.136235061445583e-06,-4.840953178385012e-06,-2.344282327626917e-06,-2.8676028866541893e-06,-3.022018541789524e-06,-3.1367199700827164e-06,-3.954464082539352e-06
011,-1.7473183162158083e-06,-5.080451497167804e-07,-1.384073539898835e-06,-6.959978092974178e-06,-1.088884371407769e-06,-7.716485493151612e-07,-3.198409190515505e-07,-8.281826958672548e-07,3.3850366519662184e-08,-1.1360976123681847e-06,6.056028290386069e-07,-9.160878611299591e-07,-7.830538224289469e-06,-2.032358267591254e-06,4.707450010121715e-07,-1.51423558460658e-06,1.8263115458055029e-07,-3.763458106973847e-07,-4.0411423537519684e-07,-1.3434044373150292e-06,-4.313873844369247e-07,-1.7630910841512989e-06,-7.725816211652378e-08,-1.8332979352463717e-06,-7.023351051104006e-08,-1.7068027630686925e-06,4.978765097011461e-07,-1.2303875185683821e-06,-5.270591777883198e-07,-1.1865794415570506e-06,-1.9938663352177402e-07,-2.268896434812143e-06,4.096927417315107e-07,-1.1689254216305042e-06,-9.893395245591235e-07,-8.507496310894997e-07,-1.7884313702956602e-06,-1.9201666436772457e-06,-1.169276308686845e-06,-1.0712338431533757e-06,1.7697321842122303e-08,-7.756757889056334e-07,-1.624843012449068e-07,-2.75623236022228e-07,-1.3809201128181107e-06,-3.880002885132105e-07,-1.0802203549590433e-06,-6.482195747805399e-07,-1.9691890587606085e-06,-7.148613093387714e-07,-1.0036282068710646e-06,5.09143848393475e-07,-1.4744306605101267e-06,5.472439560009501e-07,-8.716041874411076e-07,5.569967415071119e-07,-1.3330259592888374e-06,-5.056985436665269e-07,7.052169348393488e-08,-7.378923416737275e-07,-5.641070159766006e-07,-7.396668155665453e-07,-8.804379827775302e-07,7.361439114814288e-07
012,-6.923322492269604e-06,-7.806647395766515e-06,-6.982837264160703e-06,-6.615020021139919e-06,-7.777785227589265e-06,-4.040256174181424e-06,-4.2121470072464085e-06,-4.208742475958157e-06,-4.439867268947949e-06,-3.7417155071070918e-06,-3.914680857883542e-06,-3.5072172251354136e-06,-4.153018699525819e-06,-3.5391902154998745e-06,-3.822864620890272e-06,-3.240441187373714e-06,-3.771106674959016e-06,-3.175780594411059e-06,-4.170550916782643e-06,-6.874419020990453e-06,-5.6228948892833185e-06,-7.188676892615169e-06,-5.438130745297187e-06,-6.918773802593798e-06,-5.092588114252227e-06,-4.074028473783611e-06,-5.306714750708855e-06,-5.4100790339748305e-06,-4.904290484098112e-06,-5.393729883083511e-06,-4.769169621855418e-06,-5.195669937590374e-06,-4.553374333087999e-06,-5.1356253126401e-06,-7.5633517317545274e-06,-6.2339556861524205e-06,-6.799963231356163e-06,-4.275434843026842e-06,-3.960089706927323e-06,-6.2269540842796765e-06,-1.1718325319941891e-06,-2.1567321162801524e-06,-1.8516971799725218e-06,-2.4111648728241537e-06,-3.239176906631176e-06,-4.300247135803455e-06,-3.2551823497545204e-06,-4.255752292915238e-06,-2.618523881885425e-06,-3.2661793217375345e-06,-2.6064152232820522e-06,-3.1241153897653333e-06,-2.868184022421153e-06,-4.257684796887894e-06,-2.4550384522185793e-06,-1.8267004461138926e-06,-3.307381773695263e-06,-3.3880560659449e-06,-1.4907431721747896e-06,-2.630550521475463e-06,-2.4910947088308314e-06,-1.319356321665554e-06,-2.4625645386823933e-06,-2.947275623751117e-06
013,1.3312994882057497e-06,9.381861371232935e-06,1.2336008997509465e-06,4.062491804078236e-06,2.4417654117542664e-06,2.868457255981449e-06,5.0278005859780565e-06,-8.657983468172324e-07,3.4950600460809885e-06,-1.388963068192935e-06,3.5749836623573262e-06,2.033934773290872e-06,4.193720902075508e-06,8.947723695994833e-08,3.0130314577252307e-06,1.1195374801338856e-07,1.4366761684343476e-06,2.5814600781579073e-06,4.405593036346023e-06,1.986533108747401e-06,2.992104119285879e-06,1.2888987643955007e-06,3.7847010066427193e-06,1.0670318212962877e-06,8.388593252588825e-06,-3.7200225256350964e-07,4.880624431053814e-06,2.5509785007891532e-06,4.140916603548938e-06,-1.8683229796018316e-07,4.227639294762305e-06,-8.266625024867018e-07,3.1756243746506177e-06,4.34622866764582e-06,2.4876139846144775e-06,4.0167555600401315e-06,3.373480856839351e-06,2.752487990635323e-07,2.5722344316777824e-06,2.4163091816302495e-06,4.763901134793785e-06,4.258619724666797e-06,4.954624196330093e-06,4.437101243205085e-06,2.618204997918027e-06,4.236579315503693e-06,2.4320562137328125e-06,4.544839923454706e-06,1.852940651635664e-06,4.551763109922155e-06,2.311000059109318e-06,3.774447304478193e-06,3.5741292350197e-06,4.834838432382859e-06,4.239616243908184e-06,4.715996343383843e-06,2.728245478141744e-06,2.8466812365957732e-06,1.0078750601823449e-06,-3.317296414498478e-07,2.1049815107750452e-07,2.0393403285565327e-06,1.958699136489142e-06,2.0377327891364712e-06
014,3.0286188243752015e-06,2.097432151439953e-06,3.305213186678916e-06,2.0161781758393487e-06,3.3777146813057667e-06,2.368351717864453e-06,3.4306930164689845e-06,2.7940392938680935e-06,1.7660828718722704e-06,2.1811207149371955e-06,2.8373488231229385e-06,5.936890031302134e-06,6.377472592312353e-06,5.4525351954460685e-06,6.070330101331908e-06,2.493954232182356e-06,5.053277506269898e-06,5.902366167947316e-06,4.819930465638537e-06,3.3282618357586816e-06,1.634989248898235e-06,3.1700952087493623e-06,3.2410047944934532e-06,3.1171764689246506e-06,2.0797232341713158e-06,3.099626629706314e-06,1.536599795495234e-06,4.450724348956438e-06,4.227479861465543e-06,1.1274192684494389e-06,3.614825774574171e-06,2.6131070652619044e-06,3.0842462860137304e-06,3.445503462774798e-06,3.382892564196464e-06,3.0133907704612675e-06,3.1916132559041102e-06,2.892527459091504e-06,1.035882375257864e-06,3.479558982432077e-06,4.017258139660337e-06,6.570853978449281e-06,5.369771227655149e-06,5.4687119939603435e-06,6.137276283666327e-06,6.8749321790569155e-06,4.4203818308983585e-06,7.0343343228219e-06,2.6636223850168543e-06,5.03130786868509e-06,4.058278339095791e-06,3.258932898977932e-06,6.399525111978348e-06,6.181117977175648e-06,4.880165644957375e-06,3.6653542855353457e-06,6.623293897565175e-06,6.352903209308516e-06,1.2714057547262576e-06,2.504186146525045e-06,1.4391787905117359e-06,2.497935118246607e-06,1.8207301044207743e-06,3.2298981655288927e-06
015,-1.3827501210391591e-06,-3.4376029422807167e-06,-1.2964422323518372e-06,-2.733283958582038e-06,-3.1543621906477452e-06,-1.664337574447751e-06,-1.934813830012068e-06,-4.079852947315634e-06,-1.5773490629631063e-06,-3.1916716613891175e-06,-7.300922915030377e-07,-7.855274782927794e-07,-5.47722121897961e-07,-2.5596716776471314e-06,-7.893460850810886e-07,-3.205627736379243e-06,-1.106438484580414e-06,-1.2445954937509781e-06,-4.7300236139333584e-07,-1.6643491797792081e-06,-2.321311654672947e-06,-2.5415218132844895e-06,-3.936431831135269e-06,-3.272358084631779e-06,-2.7847894467927433e-06,-3.7272749557312653e-06,-5.036774499750632e-06,-1.182266428293603e-06,-3.1411556702626272e-06,-2.7385237325651648e-06,-3.0972647204064347e-06,-3.1587257070168828e-06,-2.4210955952370204e-06,-1.731044863087066e-06,-1.84794761604798e-06,-2.1798965730558295e-06,-1.2991137978307114e-06,-6.425899714708851e-06,-4.0689154550959705e-06,-2.2895415267151803e-06,1.584446723067024e-06,-1.94580332876931e-06,6.497841649174111e-07,-1.97455378351691e-06,-3.470760132490073e-07,-1.7424088357965267e-06,-1.2471933685947651e-06,-8.722063036168772e-07,-2.0424060851619977e-06,-1.5647360914547355e-06,-4.757502592893649e-06,-2.912080809139555e-06,-1.2563356429774778e-06,-1.0500150581059281e-06,-1.2143000895860805e-06,-1.200903213063374e-06,-1.1574206097257895e-06,-1.4574411657739907e-06,-4.3289594587132226e-06,-7.2655384718067096e-06,-3.696025620685593e-06,-2.7883551995376784e-06,-3.627216548277822e-06,-2.4326389668257033e-06
016,-1.2721938404776937e-06,-1.231775928379664e-06,-7.73213571855307e-07,-8.825206596510119e-07,-1.3867840851985608e-06,-1.4316922221138325e-06,-1.4331850576962206e-06,-9.496406845995636e-07,-1.447600693511056e-06,-1.195201952632805e-07,-1.1926175316349105e-06,-9.519533203863769e-07,-1.0091696927691175e-06,-4.719828676728526e-07,-6.984013284833311e-07,-3.7868697885466583e-08,-8.847436732421446e-07,-1.233503520391097e-06,-1.7601365307874148e-06,-1.5780803909841875e-06,-1.6085055815589771e-06,-1.178866652665946e-06,-1.5944629673637727e-06,-1.0565602020010186e-06,-1.199738419045429e-06,8.971247517860298e-08,-1.097193530562413e-06,-1.68090591640141e-06,-1.8333874405520493e-06,-1.695360586453982e-06,-1.5602614640482867e-06,-8.999574937226542e-07,-1.954049123117356e-06,-1.8160046988604385e-06,-9.50933655509852e-07,-9.945673761351585e-07,-1.0734858492631558e-06,-2.115156047040276e-08,-9.841431137515817e-07,-1.646874328945728e-06,-7.988957842594489e-07,-6.191082884091107e-07,1.665335069602094e-07,-5.220873646278065e-07,-4.814719847989042e-07,-5.47631380608015e-07,-2.573729137520552e-07,-2.8647453998031956e-08,-1.0796390562938121e-07,-3.357614704644926e-08,-1.706566853331656e-07,-1.426749747193813e-07,-3.687969375272108e-07,4.550803020796749e-09,-1.0114198477150166e-06,4.123280458403227e-07,-3.7727212659294516e-07,-4.332711387071058e-07,1.3473236665572134e-07,4.988526838417757e-07,-5.529220366839753e-07,8.439823502979853e-07,4.17894420788859e-07,-8.581803104023181e-07
017,2.314929375119799e-06,2.2283752464237967e-06,1.8993244383056011e-06,1.9201384147528114e-06,2.1285684351797626e-06,1.5576686791778427e-06,1.188337759526198e-06,1.074317953452441e-06,9.168872742007452e-07,1.7324737658865313e-06,2.0317743658634665e-06,1.1709164371438096e-06,1.0798354260299487e-06,1.2979874018363595e-06,-7.840091155835532e-07,1.5154545207676525e-06,1.8283611407944968e-06,1.1014477509066733e-06,6.594999948818769e-07,2.3693220320097093e-06,2.63075948486374e-06,2.917040476412424e-06,2.697398117043173e-06,3.474161230778577e-06,2.61064759117087e-06,3.634035949440372e-06,3.5015757350472825e-06,9.067906176058592e-07,1.2162940449427404e-06,2.4176681549613126e-06,1.1930242598899926e-06,2.396462947837185e-06,1.1452990151623798e-06,1.3480997046000077e-06,1.4989133729029993e-06,1.4711583975531737e-06,1.1500585984648423e-06,4.310218742219121e-06,6.495071031436357e-07,2.35046141508337e-06,1.897102688011711e-06,-8.130420256897518e-09,5.748517666431683e-06,-3.361412676962383e-07,3.668829913599269e-07,9.054221969112908e-07,1.363196335725035e-06,7.023531897133423e-07,-2.225989681846812e-08,-3.884665247321988e-07,3.5717607311238525e-07,2.067218232298775e-06,7.300434283692066e-07,1.6356082048936775e-07,1.4763148709588435e-06,5.95689011911502e-07,7.607331279799669e-08,1.0508108820599888e-06,1.930743817582569e-05,1.8614922220173881e-06,4.2714476959245723e-07,2.0637635748684157e-06,1.8597473480213969e-06,4.158167817548586e-07
018,-1.1731981099259627e-06,-6.707160372350622e-07,-1.270335287505273e-06,-9.233993264037303e-07,-8.11157218313749e-07,-5.207547570034747e-07,-4.666134776106268e-07,-7.701227828750438e-07,-4.417939028613505e-07,-1.1707448947690459e-06,-5.556860051490599e-07,-5.348808473947483e-07,-3.7188597082256806e-07,-6.371138476078825e-07,-3.6858103691877514e-07,-9.117670203215855e-07,-3.8965213546044247e-07,-4.512079044461261e-07,-4.927022122579495e-07,-7.301825388316585e-07,-7.77164945245336e-07,-1.0781403983222343e-06,-7.674320000563592e-07,-1.3230401833577626e-06,-7.741878809592104e-07,-1.7742212074377513e-06,-1.3308014804036657e-06,-7.183674847468569e-07,-7.400818485439185e-07,-9.21143620443788e-07,-7.460749262162222e-07,-1.4750441228240504e-06,-7.909246829154996e-07,-7.40394866101404e-07,-1.240059200879458e-06,-1.0039289148337128e-06,-1.2793555704398553e-06,-1.4946139581740143e-06,-8.372302165360203e-07,-6.938557560654194e-07,-9.269289950582954e-07,-7.822836259471408e-07,-1.1078554601102437e-06,-8.953957538786625e-07,-8.091730174826099e-07,-5.308942602936566e-07,-7.771365112075359e-07,-3.701842711469885e-07,-9.232218032688882e-07,-5.53574106588145e-07,-1.2258445720146595e-06,-6.953407361817418e-07,-8.885500701827879e-07,-6.331510335955386e-07,-8.744663707794116e-07,-6.501868961470523e-07,-9.021150475302986e-07,-6.749122207349506e-07,-8.597744874969896e-07,-1.4471791711715615e-06,-8.56568630702029e-07,-1.7340114529696023e-06,-1.4999631179281522e-06,-5.207341714146602e-07
019,1.863249311067796e-06,1.0127647839905247e-06,9.54168934030137e-07,1.2923386724083264e-06,1.770082896955104e-06,3.58009283109075e-06,2.404804161869967e-06,3.5484190895068017e-06,2.692848928209106e-06,2.6417017774064014e-06,1.3202019655466297e-06,4.550655516632835e-06,3.4372735674682297e-06,2.262331057896003e-06,3.2472299543381546e-06,4.133653562641238e-06,1.7033374430510194e-06,4.371221804095529e-06,3.242023320753598e-06,2.120783275108477e-06,1.588589355298267e-06,2.0246182640517192e-06,8.765649767561313e-07,2.1463451857452005e-06,-1.863996457050749e-07,-2.633430731295441e-07,1.0363395398750334e-06,3.6078061915226436e-06,2.4162066597055263e-06,2.594485036276326e-06,8.579360251528572e-07,7.803092828654616e-08,8.885905783297895e-07,2.073986868464147e-06,3.2357885249439657e-07,8.265812485691408e-07,8.648019243082403e-07,1.0979687259417389e-07,6.363586076796786e-07,1.8352592987189353e-06,2.372254721317649e-06,1.5416092968332242e-06,2.2160443835015373e-06,1.9851025961185134e-06,4.865537903883855e-06,3.5770251557916324e-06,4.60587683759778e-06,1.313826065553062e-06,3.832092997301317e-06,9.472346784557547e-07,2.839177041139607e-06,8.785798806061268e-07,3.0375788225554008e-06,3.714966874081563e-06,2.042264102621349e-06,1.8379753726800402e-06,3.6958832174508414e-06,4.4400383839399066e-06,-5.275927476644998e-08,1.8072319796265143e-07,9.64052879247153e-07,-9.046986408875478e-07,1.056745537867513e-06,1.28048573957649e-06
020,-1.8051353241718455e-07,1.9290179342866948e-07,3.1891489669529416e-07,2.435669606975244e-07,4.81174846711378e-07,-1.0479985132430135e-07,-3.460863315783866e-07,-1.370121839051014e-07,1.4474107154035888e-07,1.0474666558933297e-07,3.8149513759239924e-07,-8.266800480132585e-07,-8.916601097584417e-07,2.373217979563306e-07,-1.1019552088051909e-07,9.068613926060392e-09,2.98077737410213e-07,-2.254353090944883e-07,-5.065672412677741e-07,-5.028591666018087e-08,4.4299153632078105e-08,4.561461219318889e-07,4.872953792645556e-08,1.827674398753918e-07,2.451314977262249e-07,8.073660873448708e-07,2.669903976253378e-07,-5.765569621965235e-07,2.2173568328540435e-07,-1.4710372119689428e-07,-6.299346400832166e-08,1.4353584253968014e-06,9.82401252376083e-07,-4.838392035451681e-07,2.1526855684914703e-07,3.0324446371339587e-07,5.287469574187304e-07,1.210507837354353e-06,1.20911814066243e-06,-6.39911351659923e-08,4.4764198589286215e-08,4.6462438120217e-07,2.1532534899829813e-07,2.688560641122372e-07,-6.234078775274711e-08,-2.609268872623191e-07,-8.027873684949008e-07,3.072832379208784e-07,7.740179303384679e-07,3.5970720505931e-07,5.641651771742495e-07,6.671417402300713e-07,9.926678841289182e-07,-4.1657297043132295e-07,1.3407503628945617e-06,4.660700009947445e-07,-1.4824843671114211e-07,5.222879457754168e-07,2.061412873651706e-07,9.232343841914719e-07,9.81176481369582e-07,3.586354856422123e-07,1.542086828426068e-06,6.427738903108452e-07
021,-2.5464730863630566e-06,-2.8395678661600257e-06,-2.624366717043575e-06,-2.9475604298566505e-06,-2.5800894353343328e-06,-2.6077527376683588e-06,-3.0321311704004653e-06,-2.55155056004384e-06,-2.845099652177898e-06,2.5819637237448537e-05,-3.2609352154214776e-06,-2.184394000274234e-06,-2.819302810674573e-06,-2.0165833930138034e-06,-3.0214532832910742e-06,-2.0656181493802537e-06,-3.229127405346147e-06,-2.2520403763039465e-06,-2.476594795921378e-06,8.78498141032768e-05,-2.6663756098868316e-06,-2.533152855281924e-06,-2.869648490709884e-06,-2.596706980933688e-06,-3.191998668287925e-06,-2.9374062039531918e-06,-2.9147532651398517e-06,-2.649337035673663e-06,-3.3407133026657254e-06,-2.7514314044920868e-06,-3.119250219676674e-06,-3.0914040213684066e-06,-3.5578700152835668e-06,-2.406892047809348e-06,-2.564319596200332e-06,-2.705341321951378e-06,-2.614461621832361e-06,-2.6020988419065984e-06,-3.5928084785492206e-06,-2.186813990623035e-06,-2.456529632948991e-06,-1.9020470015322144e-06,-2.993481321849133e-06,-2.4144651953606874e-06,-2.1263154229570385e-06,-2.7251028338931306e-06,-2.0004969218153966e-06,-2.9517872835842257e-06,-1.8383959607899118e-06,-3.2260923389617723e-06,-1.635621703044237e-06,-3.6307412285538366e-06,-1.8447663953081267e-06,-2.971673092469912e-06,-1.5626388142460348e-06,-3.4245600950302408e-06,-2.469724935905717e-06,-2.546685482494614e-06,-4.401724980867476e-06,-2.5139857105562284e-06,-3.835875730413228e-06,-2.577564760542993e-06,-2.1616935236472466e-06,-3.9379133144924775e-06
022,-1.121132053207309e-05,-9.853933106790566e-06,-9.662919598973535e-06,-1.0139162242039907e-05,-1.07551940537619e-05,-1.1325420449676756e-05,-9.075581662443006e-06,-1.028015063043594e-05,-8.826192122094226e-06,-1.4786902685580316e-06,-4.5742458249875375e-06,-1.0616317143313518e-05,-6.871614052259944e-06,-7.952218354349751e-06,-5.369230120919313e-06,-8.713049876844961e-06,-3.11759626199911e-06,-9.399076836387323e-06,-1.1440105406315487e-05,-1.2274867158035358e-05,-9.5081680709792e-06,-1.0419935107946474e-05,-9.394425352206106e-06,-7.703145327731619e-06,-9.528786533215598e-06,-6.692784141587282e-06,-4.726082978578873e-06,-1.2026620029079335e-05,-1.1878555699147573e-05,-1.1210271957719505e-05,-8.052992346324261e-06,-1.570038461015528e-06,-6.374722492702457e-06,-1.1569807163751607e-05,-9.288082439249429e-06,-9.629549600690773e-06,-9.395351565656741e-06,-2.8046208557509957e-06,-5.757446471189037e-06,-1.1368093968368138e-05,-2.41258326736096e-06,-4.47276850698134e-06,-4.00390158818727e-06,-6.4662974300557056e-06,-1.0263352273085292e-05,-6.916412717608254e-06,-2.64387378367222e-05,-4.417369699011153e-05,-1.005190382421966e-05,-6.213682038231809e-06,-5.2256196343072615e-06,-5.320901647459342e-06,-6.4118072203999305e-06,-1.6238928469920574e-06,-2.5912941773560605e-06,-7.17489472606833e-06,-6.316782058815876e-06,-9.499521761128333e-06,-1.1925620654896426e-06,-5.084147955648146e-06,-3.8089941959928104e-06,-2.9160985537438674e-06,-3.3604343569137467e-06,-3.0714164187187506e-06
023,4.293238652217829e-06,3.724662416981994e-06,4.0969165111263e-06,4.157295553417525e-06,4.143823502251167e-06,5.860659494656437e-06,4.28616078428661e-06,5.149550325766072e-06,3.07806466290109e-06,5.700788069353229e-06,-1.9165533838196356e-07,5.389029252103324e-06,3.7741308149297662e-06,5.231252010355226e-06,4.627080141140469e-06,5.061230424318474e-06,3.842886299877896e-06,6.3866594840284325e-06,3.757239517247837e-06,5.062970320951577e-06,4.443639469710896e-06,4.985498597131923e-06,4.466436685345061e-06,4.419078535572788e-06,4.383748299713241e-06,3.973376183332906e-06,1.6502539234388286e-06,5.330010878203363e-06,4.1628976285582445e-06,6.092005045949979e-06,2.5332991446056436e-06,1.8692273408327205e-06,2.568078671777858e-06,4.582769073150213e-06,4.600530323645901e-06,3.349092772338508e-06,3.825572171313599e-06,2.5859807818596537e-06,1.4134719461971704e-06,4.685121413068332e-06,5.521793757068138e-06,7.175454564296503e-06,5.847869414626297e-06,8.152404538708094e-06,6.499367159869488e-06,6.552581834971167e-06,6.244881078889852e-06,5.8899043839417e-06,5.120077621363277e-06,6.068676964309877e-06,5.205307913027389e-06,2.3978973251540718e-06,6.991928451244189e-06,6.9470202896943366e-06,6.347043608385247e-06,4.278000085153831e-06,7.308405369358588e-06,5.9715182551162665e-06,-2.2060028093954582e-07,3.207481555153135e-06,8.503968441476403e-07,2.44338091629945e-06,3.1807893819891613e-06,2.3815279617265083e-06
024,3.15754511395848e-06,1.060811854895937e-06,6.427091221634449e-06,9.372945890019463e-07,3.3219172248022996e-06,4.652759495554394e-06,4.044560070245332e-06,4.017883437258749e-06,3.1770745029206216e-06,2.7425137549972247e-06,1.782756978572915e-06,2.9225003736673526e-06,3.298236858779946e-06,3.360558282463587e-06,2.5120255533213407e-06,1.3385978129815844e-06,1.6043743324217999e-06,3.851217742812627e-06,4.855316939587992e-06,3.989301257444096e-06,6.422250764960979e-06,4.846223845357373e-06,6.673715283385737e-06,-3.3861541179925487e-06,2.5271450204807337e-07,3.3979371380424706e-06,3.2087123913535315e-07,5.6957214759940216e-06,6.161094116571184e-06,5.931357816368719e-06,4.783540656773521e-06,3.5996321944450674e-06,2.396275007614674e-06,5.2882454859023766e-06,4.426849330918852e-06,1.8479511587559947e-06,3.5006049543005798e-06,3.429344174174157e-06,1.0264386496922175e-06,6.952505768935458e-06,2.1028635694796325e-06,2.754781137539105e-06,3.0862087446006914e-06,3.124466714827537e-06,4.482563969904495e-06,3.212364504561855e-06,2.178893094495074e-06,2.8633782454901036e-06,2.2086741935262993e-06,2.0813536989746428e-06,2.84249653541388e-06,2.0226803632182263e-06,2.913835845022307e-06,3.3499710244449414e-06,2.515840771296716e-06,3.2863474381709974e-06,3.701258883160175e-06,3.505050629256336e-06,-6.846746901614863e-07,3.1305091534438567e-06,2.505225464126905e-07,2.6436871492106745e-06,2.8592570423041624e-06,1.5794441168345248e-06
025,1.0262817368113793e-06,1.4095728243934997e-06,3.78023377065702e-07,8.154094360253389e-07,1.264300391466071e-06,2.8706305096727513e-07,8.381992948183191e-07,2.0480173080077313e-07,1.0839717515171545e-06,-9.217799409953553e-07,-3.3602708434182975e-06,4.50004480492125e-07,7.833205390359439e-07,3.18752567121025e-07,7.921162339443351e-07,-4.2737135306560517e-07,1.5433258083716863e-07,6.112682924323992e-07,5.657586765695622e-07,1.4709982565685635e-06,1.725351408562167e-06,1.231096942427108e-06,1.8342306214820517e-06,9.633371200774647e-07,1.5513698960202605e-06,-1.0551213695836933e-06,1.4441982548732174e-06,9.436339678074099e-07,1.3198213850654128e-06,8.259063865245126e-07,1.5585339145197229e-06,2.443553408422715e-07,1.5452714868915328e-06,1.2288877352194892e-06,6.950185787530543e-07,1.0394141097678133e-06,9.203096231739399e-07,5.720807185420253e-07,1.3671339086040037e-06,1.456962797618791e-06,-8.518014287496269e-07,2.589880361888591e-07,5.219937135434874e-07,4.2633994843360444e-07,5.019034166483534e-07,4.819147154594262e-07,8.939860420354666e-08,9.876624423809215e-07,-3.1983975122936486e-07,6.183694260909222e-07,-3.8343724975279346e-07,2.1758284482700823e-07,2.9991707254013255e-07,4.3096496523764806e-07,-3.3470167597685577e-09,-6.331605839111652e-08,5.218494955136042e-07,4.584649192146726e-07,8.479817096552159e-08,-6.454821820431921e-07,6.086917554192054e-07,-9.042348301316249e-09,-3.420329971966737e-07,2.1644340895937003e-07
026,3.434000799851276e-08,-3.644135849069777e-07,3.134286327532169e-08,-3.1196754678749766e-06,3.1280621540966493e-07,7.667056419885879e-07,7.976124017478235e-07,6.601522362530652e-07,8.677559745387434e-07,4.30738177333369e-07,3.5725444424543613e-07,1.0606825808569055e-06,1.1684712110995562e-06,8.285297050119727e-07,6.773922092610971e-07,5.706309522267788e-07,4.512054873149034e-07,1.286140438435023e-06,7.893477261197293e-07,1.3002159133223218e-07,4.300566073441094e-07,1.9561339132941663e-07,1.0311875149583235e-06,-3.4534315332504513e-07,-3.7928173596089555e-07,-2.5401464824085494e-07,3.1356252656156364e-07,5.521709608431242e-07,6.318755849806116e-07,3.572027426389119e-07,7.990955128473323e-07,2.385513511826699e-07,4.4668654844916776e-07,6.459542540000023e-07,1.8884245010088563e-07,2.774024983315836e-07,1.4296779627938714e-07,5.834796981876966e-07,5.700793653514982e-07,4.031888487908715e-07,1.1551878151934544e-06,1.1558136720616287e-06,9.93151922359013e-07,9.913885293597715e-07,1.0970981529111757e-06,1.0393733437471692e-06,1.0750315173015454e-06,9.711829529921245e-07,6.546203117377523e-07,8.324283104911407e-07,7.114195481940945e-07,6.298951996051981e-07,1.2303366710982434e-06,1.0293705731624568e-06,1.068802549708925e-06,9.140415961745506e-07,1.1400690426027142e-06,1.0421618063679038e-06,4.39107124771394e-07,3.6980249389921333e-07,5.345203974990346e-07,1.011145414266041e-06,3.02117011606794e-07,4.367887274963439e-07
027,-3.8109557397218897e-07,6.026855511999801e-07,-1.125762367208698e-06,1.3550328384664327e-06,6.324158638552835e-07,-2.4243973461070255e-06,7.274332623113248e-07,1.436441539106e-06,-5.603127563633427e-06,-2.4321334287948702e-06,-2.498811630959028e-06,1.4052740341961751e-06,1.242874091451698e-06,2.3265085010927733e-06,-3.4596374599025175e-07,8.58374427170564e-08,9.249247666682039e-07,1.413740491225122e-06,-2.1829506157841367e-07,-3.668556165930163e-07,-7.100405470096543e-08,6.125122861790697e-07,-2.0487300798188023e-07,1.22800941194564e-06,-1.0382007838471456e-05,1.3702499201203279e-06,-2.7875212018775657e-06,-8.928752532823126e-07,-5.408918835918002e-07,-1.1082179351863045e-06,-4.138571533691411e-06,6.722772803926301e-07,-2.567019090076066e-06,-6.036327332273304e-07,4.0817856577774224e-07,9.306645511773768e-07,5.675644683457577e-07,1.5740514483260958e-06,-1.2848984255694298e-06,5.709908039424312e-08,1.02394102363138e-06,3.6662232085475353e-06,1.1528061030454632e-06,2.209244212156986e-06,3.513946894480446e-06,1.081111490340927e-06,3.655965795750057e-06,1.3065038990576238e-06,3.637975232592922e-06,4.141823133397914e-07,7.355100806226668e-07,4.7113455857439827e-07,3.2439206968072e-06,1.280317051548684e-06,3.392180053459052e-06,8.969667862693237e-07,2.955361141900564e-06,1.7598377568605582e-06,-5.154801342378285e-06,1.7996204846829306e-06,-6.020583433817694e-06,-2.124578536570475e-06,3.4139655417337754e-06,6.768587811877063e-07
028,1.5817575170541332e-06,4.262400195015999e-06,4.122622832671543e-06,5.401098483772112e-06,5.100654269943723e-06,6.8614713126822024e-06,7.039971465844002e-06,6.182392178735344e-06,4.101423814543036e-06,1.0192346210491512e-05,3.47066268129583e-06,8.070897648493218e-06,3.671318938485224e-06,8.972832930222883e-06,7.831974078721041e-06,8.389874362808416e-06,5.684277203792184e-06,3.1638625712390625e-06,5.911289241508796e-06,6.759077914833351e-06,5.935185874202692e-06,-2.531746959024369e-06,3.5998311272936453e-06,5.206489445233177e-06,4.7708270157113785e-06,4.39378947823062e-06,-1.030774918740295e-06,7.411504957756137e-06,5.422695953687083e-06,6.715618891500149e-06,4.186564405718907e-06,7.001267030883195e-06,3.4070087658746882e-06,7.28551160670993e-06,7.361496134758957e-06,4.3009263476631325e-06,5.327593540344241e-06,7.981341965141832e-06,-3.1754000399152157e-06,6.723195120393897e-06,7.502578566302075e-06,1.155364802843906e-05,1.1616956599901382e-05,8.969848582908882e-06,8.973154176138733e-06,8.093014447953866e-06,1.0569035323961292e-05,8.520793187802448e-06,1.0303977979345301e-05,9.002556911699038e-06,5.96468729874569e-06,9.717608342833228e-06,1.0659926759490746e-05,1.0404263644749462e-05,1.1697910359330488e-05,1.3019625092649983e-05,9.504654344600721e-06,7.588484787514017e-06,3.616977276471962e-06,1.2362768188826502e-05,2.0622847174568282e-06,1.0495682644222095e-05,7.162798723298482e-06,4.283765109853642e-06
029,1.3522263210197416e-06,1.984169057942959e-06,5.885518802820197e-07,1.1501273228243733e-06,1.8698343847216565e-06,1.4402166048007357e-06,1.952940309578424e-06,1.207218684009689e-06,2.02492672879517e-06,1.3277583418936075e-06,1.3870432892936164e-06,1.2952853879831797e-06,1.679971304033806e-06,1.3101222979834212e-06,1.96892766712756e-06,9.9385615440688e-07,1.701676878230487e-06,1.5909006540097832e-06,1.6752486440465666e-06,-3.7536163460732505e-07,1.9672545262316917e-06,7.490875870317283e-07,1.9580417010848864e-06,7.878750212047436e-07,2.0272001611646474e-06,8.013956642648858e-07,1.3983148443891867e-06,1.8283361792563194e-06,1.9701948954477454e-06,1.3975922523946558e-06,1.953669478405943e-06,1.5776338524108873e-06,1.7241343850181498e-06,1.7104929313509267e-06,3.8838452453919326e-07,1.2269380278712325e-06,4.3047496225746103e-07,1.3921002687834836e-06,1.594703454003614e-06,1.9248146699203216e-06,8.19304239256104e-07,1.1828352274700128e-06,1.0331759934036173e-06,1.0303139379782057e-06,1.1163931127150083e-06,1.4280977006011057e-06,1.0197927396868952e-06,1.6621684217513488e-06,7.968910316647994e-07,1.6891455199704527e-06,9.102578752662315e-07,1.3803343085161184e-06,1.207780520437204e-06,1.5263282633218014e-06,1.5793076527591707e-06,1.5719962873560007e-06,1.1356108064742959e-06,1.3847027457747202e-06,2.985307375128271e-07,8.341363832305274e-07,9.81017495333398e-07,7.96284876275748e-07,1.101219162191046e-06,1.1676514329052312e-06
030,8.348535752255211e-07,2.4169087442935447e-07,8.376356615072842e-07,2.32579835239764e-07,7.001680238373844e-07,1.0974517664049324e-06,1.1105467155670042e-06,1.2485450788800111e-06,6.934528729986483e-07,8.664092951213065e-07,7.019426950292647e-07,1.2324923183721466e-06,9.706913019019575e-07,1.2308882877373002e-06,6.599963270865733e-07,1.380415742160814e-06,3.8873582102526896e-07,1.0174296543755384e-06,1.099563715588562e-06,8.596186784909495e-07,8.499290983307191e-07,1.2556435032827369e-06,8.361585813611159e-07,1.3263529340504155e-06,7.804401558156013e-07,1.3204467420786466e-06,5.99567419857092e-07,9.777834355424053e-07,9.561904019116601e-07,1.1372238456807624e-06,9.242725419526712e-07,1.357296020930761e-06,8.442946865221336e-07,1.0201522201558336e-06,7.318320542204653e-07,-3.877002193833907e-08,1.7058424012016863e-07,1.3741924277616964e-06,5.844256066272457e-07,8.244488785575516e-07,4.656265411664569e-07,1.0031135698719581e-06,6.15970774507534e-07,9.925485523971502e-07,1.3160634803134855e-06,7.302200206603404e-07,1.463024397387055e-06,7.400740904657547e-07,1.0397441492560554e-06,4.184822397361712e-07,1.0866813679634356e-06,3.946766188643705e-07,1.0813628494889838e-06,4.806850251351635e-07,9.92595210796441e-07,4.863979640843087e-07,9.267747456722421e-07,9.336515569953573e-07,2.8117064677961144e-07,1.0707931773620726e-06,5.509260199525376e-07,8.631341068477606e-07,1.0234346162617086e-06,3.9663688335428874e-07
031,2.3774188101312622e-05,1.827564977587069e-05,2.0406607957298888e-05,1.7642670325297475e-05,2.5164411752544405e-05,2.5848671980380368e-05,2.497259746508069e-05,2.5048351277666885e-05,2.319268060958918e-05,2.1253615850345568e-05,1.6513152329558848e-05,2.686147387072999e-05,2.7001277420907587e-05,2.632331296559528e-05,2.4874984364541714e-05,2.2272720952655427e-05,1.8459510205205467e-05,2.7353317468660945e-05,2.4543577705176704e-05,2.8104353643894317e-05,2.468304414437821e-05,2.6664059402384667e-05,2.1917623154726907e-05,2.199680793723927e-05,1.560782372087159e-05,1.8569468312222922e-05,1.5419263154719447e-05,2.73839996132078e-05,2.6084403601731388e-05,2.6361507152087687e-05,2.25601466392776e-05,2.2139671990507052e-05,1.6188821683597964e-05,2.6381363292256426e-05,2.2493581815434084e-05,1.920776786699419e-05,2.0287765350650552e-05,1.8255140049335932e-05,1.2213686970997408e-05,2.6783954161756907e-05,9.939630366098329e-06,2.2778546675106202e-05,1.9621579467184178e-05,1.87784272717978e-05,2.7033382634350752e-05,2.705497055507441e-05,2.653765999834737e-05,2.4780610134948122e-05,2.426509918443584e-05,2.128969924957078e-05,2.3458018317407932e-05,1.6986247966932733e-05,2.7320073076279205e-05,2.430122557639328e-05,2.585286660518258e-05,2.0813350213447776e-05,2.78224329749841e-05,3.019923204680767e-05,4.921911360221396e-06,1.7548824548653065e-05,1.0623883656859999e-05,1.2580313395691864e-05,1.899533080110494e-05,1.253736047366512e-05
032,1.46127578546671e-06,4.420085283787442e-06,3.599818257562667e-06,7.667451037191177e-06,2.6632794229595474e-06,5.3405954876366185e-06,5.079613889452682e-06,5.362384767088199e-06,2.8468059798166132e-06,4.279927650411197e-06,3.8964243109553515e-06,6.442243462042463e-06,7.401999452404668e-06,6.0606394200551235e-06,6.49827391687958e-06,4.725504226309535e-06,8.597943063898548e-06,6.792792875003823e-06,5.777483261704455e-06,2.288727950882519e-06,2.8338292763975335e-06,-1.1462946056949172e-06,6.170966937054207e-07,4.10899400987763e-06,5.089262517112237e-06,3.337995022637246e-06,5.036808964246552e-06,4.114441169663935e-06,3.4120231036139584e-06,4.740559114774438e-06,3.868949881405941e-06,3.548640665702793e-06,3.4654056856600615e-06,3.94065412704531e-06,6.362810913148998e-06,6.734793667560243e-06,3.8648917236508235e-06,3.4185470348512094e-06,3.7865375248036024e-06,2.08033378413987e-06,5.006879529714168e-06,9.564286003575933e-06,1.2064308729486678e-05,8.330458110787435e-06,2.7362332933431755e-06,8.382239724276134e-06,6.081337714690688e-06,9.393514407102006e-06,5.991951132102962e-06,8.130651602421105e-06,5.260920680899513e-07,8.07928567212849e-06,8.27150285766517e-06,9.604179142304635e-06,7.250062360638604e-06,8.07245067582313e-06,1.226131224095934e-05,5.850095923414664e-06,9.936508673781271e-06,4.099382464769449e-06,3.169990757651426e-06,3.804286602600466e-06,1.1681767051997378e-06,6.099050205241592e-06
035,3.0051622872866602e-06,1.67911540218005e-06,3.2903800623317563e-07,1.7540160209290246e-06,5.938702170361175e-06,5.888801721541297e-06,4.163429241174421e-06,4.947041422544154e-06,5.520563262586668e-06,2.898829899176226e-06,3.7923076670272686e-06,5.473700459941328e-06,5.732573222814878e-06,4.940538171758123e-06,5.309230203564785e-06,3.4229785593381893e-06,3.5912819664828937e-06,5.741711366024049e-06,4.30771187647471e-06,7.159673656850278e-06,6.570503560299668e-06,3.1194939592520314e-06,6.390799842546278e-06,3.0070648196696498e-06,2.6634716315790153e-06,3.2595169348642935e-06,2.5840374817033737e-06,6.851024408387476e-06,6.817323007080338e-06,3.193612641608073e-06,5.222627012011236e-06,3.0932873384991613e-06,4.775370237745605e-06,6.67314076068354e-06,5.431317177279066e-07,5.289560191279989e-07,7.690981397835592e-07,2.9239617742797097e-06,2.1648784628776403e-06,7.421086067470571e-06,3.2262464867393285e-06,3.888073565700654e-06,4.00466226235365e-06,3.2109692201854507e-06,5.408811999838854e-06,5.5702562240947375e-06,4.881174665241855e-06,4.849855373419544e-06,3.605760040403836e-06,4.239568458417291e-06,2.745938755556542e-06,2.944950797656736e-06,3.999784152295266e-06,4.1559401486786e-06,3.996873708608909e-06,3.5771373650812355e-06,4.775806387844046e-06,5.538483869535277e-06,9.95473982520721e-07,2.1681789805388085e-06,2.2005836819805755e-06,2.622450728569034e-06,1.7662730773592845e-06,1.5261753589333105e-06
036,5.85337731281201e-06,7.030531414138205e-06,3.092550715397896e-06,3.7120741308462185e-06,9.235328134804866e-06,9.715936448529853e-06,8.285148301330812e-06,9.301377415028901e-06,6.760509128945349e-06,5.970295121815172e-06,3.7938556988039937e-06,9.597931594730457e-06,8.55823187196576e-06,7.874418279290677e-06,6.982574251653455e-06,6.873043504140758e-06,4.3557017479270955e-06,8.474211047553701e-06,9.31238143173869e-06,8.602456286436636e-06,9.016731223450691e-06,6.772200924808698e-06,1.1019524164961781e-05,3.418636069699768e-06,4.945915976108014e-06,1.799553616752352e-06,3.2834002647397104e-06,8.705853751088403e-06,9.708628463251716e-06,8.76860519092104e-06,7.4058451409642625e-06,8.471563821211025e-06,2.726240256112745e-06,1.1009893689607287e-05,4.429666970298554e-06,5.677473103845196e-06,5.190484243166783e-06,3.682620357448518e-06,2.373797819646358e-06,1.0410928025491816e-05,5.346696384095158e-06,7.728746090357311e-06,5.513162569113832e-06,5.573669961464759e-06,9.37749426213355e-06,8.380065798863073e-06,9.133989930754037e-06,6.757731636562696e-06,8.091430373799142e-06,3.848194772570107e-06,7.045296428317823e-06,1.9508792212645116e-06,8.202528969219627e-06,6.2987377679319775e-06,6.970011954819581e-06,5.43947662960734e-06,8.328807681711374e-06,8.65650511768797e-06,1.0590182740102404e-06,4.015493000880555e-06,1.6050609605518957e-06,4.275079831439012e-06,5.751625623338955e-06,2.351012632794405e-06
038,-5.16374320607317e-07,-8.67856191216894e-08,-8.867234307922246e-07,-1.6889997467587505e-06,-4.2132069928690945e-07,8.823490272925203e-07,3.2670576968147824e-07,-7.684851595227006e-07,4.954641165169605e-07,-2.0350694156110286e-07,1.9580760221902593e-08,1.434806123199371e-06,6.649277476620392e-07,1.0215538646312757e-06,-2.1714766550228953e-06,1.7854443938368392e-08,4.751565815974876e-07,7.413200141233661e-07,1.895237824101718e-08,2.9948209147111014e-07,5.43879710925276e-07,2.95398490520826e-07,5.745257986585115e-07,-2.752157885304454e-07,-7.334409834478964e-07,3.375163857617894e-07,-1.122830831735503e-06,-3.0755423279844166e-07,-6.968052364916744e-08,1.6080585548926526e-07,-9.94386969101804e-08,-9.956347870723175e-07,-1.4827757607759846e-06,4.25412688209419e-08,-1.5701274373505324e-06,-1.9214041259386476e-06,-1.6020199968348306e-06,-1.4481086397174283e-06,-5.416872575973075e-07,1.8925475804810817e-07,5.342872130694726e-07,8.436025661124698e-08,-1.50157796043796e-06,6.415040493905326e-07,1.1991002898236493e-06,9.803498556426344e-07,6.145798457611722e-07,4.442617133327818e-07,1.2353287616760198e-07,-3.1957254834133186e-08,-7.32005422484642e-07,-1.7712264106407363e-06,-2.8834310255899307e-07,-4.63918631105565e-08,-1.2794842443213717e-06,-2.489132758955949e-06,2.322675284135236e-07,9.520461103444745e-07,-2.351246052739681e-06,-7.937428669582678e-07,-5.7173765972855325e-08,-1.7305083971074843e-06,-1.016685666702504e-06,1.4337823835677512e-06
039,-6.335354241555209e-06,-6.5504278839030595e-06,-8.211345828053758e-07,-5.1921373003463865e-06,-5.647476151784759e-06,9.244229540656518e-07,3.5423894566521517e-07,2.008265810127532e-06,2.9677187403330324e-06,-1.386250727346423e-07,1.3946989084509292e-06,8.188486130716107e-07,1.2921896525007424e-06,1.6464188193969154e-06,1.4061968033019964e-06,-2.6540762241990975e-06,2.058820175290885e-06,2.739961598492735e-06,8.252145494483551e-07,-7.601244265318338e-06,-5.667185176238662e-06,-6.676617102099293e-06,-5.009568228733804e-06,-3.6419885820335644e-06,-5.517404258040276e-06,5.892550663815268e-07,-6.080403111048649e-06,-2.872708951887476e-06,-1.1063292834174986e-06,-3.843658349949209e-06,-1.0626808717730588e-06,-2.7516985425302336e-06,-8.824604930242646e-07,-1.1910622331363257e-06,-1.1196834575509887e-06,-4.006504470997234e-06,-2.8852354013450057e-06,-2.8335190728958146e-06,-9.023472843013897e-07,-6.7310060969794976e-06,-1.929422073952579e-06,-8.396080280026308e-07,2.3557514042501926e-06,6.726232708196507e-06,1.014320756148e-06,1.6023849479866772e-06,5.416465150643786e-07,6.515385943608032e-06,-1.1380888195588808e-06,2.4526442587924356e-06,8.93241102231122e-07,2.8693222406267896e-06,1.7958777723716606e-06,2.6686773596698524e-06,-1.5832323147360192e-06,3.676514428503066e-06,1.7894733702776277e-06,2.1296085532239258e-06,-1.333527763618336e-06,4.362059691038154e-06,7.854252894557762e-07,-6.929596249910962e-07,1.877340107411794e-06,4.430634732934798e-07
040,1.1650788210266263e-06,-1.5004747679905177e-06,4.3678311596686253e-07,-1.8882141335197097e-06,6.874187381323436e-08,1.2244042458033548e-06,-2.2090325099193967e-06,1.3652091147062534e-06,-1.7161812541384293e-06,-1.1232117011830227e-06,-1.6742991321584594e-06,7.795326158539101e-07,-4.3122029665464056e-07,-3.437664601308523e-06,-8.701579314290661e-07,-3.0546608177988133e-06,-5.997638754307338e-06,-1.2556902324883181e-06,1.0532030145427195e-06,7.000827653239291e-07,-1.3279897886487422e-06,6.424191952641214e-07,-1.0875719652109409e-06,1.6402724607157137e-06,-3.437081228063319e-06,-6.775694607292025e-06,-2.5138410354400517e-06,1.2100642678692808e-06,3.891478705136351e-07,9.493662511041191e-07,-1.035884053431815e-06,5.507918053579684e-07,-4.11582627772008e-06,1.0311242019421638e-06,4.98030795036761e-07,-1.4727236077529487e-07,-2.887486275916587e-07,-2.9499394345038855e-06,-4.371753120129715e-06,9.900605925197043e-07,1.0467472647194427e-07,9.488429375978494e-07,-1.7409897172077816e-06,8.473347128861558e-07,-2.0036915843266163e-06,-1.888204495178322e-06,-3.0870747677914455e-07,-7.262388772471312e-07,-5.422818399544712e-07,-6.183041646962412e-06,-3.202904663751548e-06,-2.6448937220210045e-06,-3.1969653365146556e-06,-3.6895399934440106e-06,-3.7121733720294494e-06,-6.020292287719006e-06,1.068168464649787e-06,6.360132505557761e-07,-1.1627814547137277e-06,-3.0620265200960596e-06,-7.293712506552466e-06,-5.26888381455368e-06,-4.3225589558336437e-07,-2.4139392249632595e-07
041,1.3383133414703392e-06,1.8048138784027354e-06,4.776190883203204e-07,1.4121743101149868e-06,1.6518224330306407e-06,1.4319199344827814e-06,1.1278655750442837e-06,1.2344807400209135e-06,8.326238304421546e-07,6.072514203762737e-07,5.720737733412481e-07,1.2160071636572617e-06,7.458845494323369e-07,1.1308875384140794e-06,8.22805185169512e-07,3.8433454432285944e-07,8.105283909417676e-07,1.11025277820551e-06,1.1230348968687632e-06,6.183728759663596e-07,1.5949530292012607e-06,8.783579731163827e-07,1.9338648972537108e-06,9.068541016014702e-07,1.7498875232771173e-06,-1.5583413009890372e-06,1.2771951563056864e-06,1.58135938613272e-06,1.3684214216979844e-06,1.0612622561756083e-06,9.914639429333177e-07,9.201892212798901e-07,1.4003152984042994e-06,1.6283309865323711e-06,8.819664074356353e-07,1.2877555762560534e-06,1.056385117798609e-06,-4.0603142854441066e-08,1.0441663485917379e-06,6.298165531208631e-07,7.532304347943146e-07,7.99230299493978e-07,4.99978903924986e-07,8.692445034131974e-07,1.1126282540045303e-06,6.453067362239893e-07,1.114323098477415e-06,6.711848416173948e-07,4.2116616830944885e-07,5.549624878781547e-07,7.520143000529369e-07,4.2312432860906123e-07,1.1583242986284153e-06,6.713481884345914e-07,1.17134929492732e-06,3.272890435361801e-07,9.95139125199809e-07,1.2718499363908713e-06,3.184982051676342e-07,1.1420801588902516e-07,6.580300958208716e-07,-1.562746555560259e-07,3.0023759653948943e-07,6.477112096030501e-07
042,-1.4515195198065132e-06,-1.4272217928310769e-06,-1.3274417494051504e-06,-9.834215503241134e-07,-1.5511889593093247e-06,-1.2054180065370598e-06,-1.656803923969578e-06,-7.065419000050738e-07,-1.5708790964990568e-06,-1.0249194408328806e-06,-1.2161739498888808e-06,-1.4365946930041028e-07,-3.0182975250040763e-07,-5.661086410111476e-07,-7.899533947873703e-07,-1.1195527269999456e-06,-9.725759706771906e-07,-3.7304099790899894e-07,-1.6568226380443103e-06,-1.6248731749539456e-06,-1.3954992581582826e-06,-1.6374120024987242e-06,-1.4348260812459945e-06,-1.4882587395106899e-06,-1.4080215542800176e-06,-1.5066272740368296e-06,-6.437639991544536e-07,-1.4768911760364662e-06,-2.179684129107841e-06,-1.410153552573658e-06,-1.978337243244457e-06,-1.2313093449130327e-06,-1.8200491324588859e-06,-2.1781928521794643e-06,-1.206540403468508e-06,-1.0232306080752865e-06,-1.1244184375059123e-06,-1.1287237743198601e-06,-4.166872539736524e-07,-1.8620906885810346e-06,-4.0670164623963875e-07,-5.401806717815607e-07,-3.2992586284754256e-07,-4.2079820344421717e-07,1.3625086110760687e-07,3.232560576485498e-07,-3.435480129668e-07,-1.7385982490275559e-07,-7.412812055256473e-07,3.987756063777184e-08,-3.660195011588558e-07,-1.0386900260120817e-07,-3.96687817077379e-07,1.3415869476045348e-07,-8.95591833541324e-08,-1.5255894160141558e-08,1.188335805959159e-07,3.7227749827462685e-07,-1.5895011047701844e-07,-9.623278045511592e-07,-5.265310839098561e-07,-3.8611006423833964e-07,-8.02376886043176e-07,-1.8744581105213472e-07
043,8.139732206508728e-07,1.0434123271025225e-06,4.744282762229756e-07,-6.686121315561897e-06,4.335436600284076e-07,1.0495078121063135e-06,6.782253614627751e-07,1.2703210941956892e-06,4.971776450672511e-08,1.6706504567119723e-06,1.5159402633560749e-06,2.565829189249446e-06,3.6556367687219734e-06,5.133803225316914e-06,9.355119551482581e-07,3.5223277660942314e-07,-3.245001711271169e-07,2.7765713929524354e-06,6.410899498610918e-07,-1.2240774570711285e-06,1.6242110190359776e-06,-1.6538574603872137e-07,1.1417897217975733e-06,1.03252546600747e-06,-5.802583110623498e-06,-3.0694617295862235e-07,-5.233766277511406e-06,2.00816854294286e-06,2.0528358161459425e-06,-2.054135160621052e-06,-2.1912737054507163e-06,-1.3416709184283297e-06,-3.5557443963083295e-06,9.696396498573173e-07,5.909483200147293e-07,1.0959993912799884e-06,1.443242630288425e-06,-1.3912043048224578e-07,-1.687591691450137e-06,4.926679404844439e-07,3.81189312279121e-06,3.567206657435234e-06,4.712425554089914e-06,1.6176673357867286e-06,2.0710392358669944e-06,2.1407507273180083e-06,1.7526133652362985e-06,2.1708932776791077e-06,-5.1026189093933265e-06,2.931860410172358e-06,4.5592899082340154e-07,1.957231198987796e-06,5.009770206503463e-06,-2.4832682798430432e-06,4.845670779501803e-06,6.31741632577369e-06,2.2876040496009242e-06,-7.105386325657692e-07,2.101918912234087e-06,2.6748472645903647e-06,9.633581122578373e-07,2.5133560830342126e-07,4.417784940598967e-06,1.1971545937089377e-07
044,2.5393566855582084e-06,4.21728888026619e-06,2.582474887289129e-06,3.7818061954082403e-06,3.31941933269022e-06,4.8010754813878835e-06,4.158898511386486e-06,4.831804406002812e-06,1.9319684914717775e-06,4.022297284936288e-06,1.541992627837323e-07,4.734630692290771e-06,4.808862640665208e-06,3.852535701354629e-06,4.324158522696454e-06,5.305741619450068e-06,2.3480513399086802e-06,5.648640325104479e-06,4.928003087802668e-06,3.5390099885857967e-06,2.2256297571503845e-06,2.7842173184234926e-06,4.243260158491063e-06,2.6095773554360776e-06,4.0192887149782385e-06,4.118947547916841e-06,3.849929919017248e-06,4.319315901189459e-06,4.420736014810938e-06,2.8289251695655748e-06,2.4748804338448098e-06,3.875963651054389e-06,2.0541539009317708e-06,4.46750106643287e-06,2.967756675527918e-06,2.4881583190538885e-06,3.053671504642322e-06,3.380028250773966e-06,3.5152680078956617e-06,4.23451455798122e-06,4.98835655539089e-06,9.321378627151983e-06,8.357360386323263e-06,8.770537877630911e-06,6.312870878392461e-06,6.010493424463828e-06,6.217313027632686e-06,4.484093099097313e-06,6.018505671069467e-06,2.941937118075691e-06,6.278904166317317e-06,5.035164089318318e-06,7.594592266776936e-06,5.809800095801816e-06,7.520519232759188e-06,8.371703705756134e-06,7.411285001204799e-06,5.496959265008705e-06,1.1558038212768229e-06,4.9929338245371374e-06,1.6926545208599427e-06,4.178145685494733e-06,5.212514971488693e-06,1.8221346197229136e-06
045,1.3660091246378185e-06,2.4519847875962305e-07,1.5324722828902208e-06,-6.735867482050943e-08,3.071646082598034e-07,1.4417727355048448e-06,3.8007368528825445e-06,2.6760012098221295e-07,2.7436311250933147e-06,-1.9281898744695e-06,1.2343482208974303e-06,3.133285000252162e-06,5.361902998626394e-06,1.7809041271937567e-06,2.900454203121587e-06,-4.590969065326501e-09,2.059897310334684e-06,3.1271224637687078e-06,1.597475260260832e-06,-1.0023646938541464e-06,1.5980318986652009e-06,-9.113884287590363e-07,1.4483851472246429e-06,-6.065966760347113e-07,-1.266714377973617e-06,-9.730176526406533e-07,-1.3717569360269234e-06,1.265961196894509e-06,2.617704733647403e-06,-5.546163923109095e-07,2.668254452297284e-06,-5.702101451612494e-07,6.747707909890927e-07,2.0275814042073746e-06,9.350308007269343e-07,-1.6553279308508043e-07,5.914072727141581e-07,-9.904908009453931e-07,4.545258987292752e-07,1.405812943334757e-06,-2.1611675172584665e-07,2.196457599513874e-06,2.06842696326468e-06,9.790414204918536e-07,3.186340517325347e-06,3.066393929338118e-06,1.4901420613607523e-06,2.8712494156504298e-06,3.581718638211747e-07,2.759522543400797e-06,3.9668858896743953e-07,1.372149686545936e-06,2.5321450783115393e-06,-6.530258737897376e-07,-2.567876441312519e-07,4.260310180820655e-07,2.9868071373150042e-06,2.7229901171014246e-06,-2.2717266522264676e-07,4.0471723631870204e-07,8.35234520660933e-07,-1.014008307941297e-06,-5.714879777819233e-07,8.590584244639407e-07
046,-1.4991808819229565e-06,-1.2622262526542255e-06,-2.0577716814038756e-06,-1.4937881030997982e-06,-3.309083209365453e-06,-5.024163093097211e-06,-3.0786470692082947e-06,-1.5727263396176415e-06,-3.898642736716196e-07,-6.459521109116988e-07,-6.006395439145679e-07,-4.123030946643992e-06,-9.219069055927727e-07,-9.625890852168637e-07,-2.244111405345688e-06,-2.7246431593450466e-06,-1.6970616183008235e-06,-2.8082703337513493e-06,-4.65033998612233e-06,-1.8921568720653307e-06,-8.85489695980684e-07,-1.8913043053591513e-06,-8.152481298932692e-07,-7.857632025579632e-08,-1.062315124721235e-06,-1.5908902480290786e-07,-4.544319731941299e-06,-3.5012668325145605e-06,-4.348060341339618e-06,-4.5119442010266965e-06,-2.5025964021447197e-06,2.4642991843375124e-06,-9.175857388746763e-07,-2.5722085999533124e-06,-3.1565422403547654e-06,-6.018426283453205e-06,-1.1120317190197074e-06,-1.4227870905573415e-06,-1.4141513100081164e-06,-6.565159979294011e-07,-2.3194266624839905e-06,1.7308191198734216e-06,1.3288867468398813e-07,1.6664868225874261e-06,-1.1693300327214344e-07,-6.647018167329373e-07,-3.950141403643269e-06,-9.578747739327324e-07,-3.328542142698976e-06,-4.628309470207218e-07,-3.4186341195012207e-06,-3.18840314148984e-07,1.9221670845720444e-07,2.5917107638715938e-08,2.4991362823249146e-07,1.448633084625977e-07,-2.7540363795381227e-06,-7.165833391437241e-07,-1.4323589413123128e-05,-1.195578749756739e-06,-1.057789393886277e-06,5.374800772921628e-07,-3.4816684809185565e-06,-5.2200476261814156e-06
047,9.020798809762371e-07,4.068006471990291e-07,9.536826859445e-07,9.546125122107662e-07,1.0738281380583256e-06,1.6018329641514192e-06,1.460976453453018e-06,1.5149565348336113e-06,1.3358020904427286e-06,1.6130529416348179e-06,-4.6910089391699855e-07,1.3456329618417393e-06,1.4486248339663843e-06,1.6929661742214363e-06,1.2552596294098609e-06,1.8790223502419938e-06,5.068600313465934e-07,1.645458822965369e-06,1.55341082489265e-06,1.1099376684986786e-06,1.192314499913733e-06,1.755764266553083e-06,1.7764822911157925e-06,8.070114575921797e-07,1.226866760469726e-06,1.6543440917903941e-06,1.0166278221959527e-06,1.5027657944572375e-06,1.475201790871969e-06,1.7198164443645231e-06,1.4282257229990204e-06,1.8543788147929857e-06,8.663411922552144e-07,1.5368248228594901e-06,1.1988807131023301e-06,1.1385258456053188e-06,4.1758869173595303e-07,2.1999473955145894e-06,7.921484894842264e-07,1.189648194708689e-06,1.2767030182543834e-06,1.6540075353656473e-06,1.7364303839408124e-06,1.4981970282769035e-06,1.5263633096671624e-06,1.6060522756472924e-06,1.5388673339724082e-06,1.3676465231645077e-06,1.5338078620059326e-06,1.7506464787875097e-06,1.7589751593884843e-06,1.5791503738215901e-06,1.6788789563801304e-06,1.7522593129244684e-06,2.020545005214424e-06,1.4744388413179865e-06,1.9863866153329487e-06,1.7109079621268066e-06,5.280986358522507e-07,1.7273823441724437e-06,4.048150638237092e-07,1.5497837059372545e-06,1.6711772763979915e-06,5.770944605931772e-07
048,4.357909889378037e-06,1.0985236346962667e-06,6.545485889308275e-07,-6.634206336762119e-07,8.438725611378237e-06,1.7942263741144587e-05,8.95023970143226e-06,1.047348227261099e-05,9.259207350071514e-06,1.2761604601426755e-05,9.394967637427448e-07,1.0831707303344073e-05,1.3119202683522109e-05,1.2334199759533372e-05,1.0507072282710416e-05,1.26666766627933e-05,8.218456517364062e-06,1.4584283122288063e-05,1.3398511662551198e-05,8.709990633466277e-06,1.0037476424622888e-05,9.318302227604731e-06,1.2447589775936047e-05,2.5859411793316863e-06,1.0515972337975984e-05,8.799261698823553e-06,8.62846162602679e-06,1.0439414567493804e-05,1.1099007664699032e-05,1.0428452496307235e-05,1.0139536084633078e-05,1.219931326270654e-05,9.186157305524492e-06,1.1276239726901363e-05,1.0133138428866129e-05,1.1199991819828012e-05,9.050548231757314e-06,1.4535667546068106e-05,4.5826520315619965e-06,1.0923844592176782e-05,9.776470352510101e-06,1.5983284208119183e-05,1.5105929956125658e-05,1.3586957355368236e-05,1.2832255633287418e-05,1.5448561509408033e-05,1.4794677672750102e-05,1.4273278758632204e-05,1.5681949919210865e-05,1.4739057302880173e-05,1.769545847432577e-05,8.70455082870443e-06,1.2895663626801526e-05,1.6693086937680814e-05,2.241401745855552e-05,2.0956263955188446e-05,1.6900231346227685e-05,1.615122760702169e-05,5.887757262258469e-06,1.2697641763452092e-05,1.0034791996368979e-05,2.734597011337463e-06,1.1849920179828608e-05,4.2522212613159565e-06
049,-4.347803280849068e-07,-1.7803010492598558e-06,-6.644537113989047e-07,-1.479565756332266e-06,-3.350589007959378e-06,-2.382023937935044e-06,-4.405739586974376e-06,-3.2823622035599836e-06,-4.353868236877591e-06,-6.289265236982269e-06,-3.6230470621560443e-06,-2.0193857392483138e-06,-3.6753948452540775e-06,-1.9769881541972154e-06,-5.027388827994754e-06,-4.810347891859399e-06,-3.1806875106480837e-06,-3.6409049429555854e-06,-3.679613786529062e-06,-7.861675652294379e-07,-2.886973101619373e-06,-1.5122552572652362e-06,-2.863122757300229e-06,-6.263181408449746e-07,-9.187709129180221e-07,-1.0583141610339414e-06,5.195974438423037e-07,-2.546351335062988e-06,-4.485169501777757e-06,-1.7990112498993e-06,-3.756741901138887e-06,-3.1278073230414304e-06,-1.6192028318843133e-06,-2.4386845499978343e-06,-1.4786394572490705e-06,-1.4083893716174578e-06,-1.843209388001467e-06,-3.182769452124652e-06,2.2115907697403847e-06,-2.387079103964505e-06,-3.064612711377473e-06,3.6092381122307448e-06,1.19309396883877e-06,6.734847696612743e-07,-1.1908440186603747e-06,-3.987214912425639e-06,-3.837711808014558e-07,-6.030648273202871e-06,-1.964430549269901e-06,-2.6799475285547176e-06,-3.067696283931627e-07,-3.84446316170033e-06,-2.3612716387249832e-07,-1.0386144304621502e-06,2.4114439765695244e-06,-8.967611158983084e-07,-1.473964279512525e-06,-1.8914466964738453e-06,-1.4832679852641632e-06,-2.120030225449197e-06,-2.2518679163896327e-06,-3.4987745381374498e-06,-2.0075021723262268e-06,-4.953637565023188e-06
050,-5.265686016936328e-07,-3.05862073722611e-08,-5.027174196747099e-07,-2.0572963657951038e-07,4.745058072122967e-08,2.4241041924047376e-07,8.391068835690852e-07,4.3426680732784336e-08,4.976708514936296e-08,3.8844845866207155e-06,-5.678307706132585e-07,-6.917961425701527e-07,-5.05320827190424e-07,-8.678349391655878e-08,-4.501101261e-07,5.100638074041105e-08,1.3152565741894264e-07,1.6572246026314055e-06,3.071431653883499e-07,5.477749720716441e-07,-5.012804713444374e-07,3.946541629094339e-07,-5.172787815249564e-07,2.6049178427636603e-07,5.6884382309989976e-08,7.786023011659502e-07,7.464800341905864e-08,4.4763428617565105e-07,1.3036424371597948e-07,4.83805480998867e-07,2.2943320742260215e-07,4.945346578612548e-07,1.0654168146091742e-06,4.847757433685091e-07,-2.537732981184707e-08,-1.1028637178118451e-07,-9.396104105766556e-08,1.3121885251986033e-06,1.6717817722451217e-07,-6.94846645881641e-07,-3.673189616587614e-06,-1.934806434149455e-06,-1.541361228158835e-06,-1.9049899000690488e-06,-7.447474520961709e-07,-1.2413711467673342e-06,-1.5880792572644766e-07,-1.0494114647283667e-06,-4.4517960494090465e-07,-5.682623574665047e-07,-5.222104560562169e-07,-2.1706583866523367e-07,-2.0954942361578924e-06,-1.191805186340584e-06,-2.2659774422764058e-07,-8.525989446190344e-07,-1.1993952703229636e-06,-1.2182372704323853e-06,1.979668033090569e-08,7.377614785915687e-07,3.704365499163793e-07,-5.674051897966971e-07,-3.5143985824855006e-07,2.427487634148719e-07
051,-3.285640014709809e-07,-1.758323624047726e-07,-3.8699166406666107e-07,-2.1228353547847184e-07,-5.585005060043031e-07,-3.529198106324484e-07,-3.782369035005663e-07,-2.5268354040403613e-07,-1.258435090018072e-07,-1.226792371365926e-06,-8.124516185759626e-07,-1.9491577057828941e-07,-3.4878126634338013e-07,-2.7603199163371346e-07,-1.976957940856459e-07,-4.493083233158046e-07,-7.987826748829299e-07,-2.5851082047112117e-07,-3.128760586626626e-07,-8.690665204773427e-07,-3.2000447191669206e-07,-8.1148504197197e-07,-1.624633731324112e-07,-3.9682572785410694e-07,-2.0663963401967268e-07,-4.617045156126207e-07,-2.652749418430844e-07,-1.1385513603192272e-06,-3.684392661070834e-07,-5.813146958601906e-07,-3.9414093525551867e-07,-2.24272084376594e-07,-1.0208012498265158e-07,-4.450083182070736e-07,-3.285719582332695e-07,-2.40745048726268e-07,-3.015226716125944e-07,-8.107628643529617e-07,-4.722932281649566e-07,-2.8334005480677763e-07,-1.384638404804066e-07,1.9571703882209578e-07,-3.4775920121878893e-07,-3.0132268268394865e-07,-4.889937577367906e-07,-1.6507734570706017e-07,-3.34675882225246e-07,-2.426382921460357e-07,-5.491136315636428e-07,-1.6703922327100195e-07,-9.058476703976574e-07,-2.2709356227802878e-07,-3.0975766212718393e-07,-5.440462135213183e-07,-6.879494641438116e-07,-4.7568940320242605e-07,-2.3057861951071106e-07,-3.385841405119738e-07,-1.5487383947695804e-07,-8.308539396415114e-07,-4.5106685601526513e-07,-6.501864728062142e-07,-7.401122257021577e-07,-8.109735896876532e-07
052,3.949845387699875e-06,9.761686982057653e-06,2.507243312058347e-07,4.340981081252424e-06,1.2891320653866812e-05,5.2229615509400485e-06,5.2573588588220305e-06,4.507712898438961e-06,3.680874140925241e-06,1.6041769021424598e-06,2.586071935966719e-06,4.6477252527149256e-06,4.7106619172637714e-06,4.1353748117081395e-06,1.4395157988452528e-06,3.3551975952954454e-06,-1.8594213535031842e-06,7.012279231076807e-06,3.380581297911509e-06,1.4993048757866593e-05,1.3758811318625586e-05,-3.7172714606189136e-06,7.5522633077080125e-06,4.893559815455038e-06,5.302266331965759e-06,-5.673101617063955e-06,-9.669503499405913e-07,6.781585602726647e-06,7.97162068656139e-06,9.630190318955758e-06,5.279030329550979e-06,5.046617934997004e-07,3.577810924286345e-06,1.2861305572058155e-05,7.093120965876804e-06,6.266142845894765e-06,7.312145462842743e-06,-1.924179541815839e-06,-2.33091054964568e-06,1.2278922020632901e-05,1.1120411024230679e-06,9.544619805779146e-07,1.6976430021560563e-06,3.161112722384756e-06,5.012480920857611e-06,6.806580896690256e-06,3.834695456297536e-06,3.861282234786313e-06,4.7340919298796886e-06,3.873480212411637e-06,4.255087678084716e-06,2.927228123298296e-06,1.2179069434764494e-06,5.144565580420616e-06,5.516066461830667e-06,3.2854009450857175e-06,5.2552182985827335e-06,8.074911451797755e-06,-1.721069427196313e-06,2.35145605339846e-07,-6.502908739514134e-08,-5.32646188840647e-07,3.1530271138891755e-06,2.0258128012015198e-07
053,-4.332965759461759e-06,-4.6896321293194135e-06,-3.454763863023025e-06,-4.4592192069869205e-06,-3.1112356061284675e-06,-4.384232470270912e-06,-2.531806266283298e-06,-4.051445802861997e-06,-1.8936834254666854e-06,-2.855170605094336e-06,-3.682782958620789e-06,-3.425509646026942e-06,-2.0563401429708546e-06,-1.9047646081519182e-06,-1.2250809394514623e-06,-1.961367141138911e-06,-3.482576598613103e-07,-3.346760671378063e-06,-4.237853053470862e-06,-4.409401652591478e-06,-4.015215698695592e-06,-2.9217360308162077e-06,-4.055693419776947e-06,-3.4667752633474272e-06,-3.4372463504168517e-06,-1.64353837336306e-06,-2.9740814930128488e-06,-4.436755144832209e-06,-4.2975109132839585e-06,-3.8953405318422484e-06,-3.877375042934173e-06,-2.8594051418711416e-06,-3.1148704390723862e-06,-4.044842454104395e-06,-4.152935996334696e-06,-4.680009843526614e-06,-4.9457936909441545e-06,-2.3573976628357084e-06,7.4965920710177e-06,-4.316892401729594e-06,2.0408314570538168e-06,5.31514152047981e-07,1.1076536438137082e-06,9.521651043589949e-07,-2.2896205808865803e-06,-1.933835321057747e-06,-2.2256240819036333e-06,-7.281830404330611e-07,-2.5632085924680976e-06,2.0096419750833676e-08,-9.691997789539868e-06,-1.14023359341534e-06,-5.061583678629546e-07,-1.000977322271153e-08,-3.918041264626732e-07,3.304585538142617e-07,-7.196582689217145e-07,-1.6590573981482888e-06,-6.944894974249189e-07,-2.0104472275532893e-06,-3.0437395624263933e-07,-2.1255277556655733e-06,-9.796066543863153e-07,-1.1591270393315378e-06
054,-2.089047067708999e-06,-2.871992023046575e-06,-2.201013394937748e-06,-1.1515422912842229e-06,-3.192302480781274e-06,5.648356736437047e-07,2.972675652114882e-06,-9.327691122307337e-07,2.9559345633271725e-07,-2.108391950624166e-06,1.8471562581666124e-06,2.3793873287895493e-06,3.452590126227286e-06,1.988950265838936e-07,2.74919514254623e-06,-8.569050579741608e-07,1.2861164056888648e-06,3.1525629022960067e-06,1.8401995116633414e-06,-3.7611458359495013e-06,-2.208191412374393e-06,-1.8490786779696855e-06,-2.0128341314199766e-06,-2.191700093865571e-06,-2.9818471763767293e-06,-2.6617662897339126e-06,1.446106412948945e-06,-2.4549382579697466e-06,3.822918493383166e-07,-2.677904582157957e-06,7.038820704511222e-07,-1.730358249708205e-06,4.501591286118257e-07,-1.3935232530229428e-06,-1.0084412857432584e-06,-2.5176148055969732e-06,-1.1918073066053895e-06,-2.0217857295177058e-06,7.483995171577903e-09,-3.1593165869603e-06,2.067032956029858e-06,3.5021987978054926e-06,2.7001218283342195e-06,3.112747668006725e-06,2.6877577615762097e-06,2.2954621407760543e-06,1.8203556846922186e-06,1.577369121153368e-06,-2.5874512620168157e-08,2.055178236836009e-06,-1.4304808501602252e-07,2.0008444657254924e-06,2.0671336506648586e-06,2.544917919239836e-06,1.204761126243537e-06,2.6799096411642866e-07,4.491526044359819e-06,3.2222101258010548e-06,-2.828443617249451e-08,-1.3977200422644285e-06,3.2485999577152647e-07,-7.92410322591746e-07,-1.8239456405980586e-06,2.081322614815881e-06
055,-8.748428776458167e-07,-6.878037962823651e-07,-7.779289446050524e-07,-5.758150768881993e-07,-6.709068077399902e-07,-1.2395276267235157e-07,6.586380217278237e-09,-3.319114763495737e-07,-7.395449219724445e-09,-5.688607502004146e-07,-2.810695591927621e-07,1.0879496472570549e-07,2.7536319209850436e-07,-2.1576290168772628e-07,1.1861341234735833e-07,-1.31896827792951e-08,-3.3050825460345966e-10,1.7006695124351177e-07,9.679272195788578e-08,-6.516599739461792e-07,-5.006235676947167e-07,-6.267669358780302e-07,-5.702717572822492e-07,-1.2412215199780021e-06,-2.0589484352393913e-06,-8.007645800728255e-07,-1.0787069339236051e-06,-2.1207096486947797e-07,-3.5864998429531125e-07,-5.318561520255492e-07,-1.859559875315603e-07,-7.363346283015403e-07,-4.614449369892157e-07,-3.261802617913347e-07,-1.0772393746138136e-06,-4.0760688392745137e-07,-7.670650937477462e-07,-6.573888045253219e-07,-4.720430709481557e-07,-5.380108137057484e-07,-2.9606285853241983e-07,2.51647732318458e-07,5.337084396363792e-07,5.793862283372652e-07,-3.5725545411143495e-08,4.6905884712678775e-07,2.3378594334080035e-07,3.506413177044861e-07,2.6699967896498064e-08,5.199045272637759e-07,-6.668190825678986e-07,2.7589036431162995e-07,1.5573281052555796e-07,6.391970335533307e-07,2.3313593565860028e-07,5.005531097557321e-07,6.527956413109649e-07,5.881566216558294e-07,-4.2795784577982993e-07,-5.768316136191014e-07,-6.564663348021943e-07,-4.4663723565687454e-07,-7.172071532255352e-07,2.3941076630866314e-08
056,3.988581859486614e-06,-5.030747373683644e-07,1.1442819405881e-06,1.6177206926271313e-07,6.469767241671058e-07,-1.078840253522541e-06,-1.2493344727222755e-07,6.969044162710433e-07,-9.730320766463625e-07,-5.013144795796122e-07,7.217346884785332e-08,-1.1808533645350044e-06,-9.082574244478555e-07,-2.3437096613310945e-06,-4.2003381781279255e-07,-1.5235044559711187e-06,-3.521973678513675e-07,-8.78571675114159e-07,2.7037335387725126e-08,3.4653158959438614e-06,-5.704850636258261e-07,4.646999275133616e-06,-5.018714193304434e-07,4.749796326842034e-06,-6.512042243546714e-07,2.6108516240508e-07,-8.298209025330322e-08,2.7268291900335278e-06,-8.060793976272499e-07,2.2587518725381605e-06,-1.1953803994833788e-06,1.4658468073268417e-06,1.85043726596362e-07,3.1732502976149783e-07,-1.7082980303472177e-06,-1.4830580063205227e-06,-1.1727807413109318e-06,9.121069751091593e-07,-3.021306124219883e-06,1.4343777085334806e-06,1.9719218337749606e-06,-4.8614393515232576e-08,1.8720968494819526e-06,1.3521680346514546e-07,-8.299860224417484e-07,-5.133221384968661e-07,-1.67600233896554e-06,-5.65060184427728e-07,-1.9368397740657318e-06,1.4058411062744e-07,-1.2619008549694325e-06,7.739208234949728e-07,-9.737229649467261e-07,8.718076117046506e-07,-6.942611855258919e-07,2.9531352035036683e-06,-8.079890638383409e-07,-3.7352552991103673e-07,-6.454300081874858e-06,-3.399545428187903e-07,-2.453229465772798e-06,-1.7142038906422915e-06,1.7028638645138528e-07,-1.7328552031205643e-06
057,7.4861424384429866e-06,6.060546540412578e-06,5.446197068785941e-06,3.794292326873614e-06,9.44007177383995e-06,7.385653928749547e-06,5.275207645010607e-06,4.5664047823893e-06,1.0285134904172366e-06,4.730609623993448e-06,2.2294045194373186e-06,4.634013667644113e-06,4.312426393342315e-06,5.516395201108734e-06,3.3755953331603e-06,4.055575525896446e-06,2.7247512781648184e-06,4.653403867942424e-06,5.8638291889503245e-06,1.0492702474077585e-05,9.357647905788975e-06,8.743706256544167e-06,7.261870542947227e-06,5.904877341245478e-06,5.03168657271208e-06,5.679377010446661e-06,2.1869883683335177e-06,7.755840375522217e-06,5.2075006297668e-06,7.4362082257761e-06,6.14495829601168e-06,5.666766747773853e-06,9.261471952675867e-07,8.479505387971142e-06,6.068839781883585e-06,5.348777796878419e-06,4.112160417734085e-06,4.026338462035512e-06,1.5245558788259704e-06,9.205125636653737e-06,-2.697505209726979e-06,1.3913907147886958e-08,-1.7914856800888e-06,-9.190260701306287e-07,6.17013307900664e-07,1.6603613887371032e-06,3.3565252003814802e-06,-1.7102459270026695e-07,2.1992022239483247e-06,4.133745113499544e-07,1.1237012438664697e-06,-7.284266496679862e-07,1.6627422879072781e-06,-4.656311476917935e-08,3.0438362985882654e-06,-5.408941513479569e-07,8.126064044311642e-07,2.34539941592198e-06,-9.87892962376229e-07,3.705405021459728e-06,9.779910607732917e-07,3.1303766717689377e-06,3.888136472470951e-06,-9.318042774111771e-07
058,-1.9930317928302842e-07,-6.419552555776402e-07,3.10569252637573e-07,-9.332798018460863e-07,-1.9177446053039764e-07,3.4655223021307477e-07,6.380539127525661e-07,3.891487080744974e-07,1.4027610090050283e-06,4.415625268404761e-07,5.3288251997453536e-08,-4.026449648994003e-07,7.515578260305736e-07,-4.5704693037761747e-07,4.2739444413984873e-07,-3.7064344281520106e-08,3.9401071622474343e-07,5.388526890759133e-07,3.62321621708087e-07,6.770791761814694e-09,-5.798620122866027e-07,2.2142746245206185e-08,-6.472146099231683e-07,1.0503871662460108e-08,-2.5667585383565484e-07,1.4846820509557279e-06,-3.0162974240979846e-07,8.314069000645217e-07,1.0738202085900718e-06,8.541616019461505e-07,1.123517281438466e-06,1.0976851294318996e-06,7.754313330576832e-07,1.103533650012221e-06,-2.973773776532517e-07,-4.967640274913751e-07,-4.2146951575421716e-07,7.682251417716511e-07,-7.332230398507771e-07,-3.935814583914262e-09,-3.7159567814945913e-06,-3.6470846325619716e-06,-5.070363698736607e-06,-3.065693936660667e-06,-1.513650096267785e-06,2.485793323961055e-08,-2.75030066450252e-06,8.776659862175661e-08,-1.1134473456016292e-06,-3.5448854613531654e-08,-4.5462938879377234e-06,5.531281603176292e-08,-3.340976721921726e-06,-5.690047655267426e-07,-3.159115506648501e-06,-8.301592965438308e-07,-1.4325335439484915e-06,-1.2447974931112877e-06,-3.4875034397807146e-07,4.848479319372104e-07,-1.7569308737101815e-07,4.217166455706922e-07,3.0083092907716805e-07,-3.8285377274986195e-08
059,2.884428581226481e-06,8.3558325975753e-07,2.540972795831281e-06,1.4370868693081987e-06,1.2295605128008107e-06,2.9487832561617213e-06,9.88985275502483e-07,2.2132558253340645e-06,9.368070987395709e-07,4.082649332166776e-06,1.2438731788580414e-06,1.9822090296425873e-07,2.1902351350064e-06,2.7295463463935053e-06,2.2158963573380827e-06,1.3647743262201285e-06,2.6150461716363037e-06,2.8929198167834807e-06,2.5021005807323317e-06,9.712596724205084e-07,8.812504281502159e-07,3.1380406650967454e-06,9.347941325468471e-07,3.152404919819584e-06,9.585223813579955e-07,9.129834337035897e-07,-9.757505033692513e-07,3.1336756629474747e-06,1.6831855204007478e-06,3.177637722289937e-06,5.742091462923581e-07,3.1340063568196117e-06,9.714327934548397e-07,1.4869254785598625e-06,2.895239053971074e-06,1.3000994565040125e-06,1.9744941439274286e-06,1.170100842413594e-06,-1.4228045657741357e-06,7.035223496936863e-07,2.46407521551238e-06,2.2176539904601673e-06,8.754825813154925e-07,3.9925964854009595e-06,-6.2600230037222e-06,2.076322839096763e-06,3.5494873288473123e-06,-3.3625703228196877e-06,5.890892603984474e-06,2.0507105625617045e-06,5.486842426944259e-06,3.3895273443471132e-06,2.6615209985916e-06,1.9384302400042423e-06,3.483147112143139e-06,1.2091374520330204e-06,1.8157278197440744e-06,2.8179249330048114e-06,-4.437519957289972e-07,1.1436716234822866e-06,6.188355332644978e-07,-3.1261108436799024e-07,3.427017453783689e-06,-1.4162699282623745e-06
060,-3.917969125255937e-06,-2.748593340218687e-06,-3.7896376047319052e-06,-1.8837912365027831e-06,-2.5891048774376227e-06,-1.12673364491139e-06,9.407339923877625e-08,-1.7196479065996544e-06,-1.434868244604075e-06,-2.915043447334617e-06,-3.4044536957340096e-07,1.2556800412259628e-07,-4.93018153104221e-07,-1.4286868443912658e-06,1.5587010462029312e-07,-2.3955210966034954e-06,8.079846476998084e-08,5.424947262018264e-07,-1.4345858931447714e-06,-3.1346753679341278e-06,-2.9769875409973006e-06,-4.6167977579921015e-06,-5.385739570613752e-06,-4.558783203797326e-06,-3.006626912628509e-06,-3.500718872609227e-06,-2.7353819800512315e-06,-3.4111495431140196e-06,-2.312806978794387e-06,-3.429600506421808e-06,-8.803586471755856e-07,-4.295789840816975e-06,-2.9792838482838084e-06,-2.732847115603766e-06,-2.0571224760461027e-06,-1.504043911476131e-06,-1.946487702279666e-06,-2.2815381915312106e-06,-2.1730166332134933e-06,-2.8189601174991867e-06,1.215495418306723e-08,-2.99514183984679e-07,5.153136250339395e-06,9.219236530463991e-07,1.632567725645544e-06,1.7411494443355281e-06,1.745552459698129e-06,1.1787061684184116e-06,1.7679341695964755e-08,1.7894050210884538e-06,-5.606886129832328e-07,2.8091311906093464e-06,1.0403096162301903e-06,2.1520922874330056e-06,-9.363118617371243e-07,2.764806243458031e-06,3.1701287578864047e-06,2.1300063612424768e-06,-4.892367615796816e-07,-2.2595968536727515e-06,-4.990810411817295e-08,-7.772494923494342e-07,-5.792896230827446e-07,1.2354739918968112e-06
062,2.6649899717687693e-06,5.697987228643099e-07,2.6360626977133954e-06,-1.0092466679767784e-07,1.8321711345595973e-06,2.304813544687267e-06,2.047862103117185e-06,2.2112879967666215e-06,1.3376345906115159e-06,2.2282053014398593e-06,5.003421121555936e-07,2.594065309104914e-06,1.7221273526141917e-06,1.5554312958922172e-06,1.6904131352536966e-06,3.4547329763428064e-06,9.09807146601811e-07,1.7617740322951735e-06,1.92404071473336e-06,2.0099590466358957e-06,1.4289780023578344e-06,2.3723652329871458e-06,3.234899042009672e-07,2.412360466099282e-07,-1.2354841186719423e-07,2.336931500941312e-06,1.1708704756566413e-07,2.2889014575630363e-06,1.439086538844981e-06,2.5912656803592674e-06,8.209166335528126e-07,1.6183256551432665e-06,4.848352323456632e-07,1.7142369642258637e-06,2.4947470008330262e-06,1.4409013618902712e-06,1.7097847780684957e-06,1.9192206517884223e-06,-1.2734031455708637e-07,1.6521490446799356e-06,5.165601752385491e-07,1.3094061550574224e-06,6.574278287708533e-07,1.367457293479024e-07,2.385113062285572e-06,1.1284312770375965e-06,2.405077177504971e-06,-6.69670841625819e-07,2.4858355279067032e-06,7.141923848329633e-07,2.4458494058358236e-06,7.885002588297899e-07,2.4412715812579206e-06,-4.083601632353287e-07,1.6716300337408358e-06,1.0001099765663323e-06,3.2149565582554057e-06,2.4296919483957565e-06,3.1032645521143123e-07,1.9016634021662158e-06,2.8160909121513433e-07,1.0201687391268737e-06,2.005364826907586e-06,9.465205239295059e-07
063,5.8708914733945425e-08,-5.573181087283013e-07,-1.4995368747562921e-06,-1.1304365089852527e-06,1.9025890359944715e-07,3.415593113821449e-07,-3.610568703488929e-07,4.2231915622456876e-07,-1.079772155852026e-06,5.51524186344973e-07,-9.940970846770325e-07,1.0072964962817385e-07,1.5226557747840968e-07,4.804716735752859e-07,-2.368174687416195e-07,4.0423562778898784e-07,-1.5184533478873002e-07,2.5957433612044437e-07,-3.1050906634697476e-07,5.576728394123236e-07,-6.321694470992566e-07,6.187638950977757e-07,-7.004349389725205e-07,2.1158564812459547e-07,-6.554224660752568e-07,3.335693443725871e-07,-1.4739148073283123e-06,2.391832090348889e-07,-2.88705379688302e-07,2.0683695376085868e-07,-1.341739029852222e-06,2.885956038230939e-07,-1.3667636378164588e-06,-3.898355186046539e-07,-1.3757337653009423e-06,-3.919038420938523e-07,-2.865252611255235e-07,2.3805654504802332e-07,-1.3474429849136784e-06,6.539026965099195e-07,-7.749351683111176e-07,-3.384398319667986e-07,1.4112944054857784e-07,1.8033897448346705e-07,5.268458276945402e-07,5.749253429449165e-07,1.0370837716144428e-07,-1.3176491553616624e-07,6.438895739548885e-07,-3.359980597225955e-07,3.4627383529672727e-07,-8.57008040640762e-07,-7.511155892540719e-08,-2.2315390648954173e-07,-2.1158120044687045e-06,-3.7804630649747963e-06,1.4847618904428988e-07,5.624781511618887e-07,-8.320257969760327e-07,-9.859540754158372e-07,-1.3200632907415493e-06,7.939823320208842e-07,3.182838025875963e-07,-6.234319056968986e-07
064,-8.887481281726681e-07,-6.558025881403078e-07,-1.6031995045560537e-06,-1.344537029604636e-06,-1.3928995597527114e-06,-5.995853399766646e-07,-4.577792021527317e-07,-5.034613039328813e-07,-2.2048934332096043e-07,-7.252410504721144e-07,-1.034298758019317e-06,3.372147446428291e-07,2.2384222645560798e-07,-8.381007354924068e-08,3.1970608416652565e-07,-3.601218254783892e-08,3.2820305903709265e-07,-1.1853483953166185e-07,-1.2159837768504906e-07,-1.0449209625905822e-06,-6.550257392664954e-07,-8.928223104527658e-07,-9.973986091174582e-07,-1.0223166488380713e-06,-7.557344391961125e-07,-1.5182488007566633e-06,-3.959256494000611e-07,-1.105467523670818e-06,-1.0248272933431484e-06,-1.100009840872507e-06,-1.0903080730711645e-06,-1.1658502887261967e-06,-9.77700633781114e-07,-1.264098629959723e-06,-7.647687735909696e-07,-5.553376030358573e-07,-6.799994161521107e-07,-8.346459803062262e-07,-7.5419770503324e-07,-1.0079141271144187e-06,9.122916192413442e-07,6.621602912589965e-07,1.3172814177991554e-06,8.87806666710814e-07,7.985051942195611e-07,9.115580141321249e-07,3.622488597589761e-07,8.431032532186064e-07,-7.543973877542306e-09,1.1613270164302552e-06,2.456372909960509e-07,9.91772060698545e-07,4.908333739772175e-07,1.2081171516505537e-06,5.087484429694608e-07,1.4846937121062404e-06,8.878141258007601e-07,9.610694994778335e-07,4.287821237989372e-07,-6.390371613293052e-07,-1.1435058856431074e-07,-4.6967961752207594e-08,-4.716301042150079e-07,6.996395940393845e-07
065,6.574355425828043e-06,6.698768205520893e-06,6.403741845914595e-06,5.743779863383822e-06,7.111447091579168e-06,2.374427730637356e-06,3.307177586381944e-06,2.6031344414080687e-06,1.9622603741851316e-06,4.351180769371411e-06,-3.7846607013320775e-07,2.0719355703898974e-06,3.6249334564899256e-06,4.940894947507419e-07,2.060243722618433e-06,1.9298634299236167e-06,-9.467868902485541e-07,3.627832270806147e-06,2.9681004057462205e-06,5.188281650418157e-06,4.624707567008008e-06,5.349158196192163e-06,5.068783040233815e-06,4.501099966183188e-06,3.186241817026809e-06,3.256599164073205e-06,5.156048145906981e-06,3.977190472073869e-06,3.4490069628629758e-06,3.938623457803013e-06,3.223395668937813e-06,4.019540827020761e-06,2.475996887681737e-06,3.698437474987106e-06,4.558963755472204e-06,6.638812731722016e-06,7.0826360275269935e-06,6.188463216014692e-06,-7.048371308936979e-06,5.932560400810276e-06,4.796168809476962e-06,5.3013896605280945e-06,5.392130868134552e-06,4.196821814492478e-06,3.967996446145595e-06,3.525699919565178e-06,3.1232799973375384e-06,-2.6288330047711015e-06,5.831653787204311e-07,2.6487720241274167e-07,6.369886180001891e-06,3.06636331124534e-06,2.2687833695761276e-06,3.250758429812755e-06,-8.468683150122444e-07,5.95151529966678e-06,4.449038220462207e-06,4.88190189849601e-06,-1.042712288155732e-06,6.276103078665176e-06,-4.9061274317046565e-06,3.984490788313712e-06,5.139478681660936e-06,-8.012663788512652e-07
066,5.512180970836769e-06,4.139295283054579e-06,5.495801293996903e-06,4.133552949103937e-06,3.143705157954812e-06,1.48506030973679e-06,-9.58638607583796e-08,1.8114103555239357e-06,1.4750328554341944e-07,3.2745426854776223e-06,-2.2539124935978938e-08,4.991881889086807e-07,-4.6708590286577074e-08,1.9818899181484426e-06,-4.7211942872031704e-07,2.5837565255395527e-06,-8.176282239872144e-08,-6.611855256041209e-07,1.2980083753472942e-06,3.4818135284601636e-06,3.176343752062305e-06,4.521363279390072e-06,4.284156557385602e-06,5.560057920513172e-06,4.135992568966755e-06,6.066960279089352e-06,4.2266955121611145e-06,3.1376408008634845e-06,1.2922691786743904e-06,4.0521585399524026e-06,1.3767398385509583e-06,4.457906414200762e-06,1.5640381259444956e-06,1.3893948826128614e-06,5.4006581656165125e-06,4.764887218537876e-06,4.689813470125979e-06,4.867871689518206e-06,2.771459161456712e-06,3.12301036564325e-06,1.8160907434212198e-06,1.6553743501041624e-06,1.7660102794922515e-06,2.33214567330745e-06,5.773493904251062e-07,9.195895541280101e-07,1.6335122443105926e-06,5.329504829163363e-07,2.727525639978477e-06,1.1633246840871922e-06,3.1004722585719363e-06,1.0075042413687536e-06,2.490754799450825e-06,8.432795471523271e-07,2.9589952521747676e-06,1.578838206482585e-06,1.2145551448620942e-06,8.886814200714745e-07,6.241843513788903e-07,3.855372880747127e-06,-2.6363239971571866e-06,2.8336171222434452e-06,3.0809406515999693e-06,9.472307433792102e-07
067,3.137105649372776e-07,6.706873561933015e-07,-3.468055076069776e-06,8.148255733903778e-07,6.857170881367363e-07,2.916362964059642e-09,6.296032102987238e-07,1.2398367164236073e-07,6.573050000253729e-07,-5.325444472551908e-07,7.245868723419838e-07,5.441260853737778e-07,8.407003753327921e-07,3.6937085726737793e-07,1.5773807354560938e-06,5.435801714851132e-07,6.932652148805477e-07,6.719220538885003e-07,2.9585836139005914e-07,4.1311907826766916e-07,7.61949544759856e-07,1.2291199288204583e-07,8.64399923058373e-07,9.178020298153405e-08,4.065543978221896e-07,1.126634387476096e-06,4.4129720070787377e-07,-1.585032748629646e-07,1.6271011967652176e-07,-6.26824692995895e-08,5.796147657562736e-07,4.4838015761931384e-07,6.583804258000721e-07,-2.147318974711831e-08,3.7328109595981064e-07,9.134562758520798e-07,5.191696157667203e-07,1.2060219524801264e-06,1.0822108469281316e-06,5.522739716186878e-07,1.512219116771103e-06,5.62636895616473e-07,8.625473899745527e-07,1.0785743451834203e-06,5.779183628261636e-07,7.804151153745536e-07,6.136670864452192e-07,7.926505982463631e-07,1.5633195746315012e-06,9.239201342112559e-07,1.470048141210815e-06,1.411570431890936e-06,7.128513484857466e-07,5.735222281192749e-07,-6.206443185728549e-07,7.105932115403384e-07,1.098856775705062e-06,6.461659581376216e-07,1.1067530052969831e-06,1.0091625886688016e-06,1.1941329618115645e-06,2.623034390814446e-07,2.9877227823811132e-06,7.850141655048683e-07
068,2.1029657064073626e-06,2.420715758102048e-06,1.985877061361422e-06,2.315491939393419e-06,2.8204480461919073e-06,2.8917450132029494e-06,2.8088202075602194e-06,2.293445882538405e-06,9.209750262326926e-07,1.2697408835481536e-07,8.648021179042464e-08,4.914587870589717e-06,5.11873837782514e-06,3.750547276913778e-06,2.4236604941553673e-06,2.4824170109542582e-06,1.0787170071347883e-06,2.4780690220910307e-06,3.38362344341107e-06,2.9078871401566237e-06,2.1832770821774958e-06,2.291710367439667e-06,1.389186196832791e-06,2.3342773709394935e-06,1.2370793356898163e-06,9.401309133159155e-07,1.0608943611384086e-06,2.980619443710674e-06,-1.0738742233151454e-07,1.0006612772878523e-06,-9.396633885454984e-07,1.7941599066594198e-07,2.557192003820065e-07,1.0367439531746119e-06,2.117432101017469e-06,1.9927632187631818e-06,1.9911186686360568e-06,8.336202695664835e-07,2.158294869047524e-07,2.0063208655985456e-06,5.454039436263117e-06,2.1323756926893946e-06,3.7829638984380166e-06,2.8964866376891213e-06,3.754858926097903e-06,3.596150288364689e-06,2.75264638832111e-06,2.3053699231973983e-06,2.057642108729932e-06,2.988735228670548e-06,-2.5204433220127985e-06,3.25245126943422e-06,4.512206427311261e-06,1.253500204680185e-06,1.4031008624384021e-06,1.9980770911177892e-06,4.152525251539459e-06,3.2034101559763226e-06,3.2517418999871807e-07,4.435754904135448e-07,-6.663979955557115e-07,9.245714801988879e-07,3.362052253709258e-06,3.2511793201258797e-07
069,-5.3171180206421315e-06,-5.292654379382288e-06,-5.841583104412797e-06,-6.726548128500146e-06,-4.613199831745129e-06,-6.2480422055672044e-06,-5.70352214036061e-06,-6.065679721029213e-06,-5.441388466842847e-06,-6.369382320939345e-06,-4.81913166845271e-06,-7.0239020537793825e-06,-5.57362841252192e-06,-6.124413908748365e-06,-4.786531401919546e-06,-6.034529831653245e-06,-4.565412228202801e-06,-6.752012149473357e-06,-6.641264603076541e-06,-5.278821700093805e-06,-4.271505686918349e-06,-5.2507132668206886e-06,-4.8300167466733276e-06,-5.71521764113424e-06,-5.379557246173668e-06,-6.073159764368822e-06,-5.25633371327077e-06,-6.127677555871747e-06,-5.181296655195638e-06,-5.618876097581082e-06,-5.059651650751615e-06,-5.446546078966592e-06,-4.865470296188105e-06,-6.230834010976393e-06,-5.690152957446625e-06,-6.13028828721032e-06,-5.6986695649487916e-06,-6.52516335945688e-06,-5.753369890435442e-06,-4.2809925448512235e-06,-7.611073149828577e-06,-7.084126101708522e-06,-6.422273550073213e-06,-6.8604568340685424e-06,-6.4801261281419686e-06,-6.418709663502433e-06,-6.292178940126996e-06,-4.962826282914186e-06,-6.6506886280460984e-06,-6.196408537496588e-06,-7.632299712211938e-06,-5.739077016379677e-06,-5.844843053724111e-06,-5.921091397247627e-06,-6.931681816499611e-06,-6.706644800969383e-06,-6.717328685792562e-06,-6.217320966863629e-06,-5.411496087527301e-06,-6.296616695871125e-06,-5.05852173538444e-06,-6.4687881645550425e-06,-6.860562231071056e-06,-6.885941338056877e-06
070,-1.6142346740764019e-06,-1.3879303324373874e-07,-3.2043381203886576e-07,-7.869176015688623e-07,-1.2896953362903283e-06,2.295313805355586e-06,1.1980371732710087e-06,2.4446126819967503e-06,1.783891901238954e-06,3.298628467559344e-06,1.0321015689602823e-06,1.9976467987301444e-06,1.968611986728181e-06,2.1634855799352692e-06,2.9962183008586844e-06,3.6076462759616024e-06,2.6563595526313236e-06,1.6420535399176774e-06,1.302833467284282e-06,-3.094175375777214e-07,1.2467462840813808e-07,-4.295924531410906e-08,5.997171252018171e-07,6.318596786078038e-07,3.591625512814747e-07,6.55418577942201e-07,-2.0301098853007814e-08,-3.7487813960754487e-07,1.5316721426900786e-06,1.5468118999634987e-06,1.276343007072073e-06,1.171414783280153e-06,1.2190798846452517e-06,6.810873888342441e-07,-7.677851200242431e-07,-1.5951070741030896e-06,-8.369666737131701e-07,2.151480044969359e-06,1.3686756274765261e-07,8.315377505253281e-08,8.729599585877522e-06,5.6850644750680565e-06,5.705336930325132e-06,6.206530227131545e-06,3.926979682205178e-06,3.880743277105971e-06,2.1212438754809607e-06,4.5923488084534405e-06,4.356734815213765e-06,5.026734820111685e-06,4.969356761271414e-06,3.537141694458733e-06,4.641040918862441e-06,5.695518885509095e-06,5.231566799566159e-06,5.027132130275748e-06,4.168268740412485e-06,3.3059203959131345e-06,1.8079866137077421e-06,2.760614100530074e-06,1.0847465381220824e-06,3.4485957374953038e-06,3.955070482972905e-06,2.1246795186253854e-06
071,1.4017005104618725e-05,9.425011093485174e-06,1.3326393758760988e-05,7.85580935394e-06,1.2061107107957859e-05,1.4583451044036707e-05,1.2035363286872553e-05,1.3678180360378881e-05,1.0892338737754021e-05,1.355716455264698e-05,9.834655257781505e-06,1.0542041677346705e-05,1.2736825020798692e-05,1.3066224063605153e-05,1.0684585137678321e-05,1.2466933496608435e-05,9.23469615544126e-06,1.1915879280724874e-05,1.4491328312162229e-05,1.3934726687644786e-05,1.2416023859377225e-05,1.523131262488915e-05,1.1015473092312103e-05,1.5112879590973662e-05,1.0840614232917317e-05,1.6271284675970602e-05,9.759162226499618e-06,1.502225223397357e-05,1.2632626197091114e-05,1.4612757851978614e-05,1.0061920690770135e-05,1.5998967563027483e-05,1.1739100183543016e-05,1.471557821161965e-05,1.0313121384807394e-05,7.215299251101511e-06,9.751726919397147e-06,1.7013129550436294e-05,1.0748835526900614e-05,1.4572143980727067e-05,6.4431492441159915e-06,8.542209398051367e-06,7.242337175319431e-06,7.082951108431633e-06,1.0968169553953052e-05,8.984105345136196e-06,1.1092959371763658e-05,9.525141020260017e-06,1.0582462243462782e-05,8.37069304022883e-06,1.0871747014943345e-05,6.4414524858297336e-06,9.94871356412324e-06,9.009673806006587e-06,1.0813537161981978e-05,7.681076668525317e-06,9.911961947513888e-06,1.1621976334330022e-05,6.644119784255015e-06,1.8045347500459107e-05,8.525132765992033e-06,1.6507450046003322e-05,1.4534211499336687e-05,6.739784364694169e-06
073,9.734039601086212e-07,2.995528192229507e-07,8.886155075696395e-07,-3.7301199401926535e-07,4.833115877225624e-07,1.5014267946406465e-06,4.302124263807091e-07,1.6497277906770947e-06,1.1336847177438578e-07,2.2250844050574586e-06,-8.489128808413766e-07,1.1229398815895385e-06,4.6309487918963624e-07,7.883555136910837e-07,4.5647226865351835e-07,1.9683047714593984e-06,7.308196638076148e-07,8.357901577205503e-07,1.1641889801161713e-06,3.8283939330945716e-07,2.931699860273238e-07,1.4830368747208273e-06,2.81739643617479e-07,1.6150315780399111e-06,2.9590925776371006e-07,6.223898575281341e-07,-6.368253722209705e-07,1.118198227378271e-06,3.87590098492284e-07,2.3089407140185984e-06,-1.2877685436685507e-07,2.2441814955721817e-06,-4.966950335923356e-07,1.1730758033460407e-06,2.3354836373672016e-07,-2.3126562079602732e-07,1.6859387140710245e-08,1.995949977829082e-06,-1.0477661886403714e-06,3.832632250788508e-07,4.435957843492347e-07,-1.480444836260905e-07,7.457969282194276e-07,7.26313550512982e-07,1.2496248084252167e-06,5.05663485496058e-07,1.2354040191645666e-06,3.377659163523297e-07,1.5961607413680045e-06,3.0122910082457214e-07,1.6205698472242759e-06,3.6889395715083685e-07,1.2767162915820517e-06,5.933936705288495e-07,1.16259963080986e-06,9.465790674038895e-07,9.333472712710956e-07,8.80950386905626e-07,-1.4246991739669101e-08,2.0869581148001073e-06,-1.5177391172154058e-07,1.5229849321410835e-06,1.9175326388369324e-06,-4.6865784514215056e-08
075,-5.396946908865029e-06,-5.333585592317572e-06,-5.297578008411218e-06,-2.1061685254675583e-06,-1.1479787748498037e-05,-4.737597858284781e-06,-4.802909656005007e-06,-4.481193710284038e-06,-5.071285997528799e-06,-2.6973919368890354e-06,-4.1716199856244577e-07,-5.349737912490428e-06,-5.692461038326915e-06,-6.711858529228928e-06,-6.481928898021903e-06,-9.190242295333994e-06,-4.127821410618226e-06,-6.570977607805765e-06,-5.065319629023727e-06,-3.618652319402333e-06,-7.288659683512304e-06,-3.3928536994816814e-06,-3.499182240957796e-06,-5.439951052160487e-06,-4.433616584608799e-06,-1.9278873619842773e-06,-2.5006225575047226e-06,-5.9048669179933775e-06,-4.9536297916604295e-06,-4.09912412751234e-06,-1.3452206123545598e-05,-4.301269451981713e-06,-6.76465569764497e-06,-6.353623781183497e-06,-5.297761215734278e-06,-4.213978065368713e-06,-5.509517907860825e-06,-6.234170804393879e-06,1.2205897170480017e-06,-3.072657870176625e-06,2.9908172091053958e-06,-4.24777598070291e-07,-1.5529047329806784e-05,-6.636884421848004e-06,-3.39209735629873e-06,-5.830205553980089e-06,-2.5994112274546236e-06,-5.547102233537211e-06,-7.158776622119161e-06,-4.294731091140375e-06,-3.866415430789619e-06,-1.989989372864185e-06,-4.417836626173934e-06,-3.4068236049912384e-06,-1.7773560828180922e-06,-4.266032802213229e-06,-1.7953442471091526e-06,-4.3567445117015605e-06,-9.750633056425825e-07,-5.08900434554285e-06,1.2624863935139435e-06,-5.836433403822102e-06,-5.124541760250192e-06,2.018608149478955e-06
076,-2.228559550466618e-07,-2.5071730769749358e-08,3.1043230306483105e-07,-1.2022027517194922e-08,-6.655611467126652e-07,-5.079917471780718e-08,-2.699104218434279e-07,-1.8384316413696255e-07,-2.3225115096911734e-07,-1.8289667667606537e-07,-2.5821954995162696e-07,-6.872740834722017e-08,4.789606194229189e-07,-6.916123069032654e-08,2.1243441642351841e-07,6.797201267581364e-07,1.4147091812266507e-08,-1.1664459541415653e-07,-9.902270374914264e-08,-6.751010169153613e-07,-5.065298080570585e-07,-6.433854034003555e-07,-5.359658739292369e-07,-6.882354969063918e-07,-4.4211638268013087e-07,1.2585316574834262e-08,-3.558594201138504e-07,-8.412773719176063e-07,-3.044248035721644e-07,-8.210865031939114e-07,-3.085165125476455e-07,-8.595276299051029e-07,-5.348287407261317e-07,-1.29074205458767e-07,4.781641745125155e-07,2.164623753735789e-07,5.051754060059976e-07,9.184766417397284e-08,-2.5666587125855473e-07,-5.793777084101886e-07,1.2056700199577964e-06,7.185603091057037e-07,8.119843583861806e-07,8.970660631570443e-07,6.407286590971744e-07,5.73124682982179e-07,6.656602640983718e-07,6.06387890175765e-07,6.533909104781626e-07,3.634682261787609e-07,8.258347919508537e-07,5.390186410316415e-08,6.195247795473374e-07,6.184549951036677e-07,8.980581940054534e-07,7.03927925095904e-07,6.818628132488773e-07,2.583491714927777e-07,3.832149197735688e-09,4.2147342003531634e-07,-4.725242518466211e-08,5.960548001278276e-07,3.9979411942976347e-07,2.7322269357187576e-07
077,9.538249824604064e-06,6.849167907094574e-06,7.95475307528539e-06,5.494561652674353e-06,9.487205074360719e-06,4.029968834721628e-06,5.354371379615631e-06,4.058921584674523e-06,2.7793371527806297e-06,5.884148545547278e-06,-6.794663379544542e-06,4.404702980701152e-06,3.555687469916847e-06,5.75709396973862e-06,1.5573404221660748e-06,3.116284160258112e-06,-1.1023714839736168e-05,1.8459697828193132e-06,5.181666696189111e-06,8.878772008431512e-06,7.024829751172655e-06,7.529960659809584e-06,5.567861811648682e-06,7.577736744349115e-06,7.356301090938813e-06,6.490307601083752e-06,-1.4168321777075863e-05,5.997087414685336e-06,6.092048373499039e-06,7.93963182945716e-06,6.5171924795756414e-06,-1.0234998208227775e-06,1.6822055089349556e-06,3.0598763896454915e-06,8.245632167438089e-06,9.775485398280578e-06,1.083307380907338e-05,2.5762002776612956e-06,3.247608444340646e-06,6.935628264746951e-06,1.7418585717444197e-06,5.093337180735529e-06,5.084158925579734e-06,-6.800532972329109e-07,6.527295660949134e-06,5.081800711912526e-06,6.318916332915809e-06,2.5667251190824054e-06,2.1000296693875715e-07,1.4265722153886987e-06,4.3692049772413936e-06,-1.0189808323280411e-07,8.148115348189922e-06,2.8369429530691325e-06,7.3642841718450155e-06,-1.6016184180117466e-06,1.6532532280637207e-06,5.848646356582219e-06,-4.77969420007168e-07,6.445800472132343e-06,-2.9416078387471345e-06,7.15950314215988e-06,6.260636538143886e-06,-3.073904281060829e-06
078,3.5157977906741994e-06,3.3463646448281453e-06,-5.3370957588928746e-06,4.156190367567749e-06,5.438342584979004e-06,6.950746774114166e-06,5.722871042560623e-06,5.900992879424029e-06,4.627919128479599e-06,2.3103229637753e-06,4.187408349798216e-06,7.068839392571677e-06,5.933879005623754e-06,6.2082987152741854e-06,4.167439010995833e-06,9.159817564153774e-07,3.838283340790541e-06,7.040774724812115e-06,6.431480918956889e-06,5.167179766453958e-06,4.655870787382879e-06,5.4572373280736875e-06,4.960433180932014e-06,2.5997012141837844e-06,4.28111274076171e-06,7.308393212003949e-07,3.4496238583386505e-06,4.93507960620623e-06,5.463747320357765e-06,5.7756305670530444e-06,3.687822012170972e-06,3.6144004978528216e-06,8.501283397522865e-07,6.1615880688307665e-06,3.2761283655433316e-06,3.406442372157261e-06,3.670076821782264e-06,1.645039407817204e-06,3.1521908132944673e-06,5.432646431084031e-06,2.6131023537809025e-06,5.32956786677188e-06,4.56720126966686e-06,6.1212989143268635e-06,4.979185820891366e-06,6.243742764594281e-06,5.7982232509226655e-06,4.004825504063926e-06,4.7071127140512645e-06,3.7214007271684146e-06,3.3973719777346166e-06,3.326263271719897e-06,5.291060642285762e-06,3.99922846735443e-06,4.565165381691545e-06,2.9728187308756048e-06,7.4105421429790416e-06,6.993010118569544e-06,1.1149251010478078e-06,2.450717752865561e-06,3.6609148502052215e-06,1.3242311595832792e-06,3.3064959734778453e-06,3.350557287349855e-06
080,2.07997377270312e-06,2.6628047390511444e-06,1.1270265478274822e-06,-4.7655115060643224e-08,2.251324376886131e-06,4.187761210132702e-07,5.182344140691261e-07,1.9967645111605684e-06,-1.0318880291644545e-07,2.476690526470898e-06,1.0258753359600426e-06,8.33802842963902e-07,-7.204383754057719e-07,4.703057582498237e-07,-3.942672897465129e-07,-2.1632809219636696e-06,-3.8223067405104174e-07,-2.435954375565087e-06,6.367138428612364e-07,1.4381785307631556e-06,1.0434129390770974e-06,1.117714965295039e-06,-2.877890788187953e-06,-3.6813624161525846e-06,7.573775663917895e-07,-5.95633588352635e-06,-7.4970177206451124e-06,-1.4348040885486101e-06,-9.455809967413838e-07,9.949720091994235e-07,-1.3864471946767013e-07,-1.2622767536655848e-06,1.9087115373731657e-07,-3.3955234094071e-06,1.4706771472759241e-06,1.145997266728385e-06,1.7189137685232344e-06,-5.853526844489921e-07,8.705138310615476e-07,1.4859834632768043e-06,1.1338841493201815e-07,-2.125281378371762e-06,-1.0108940268194147e-06,-4.6766645981499146e-07,-2.28718717746476e-06,-2.8828107394771405e-07,-6.470126683516706e-07,-5.205230711573736e-07,1.1266190723474188e-07,-1.3633152329578815e-06,-5.076617076018993e-07,-1.8777929755193073e-06,1.0330649959125443e-06,-1.2287655218648435e-06,-1.8040878955597872e-06,-1.0705299924248494e-06,-2.237228336384523e-06,-1.8542988683238392e-06,-1.5905060935312593e-06,8.942584636263848e-07,-1.6543393680219988e-06,-4.122871222921565e-07,1.398869100656782e-07,-6.494402619064853e-07
081,-7.460124314549567e-06,-7.446303367604534e-06,-8.733971481419736e-06,-8.170397759719645e-06,-7.409001937441786e-06,-1.909220441617416e-06,-2.54339572803518e-06,-2.0600301782173725e-06,-2.59661855279365e-06,-1.541555060090488e-06,-1.9199441334947138e-06,-8.674709022031303e-07,-7.664762533573055e-07,-1.0426976222667892e-06,-7.142987264849063e-07,-1.6703247522461924e-06,-7.804530874628606e-07,-8.066201513512489e-07,-2.532979631514588e-06,-5.3059454373407375e-06,-6.1720638064213565e-06,-5.200854474936423e-06,-6.1238064888944045e-06,-5.600726891548376e-06,-6.032268703429361e-06,-6.6932525918813255e-06,-6.865696347527673e-06,-3.192771385741057e-06,-2.566122402464702e-06,-5.421739562831729e-06,-3.7335832274871803e-06,-4.2905168019263424e-06,-3.9267544891395646e-06,-2.49878700316102e-06,-8.63774204003999e-06,-8.858509898323086e-06,-8.435597980960536e-06,-4.096820443972228e-06,-3.693429171137829e-06,-4.584002800850346e-06,1.898015583806835e-07,-7.471851387210823e-07,-1.2409128099032295e-07,-3.4702747023947e-07,-4.2675973373800766e-07,-5.154913884465449e-07,-6.366977152227466e-07,-4.1599427957898595e-07,-1.589498992606735e-06,-1.3283498072220906e-06,-1.0444304989380418e-06,-4.537444578904028e-07,-5.431685064038196e-07,-5.059443011074567e-07,-1.022355305898048e-06,-5.396944350160332e-07,-4.6012954680769025e-07,-5.070773189973498e-07,-7.071309019943769e-07,-2.5760141844849075e-06,-1.9053792245942762e-06,-1.7135502388640582e-06,-1.6813208316146234e-06,-9.9157251861519e-07
082,4.151108859203667e-06,3.641478356051651e-06,2.9523901424234893e-06,3.2453776424520897e-06,3.0522554837620857e-06,5.876325798314909e-06,6.766709194108182e-06,5.702536648640044e-06,6.794760880427825e-06,2.4896802164147517e-06,5.696006713802544e-06,5.489426179408112e-06,3.9297409105883264e-06,5.366024301844063e-06,6.709236187222759e-06,3.2885627482349514e-06,3.5498741729642593e-06,5.455114271547458e-06,6.2993607330595565e-06,5.1339308719951095e-06,5.6109717712956945e-06,4.749719221386485e-06,5.833881964366118e-06,1.0952064696548515e-06,4.650257947497345e-06,1.7616925115852206e-06,2.8000817342231747e-06,5.3909584153408056e-06,6.815240925433913e-06,4.248979155156547e-06,5.747728484928353e-06,3.791334999143457e-06,4.949718863612894e-06,3.1634968591425527e-06,3.85862444967737e-06,3.405760350087248e-06,3.2319170217190723e-06,4.385950722036518e-07,2.985679402275533e-06,5.957518033012624e-06,2.7078782861454836e-07,1.5107124574790867e-06,3.1743030378309407e-06,2.6683258880710485e-06,4.997846945930175e-06,6.10923182202221e-06,3.968399517739419e-06,6.097283542867389e-06,2.5386535805599876e-06,2.0672713596951265e-06,9.668501667749823e-07,5.530723635974785e-06,2.6839546391638402e-06,4.791591792650006e-06,2.1677272564380158e-06,3.6386275733006054e-06,4.936213869282846e-06,5.579339005998087e-06,7.434663182447934e-07,1.4923217024237452e-06,2.1814544872061597e-06,-2.316670215387806e-05,1.1569049782490022e-06,3.161610593279224e-06
083,7.2976834253674445e-06,5.947877994761976e-06,5.439138865815391e-06,3.2582323588780672e-06,7.179732774650803e-06,1.0356218940412087e-05,9.25364363001933e-06,1.0324790685957726e-05,7.077636074400435e-06,1.053745465163685e-05,4.537109996664284e-06,1.0904246061901756e-05,8.825689719797666e-06,1.2417170493633114e-05,6.996075993461846e-06,7.512800265590469e-06,4.447830727425277e-06,1.1186624792034384e-05,9.799629293186024e-06,8.465171884460872e-06,7.503799948885629e-06,6.8824576429585915e-06,7.06288657506159e-06,6.616559171856651e-06,7.27987520984821e-06,4.212485266908332e-06,2.078950404993818e-06,9.465049468337597e-06,1.0002626389914276e-05,8.978760160192355e-06,7.609412070601064e-06,6.776668790518984e-06,4.470858673664626e-06,8.194479815052092e-06,4.923430878552776e-06,5.034846730450048e-06,5.376130413309599e-06,5.092811006532907e-06,1.7533600974625647e-06,8.430145280126224e-06,2.9981445059904213e-06,6.398916716339359e-06,4.277705461494055e-06,5.138418529849856e-06,1.0009938687851388e-05,8.594401479876672e-06,1.077348347194785e-05,6.90448332613116e-06,6.090771872087734e-06,4.908430828881284e-06,5.683842569269049e-06,3.0807471037352024e-06,8.201121237559949e-06,5.037853189461984e-06,6.513688033840553e-06,3.094557697296621e-06,7.379824647314378e-06,9.837479163024438e-06,3.7368000136669536e-06,4.9941662490063335e-06,1.442467728387584e-06,2.4639540934042163e-06,6.235056381984986e-06,3.651401831894145e-06
084,-3.492913746286391e-06,-9.375589657397907e-06,-4.849909297285604e-06,-6.932503480714039e-06,-6.702451763854955e-08,-3.1763501069581334e-06,-4.569486168124509e-06,-2.1347554498088715e-06,-2.5739155574789e-06,-1.8406690053336426e-06,-3.951968913733885e-06,-2.2136702843677058e-06,-9.325544156724583e-07,-4.270726148320259e-06,-4.085310652216742e-06,-5.8642295534613395e-06,-9.219426513904376e-06,-3.193438176295804e-06,-1.601327357485858e-06,-2.9822429608784227e-06,-6.192617220843848e-06,-1.810767919197707e-06,-1.1676349795086949e-05,-3.7847593729569636e-06,-5.687306235789361e-06,-3.9968633083004105e-06,-7.332501534077837e-06,-3.0866561149380452e-06,-3.218551281869051e-06,-3.4221051889810823e-06,-7.42548928042501e-06,-3.7858523182740665e-06,-4.425566634724753e-06,-2.955270000218733e-06,-3.2919954988977977e-06,-9.892864072812963e-06,-9.083861889819529e-06,-2.023792063664126e-06,-4.272007014594368e-06,-5.935283256636495e-06,-6.8837800544455486e-06,-8.593647322257282e-06,-9.406985696730616e-06,-6.671326356473633e-06,-5.262608017367899e-06,-9.20577026659882e-06,8.267576516831268e-07,-7.447888988933056e-06,-6.668884836940395e-06,-9.848154361606508e-06,-7.911829226774571e-06,-8.458540425895262e-06,-3.800052602434222e-06,-1.6671718218867456e-05,-1.8205013809650857e-05,-9.334915558099447e-06,-2.934538970493097e-06,-1.286907660518232e-05,-3.9969583493592966e-06,-3.4033712265569092e-06,-9.75092583978385e-06,-6.583905057840775e-06,-8.52328324822321e-06,-1.1942687337712176e-05
085,2.992770486593767e-07,-6.710302066097148e-07,4.759575652353504e-08,2.270321348445379e-09,-7.080071493232432e-08,-7.901088682115223e-08,-3.9953119147325915e-06,5.147941834256687e-07,1.6654388180511173e-06,3.4925813713593096e-07,-4.529300030346877e-06,-2.0257643780329728e-06,-2.711459739154985e-06,7.560229709134031e-07,-5.868471532771675e-07,1.2999545844777755e-06,6.095737244552485e-07,3.1520771376398623e-07,-6.353766292674474e-07,-5.500883689872208e-07,-1.0251954646733726e-06,2.0249917028521164e-08,-8.536754097484612e-07,2.1958618377640635e-06,-1.0766037201391192e-06,-8.658138328529738e-06,-2.436373356519334e-07,2.7117236499116075e-07,6.718220173138864e-06,2.6942982073376842e-08,-2.216718416654811e-06,5.531405015470881e-07,-9.70425377635009e-07,-9.863298983729086e-06,-1.4912488947077879e-06,-1.590950396456488e-06,-3.5970829177333534e-07,-1.0473474011329648e-07,-5.090551713714448e-08,2.3398170133969135e-07,1.430040119735911e-06,0.00012213059959896114,1.4025961327058748e-06,9.867099990224038e-07,4.513009681053595e-07,5.300598789898076e-07,1.7715786716778952e-06,1.6165486499154703e-06,1.6714331842863218e-06,-3.50293031217525e-06,-4.272786019845821e-07,1.5593654790109853e-06,1.1060807254038782e-06,1.3230873361507874e-06,2.703632255866725e-07,1.1063379249881214e-06,1.438917908575137e-06,1.4915558339529246e-06,-2.597269705232018e-07,1.284921459220725e-06,7.711102054830745e-07,4.1550446914315926e-07,1.2103227006386324e-06,1.6564137424069977e-06
086,-2.7056357993316053e-06,-3.3820842185996717e-06,-7.751431784907776e-06,-4.157835710144243e-06,-5.021403844494577e-06,-5.477117141767003e-06,-5.257955142573244e-06,-5.60968028688293e-06,-4.236372869142601e-06,4.189679229004938e-06,-3.826119695609199e-06,-5.031050330587739e-06,-4.207250575011802e-06,-4.7626432117409515e-06,-3.904385444315375e-06,-4.200011195545851e-06,-4.073141284423627e-06,-5.268363598918563e-06,-5.467907228690044e-06,-5.142100533270534e-06,-5.021744097624936e-06,-3.903314408929441e-06,-4.679770374465287e-06,-8.148392161166192e-06,-3.7637210282404202e-06,-3.627373142110278e-06,-3.044450992619686e-06,-5.855107684199447e-06,-5.570457062775341e-06,-4.4804986193944665e-06,-5.528340791460848e-06,-7.164724889821518e-06,-4.122703173869414e-06,-5.172035985972428e-06,-3.4025118943641183e-07,-4.385765081832528e-06,-4.274157283867091e-06,-4.251113694676998e-06,-3.8025580511684247e-06,-4.65004328523566e-06,-1.4038363731547996e-06,-4.106179297271085e-06,-9.076268346872373e-07,-2.1021901600151156e-06,-3.752777684401695e-05,-3.7282418690514957e-06,-3.7529974272611953e-06,-3.197920358953287e-06,-2.6177678760272347e-06,-2.81309597545162e-06,-2.8157632259609823e-06,-5.41348880434872e-06,-4.259990004731063e-06,-2.1728800485518996e-06,-3.932218468734388e-06,-3.635121979845542e-06,-2.6969488516422685e-06,-4.109355286169098e-06,-7.858339061608525e-06,-2.691120508242253e-06,-8.640268524207217e-06,-2.751022145858696e-05,-8.11234952120415e-06,-3.1640573858778546e-06
087,4.369242976344726e-06,3.308139895512361e-06,4.010788671686071e-06,1.3296011119345266e-06,3.7134244378395476e-06,3.883964940371685e-06,4.740105362795824e-06,4.870920313737925e-06,4.1398644560765055e-06,2.4373220263709886e-06,1.8920223106972035e-06,4.928264652446753e-06,5.295280815551856e-06,5.4047501989963575e-06,1.4920745386836575e-06,6.283520262788993e-06,6.294794979310738e-07,4.868293284678608e-06,3.005646031222583e-06,5.344677409652413e-06,5.714671476621647e-06,5.0628587594411155e-06,4.271524794542772e-06,5.184074968503121e-06,3.1902932266238224e-06,5.4024751690816815e-06,2.8195520026207687e-06,2.949395771103234e-06,4.528714834098707e-06,4.977796478998842e-06,4.609210582048186e-06,5.576579291192656e-06,3.195007795387235e-06,3.5099799184154515e-06,3.7804893824126324e-06,-4.828624364090687e-07,3.0212091092056074e-06,5.3508874424268714e-06,2.857798486047944e-06,5.57159837914931e-06,1.1094876397851423e-05,7.665783701016907e-06,7.634507990128163e-06,8.60649653131116e-06,6.136302158776129e-06,5.833909056945652e-06,4.914299418354718e-06,5.386182136027721e-06,6.48265396780863e-06,5.40785325257517e-06,7.5779474047840505e-06,5.168892970124647e-06,6.111496652314259e-06,4.891127814424294e-06,7.362668101547458e-06,7.1350000878412785e-06,4.99111478548218e-06,5.715239763663155e-06,9.886219615283977e-07,5.94797898339618e-06,2.90744890082053e-06,5.030607688027666e-06,5.99750569417845e-06,3.99315539204729e-06
090,3.1603828930450814e-07,-4.478708991442251e-08,1.0904967892159674e-06,-5.606137055882716e-07,-7.993047248990824e-07,1.1067460291410042e-06,4.1363012726894494e-07,-1.809901467184404e-07,9.893377926950088e-07,1.3481506639668404e-06,-2.2226564921962017e-06,4.624034807362904e-07,1.5677156235033464e-06,4.677627200422429e-09,2.894034971110292e-07,1.2363461410099595e-06,2.595093793282177e-07,5.456301042903039e-08,6.488706453098696e-07,-6.279558142873932e-07,9.329178787193816e-08,3.778116024660022e-07,1.664381493242475e-07,9.002776074849067e-07,8.116001461796969e-08,-1.6511578508983107e-07,-1.3013618173288117e-06,2.1546911792184224e-07,6.099839768196788e-07,9.918755042134005e-07,-8.504592402509362e-06,-3.739394802768743e-07,-1.1846606717413396e-06,6.889553362421255e-07,8.818102400313917e-07,-8.524964017060111e-07,-2.8015506380008067e-07,5.882900717871474e-07,-2.2839326161876262e-07,-1.6093093731500002e-07,2.4345625499897647e-06,3.0012869488120954e-06,2.9175830772910377e-06,2.8699483043093713e-06,1.2304678649404186e-06,1.629312460148333e-06,1.4790510392102557e-06,1.4396370510371614e-06,1.1236159784951613e-06,1.9363214261984674e-06,1.06484085888164e-06,-1.9046896725465048e-06,2.89084062885487e-06,2.057454693372857e-06,1.9154199971612746e-06,2.3111011152117143e-06,1.9308252281957343e-06,1.5044572901406867e-06,-1.0390067127030004e-06,5.161103984194753e-07,-3.365404505971709e-06,-5.843708250424562e-07,6.736006549694193e-07,-9.594022251537521e-06
091,7.156982353171414e-06,3.2917020746071374e-06,2.383637480125775e-06,-3.9874851041858096e-07,9.030375257873222e-06,7.87880130275538e-06,5.628343135696723e-06,6.238935762028056e-06,5.7807680993445546e-06,5.492534576010761e-06,5.436414856490905e-06,3.194018363079629e-06,2.370119528405543e-06,3.116216476648333e-06,2.930541744807125e-06,2.3858444311923286e-06,2.0215551369901385e-06,2.1422296542701508e-06,7.742668797575702e-06,1.1533379917702639e-05,1.7679875795217026e-05,1.1509309665988035e-05,9.31431275935234e-06,1.002616483168004e-05,8.14483616465275e-06,1.2397382254004835e-05,5.212212400217432e-06,9.971164189402105e-06,9.384227184864937e-06,1.0157819796574237e-05,6.645064488075533e-06,1.0996070347452037e-05,9.909365528990391e-06,3.0207554350758948e-06,4.877512282841636e-06,-2.70583409412334e-07,1.3734029902782877e-05,4.074680746245298e-06,7.10812412595933e-06,1.1042430225784482e-05,-2.6267035262019687e-06,-5.136028802640381e-06,-3.441683252049226e-06,-3.1202428290457267e-06,-1.50132166845999e-07,2.2528303513364435e-06,2.5558508916192184e-07,-3.556097116810954e-07,3.282174437117464e-07,-1.5537149803870222e-06,-7.505424883014336e-07,-1.2769979680954338e-06,-2.4001658491156077e-06,-2.0883477194112124e-06,-3.2521174688463405e-06,-3.571015552626057e-06,-2.1622742776184346e-06,-4.0026036039082804e-07,-1.2695902689010262e-07,4.229569785499696e-06,2.759521626337479e-06,-1.7031954010140826e-06,6.163814056846872e-07,-4.9096880235917356e-06
094,3.6589356648047076e-06,1.0444754331740545e-06,2.138399054800035e-06,3.5000376198255185e-06,2.2837004592119652e-06,1.534250211120061e-06,2.569931276314294e-06,1.458258807242574e-06,2.6029264766571146e-06,1.830453544986012e-06,2.727908678458005e-06,1.401261696455364e-06,4.119300616351979e-06,2.5193711900357828e-06,3.7743987706677138e-06,1.6792850645068929e-06,4.515405238407786e-06,3.7282937487820233e-06,2.660510324961909e-06,1.6657497275333483e-06,1.3675013519781683e-07,7.417783270017954e-07,1.599191148979901e-06,5.07717324755185e-07,4.2398839039238084e-06,2.370118679944474e-06,2.752000670663471e-06,1.3010819457349234e-06,1.5365829458965574e-06,-4.994141092969143e-07,2.166002740610693e-06,4.386210158334765e-06,4.641168337742946e-06,-1.9655807401344105e-08,-3.7738103501959923e-07,3.3317710792277886e-06,1.5003247065821546e-06,2.807764393666579e-06,1.3109303045868215e-06,7.384007429631607e-07,5.377663480672755e-06,3.0150705109652365e-06,5.836671252411203e-06,5.69248956888e-06,2.681330716142799e-06,4.31072366857614e-06,3.35482347119183e-06,4.52537945188233e-06,1.8179966578201365e-06,5.168659729804413e-06,2.208369698769255e-06,4.3777432307632105e-06,4.011869401221995e-06,5.989587155203767e-06,2.754374030329871e-06,6.671783604681586e-06,4.803149975725281e-06,3.1212285702374157e-06,-3.068790640079222e-07,3.356051057788932e-06,2.96443845400293e-06,3.1559526889776475e-07,1.745504081051535e-06,1.911126076723525e-06
095,-3.1961128223592774e-06,8.967146338026051e-07,6.945524802216008e-07,-4.498409862836701e-08,-2.3811185870143086e-06,-9.293698759657061e-07,-5.338742960570223e-05,-8.685636058632185e-07,6.870335617161886e-07,-1.0228379098070731e-05,1.406624711511182e-06,4.523874175677109e-07,2.7293718407513496e-06,6.25540895554269e-07,1.4965672354218898e-06,2.231957521066385e-06,1.4299652627729333e-06,1.3202443756558921e-06,-6.542817855179763e-07,-4.548622151885565e-06,-2.859243464558096e-06,-5.020371508390879e-06,-5.54215804755675e-06,-4.337684415228314e-07,-9.606241750953025e-07,9.579635100665492e-07,8.469835104759586e-07,-4.04066461465741e-06,-2.2924365291001457e-06,-8.712933870718571e-07,-8.386588497624593e-06,-1.446191410644481e-06,-4.813036887212043e-06,-4.4810986925339315e-06,-1.7109336175122404e-07,-1.0804303421147482e-06,-1.7983949855842424e-06,-1.2985450785350182e-06,1.4734636968268028e-06,-3.291941131623186e-06,8.61252654077949e-06,4.821711367819036e-06,5.516256729382134e-06,2.7225762496714482e-06,2.810276105774561e-06,1.6081849110296262e-06,2.7827314790913817e-06,7.331094497417304e-07,1.5364582909538992e-06,2.76400459179783e-06,4.063803974249884e-06,4.099636644073512e-06,4.1649113301479885e-06,2.839535176371616e-06,6.12372634323833e-06,5.467050860499354e-06,5.4958692290481134e-06,1.1318629138016662e-06,2.70353601305737e-06,3.914563680989979e-06,1.6191772027341728e-06,1.9331328088867145e-06,1.8538316151281626e-06,3.3590502817373817e-06
096,1.869749481253486e-06,3.0071910772772143e-06,4.385862957015817e-06,1.7041032873591005e-06,3.6563479336222784e-06,4.106914792532308e-06,7.141870184620314e-06,1.80774908288393e-06,-2.354887022391587e-06,-6.779728094205367e-07,4.518588417265251e-06,4.137329020235821e-06,7.223028485755906e-06,1.7707442160918338e-06,5.796091853546458e-06,1.7088583550594817e-06,5.8326106678722336e-06,6.089725254799263e-06,7.195692240343528e-06,2.85646870768965e-06,4.521961806065922e-06,6.878734197080243e-07,4.519696456359594e-06,-6.224712059380799e-07,2.332123721260446e-06,1.9722948936229764e-06,1.4429757680766448e-06,2.7356754091319736e-06,5.120395872120994e-06,-3.18819748288176e-07,4.548917740125996e-06,-4.456916377593708e-07,3.449625723731604e-06,5.921687437975749e-06,2.943894259451987e-06,3.4952860249801733e-06,1.8419233959734106e-06,-6.416002043117905e-07,2.3540990008764824e-06,5.525659571670324e-06,5.680731183398429e-07,2.3456247962040886e-06,5.482035975010382e-06,2.996822162948244e-06,4.278933789298488e-06,6.276142422191082e-06,1.9048858596227166e-06,6.690044851343612e-06,1.7981354066960014e-06,5.584419266873292e-06,1.7052440043774054e-06,5.616767495452205e-06,1.1307599556973152e-06,5.685246141609627e-06,-3.296361795126609e-07,4.041740111092537e-06,4.426094517442136e-06,6.390165421446926e-06,-9.17960512620697e-06,7.582125609502342e-07,2.1305589129755795e-06,-1.321822574516139e-06,1.8643491133915834e-06,4.586650265240168e-06
097,1.9571136587275645e-06,1.855973850417447e-06,3.215890848267137e-07,1.148776149450997e-06,1.343829416490589e-07,1.869010994440557e-06,2.409160670817382e-06,-1.4843512877597864e-06,2.0327696132323314e-06,1.9878264583155277e-06,2.4565475907397365e-06,4.724737860046622e-07,3.2912705108607224e-06,-3.3377345440706565e-07,2.679095016337921e-06,8.982414853778722e-07,2.649508747645355e-06,9.19760244471234e-07,2.0235656009433475e-06,2.1170725195544487e-06,1.7497423851889727e-06,-8.193026870413575e-08,2.6163054217080407e-06,9.62745552647913e-07,1.2568297807503505e-06,5.467551844222307e-07,4.779697463925977e-07,1.8292766439908884e-06,3.332066525094589e-06,3.719801556808545e-07,2.574704126930492e-06,2.9444587422536525e-07,2.5738029139707782e-06,3.1864554034869135e-06,5.11764792291353e-07,6.858261524580053e-07,1.7645054859871671e-07,1.9840890548563847e-06,2.341033801352576e-06,4.845953246649683e-06,7.181957851818656e-07,5.309137989034649e-07,2.2158522385139334e-06,1.7028654693740843e-06,-5.983795510692243e-07,1.8583712274795174e-06,9.384013303490709e-07,7.133415219174833e-07,4.4245578886203107e-07,2.194305829992777e-06,5.7718363359360575e-06,1.922871067277533e-06,3.7207532875338734e-07,7.097919781052581e-07,9.328122997280443e-07,1.2276566301691967e-06,8.430725017717937e-07,5.47521397193001e-07,-1.2365354811685924e-06,-1.6889583119927086e-07,-1.08991499265868e-05,3.8442102171165823e-07,-1.4446180420275715e-06,1.2835878812056472e-06
098,-4.6360331046760834e-07,4.576788919455161e-07,-1.4572363889636404e-07,-2.476194013708932e-07,5.8642302441576527e-08,8.29032437249935e-07,8.724299388653589e-07,5.347595592063625e-07,1.0113475976434248e-06,-1.3121253491987487e-08,1.0013890081431486e-06,8.524271261043238e-07,1.5307017422971891e-06,6.743871197075745e-07,1.821915788873831e-06,2.165854125965099e-07,1.4050304983274655e-06,1.5336121707516315e-06,7.228849253545202e-07,8.568896167658365e-08,6.994907937302606e-07,6.888909802455502e-08,7.924331581005748e-07,9.302186476643009e-08,7.765605468564272e-07,1.3518632302458662e-07,5.918084343701318e-07,-5.040699822786535e-08,6.426473559480264e-07,6.514831514742113e-08,7.410974332120509e-07,-3.290836561380193e-08,6.712342744677553e-07,4.225563100987333e-07,-2.0702748538661813e-07,2.5838598745978984e-07,-1.7395410937356553e-07,-1.0021937360540056e-09,6.720539749119421e-07,4.9850841207223513e-08,3.471068611184768e-07,6.366793224399033e-07,1.817178873757203e-06,1.0240418693412431e-06,1.5228660427782902e-06,1.7508256318411615e-06,1.1262706069277387e-06,1.7347948528913936e-06,7.40415585905718e-07,1.9515322956032495e-06,7.573585593603047e-07,1.3096557828784077e-06,1.14080677397518e-06,2.2740860318830892e-06,1.1171596056480266e-06,2.2452142991360856e-06,1.5529344837495782e-06,1.7523479657856525e-06,6.513805056938422e-07,-4.1182112769779723e-07,8.28576106586372e-07,-3.678197716840927e-07,-5.365764441615048e-07,8.952904709997265e-07
099,2.1655784386686868e-06,1.262115569667565e-06,2.940575479615414e-07,7.891088343788912e-07,1.7737209933320038e-06,1.3157365902651858e-06,5.70170333923413e-07,9.535008011570455e-07,2.3308470705045595e-07,1.686759165152695e-06,5.374624651432719e-07,3.251131508540012e-07,5.593061152533285e-07,1.7232362759744354e-06,8.929423529598364e-07,2.320173715038958e-06,1.2511346045415674e-06,9.049359136265943e-07,1.0011131429095366e-06,1.9688396688942762e-06,1.5054490548443058e-06,1.4051353969435434e-06,8.701772110227804e-07,1.4217458239477957e-06,1.3825557301182496e-06,1.2464171043388918e-06,8.537332823162064e-07,1.3303677185624068e-06,9.97992900280385e-07,1.2304614081755917e-06,8.352679570581511e-07,8.321163445025009e-07,7.212317958351787e-07,1.5129351795072357e-06,2.147615847352706e-06,1.1440168188958364e-06,1.273271658165277e-06,1.7120264429631833e-06,-5.828558955952311e-07,1.87765437138939e-06,2.3841247644243455e-06,2.758901303175262e-06,4.676059994510223e-06,2.6013016944580945e-06,1.007336810808673e-06,1.6537170657099247e-06,9.802685552139405e-07,1.6669849135102494e-06,2.1704737632734413e-06,2.2547796959153874e-06,2.324515490228906e-06,4.257836311586278e-06,2.1731298823881645e-06,2.689776868593009e-06,3.2028663913716294e-06,3.746798004970771e-06,2.7429654463249693e-06,1.123827808760102e-06,1.122566401164092e-06,1.931939175271663e-06,1.0441077830266606e-06,1.5382657673894054e-06,2.600414487074867e-06,1.889583888431694e-06
101,-1.8733493656508518e-06,-2.7575018937130593e-06,-2.2675796698225532e-06,-1.2364442537423728e-06,2.2517987968135773e-06,-9.674179403891108e-08,4.4067210862554676e-07,-1.072962585976175e-06,-5.357456771212135e-07,-7.541662118572883e-06,-5.345192231738962e-07,1.043429839917127e-07,-1.7462957109087599e-06,6.924838607650091e-07,-7.926621397975448e-07,6.059038602400949e-07,1.0536647266131768e-06,-4.048709515169337e-06,3.860903987623576e-07,-1.8893288835520574e-06,-7.525795680021686e-07,-2.259827260917641e-06,-4.6889544063542846e-06,-9.796512250445972e-07,-2.4517056756336417e-06,-1.922035324082451e-06,-1.9597201006171407e-06,-9.363641292546585e-07,-9.378908064531247e-08,-2.1063681579135893e-06,-1.305018849637913e-07,-4.252967943272354e-06,-9.81599150156299e-07,-8.662838351718368e-07,-1.505720135149992e-06,-4.173656847142303e-07,-7.971472438782136e-07,3.0756102454711107e-07,-2.466589563893204e-06,-8.386791431441618e-07,1.1784360478278439e-06,1.8666586909237793e-06,5.250114894815816e-07,9.448302677911824e-07,1.2327478539876463e-06,1.1295719267617532e-06,-4.228276623842518e-07,-1.6940677869062849e-06,-5.367734919674507e-07,-6.586170598221107e-07,-9.928549907911523e-07,-3.8460448763133565e-07,-9.135328449220025e-07,-1.7417250458992075e-06,-7.455305363821368e-08,-1.8760989785010794e-07,2.3712053950724226e-06,-1.872896894072307e-06,1.282760648263282e-07,-1.6971092131159542e-06,6.30612314279233e-07,1.6067084970766328e-06,-5.528198874367598e-07,-2.7665997080508887e-08
102,3.087149879951152e-07,5.860423158720696e-07,-6.398279816624863e-07,1.1405245954377238e-07,5.178038403412853e-07,4.0600550457181205e-07,5.775068009331281e-07,5.644706311989044e-07,3.389663061966428e-07,4.6573463034093186e-07,5.362829322843645e-07,4.2338286964616687e-07,5.034926626963945e-07,5.796252056138958e-07,1.7969117512923183e-07,-6.762082025701093e-08,8.453679051263277e-08,5.008437458425132e-07,5.589778141048507e-07,6.721247166770496e-07,6.754857608450557e-07,6.199817757327597e-07,6.973489637804867e-07,1.1279791906121515e-06,5.243718595815256e-07,1.1350093655101007e-06,-8.199697512688497e-08,3.460667576692144e-07,7.322864129625192e-07,4.81887640402756e-07,4.6192179253096693e-07,1.1768621274839875e-06,2.1547746326519162e-07,6.768268932585284e-07,6.836152065762595e-07,2.729142476079617e-07,1.347971120489867e-07,1.2157890905948843e-06,3.6388302541352235e-07,6.693334183073535e-07,2.700655156187772e-07,6.230500895558327e-07,3.456473719211068e-07,5.484305678933575e-07,4.247381117799631e-07,4.529128478545589e-07,5.4353768235671284e-08,4.4495382556906847e-07,6.736213659500746e-10,3.855570937659407e-07,2.2039041508567958e-08,2.1760760310498657e-07,3.186734478387975e-07,2.974835354197447e-07,2.0066475950041214e-07,3.1291582823062974e-07,8.590913526210161e-07,5.245662323425717e-07,-6.745398361430458e-07,7.119180841032479e-07,3.768867143773633e-08,2.2813614064556458e-07,1.8499421585556951e-09,2.2376961685330124e-07
103,1.7370537119293112e-05,1.540461456035972e-05,1.5991297006639402e-05,1.2256431526408603e-05,1.767208390609712e-05,2.1543764625508177e-05,2.2714235723434732e-05,1.9530649929200374e-05,1.4027239700440731e-05,1.6306044347317864e-05,1.0144998898811614e-05,1.991898552095986e-05,1.8584632623604767e-05,1.7021394334308644e-05,1.4397623815428639e-05,1.672079985953617e-05,9.19167381331321e-06,1.9612039731327608e-05,2.1619351195577225e-05,2.1974665378230375e-05,1.989070686555277e-05,2.1905944682409417e-05,1.577486568179202e-05,1.8193782913068774e-05,1.5149035205631572e-05,1.7464224278568276e-05,1.3320075511621737e-05,2.4900596303152698e-05,2.117431072371215e-05,2.1726920702596108e-05,1.6522736669344522e-05,1.622782212303901e-05,1.4208644710864847e-05,2.466695527194374e-05,1.5423920564583e-05,1.368012075300798e-05,1.5037802264181247e-05,1.940062744928437e-05,4.898106834650234e-06,2.2091152019006018e-05,1.5720231206757724e-05,1.71245837800717e-05,1.9171532263456624e-05,1.889497408301286e-05,1.9294066820579904e-05,2.046861198479761e-05,1.667448358026073e-05,1.602646546881584e-05,1.7199871938999433e-05,1.2351360680174782e-05,2.075733904228395e-05,7.3874964803888634e-06,1.4348383232796838e-05,1.5585872404079957e-05,1.751810701463929e-05,1.408691824028078e-05,1.9871342040153785e-05,2.117360962931489e-05,4.809294414081585e-06,1.903861569799903e-05,7.471458113003801e-06,1.8765294205342885e-05,1.8651772096514712e-05,1.7111754543075203e-05
104,-2.894388878076147e-06,-1.2399161637498648e-06,-1.8455735346821862e-06,-1.2555690824360985e-06,-9.757420306491352e-07,4.169976069564568e-07,1.2575403846978457e-06,1.216924240886495e-07,5.346448046357417e-07,-3.21587557887238e-07,-9.39829590017438e-07,1.0389871907935981e-06,6.62885332366678e-07,1.015867668085739e-06,8.339559972301638e-07,-2.9929637390631428e-06,6.860435970653852e-07,1.2249176477329462e-06,7.964061759951747e-07,-1.0976467654913973e-06,-1.3311391447716762e-06,-1.9789511032195452e-06,-7.460785784226101e-07,-2.733503158097272e-06,-1.5512503070713055e-06,-1.6501766959705722e-06,-5.826033750363051e-06,-2.4312037387320775e-07,-4.601713593476546e-07,-6.871504489227668e-07,6.560340305134376e-08,2.2479646484324267e-07,-8.667542127814941e-07,1.7183740859749784e-09,-1.1065354497428594e-06,-1.7915796471343355e-06,-1.6918399197173875e-06,-7.789673631097625e-07,-1.3463114057249758e-06,-1.198698763050847e-06,8.894481847158792e-07,2.8348517142900433e-06,3.434336100194903e-07,1.962072674880867e-06,1.6122427295065366e-06,1.266554050401309e-06,1.7738929128803298e-06,7.831968033353072e-07,1.5340861821177631e-06,-6.018451046932017e-07,1.2188370894206407e-07,1.4866259698358322e-06,1.7098069933031814e-06,1.8276120021113306e-06,1.3773206563104241e-06,9.454993453999418e-08,1.9140286356322707e-06,1.3330219626804826e-06,-3.191488741116269e-06,-2.1641837694801753e-07,3.4295482745191365e-07,-8.098370376124228e-07,-1.350713680667929e-06,3.100130732663099e-07
105,2.0879308891142136e-06,3.641919141323844e-06,3.1281240066745633e-06,2.366752964179993e-06,3.8919123029613704e-06,7.5653921349851324e-06,7.151344095434014e-06,7.438186331266723e-06,5.43091013437053e-06,5.661392433464068e-06,3.3104419782921752e-06,7.386301285539863e-06,7.440604315561198e-06,6.921144658733427e-06,4.915697217308925e-06,5.94223277743481e-06,2.247304610853834e-06,6.264215889112786e-06,7.72351449358709e-06,5.219938318356638e-06,5.263050927306639e-06,4.6709249791652745e-06,4.664192827954355e-06,2.8772290840510386e-06,3.3849665310575496e-06,2.581385099420765e-06,2.2937660280078134e-06,2.643795476706376e-07,5.038479651288022e-06,6.198023569887853e-06,5.453405244914367e-06,1.6452572637106161e-07,3.4947243783692474e-06,5.886851544146919e-06,3.873858233472738e-06,-2.581791543892989e-07,2.9826045651775936e-06,2.7816668160163866e-06,2.2816338783827943e-06,5.257458483822454e-06,5.300001341608831e-06,5.981482325507871e-06,4.3040177592919514e-06,5.205584524972881e-06,5.457386049051078e-06,4.716844633646974e-06,5.565541704917547e-06,4.236114963197768e-06,3.7234151267400805e-06,7.480049139335425e-07,4.502343199480116e-06,1.1043770500213619e-06,5.1885646169191774e-06,3.503211048535184e-06,3.748481510134976e-06,1.6266050067523685e-06,4.939405782188894e-06,5.713545428802004e-06,-2.519871171822922e-06,3.835455269970965e-06,1.0307879599914516e-06,1.632765093080656e-06,4.18686485303533e-06,7.859110821722625e-07
106,-3.518818860715343e-06,-2.405488210341798e-06,-7.888272584368824e-07,-1.3305578011164574e-06,-2.7542759974293785e-06,-2.7701795419786915e-06,-3.406008825884642e-06,-2.0765136914602817e-06,-3.5222801053439922e-06,-3.319538189677586e-06,-2.2800576004464634e-06,-1.362721627762685e-06,-2.750097824769889e-06,-2.639296052933218e-06,-2.8834302945331892e-06,-5.630762508163579e-06,-7.477688505108818e-07,-1.9752924662875448e-06,-7.801710209550472e-07,-3.25355027751125e-06,-3.494254026446331e-06,-4.6295938372220295e-06,-3.4764901118264034e-06,-1.6661250591316511e-06,-2.8608950851212717e-06,1.0327841397580718e-07,-2.663656792486633e-07,-2.9106420741160347e-06,-3.5382189908693158e-06,-2.1564501734036074e-06,-3.1442803567637963e-06,-1.4864893381357141e-06,1.431321915660872e-08,-4.073980497023923e-06,-5.804250040153121e-07,-2.099531906690737e-06,-1.3909797465126217e-06,1.6114925548904017e-07,-3.243228315809127e-06,-4.350019899975728e-06,-1.259054787899227e-06,-3.996040520159345e-06,-3.160165321335802e-06,1.19493278588542e-05,-3.0242899730526956e-06,-8.710207395432077e-08,-2.0253172669139914e-06,-2.566264335049457e-06,5.641697845100995e-07,-8.006163608267448e-07,-2.6590857527063464e-06,-1.2525928131917985e-06,-4.1525428929234995e-06,-2.819249294515838e-06,-2.70591138364251e-06,-1.805929303083559e-06,-9.941512597944022e-07,-2.3172665201375204e-06,-8.302469650570965e-07,-2.2660870274409605e-06,-1.6417919959222617e-06,1.8555282963191822e-07,-3.05903670340088e-06,1.369965307100053e-06
107,4.2011226441277595e-06,3.882637899144949e-06,2.485603683379987e-06,2.045258272500661e-06,4.018805521749308e-06,4.562831720030104e-06,5.378643998680259e-06,3.5478497995092867e-06,4.3941201599167336e-06,2.0613249669432205e-06,1.8320266679833596e-06,4.346392381608496e-06,5.255919626434824e-06,3.165988245495698e-06,3.934650742962642e-06,7.164161825779481e-07,3.3005478559757286e-06,5.184115535170589e-06,5.971485842932551e-06,4.923520377617407e-06,5.826086017481349e-06,5.713102172991019e-06,1.3863641837410752e-06,3.682051478242796e-06,2.84585444345518e-06,1.5179057233849271e-06,2.72435112568618e-06,5.5917611984434595e-06,5.6416105400898685e-06,5.588700602577165e-06,6.114476081616622e-06,3.915070558286685e-06,2.9890284907913523e-06,5.250500855363694e-06,2.310799021600808e-06,1.299350168344946e-06,1.7554292799979206e-06,8.470320906329647e-07,1.37186892844492e-06,4.9105426212771375e-06,3.2833410207005984e-06,5.84086016077934e-06,6.676632805329547e-06,5.6570098381291045e-06,5.056126066093791e-06,5.005041399827043e-06,4.262251330505132e-06,3.374070446798685e-06,2.67584298457052e-06,4.2540476945066424e-06,2.6265942095177045e-06,3.147715444113958e-06,4.375726263487185e-06,4.854647688594976e-06,4.807827453600796e-06,5.403055720434289e-06,5.953265869797169e-06,4.525729431328267e-06,-3.824553075581321e-06,-9.632039858520134e-07,-5.552146598289232e-07,-2.04587974693938e-06,4.536897379464875e-07,2.0514294077466994e-06
108,1.1790867159340017e-05,1.2372603648103935e-05,1.3039959078404405e-05,8.425104887070837e-06,1.1244530635762457e-05,6.344721046921861e-06,7.216374731708655e-06,5.953991043422246e-06,7.55137703937221e-06,6.7195725118840135e-06,3.2617714542752665e-06,6.034710117347606e-06,6.334789867274252e-06,5.626380472926142e-06,5.941753802810374e-06,4.015852936018577e-06,5.063879442342839e-06,6.152368059659131e-06,6.784778721338694e-06,8.874712673049201e-06,5.416119711061133e-06,9.05678128027763e-06,9.78871282799277e-06,1.034535554548054e-05,1.1062507636318252e-05,1.1057560744403533e-05,6.257177328033139e-06,7.064683817821865e-06,4.8250818956646615e-06,4.327444362381876e-06,7.34724783932327e-06,7.521892874901413e-06,7.399078535243585e-06,6.640881669431259e-06,1.3681254838226103e-05,1.3601386575319608e-05,7.883067856473592e-06,6.741888170075338e-06,4.713038217999069e-06,8.977366068062602e-06,1.8745920178327318e-06,1.4371522979330075e-06,-3.128737559537174e-07,4.7424634042755636e-07,5.462786791724203e-06,5.136183455725984e-06,4.31259108879872e-06,4.170418976468112e-06,3.981512930302406e-06,3.2401987236082044e-06,4.141506540977859e-06,1.6241234991849423e-06,3.2116224064830337e-06,2.6603539122464786e-06,3.038577563011853e-06,1.2347990848910906e-06,3.289009817368804e-06,4.820586981112936e-06,1.4264692666054023e-06,4.562168196707427e-06,4.3134568066989e-06,3.016748851297606e-06,5.616495165966807e-06,1.4084568230936566e-06
109,2.60280427055329e-06,4.18724239449447e-06,2.3200767584508826e-06,-1.5314069535243208e-06,3.921599637988725e-06,-1.359982258855075e-06,1.8994997720771607e-06,2.6312951223022146e-06,2.400961017692848e-05,1.3705633640859242e-06,6.237878398499043e-06,3.4656755976940647e-06,-3.137144786814972e-06,1.2977693038005374e-06,3.498586265152707e-06,-3.934402562143525e-07,4.457798650814586e-06,2.7781317226439634e-06,1.0455076427718668e-06,4.278996416797139e-06,4.116998668973489e-06,3.6700363139559134e-06,3.1076662288435303e-06,3.916653434604911e-06,-3.993694225313781e-05,9.550586139089228e-07,4.531507394487727e-06,1.4161101113812692e-06,2.4527163660919066e-06,1.4030581214315122e-06,7.505012695458288e-06,-1.702212314581022e-05,1.8147389649913848e-06,1.921144772879654e-06,3.578054492218406e-06,4.953990032187949e-06,4.444145067257092e-06,3.9525034391437925e-06,3.0431947272492576e-06,3.5697409675100116e-06,2.5232110827790603e-06,2.4821509487173404e-06,1.1200393884787443e-06,2.4015202998042614e-06,1.368387542543844e-06,-3.649432444963067e-06,2.784361090717132e-06,1.6553035520022466e-06,1.9468901363348073e-06,3.3163605017753857e-06,5.076234076629453e-06,2.931969030539257e-06,2.106643404274577e-06,3.210379150260328e-06,2.3495344721739037e-06,3.0783410719197345e-06,2.020178479832963e-06,1.1653375074864371e-06,8.499756787460841e-06,4.798042917527468e-06,3.979938234022944e-06,-1.2313035046351934e-06,4.089148901045326e-06,4.840119657287029e-06
