subject,Af3,Af4,Af7,Af8,Afz,C1,C2,C3,C4,C5,C6,Cp1,Cp2,Cp3,Cp4,Cp5,Cp6,Cpz,Cz,F1,F2,F3,F4,F5,F6,F7,F8,Fc1,Fc2,Fc3,Fc4,Fc5,Fc6,Fcz,Fp1,Fp2,Fpz,Ft7,Ft8,Fz,Iz,O1,O2,Oz,P1,P2,P3,P4,P5,P6,P7,P8,Po3,Po4,Po7,Po8,Poz,Pz,T10,T7,T8,T9,Tp7,Tp8
001,-1.3203918130005783e-07,-4.6172537568209387e-07,-3.9176927832356685e-07,-5.5228332472388564e-08,-1.2764084374240033e-06,-4.380443255306634e-08,-1.1697028658714607e-06,3.019394485701568e-07,-5.692357550088873e-07,4.5844838836707995e-07,-1.1105032545576722e-06,7.81900137017635e-07,1.4284257079394027e-07,1.6023515500664018e-06,-1.3967305717475222e-07,1.6759833356227106e-06,-2.0261749034909224e-07,1.0172551263120089e-06,3.1541004812836753e-07,-9.332309436566769e-07,-1.8932459068445573e-06,-4.3698188308835516e-07,-1.6113517490048754e-07,-1.483255073938422e-06,-3.6786813510389916e-07,5.427566518659432e-07,-4.048480109778685e-06,-5.622500169519436e-07,-2.07572324109355e-06,-4.5939766383395925e-07,-1.0001782398046274e-06,1.4138703398446617e-07,-1.0734954414653386e-06,-1.7081393466637554e-06,-7.322907216183531e-07,-1.169272561590699e-08,-4.4060955835887606e-07,1.1524960925171782e-06,-1.4415908669510583e-06,-1.4963977834990188e-06,-3.6592768795336256e-06,5.572426852725555e-07,-1.8477460193653658e-06,1.784123365817501e-06,1.559232506924624e-06,1.3504923811697075e-06,1.3746165496045216e-06,9.44328553388983e-07,1.6363248756993532e-06,6.618719693700347e-07,1.5734105126289745e-06,7.258151875791015e-07,1.4395666416371392e-06,1.2623393332960681e-06,8.26094415519439e-07,1.2266991687287406e-06,1.6694462910939198e-06,1.3922191247845244e-06,-7.505590536089608e-07,1.5617131654497428e-06,-1.1446401966715605e-06,2.873295656532236e-06,1.0270005458123214e-06,-2.97710870491352e-07
002,2.0257025609047897e-07,4.3918183407448355e-07,-4.3642972612047573e-07,4.385604795834743e-07,2.832426711486498e-07,-1.9232646586031846e-06,-6.997306191208873e-07,1.1251982507966187e-07,6.321562102738775e-08,-7.449187596122135e-07,-5.15029617810709e-07,-3.1999976568882964e-07,-4.4933497522349304e-07,-1.2360726089069716e-06,8.70104355625002e-09,-4.556111416561793e-08,-5.392454061539813e-07,1.0921899071906909e-06,-2.627842791374691e-08,1.089090582400245e-06,1.115729098305129e-06,3.657212993191178e-07,3.02580773561836e-07,-9.810888013984502e-07,-3.61112485735535e-07,-3.633944275117074e-07,-2.957654862718344e-07,6.123727741289972e-07,9.527344821195116e-07,6.505268635011802e-08,3.346469796444198e-07,-4.959338892069142e-07,1.3630668933764585e-07,1.861201488321741e-06,5.503689078395482e-07,5.356364085749214e-07,8.156998509055142e-07,-1.3416108010734082e-06,-6.37702958676917e-07,1.7527595790878993e-06,9.777266345139193e-07,3.1463549161589896e-07,4.590528252619885e-06,9.043466175271162e-07,-4.5421750464399195e-08,-3.6370712082818874e-07,-9.181552172421547e-07,2.077710755644394e-08,-2.769771245949419e-06,4.77957707582513e-07,-1.1115321893733453e-06,4.131541888663478e-07,-1.8589104889811433e-06,8.837687032536379e-07,-4.505448928006461e-07,4.0306675051092624e-07,-4.59363905087966e-07,2.3050423054362897e-07,-4.87805877855379e-07,-7.782541774891032e-07,-5.631449022212577e-07,-1.5618626192558894e-06,4.479023903471922e-07,-1.3502395841460808e-08
003,6.737380435204034e-07,-8.157713799531204e-07,3.295895756583191e-06,-7.316681796522064e-07,-4.502623048834936e-07,4.143857597611e-07,-1.4312906410335514e-06,-9.649873082501633e-07,-1.2161264757014285e-06,1.5296484276577848e-06,-3.274377959693009e-06,-4.6519613316760046e-07,-1.8714392197949405e-06,-9.425614476981224e-07,1.664918588339697e-07,1.3526702228157693e-06,8.004188218270869e-07,-9.97447353915425e-08,-1.3526908755528553e-06,8.3137472749754e-08,6.62086983527527e-07,1.863124176128697e-06,6.708398898053219e-07,1.6172842651565606e-06,-1.4505145202364722e-06,2.1844709233959257e-06,-2.0099310797115244e-06,-7.594828673024182e-07,-1.0031850551396508e-06,-1.392943854266266e-06,-2.088965956759118e-06,-1.8832553471265503e-06,-2.1417004355109232e-06,-7.210842759862778e-07,1.5539108471776632e-06,6.908631990661528e-07,8.346178117415143e-07,4.4470893104053e-06,-1.8354940710178561e-06,4.5753852684246083e-07,5.471259621411628e-07,-8.512225750089152e-07,3.378130307535217e-07,-1.161180945417983e-06,-8.482490095722509e-07,-7.314591749953048e-07,6.040327774602301e-09,3.746694402486232e-07,4.9209369452812e-07,4.514910412003627e-07,1.4518905540663911e-06,7.55198629023511e-07,-7.141067110568503e-07,5.676123727317913e-07,-1.0508590493447364e-06,7.087733572842899e-07,-4.0374719298583425e-07,-1.1173610299073223e-06,-2.364037298681549e-06,4.700824021898979e-06,-1.376467490198472e-06,5.354013065513223e-06,3.7975352915677533e-06,-3.321928484730207e-06
004,-1.439514150883619e-07,4.1849822585646753e-07,6.268699538672491e-07,-1.2083567887304025e-06,-7.464955714469506e-07,2.985812455733528e-07,2.1463687467320332e-07,3.9074179347313017e-07,-3.8733599043309894e-07,-2.529750094661572e-07,7.067011723256373e-07,8.474494482239159e-07,3.099217609033231e-07,9.33815418117772e-08,8.622972712913456e-07,-7.303916840547909e-07,2.4051210305157574e-06,4.870257419129535e-07,-4.557979835427981e-08,1.0063006263722436e-06,4.870450299773135e-07,4.374268076937409e-07,5.264065492992655e-07,3.3874539572209925e-07,5.324426584353865e-08,-2.524148085242738e-06,8.518332828930695e-07,2.2738961810015212e-06,7.375666987690302e-08,1.7692509329726497e-07,4.2368656208901006e-07,7.342160126451676e-07,4.394430861785319e-07,9.316067882893576e-08,5.310003597986703e-07,3.6602776279311854e-07,2.0936502738658408e-07,1.8566459620582483e-06,-2.169216235179623e-05,5.431293066745094e-07,-8.103360014710559e-07,-1.1387761093156405e-07,-1.626371491146183e-07,1.8332010588315656e-07,1.0177037580618451e-06,2.828658101196683e-07,8.692271595530372e-07,3.017698265617288e-07,2.1233083499841966e-07,8.517095007579395e-07,2.3754180616184966e-07,8.478586459372942e-07,-4.830917504617384e-08,1.2967199298769213e-07,-1.1980353770390737e-07,4.2833366145776034e-07,3.1902776818999454e-07,1.474753920486492e-06,-4.511186102488072e-07,8.906154855591203e-07,5.820459111397457e-07,9.450640108157794e-07,-4.882317991551253e-07,1.2683896587548893e-06
005,1.2810657508734163e-06,1.5033123249952354e-06,-1.9955874744929195e-06,-1.011793685472342e-07,1.5004748442668644e-06,2.307885407327138e-06,1.2119402158708268e-06,1.676303931169291e-06,1.4552267495864208e-06,-1.914855853418276e-06,1.2030565007031514e-06,2.9855437484570902e-06,2.4581398377323042e-06,2.527457886515741e-06,2.2151070592041244e-06,2.423618064715606e-06,-4.479167469301641e-06,2.367655646301222e-06,2.183894981965168e-06,2.173901215462758e-06,9.917497303174812e-07,2.316186536330987e-06,9.8218185192129e-07,-6.80641293352188e-06,3.63076546344922e-07,-1.1292065308140097e-05,-2.4326059811781626e-06,1.407675846031183e-06,1.9503209414743006e-06,1.651206820179226e-06,-3.232914240774347e-06,-9.561571481837723e-06,-2.276796876697938e-06,1.3453863341862753e-06,9.656319542838232e-08,9.640865986940155e-07,9.3329842367576e-07,-2.8715094468065563e-06,1.5049593193857624e-06,1.2563481805307663e-06,2.86429229316817e-06,3.0283834233827558e-06,3.1562102462546237e-06,1.983087983177814e-06,4.887416914591469e-06,2.7918342295691194e-06,2.374823621156916e-06,2.8285246577606255e-06,-3.4001599315496694e-06,-1.0520236925588832e-06,-3.849730714045824e-06,-5.572474840388456e-07,2.38200010295764e-06,2.6492656355963452e-06,8.047581722463485e-07,-1.5387377044762915e-05,3.31888559846367e-06,3.09611021758415e-06,-8.576399955156119e-06,-2.8956786792088084e-07,-1.3307720421538145e-06,-7.698489125650265e-08,-4.726155199544937e-07,-1.4456720074416461e-06
006,-4.682210872540605e-07,-1.447238120176881e-06,-3.5393067416254584e-07,-1.5218607126928967e-06,-1.163038607570974e-07,2.2631743408104442e-07,1.173739637569863e-06,-3.823981398477555e-08,1.0171021261601702e-06,-4.6842134630393974e-07,9.023552240207086e-07,1.2261121400677395e-07,5.358905578300008e-07,1.0998440092609242e-07,6.886878074339517e-07,-7.654898806935881e-07,1.252473404055153e-07,4.881010374930722e-07,6.672275349416307e-07,1.3588866531597834e-07,6.903814768212667e-07,7.524677137037667e-08,6.514755697012875e-07,4.234298672490824e-08,-1.738778337821014e-07,-1.6175085081943353e-07,-1.2815857021682438e-06,-1.926699554797847e-06,1.3281334838470787e-06,-1.9507521536964195e-06,1.3128812280836075e-06,1.4209178536442104e-07,1.0022178752983759e-06,-1.8451516675997216e-06,7.455149783232562e-08,-1.0376147895110897e-06,-5.832993414269893e-07,-5.998235047283639e-07,8.504741555359511e-07,1.43434751849209e-07,7.959692444283855e-07,3.785848824104377e-07,-4.697321123828082e-07,-1.2403074088730462e-07,9.680808632525385e-08,3.9871353692175615e-08,3.911409548987427e-08,-2.188006032946134e-08,-1.1829415737813592e-07,-1.3872090438435376e-07,-1.390465091142062e-07,8.057508995204559e-07,3.779118831067568e-07,-3.0149253749199985e-07,-2.2285899414594666e-07,-3.347042029120304e-07,-3.238186019717664e-07,8.227791475427413e-09,-3.8266338189577927e-07,-2.819892751591062e-07,7.963708527966469e-07,7.137716875598956e-07,2.2305378198213722e-07,8.176732512078343e-07
007,-3.0492728898630173e-06,-2.3867625296312505e-06,-1.1350276455667285e-06,-2.6116902672985354e-06,-1.0091470553987424e-06,-3.5640035582952055e-07,-4.651149485988305e-07,1.1608336323009726e-06,-5.305660264016258e-07,4.500035317138344e-07,-1.7171832138176066e-06,1.2364354775716403e-06,-1.4490836152956185e-08,1.7298082590106122e-06,-2.9581053882086862e-08,5.57377421393381e-07,-9.129154465870876e-07,3.256638144201738e-07,-3.643339356842709e-07,-9.660172380430329e-07,-1.0547254952667642e-06,-9.849497047811962e-07,-1.0066166261308496e-06,-1.348169348333453e-07,-1.1104971684518943e-06,-2.3601056619557985e-06,-1.2252543257201383e-06,-4.759965528247748e-07,-9.347546002335927e-07,6.351152083880935e-07,-9.248025542859909e-07,1.446752188417261e-06,-1.2813257876083526e-06,-1.106717799150721e-06,-8.852516691975556e-07,-1.8446207102558252e-06,-1.4006420315750819e-06,-1.6326193647867445e-06,-1.25698890421678e-06,-9.940175956703102e-07,1.327626697432222e-06,2.835321966454212e-06,3.5167472869476354e-06,3.4518221365847343e-06,1.8209821503767252e-06,1.4388840611072007e-06,2.2885981857067093e-06,7.168249016070569e-07,1.7343147843550899e-06,4.799860277827686e-07,9.369963251004297e-07,8.340809209905095e-07,2.1901638726740333e-06,2.5948030914770003e-06,1.7085539855080102e-06,2.6752822782928412e-06,2.390214807387829e-06,1.3671260394476602e-06,-1.4985834408752595e-06,-2.821758355288765e-07,-3.432051230840642e-06,-7.709366428924376e-07,5.594705124154619e-07,-2.6283548502587106e-07
008,-4.028335877033996e-07,-8.06814496382297e-07,-5.36659667502763e-07,-5.985207288283416e-07,7.48148841999903e-08,7.3367724629693e-07,-6.222133484890763e-07,-1.4690957774997489e-06,1.3767252069440606e-06,-7.171265260091998e-07,5.172816580677511e-07,3.9694198977586113e-07,5.457992025517541e-07,5.817712708718233e-07,1.7229335676389233e-06,-5.737253440435135e-07,1.644301643653645e-06,-2.930476360862804e-06,6.815218986963964e-07,3.6091021254264784e-07,-4.277895530548429e-07,8.72103313666649e-07,-5.216295757561883e-07,4.4245968202954754e-07,-8.040397810619059e-07,-1.2698951405971227e-06,-6.829834201401599e-07,9.018182695364595e-07,5.168373918652658e-07,9.23575066814085e-07,5.064926104882571e-07,-2.6323263608322405e-07,-2.22008148353358e-06,4.100715567783702e-07,1.9254430078298925e-07,-4.240494376076311e-08,-3.3755305146607395e-08,-3.1026815391467044e-07,-2.777388904692122e-06,1.0191804125418309e-08,-5.562827001037298e-08,2.477978097516659e-07,-1.3840015859634694e-07,-7.417750035135437e-07,-2.0975078725619145e-07,1.127777392405538e-06,-2.2677754590575497e-06,1.1740186047108566e-06,-1.0170291351903648e-06,9.164340150907863e-07,-8.902863748468674e-07,1.6012839610924485e-06,-1.5706767045952594e-07,1.1375291342466972e-06,-2.3803891286416737e-06,1.3227225112625193e-06,-4.063165909572862e-07,8.035635714624253e-07,2.5117252112093883e-06,2.46185935476992e-07,1.0326564895319675e-06,6.506739559191138e-07,-2.722479617343093e-07,3.6245990583904464e-07
009,-1.596801776519515e-06,-2.072978029919016e-07,-2.929394525842796e-06,-6.256873309500055e-06,5.289528119676119e-09,1.822761267269233e-07,2.6445411817116348e-06,-4.785039536944779e-07,2.6633119923030954e-06,-5.970263216390496e-07,6.465859226223327e-08,4.415197992006103e-07,1.8697915949787335e-06,-8.127580830602634e-07,1.512205098048001e-06,-1.3824406246535082e-06,8.282100047549057e-07,8.27255846749372e-07,2.1883073151743544e-06,-8.96050440749175e-07,6.143617995477358e-07,-2.049737533132008e-06,8.896802839400561e-07,-6.414764519262873e-06,-1.3377703495411698e-07,-2.581493789142588e-06,9.134451118925083e-07,2.3246580310800055e-07,1.6609929392880788e-06,-5.351191953361247e-08,2.5501246815122766e-06,-7.64774319396018e-07,2.6826746529314962e-06,1.7992584000052992e-06,-1.2305625827089995e-06,4.001166054827553e-07,-6.688233138935175e-07,-4.019563804574441e-06,7.41150325871384e-07,5.605585176440035e-07,1.3036005177683095e-07,1.3000645999456077e-06,1.5528011175162608e-06,5.357604985575364e-07,8.998511226012395e-07,2.3700540215978676e-06,-2.6003355536605875e-07,8.566044962358159e-07,-1.0671908581134766e-06,1.5231183158492047e-06,-8.814439254467196e-07,7.2486437894803e-07,1.471188256862993e-06,1.5824126814883135e-06,9.760132448489943e-07,1.7339373115038745e-07,1.0588144391921413e-06,1.3282901651793963e-06,2.238755495629218e-07,-4.793328535140068e-06,1.372441636181939e-06,-2.8166222323337196e-06,-2.183388502381878e-06,7.240587552822184e-07
010,2.1458659583684738e-06,1.5269434094538792e-06,1.947547875759124e-06,1.9312394491549754e-06,-5.036275880617539e-06,-2.151204465087316e-06,-1.6494057489812791e-06,-6.867841298085322e-07,-2.166396702643919e-06,2.7378144624305037e-06,1.8874789313886366e-06,2.1374413221486257e-06,7.7440066521223e-07,-3.907390257224617e-06,2.9065804027295835e-06,2.3962535689994666e-06,4.180024667937333e-07,1.5447974670080924e-06,-3.290921951471339e-06,-3.948127156732923e-06,-2.2287407806389107e-06,2.0855789689650093e-06,-8.218595691378122e-07,3.091585353038086e-06,2.532098107182902e-06,2.5911331443637892e-06,-9.858541296815414e-07,-1.2353289118918836e-05,-3.5013858631487256e-06,1.856981573844666e-06,-2.970660364187019e-06,1.24529370098881e-06,4.4151274778516153e-07,-6.90120694287745e-06,6.273058838106645e-07,7.527356983113605e-07,6.161442531673468e-07,1.6621454727696683e-06,1.411270457025233e-06,-1.454112989829306e-06,1.3140510665233529e-06,-1.3840983493496525e-07,1.795203725222688e-06,2.441494487835573e-06,2.7599382599364106e-06,4.136874575419513e-06,-3.989721143681642e-06,3.3979050840933493e-06,9.333456600292168e-08,-9.903148814972808e-06,-2.459767540941469e-06,7.473939216611813e-07,-3.936190970692304e-06,4.360898603264161e-06,4.274953543352061e-08,1.5658572880243448e-06,4.5899105022657245e-06,4.707220393654098e-06,-1.2699678461764973e-06,1.2267030045815977e-06,7.033824455543255e-07,5.48966790418991e-07,4.342653621257985e-07,-3.834787503308375e-07
011,-8.05424626832783e-07,4.3384853966624486e-07,-4.4217985051580976e-07,-6.018084403591152e-06,-1.4699068202474385e-07,1.70245140067864e-07,6.220527703314747e-07,1.1371099351577046e-07,9.757440559026873e-07,-1.9420392298515947e-07,1.5474965184216321e-06,2.5805828253066126e-08,-6.888644534906443e-06,-1.0904645782082289e-06,1.4126386903951968e-06,-5.723418952235547e-07,1.1245248439635756e-06,5.655478786856405e-07,5.377794540078285e-07,-4.015107479320039e-07,5.105063049461006e-07,-8.211973947682736e-07,8.646355272665015e-07,-8.914042458633465e-07,8.716601788719852e-07,-7.649090736856673e-07,1.4397701990841713e-06,-2.884938291853569e-07,4.148345115947054e-07,-2.446857521740254e-07,7.425070558612512e-07,-1.3270027454291175e-06,1.351586431114536e-06,-2.270317322474789e-07,-4.744583517609825e-08,9.114405829352551e-08,-8.46537680912635e-07,-9.782729542942204e-07,-2.273826193038198e-07,-1.2934015377035046e-07,9.595910112251475e-07,1.6621790047739181e-07,7.794093881381184e-07,6.662704533607972e-07,-4.3902642343508544e-07,5.538934008698147e-07,-1.3832666557601805e-07,2.936741146024854e-07,-1.0272953693775833e-06,2.270323800442538e-07,-6.173451748803935e-08,1.4510375377765004e-06,-5.325369711271015e-07,1.4891376453839752e-06,7.02895019419176e-08,1.4988904308901372e-06,-3.9113226990581217e-07,4.361951457164983e-07,1.0124153828669602e-06,2.0400134770929776e-07,3.7778667340642467e-07,2.0222687381647996e-07,6.145570660549505e-08,1.6780376008644542e-06
012,-2.6626544289432307e-06,-3.5459793324401416e-06,-2.72216920083433e-06,-2.3543519578135455e-06,-3.5171171642628917e-06,2.2041188914494922e-07,4.852105607996476e-08,5.192558736821628e-08,-1.7919920562157596e-07,5.189525562192815e-07,3.4598720544283117e-07,7.534508381909596e-07,1.0764936380055461e-07,7.214778478264987e-07,4.3780344243610154e-07,1.0202268759526594e-06,4.895613883673574e-07,1.0848874689153142e-06,9.011714654373029e-08,-2.61375095766408e-06,-1.3622268259569453e-06,-2.9280088292887954e-06,-1.1774626819708139e-06,-2.658105739267425e-06,-8.319200509258537e-07,1.8663958954276217e-07,-1.0460466873824814e-06,-1.1494109706484572e-06,-6.43622420771739e-07,-1.133061819757138e-06,-5.085015585290452e-07,-9.350018742640009e-07,-2.9270626976162614e-07,-8.749572493137269e-07,-3.302683668428154e-06,-1.9732876228260473e-06,-2.53929516802979e-06,-1.4766779700468436e-08,3.005783563990499e-07,-1.966286020953303e-06,3.088835531332184e-06,2.103935947046221e-06,2.4089708833538515e-06,1.8495031905022196e-06,1.0214911566951972e-06,-3.9579072477081894e-08,1.0054857135718528e-06,4.9157704111353685e-09,1.6421441814409484e-06,9.944887415888388e-07,1.654252840044321e-06,1.13655267356104e-06,1.3924840409052202e-06,2.9832664384791846e-09,1.805629611107794e-06,2.4339676172124804e-06,9.532862896311102e-07,8.726119973814733e-07,2.7699248911515835e-06,1.63011754185091e-06,1.7695733544955419e-06,2.941311741660819e-06,1.79810352464398e-06,1.3133924395752563e-06
013,-1.4845196818856562e-06,6.5660422011415295e-06,-1.5822182703404595e-06,1.2466726339868302e-06,-3.7405375833713957e-07,5.263808589004286e-08,2.2119814158866506e-06,-3.6816175169086386e-06,6.792408759895826e-07,-4.204782238284341e-06,7.591644922659203e-07,-7.81884396800534e-07,1.377901731984102e-06,-2.726341933131458e-06,1.972122876338248e-07,-2.7038654220780174e-06,-1.3791430016570584e-06,-2.3435909193349868e-07,1.5897738662546167e-06,-8.292860613440051e-07,1.762849491944731e-07,-1.5269204056959053e-06,9.688818365513133e-07,-1.7487873487951182e-06,5.572774082497419e-06,-3.1878214226549155e-06,2.0648052609624083e-06,-2.648406693022527e-07,1.3250974334575322e-06,-3.002651468051589e-06,1.4118201246708987e-06,-3.642481672578108e-06,3.5980520455921174e-07,1.5304094975544142e-06,-3.282051854769284e-07,1.2009363899487256e-06,5.576616867479452e-07,-2.540570371027874e-06,-2.4358473841362355e-07,-3.9950998846115647e-07,1.9480819647023795e-06,1.4428005545753913e-06,2.138805026238687e-06,1.6212820731136792e-06,-1.9761417217337894e-07,1.4207601454122871e-06,-3.8376295635859343e-07,1.7290207533633001e-06,-9.62878518455742e-07,1.7359439398307488e-06,-5.04819110982088e-07,9.586281343867872e-07,7.58310064928294e-07,2.0190192622914533e-06,1.4237970738167783e-06,1.9001771732924374e-06,-8.757369194966177e-08,3.086206650436728e-08,-1.807944109909061e-06,-3.1475488115412537e-06,-2.6053210190139015e-06,-7.764788415348733e-07,-8.571200336022641e-07,-7.780863809549347e-07
014,-7.189992083695523e-07,-1.6501858813048008e-06,-4.4240484606583796e-07,-1.7314398569054052e-06,-3.6990335143898714e-07,-1.3792663148803007e-06,-3.1692501627576936e-07,-9.535787388766603e-07,-1.9815351608724834e-06,-1.5664973178075583e-06,-9.102692096218154e-07,2.18927199855738e-06,2.629854559567599e-06,1.7049171627013147e-06,2.3227120685871543e-06,-1.2536638005623976e-06,1.3056594735251438e-06,2.154748135202562e-06,1.072312432893783e-06,-4.193561969860722e-07,-2.1126287838465186e-06,-5.775228239953915e-07,-5.066132382513006e-07,-6.304415638201033e-07,-1.667894798573438e-06,-6.479914030384399e-07,-2.21101823724952e-06,7.031063162116838e-07,4.798618287207893e-07,-2.6201987642953147e-06,-1.32792258170583e-07,-1.1345109674828494e-06,-6.633717467310234e-07,-3.021145699699559e-07,-3.6472546854828965e-07,-7.342272622834864e-07,-5.560047768406436e-07,-8.550905736532497e-07,-2.7117356574868897e-06,-2.6805905031267663e-07,2.6964010691558326e-07,2.8232359457045275e-06,1.6221531949103954e-06,1.7210939612155897e-06,2.3896582509215733e-06,3.1273141463121617e-06,6.727637981536047e-07,3.2867162900771463e-06,-1.0839956477278996e-06,1.2836898359403363e-06,3.106603063510372e-07,-4.886851337668217e-07,2.6519070792335942e-06,2.433499944430894e-06,1.132547612212621e-06,-8.226374720940807e-08,2.8756758648204212e-06,2.6052851765637626e-06,-2.476212278018496e-06,-1.243431886219709e-06,-2.308439242233018e-06,-1.249682914498147e-06,-1.9268879283239795e-06,-5.177198672158612e-07
015,8.892433084443572e-07,-1.1656095127972004e-06,9.75551197131679e-07,-4.612905290985218e-07,-8.82368761164229e-07,6.076558550357653e-07,3.371795994714481e-07,-1.807859517832118e-06,6.946443665204099e-07,-9.196782319056012e-07,1.5419011379804785e-06,1.486465951190737e-06,1.7242713075855553e-06,-2.876782481636151e-07,1.4826473444024277e-06,-9.336343068957267e-07,1.1655549449031022e-06,1.0273979357325382e-06,1.7989910680901805e-06,6.076442497043081e-07,-4.931822518943091e-08,-2.6952838380097327e-07,-1.6644384016517524e-06,-1.000364655148263e-06,-5.12796017309227e-07,-1.455281526247749e-06,-2.7647810702671156e-06,1.0897270011899132e-06,-8.69162240779111e-07,-4.665303030816485e-07,-8.252712909229184e-07,-8.867322775333665e-07,-1.491021657535041e-07,5.409485663964504e-07,4.2404581343553624e-07,9.20968564276868e-08,9.728796316528048e-07,-4.1539062852253345e-06,-1.7969220256124542e-06,-1.7548097231664067e-08,3.85644015255054e-06,3.2619010071420635e-07,2.9217775944009273e-06,2.974396459666061e-07,1.924917416234509e-06,5.295845936869896e-07,1.0248000608887511e-06,1.3997871258666391e-06,2.295873443215186e-07,7.072573380287807e-07,-2.485509163410133e-06,-6.400873796560385e-07,1.0156577865060385e-06,1.2219783713775881e-06,1.0576933398974358e-06,1.0710902164201422e-06,1.1145728197577267e-06,8.145522637095256e-07,-2.0569660292297063e-06,-4.993545042323193e-06,-1.424032191202077e-06,-5.163617700541621e-07,-1.3552231187943055e-06,-1.6064553734218703e-07
016,-4.856882610770883e-07,-4.452703489790586e-07,1.329200754529838e-08,-9.601508025040653e-08,-6.002785057979554e-07,-6.451866427132271e-07,-6.466794782956152e-07,-1.6313510519895813e-07,-6.610951141104506e-07,6.66985384137325e-07,-4.0611195223430505e-07,-1.6544774098577144e-07,-2.2266411336851211e-07,3.1452271172775284e-07,8.810425091727433e-08,7.486368815151388e-07,-9.823809384153917e-08,-4.469979409904915e-07,-9.736309513868095e-07,-7.915748115835821e-07,-8.220000021583717e-07,-3.9236107326534056e-07,-8.079573879631672e-07,-2.7005462260041316e-07,-4.1323283964482355e-07,8.762180545792084e-07,-3.106879511618076e-07,-8.944003370008045e-07,-1.0468818611514438e-06,-9.088550070533766e-07,-7.737558846476813e-07,-1.1345191432204882e-07,-1.1675435437167503e-06,-1.029499119459833e-06,-1.6442807610924656e-07,-2.080617967345531e-07,-2.8698026986255034e-07,7.653540189302027e-07,-1.9763753435097627e-07,-8.603687495451226e-07,-1.2390204858843464e-08,1.6739729099149473e-07,9.530390863608148e-07,2.6441821477279894e-07,3.050335946017012e-07,2.388741987925904e-07,5.291326656485502e-07,7.578581254025735e-07,6.785416737712242e-07,7.529294323541562e-07,6.158488940674398e-07,6.438306046812241e-07,4.177086418733946e-07,7.910563824214022e-07,-2.2491426831441116e-07,1.1988336252409281e-06,4.0923345280766026e-07,3.532344406934996e-07,9.212379460563268e-07,1.2853582632423811e-06,2.335835427166301e-07,1.6304879296985907e-06,1.2044000001894644e-06,-7.167473100171272e-08
017,5.113051138928226e-07,4.247509851968205e-07,9.570017707862488e-08,1.1651415352583515e-07,3.249441739527864e-07,-2.459555820491335e-07,-6.152865017007782e-07,-7.293063077745352e-07,-8.867369870262311e-07,-7.115049534044493e-08,2.2815010463649025e-07,-6.327078240831667e-07,-7.237888351970275e-07,-5.056368593906167e-07,-2.5876333768105296e-06,-2.881697404593237e-07,2.4736879567520548e-08,-7.021765103203029e-07,-1.1441242663450993e-06,5.656977707827331e-07,8.271352236367639e-07,1.1134162151854475e-06,8.937738558161967e-07,1.6705369695516007e-06,8.070233299438936e-07,1.830411688213396e-06,1.6979514738203062e-06,-8.968336436211171e-07,-5.873302162842359e-07,6.140438937343363e-07,-6.106000013369836e-07,5.928386866102089e-07,-6.583252460645964e-07,-4.5552455662696855e-07,-3.047108883239769e-07,-3.3246586367380257e-07,-6.535656627621339e-07,2.5065944809921447e-06,-1.1541171580833405e-06,5.468371538563939e-07,9.347842678473486e-08,-1.8117546814838737e-06,3.9448934052047065e-06,-2.1397655289232144e-06,-1.4367412698670494e-06,-8.982020643156855e-07,-4.4042792550194116e-07,-1.101271071513634e-06,-1.8258841580454443e-06,-2.192090785959175e-06,-1.446448188114591e-06,2.635939710717989e-07,-1.0735808328577696e-06,-1.6400634407376085e-06,-3.273093902681327e-07,-1.2079352493154742e-06,-1.7275509484289796e-06,-7.528133791669874e-07,1.7503813914598715e-05,5.7867960790411905e-08,-1.376479491634519e-06,2.6013931364143946e-07,5.6123086794420634e-08,-1.3878074794721177e-06
018,-3.090105417689587e-07,1.9347153092194188e-07,-4.0614771934826904e-07,-5.921175824672628e-08,5.303034984325501e-08,3.4343281115352936e-07,3.9757409054637727e-07,9.406478528196025e-08,4.2239366529565353e-07,-3.065573266120418e-07,3.0850156300794416e-07,3.2930672076225574e-07,4.92301597334436e-07,2.270737205491216e-07,4.956065312382289e-07,-4.7579452164581444e-08,4.745354326965616e-07,4.1297966371087794e-07,3.714853558990545e-07,1.340050293253455e-07,8.7022622911668e-08,-2.1395283016523027e-07,9.675556810064482e-08,-4.588526152007586e-07,8.999968719779364e-08,-9.100336392807473e-07,-4.666139122466617e-07,1.4582008341014717e-07,1.2410571961308552e-07,-5.695605228678394e-08,1.181126419407818e-07,-6.108565546670464e-07,7.326288524150449e-08,1.2379270205560007e-07,-3.7587163272245397e-07,-1.3974134667670877e-07,-4.1516800228285123e-07,-6.304263900170103e-07,2.695735162098378e-08,1.7033181209158467e-07,-6.274142690129131e-08,8.190394220986323e-08,-2.4366789195323964e-07,-3.120818572165847e-08,5.5014550674394135e-08,3.3329330786334746e-07,8.705105694946813e-08,4.940032970100156e-07,-5.9034235111884135e-08,3.10613461568859e-07,-3.6165700385765543e-07,1.6884683197526222e-07,-2.4362502025783853e-08,2.310365345614655e-07,-1.0278802622407544e-08,2.1400067200995178e-07,-3.792747937329455e-08,1.892753474220534e-07,4.413080660014452e-09,-5.829916030145574e-07,7.618937454975085e-09,-8.698238848125982e-07,-6.357755497711482e-07,3.434533967423438e-07
019,-1.4851528767423083e-07,-9.98999814751502e-07,-1.0575956647118897e-06,-7.194259263337004e-07,-2.416817017869228e-07,1.5683282323487233e-06,3.9303956312794044e-07,1.536654490764775e-06,6.810843294670793e-07,6.299371786643746e-07,-6.915626331953971e-07,2.538890917890808e-06,1.425508968726203e-06,2.5056645915397637e-07,1.2354653555961279e-06,2.121888963899211e-06,-3.084271556910074e-07,2.359457205353502e-06,1.2302587220115712e-06,1.090186763664503e-07,-4.2317524344375983e-07,1.285366530969247e-08,-1.1351996219858955e-06,1.3458058700317377e-07,-2.1981642444471016e-06,-2.2751076718715707e-06,-9.754250588669933e-07,1.5960415927806168e-06,4.0444206096349955e-07,5.827204375342993e-07,-1.1538285735891695e-06,-1.9337336704554807e-06,-1.1231740204122373e-06,6.222226972212037e-08,-1.6881857462476302e-06,-1.1851833501728858e-06,-1.1469626744337864e-06,-1.9019677261478528e-06,-1.3754059910623482e-06,-1.7650530002309148e-07,3.6049012257562214e-07,-4.7015530190880253e-07,2.0427978475951055e-07,-2.6662002623513352e-08,2.8537733051418286e-06,1.5652605570496057e-06,2.594112238855753e-06,-6.979385331889648e-07,1.82032839855929e-06,-1.064529920286272e-06,8.274124423975803e-07,-1.1331847181359e-06,1.025814223813374e-06,1.703202275339536e-06,3.0499503879322226e-08,-1.7378922606198653e-07,1.6841186187088146e-06,2.42827378519788e-06,-2.064523873508477e-06,-1.8310414007793753e-06,-1.0477117194948737e-06,-2.9164632396295747e-06,-9.550190608745137e-07,-7.312788591655367e-07
020,-4.2749687503788993e-07,-5.4081549192035895e-08,7.193155407458878e-08,-3.416381923180959e-09,2.3419150409067266e-07,-3.5178319394500674e-07,-5.930696741990919e-07,-3.839955265258068e-07,-1.022422710803465e-07,-1.422366770313724e-07,1.3451179497169386e-07,-1.0736633906339639e-06,-1.138643452379147e-06,-9.661544664374776e-09,-3.5717886350122447e-07,-2.3791472869464499e-07,5.1094394789507625e-08,-4.7241865171519367e-07,-7.535505838884795e-07,-2.9726925928088626e-07,-2.0268418898862727e-07,2.0916277931118352e-07,-1.982538046942498e-07,-6.421590274531357e-08,-1.8518448944805025e-09,5.603827447241655e-07,2.0007055004632413e-08,-8.235403048172288e-07,-2.5247659335301032e-08,-3.9408706381759965e-07,-3.0997680662902703e-07,1.188375082776096e-06,7.354179097553777e-07,-7.308225461658735e-07,-3.1714785771558345e-08,5.626112109269049e-08,2.8176361479802503e-07,9.635244947336477e-07,9.621347980417247e-07,-3.1097447778669765e-07,-2.0221914403141916e-07,2.176410385814646e-07,-3.1657993622407253e-08,2.1872721491531837e-08,-3.093241303734525e-07,-5.079102298830244e-07,-1.0497707111156063e-06,6.029989530017304e-08,5.270345877177625e-07,1.1272386243860462e-07,3.1718183455354415e-07,4.2015839760936596e-07,7.456845415082128e-07,-6.635563130520283e-07,1.0937670202738564e-06,2.1908665837403915e-07,-3.952317793318475e-07,2.753046031547114e-07,-4.084205525553478e-08,6.762510415707665e-07,7.341931387488766e-07,1.1165214302150692e-07,1.2951034858053627e-06,3.957905476901398e-07
021,-1.6828190645280517e-06,-1.9759138443250208e-06,-1.76071269520857e-06,-2.0839064080216455e-06,-1.7164354134993278e-06,-1.7440987158333538e-06,-2.1684771485654603e-06,-1.687896538208835e-06,-1.9814456303428933e-06,2.6683291259283542e-05,-2.3972811935864727e-06,-1.3207399784392292e-06,-1.955648788839568e-06,-1.1529293711787984e-06,-2.1577992614560693e-06,-1.2019641275452488e-06,-2.365473383511142e-06,-1.3883863544689415e-06,-1.612940774086373e-06,8.87134681251118e-05,-1.8027215880518266e-06,-1.669498833446919e-06,-2.005994468874879e-06,-1.7330529590986833e-06,-2.32834464645292e-06,-2.073752182118187e-06,-2.0510992433048468e-06,-1.7856830138386581e-06,-2.4770592808307204e-06,-1.8877773826570819e-06,-2.2555961978416692e-06,-2.2277499995334017e-06,-2.694215993448562e-06,-1.543238025974343e-06,-1.700665574365327e-06,-1.8416873001163732e-06,-1.7508075999973563e-06,-1.7384448200715935e-06,-2.7291544567142157e-06,-1.3231599687880303e-06,-1.5928756111139863e-06,-1.0383929796972095e-06,-2.129827300014128e-06,-1.5508111735256824e-06,-1.2626614011220336e-06,-1.8614488120581256e-06,-1.1368428999803917e-06,-2.0881332617492208e-06,-9.747419389549069e-07,-2.3624383171267674e-06,-7.719676812092322e-07,-2.7670872067188317e-06,-9.811123734731218e-07,-2.108019070634907e-06,-6.989847924110299e-07,-2.560906073195236e-06,-1.606070914070712e-06,-1.6830314606596091e-06,-3.5380709590324713e-06,-1.6503316887212234e-06,-2.9722217085782233e-06,-1.7139107387079883e-06,-1.2980395018122416e-06,-3.0742592926574726e-06
022,-2.979319432748905e-06,-1.62193200746638e-06,-1.4309184996493494e-06,-1.9071611427157217e-06,-2.523192954437714e-06,-3.09341935035257e-06,-8.435805631188198e-07,-2.0481495311117543e-06,-5.941910227700402e-07,6.753310830766154e-06,3.6577552743366483e-06,-2.384316043989332e-06,1.3603870470642414e-06,2.797827449744347e-07,2.8627709784048728e-06,-4.810487775207757e-07,5.114404837325076e-06,-1.1670757370631368e-06,-3.2081043069913013e-06,-4.0428660587111724e-06,-1.2761669716550143e-06,-2.1879340086222884e-06,-1.16242425288192e-06,5.288557715925672e-07,-1.2967854338914124e-06,1.5392169577369034e-06,3.505918120745313e-06,-3.794618929755149e-06,-3.6465545998233873e-06,-2.9782708583953195e-06,1.7900875299992481e-07,6.661962638308658e-06,1.8572786066217286e-06,-3.3378060644274217e-06,-1.056081339925243e-06,-1.3975485013665868e-06,-1.1633504663325556e-06,5.42738024357319e-06,2.4745546281351485e-06,-3.1360928690439523e-06,5.819417831963225e-06,3.759232592342846e-06,4.228099511136916e-06,1.7657036692684802e-06,-2.031351173761106e-06,1.3155883817159316e-06,-1.8206736737398015e-05,-3.594169589078735e-05,-1.819902724895475e-06,2.018319061092377e-06,3.0063814650169243e-06,2.911099451864844e-06,1.8201938789242552e-06,6.6081082523321286e-06,5.640706921968126e-06,1.0571063732558553e-06,1.91521904050831e-06,-1.2675206618041473e-06,7.039439033834543e-06,3.14785314367604e-06,4.423006903331375e-06,5.315902545580318e-06,4.871566742410439e-06,5.160584680605435e-06
023,-1.3981104745140235e-07,-7.083872826872373e-07,-3.361331885429309e-07,-2.757541462517063e-07,-2.892261974180639e-07,1.4276097949872062e-06,-1.4688891538262082e-07,7.165006260968406e-07,-1.3549850367681412e-06,1.267738369683998e-06,-4.6247050380511945e-06,9.559795524340927e-07,-6.589188847394649e-07,7.982023106859946e-07,1.9403044147123827e-07,6.281807246492433e-07,-5.901633997913352e-07,1.9536097843592014e-06,-6.758101824213941e-07,6.299206212823456e-07,1.0589770041665025e-08,5.524488974626916e-07,3.3386985675829885e-08,-1.3971164096443382e-08,-4.9301399955990386e-08,-4.5967351633632553e-07,-2.7827957762304025e-06,8.969611785341318e-07,-2.701520711109866e-07,1.6589553462807475e-06,-1.8997505550635875e-06,-2.5638223588365106e-06,-1.864971027891373e-06,1.4971937348098204e-07,1.6748062397666986e-07,-1.083956927330723e-06,-6.074775283556322e-07,-1.8470689178095774e-06,-3.0195777534720607e-06,2.520717133991006e-07,1.088744057398907e-06,2.742404864627272e-06,1.4148197149570656e-06,3.7193548390388624e-06,2.0663174602002566e-06,2.119532135301936e-06,1.8118313792206205e-06,1.4568546842724692e-06,6.870279216940456e-07,1.6356272646406456e-06,7.722582133581579e-07,-2.0351523745151593e-06,2.558878751574958e-06,2.5139705900251054e-06,1.9139939087160157e-06,-1.5504961451540004e-07,2.8753556696893565e-06,1.5384685554470353e-06,-4.653649980608777e-06,-1.2255681445160961e-06,-3.582652855521591e-06,-1.9896687833697813e-06,-1.2522603176800698e-06,-2.051521737942723e-06
024,5.390087139388039e-08,-2.0428323876686626e-06,3.3234469790698494e-06,-2.166349653562653e-06,2.1827298223770002e-07,1.5491152529897944e-06,9.409158276807321e-07,9.142391946941496e-07,7.343026035602201e-08,-3.6113048756737483e-07,-1.3208872639916846e-06,-1.811438688972469e-07,1.9459261621534639e-07,2.5691403989898765e-07,-5.916186892432589e-07,-1.7650464295830151e-06,-1.4992699101427997e-06,7.475735002480276e-07,1.7516726970233926e-06,8.856570148794963e-07,3.3186065223963797e-06,1.7425796027927733e-06,3.5700710408211374e-06,-6.489798360557148e-06,-2.850929740516526e-06,2.9429289547787104e-07,-2.7827730034292465e-06,2.592077233429422e-06,3.057449874006585e-06,2.8277135738041198e-06,1.6798964142089212e-06,4.959879518804679e-07,-7.073692349499256e-07,2.184601243337777e-06,1.3232050883542522e-06,-1.2556930838086049e-06,3.969607117359802e-07,3.256999316095575e-07,-2.0772055928723823e-06,3.848861526370858e-06,-1.000780673084967e-06,-3.488631050254945e-07,-1.7435497963908194e-08,2.082247226293731e-08,1.3789197273398954e-06,1.0872026199725554e-07,-9.247511480695256e-07,-2.4026599707449597e-07,-8.949700490383003e-07,-1.0222905435899568e-06,-2.6114770715071964e-07,-1.0809638793463732e-06,-1.8980839754229266e-07,2.463267818803418e-07,-5.878034712678836e-07,1.8270319560639789e-07,5.976146405955753e-07,4.014063866917364e-07,-3.788318932726086e-06,2.6864910879257138e-08,-2.853121696151909e-06,-4.5995709335392503e-07,-2.443872002604371e-07,-1.5242001257300747e-06
025,5.065390834710923e-07,8.898301710532127e-07,-1.4171927627458494e-07,2.9566678268505195e-07,7.44557738125784e-07,-2.326796023730118e-07,3.184566414780322e-07,-3.1494092253951377e-07,5.642290981768676e-07,-1.4415225943356422e-06,-3.880013496758585e-06,-6.973817284816191e-08,2.63577885695657e-07,-2.0099008621926194e-07,2.723735806040482e-07,-9.47114006405892e-07,-3.654100725031183e-07,9.152563909211233e-08,4.601602322927526e-08,9.512556032282765e-07,1.2056087552218801e-06,7.113542890868211e-07,1.3144879681417648e-06,4.4359446673717777e-07,1.0316272426799736e-06,-1.5748640229239803e-06,9.244556015329305e-07,4.23891314467123e-07,8.000787317251259e-07,3.061637331842257e-07,1.038791261179436e-06,-2.7538731249801543e-07,1.025528833551246e-06,7.091450818792023e-07,1.7527592541276737e-07,5.196714564275264e-07,4.0056696983365296e-07,5.233806520173839e-08,8.473912552637168e-07,9.372201442785041e-07,-1.3715440820899138e-06,-2.607546171514278e-07,2.251060203200442e-09,-9.340270490668248e-08,-1.7839236691933473e-08,-3.7827937880860686e-08,-4.303440491367403e-07,4.679197890406346e-07,-8.395824045696518e-07,9.862677275063532e-08,-9.031799030930804e-07,-3.021598085132787e-07,-2.1982558080015437e-07,-8.877768810263886e-08,-5.230896701000555e-07,-5.830587117314034e-07,2.10684217331733e-09,-6.127773412561431e-08,-4.3494448237476534e-07,-1.165224835383479e-06,8.894910207891852e-08,-5.287850016416031e-07,-8.617756505369606e-07,-3.032992443809169e-07
026,-5.186470796721874e-07,-9.174006725776778e-07,-5.216442243953785e-07,-3.6726625555456766e-06,-2.4018087226103524e-07,2.1371855431788769e-07,2.446253140771233e-07,1.0716514858236501e-07,3.147688868680432e-07,-1.2224891033733118e-07,-1.9573264342526403e-07,5.076954931862054e-07,6.15484123428856e-07,2.755426173412725e-07,1.2440512159039697e-07,1.7643864556078644e-08,-1.0178160035579675e-07,7.331533507643228e-07,2.3636063844902912e-07,-4.22965496338468e-07,-1.2293048032659076e-07,-3.5737369634128354e-07,4.782004272876234e-07,-8.983302409957453e-07,-9.322688236315957e-07,-8.070017359115552e-07,-2.394245611091365e-07,-8.161268275759711e-10,7.888849730991145e-08,-1.9578434503178826e-07,2.4610842517663213e-07,-3.1443573648803025e-07,-1.063005392215324e-07,9.296716632930217e-08,-3.6414463756981454e-07,-2.755845893391166e-07,-4.10019291391313e-07,3.0492610516996454e-08,1.7092277680798024e-08,-1.4979823887982868e-07,6.022007275227542e-07,6.028265843909285e-07,4.401648346883128e-07,4.384014416890713e-07,5.441110652404755e-07,4.86386256076469e-07,5.220444296308452e-07,4.1819586532142434e-07,1.0163322406705212e-07,2.794412228204405e-07,1.584324605233943e-07,7.690811193449794e-08,6.773495834275432e-07,4.7638348549175665e-07,5.158154620382248e-07,3.610545085038504e-07,5.87081954932014e-07,4.891747186972036e-07,-1.1387996289930619e-07,-1.8318459377148683e-07,-1.8466690171665616e-08,4.5815832659534074e-07,-2.508700760639062e-07,-1.1619836017435625e-07
027,-5.152116661015488e-07,4.685694590706202e-07,-1.2598784593380577e-06,1.220916746337073e-06,4.982997717259236e-07,-2.5585134382363853e-06,5.933171701819649e-07,1.3023254469766402e-06,-5.7372436557627874e-06,-2.56624952092423e-06,-2.6329277230883876e-06,1.2711579420668153e-06,1.1087579993223383e-06,2.1923924089634135e-06,-4.800798381196116e-07,-4.8278649412303454e-08,7.908086745388441e-07,1.2796243990957623e-06,-3.5241115370777355e-07,-5.009717087223762e-07,-2.0512014683032528e-07,4.783961940497098e-07,-3.389891001112401e-07,1.0938933198162802e-06,-1.0516123930600815e-05,1.236133827990968e-06,-2.9216372940069254e-06,-1.0269913454116723e-06,-6.750079757211601e-07,-1.2423340273156642e-06,-4.272687625820771e-06,5.381611882632702e-07,-2.7011351822054256e-06,-7.377488253566903e-07,2.740624736483824e-07,7.96548459048017e-07,4.3344837621639785e-07,1.439935356196736e-06,-1.4190145176987896e-06,-7.701701173511673e-08,8.898249315020201e-07,3.5321071164181755e-06,1.0186900109161035e-06,2.075128120027626e-06,3.379830802351086e-06,9.469953982115672e-07,3.521849703620697e-06,1.172387806928264e-06,3.503859140463562e-06,2.800662212104315e-07,6.013939884933069e-07,3.370184664450384e-07,3.1098046046778403e-06,1.1462009594193242e-06,3.258063961329692e-06,7.628506941399638e-07,2.821245049771204e-06,1.6257216647311984e-06,-5.288917434507645e-06,1.6655043925535708e-06,-6.154699525947054e-06,-2.2586946286998348e-06,3.2798494496044156e-06,5.427426890583465e-07
028,-4.9918695562282615e-06,-2.3112268782663964e-06,-2.4510042406108523e-06,-1.1725285895102828e-06,-1.4729728033386724e-06,2.8784423939980727e-07,4.6634439256160675e-07,-3.9123489454705147e-07,-2.4722032587393594e-06,3.6187191372091172e-06,-3.102964391986565e-06,1.4972705752108228e-06,-2.9023081347971713e-06,2.3992058569404877e-06,1.2583470054386458e-06,1.8162472895260206e-06,-8.893498694902115e-07,-3.4097645020433327e-06,-6.623378317735995e-07,1.85450841550956e-07,-6.38441199079703e-07,-9.105374032306765e-06,-2.97379594598875e-06,-1.3671376280492182e-06,-1.8028000575710167e-06,-2.179837595051775e-06,-7.60440199202269e-06,8.37877884473742e-07,-1.1509311195953119e-06,1.419918182177538e-07,-2.3870626675634884e-06,4.2763995760079956e-07,-3.166618307407707e-06,7.118845334275352e-07,7.878690614765619e-07,-2.2727007256192627e-06,-1.2460335329381539e-06,1.407714891859437e-06,-9.74902711319761e-06,1.4956804711150177e-07,9.2895149301968e-07,4.980020955156665e-06,5.0433295266189865e-06,2.3962215096264868e-06,2.3995271028563375e-06,1.5193873746714705e-06,3.995408250678897e-06,1.947166114520053e-06,3.730350906062906e-06,2.4289298384166426e-06,-6.089397745367054e-07,3.1439812695508327e-06,4.086299686208351e-06,3.830636571467067e-06,5.124283286048093e-06,6.445998019367588e-06,2.931027271318326e-06,1.014857714231622e-06,-2.956649796810433e-06,5.789141115544107e-06,-4.5113423558255665e-06,3.9220555709397e-06,5.891716500160865e-07,-2.289861963428753e-06
029,3.054575637505531e-08,6.624884932982726e-07,-7.331286843626666e-07,-1.7155324182031295e-07,5.481538200769702e-07,1.1853604015604939e-07,6.312597449337376e-07,-1.1446188063499723e-07,7.032461641504835e-07,6.077777248921167e-09,6.536272464893008e-08,-2.6395176661506628e-08,3.5829073938911973e-07,-1.1558266661265111e-08,6.472471024828739e-07,-3.278244102378063e-07,3.799963135858006e-07,2.6922008936509685e-07,3.535680794018803e-07,-1.6970421992520112e-06,6.455739615870054e-07,-5.72592977612958e-07,6.363611364402001e-07,-5.338055434399427e-07,7.055195965199611e-07,-5.202849003798005e-07,7.663427974450043e-08,5.06655614611633e-07,6.485143308030591e-07,7.591168774996946e-08,6.319889137612568e-07,2.5595328776620104e-07,4.0245382037346354e-07,3.8881236670624035e-07,-9.33296040105493e-07,-9.474253677345379e-08,-8.912056023872253e-07,7.041970413879726e-08,2.7302288935892777e-07,6.031341052756353e-07,-5.023763253885823e-07,-1.3884533717467352e-07,-2.88504571241069e-07,-2.913666266664806e-07,-2.0528745192967803e-07,1.0641713595641937e-07,-3.018878249577911e-07,3.404878571066625e-07,-5.247895329798869e-07,3.6746495532576645e-07,-4.1142268937845477e-07,5.865374387143214e-08,-1.1390004420748224e-07,2.046476986771151e-07,2.5762708811448443e-07,2.5031572271131437e-07,-1.860697581703904e-07,6.302218113003392e-08,-1.0231498271318593e-06,-4.875441814141589e-07,-3.4066306931128836e-07,-5.253956883689383e-07,-2.2046140245364036e-07,-1.5402913173945514e-07
030,-1.8136450073247137e-08,-6.112991508694137e-07,-1.5354363791484037e-08,-6.204101900590042e-07,-1.5282200146138384e-07,2.444617411061641e-07,2.5755669026823595e-07,3.955550535812429e-07,-1.5953715230011998e-07,1.3419269822538203e-08,-1.5104733026950362e-07,3.7950229307337834e-07,1.1770127660318923e-07,3.778982624385319e-07,-1.92993698212195e-07,5.274257168620457e-07,-4.642542042734993e-07,1.6443962907677013e-07,2.4657369028979364e-07,6.6286531921812254e-09,-3.0609269680491264e-09,4.026534779839686e-07,-1.6831443937652363e-08,4.733629087516472e-07,-7.254986948316697e-08,4.6745671677987835e-07,-2.5342260544167625e-07,1.2479341024363704e-07,1.0320037661289188e-07,2.842338203819941e-07,7.128251665390293e-08,5.043059956319927e-07,-8.69533877663471e-09,1.6716219485706535e-07,-1.2115797107830301e-07,-8.917600472371073e-07,-6.824057851785996e-07,5.212024024629281e-07,-2.685644186715226e-07,-2.8541146741216712e-08,-3.8736348413231135e-07,1.5012354457318986e-07,-2.370192507912343e-07,1.3955852709838194e-07,4.630734550147172e-07,-1.2277000463842784e-07,6.100343720882867e-07,-1.129159348330136e-07,1.8675412395728718e-07,-4.3450778556259706e-07,2.336913426646673e-07,-4.583134064343978e-07,2.2837282419021554e-07,-3.723050001636048e-07,1.396051854976727e-07,-3.6659206121445954e-07,7.378472037347386e-08,8.066153169658902e-08,-5.718193785191568e-07,2.1780315206330433e-07,-3.0206400534623066e-07,1.0144081548992378e-08,1.7044459096294036e-07,-4.5635314194447953e-07
031,1.975317748387051e-06,-3.523220577054882e-06,-1.3922623956266835e-06,-4.1562000276280964e-06,3.365541399618834e-06,4.049801627454796e-06,3.173727112155118e-06,3.2494809247413137e-06,1.393810256663608e-06,-5.452545025800033e-07,-5.285718023366724e-06,5.06260351780442e-06,5.202407067982016e-06,4.52444261266971e-06,3.076114011616143e-06,4.7385059972985597e-07,-3.3393601477201043e-06,5.554447115735374e-06,2.744707352251133e-06,6.305483290968746e-06,2.884173791452639e-06,4.865189049459096e-06,1.1875280180133533e-07,1.9793758431369972e-07,-6.191046632053981e-06,-3.229402040702649e-06,-6.3796071982061246e-06,5.585129260282228e-06,4.2855332488058165e-06,4.562636799162116e-06,7.612762863520273e-07,3.408016375814806e-07,-5.610048669327607e-06,4.582492939330855e-06,6.947114625085126e-07,-2.5911024859313823e-06,-1.5111050022750189e-06,-3.543730303589639e-06,-9.585183381928163e-06,4.985083808831335e-06,-1.1859239986827243e-05,9.79676322180631e-07,-2.1772908857413937e-06,-3.020443081127772e-06,5.2345122814251805e-06,5.25610020214884e-06,4.7387896454217986e-06,2.981739782022551e-06,2.466228831510269e-06,-5.091711033547899e-07,1.6591479644823605e-06,-4.812622385992838e-06,5.521202723353634e-06,2.5023552234677103e-06,4.053996252257008e-06,-9.855201394777956e-07,6.023562622058527e-06,8.400361693882097e-06,-1.6876958992704176e-05,-4.250045804272506e-06,-1.1174986696065573e-05,-9.218556957233707e-06,-2.8035395518206313e-06,-9.261509879260451e-06
032,-3.824564626620477e-06,-8.657551282997456e-07,-1.6860221545245206e-06,2.3816106251039895e-06,-2.62256098912764e-06,5.475507554943096e-08,-2.062265226345057e-07,7.654435500101145e-08,-2.4390344322705743e-06,-1.0059127616759907e-06,-1.389416101131836e-06,1.1564030499552753e-06,2.1161590403174805e-06,7.74799007967936e-07,1.2124335047923926e-06,-5.603361857776523e-07,3.3121026518113606e-06,1.5069524629166352e-06,4.916428496172672e-07,-2.9971124612046684e-06,-2.452011135689654e-06,-6.4321350177821046e-06,-4.6687437183817665e-06,-1.1768464022095575e-06,-1.965778949749506e-07,-1.9478453894499414e-06,-2.490314478406352e-07,-1.171399242423253e-06,-1.8738173084732291e-06,-5.452812973127499e-07,-1.4168905306812467e-06,-1.7371997463843943e-06,-1.820434726427126e-06,-1.3451862850418777e-06,1.0769705010618102e-06,1.4489532554730556e-06,-1.420948688436364e-06,-1.8672933772359782e-06,-1.4993028872835851e-06,-3.2055066279473175e-06,-2.789608823730193e-07,4.278445591488746e-06,6.77846831739949e-06,3.0446176987002473e-06,-2.549607118744012e-06,3.0963993121889465e-06,7.954973026035008e-07,4.107673995014818e-06,7.061107200157741e-07,2.8448111903339177e-06,-4.7597483439972365e-06,2.7934452600413027e-06,2.9856624455779823e-06,4.318338730217447e-06,1.964221948551416e-06,2.786610263735943e-06,6.975471828872153e-06,5.642555113274764e-07,4.6506682616940835e-06,-1.1864579473177386e-06,-2.1158496544357617e-06,-1.4815538094867216e-06,-4.11766370688745e-06,8.132097931544043e-07
035,-9.021536766670898e-07,-2.2282005617737e-06,-3.5782779577205744e-06,-2.1532999430247254e-06,2.0313862064074253e-06,1.9814857575875473e-06,2.561132772206713e-07,1.0397254585904042e-06,1.6132472986329178e-06,-1.0084860647775242e-06,-1.1500829692648144e-07,1.5663844959875779e-06,1.8252572588611283e-06,1.0332222078043733e-06,1.401914239611035e-06,-4.843374046155608e-07,-3.160339974708563e-07,1.8343954020702993e-06,4.0039591252096e-07,3.2523576928965283e-06,2.6631875963459177e-06,-7.878220047017186e-07,2.4834838785925277e-06,-9.002511442841002e-07,-1.2438443323747347e-06,-6.477990290894566e-07,-1.3232784822503763e-06,2.9437084444337258e-06,2.9100070431265877e-06,-7.137033223456771e-07,1.3153110480574858e-06,-8.140286254545887e-07,8.680542737918554e-07,2.7658247967297896e-06,-3.3641842462258433e-06,-3.3783599448257513e-06,-3.138217824170191e-06,-9.833541896740404e-07,-1.7424375010761097e-06,3.513770103516821e-06,-6.810694772144216e-07,-1.924239825309643e-08,9.734629839990027e-08,-6.963467437682994e-07,1.5014960358851038e-06,1.6629402601409875e-06,9.738587012881048e-07,9.425394094657936e-07,-3.015559235499142e-07,3.3225249446354134e-07,-1.161377208397208e-06,-9.623651662970142e-07,9.246818834151582e-08,2.4862418472485024e-07,8.95577446551588e-08,-3.3017859887251456e-07,8.684904238902959e-07,1.6311679055815267e-06,-2.911841981433029e-06,-1.7391369834149415e-06,-1.7067322819731746e-06,-1.284865235384716e-06,-2.1410428865944658e-06,-2.3811406050204395e-06
036,-6.138135119497733e-07,5.633405893764214e-07,-3.3746401093638874e-06,-2.755116693915565e-06,2.7681373100430825e-06,3.248745623768069e-06,1.817957476569028e-06,2.8341865902671175e-06,2.933183041835653e-07,-4.96895702946612e-07,-2.67333512595779e-06,3.130740769968673e-06,2.091041047203977e-06,1.4072274545288938e-06,5.153834268916716e-07,4.0585267937897416e-07,-2.111489076834688e-06,2.0070202227919177e-06,2.845190606976907e-06,2.135265461674853e-06,2.5495403986889073e-06,3.0501010004691403e-07,4.552333340199998e-06,-3.0485547550620157e-06,-1.5212748486537692e-06,-4.667637208009432e-06,-3.1837905600220732e-06,2.238662926326619e-06,3.2414376384899327e-06,2.301414366159256e-06,9.386543162024789e-07,2.0043729964492414e-06,-3.7409505686490387e-06,4.542702864845503e-06,-2.0375238544632295e-06,-7.897177209165872e-07,-1.2767065815950009e-06,-2.7845704673132655e-06,-4.093393005115426e-06,3.943737200730033e-06,-1.1204944406666258e-06,1.2615552655955274e-06,-9.540282556479516e-07,-8.935208632970248e-07,2.9103034373717657e-06,1.91287497410129e-06,2.6667991059922534e-06,2.905408118009128e-07,1.6242395490373582e-06,-2.6189960521916763e-06,5.781056035560396e-07,-4.516311603497272e-06,1.735338144457843e-06,-1.6845305682980612e-07,5.028211300577972e-07,-1.0277141951544432e-06,1.8616168569495903e-06,2.1893142929261866e-06,-5.4081725507515434e-06,-2.4516978238812285e-06,-4.8621298642098875e-06,-2.1921109933227713e-06,-7.155652014228285e-07,-4.116178191967378e-06
038,-2.4729744415527087e-07,1.822912573303567e-07,-6.176465543401785e-07,-1.4199228703067044e-06,-1.5224382283486335e-07,1.1514259037445663e-06,5.957826461335244e-07,-4.994082830706545e-07,7.645409929690066e-07,6.556993489094324e-08,2.886576366739487e-07,1.703882999651417e-06,9.340046241140853e-07,1.2906307410833218e-06,-1.9023997785708492e-06,2.869313203904145e-07,7.442334580495337e-07,1.0103968905754122e-06,2.880292546930633e-07,5.685589679231563e-07,8.129565873773221e-07,5.64475366972872e-07,8.436026751105576e-07,-6.138912078399303e-09,-4.6436410699585026e-07,6.065932622138355e-07,-8.53753955283457e-07,-3.8477356346395555e-08,1.9939635280287866e-07,4.2988273194131136e-07,1.696381795418657e-07,-7.265579106202714e-07,-1.2136988843239385e-06,3.11618145272988e-07,-1.3010505608984863e-06,-1.6523272494866015e-06,-1.3329431203827845e-06,-1.1790317632653822e-06,-2.726103811452614e-07,4.5833163450015427e-07,8.033640895215187e-07,3.5343713306329305e-07,-1.2325010839859138e-06,9.105809258425787e-07,1.4681771662756954e-06,1.2494267320946805e-06,8.836567222132183e-07,7.133385897848278e-07,3.926097526196481e-07,2.3711962161791291e-07,-4.629285460325959e-07,-1.5021495341886902e-06,-1.926622610694697e-08,2.226850133414896e-07,-1.0104073678693256e-06,-2.2200558825039033e-06,5.013444048655697e-07,1.2211229867965206e-06,-2.0821691762876348e-06,-5.246659905062217e-07,2.1190311047919077e-07,-1.4614315206554382e-06,-7.476087902504579e-07,1.7028592600197973e-06
039,-5.65232057348002e-06,-5.867394215827871e-06,-1.3810091473018743e-07,-4.509103632271198e-06,-4.964442483709571e-06,1.6074566221408402e-06,1.0372726137404036e-06,2.6912994782027204e-06,3.6507524084082207e-06,5.444085953405461e-07,2.0777325765261176e-06,1.501882281146799e-06,1.975223320575931e-06,2.3294524874721036e-06,2.089230471377185e-06,-1.971042556123909e-06,2.7418538433660736e-06,3.4229952665679234e-06,1.5082482175235436e-06,-6.91821059724315e-06,-4.9841515081634735e-06,-5.993583434024104e-06,-4.3265345606586156e-06,-2.958954913958376e-06,-4.834370589965088e-06,1.2722887344567152e-06,-5.39736944297346e-06,-2.1896752838122874e-06,-4.232956153423103e-07,-3.160624681874021e-06,-3.796472036978704e-07,-2.068664874455045e-06,-1.9942682494907622e-07,-5.080285650611374e-07,-4.366497894758003e-07,-3.3234708029220455e-06,-2.2022017332698174e-06,-2.1504854048206263e-06,-2.1931361622620132e-07,-6.047972428904309e-06,-1.2463884058773904e-06,-1.5657435992744238e-07,3.038785072325381e-06,7.4092663762716955e-06,1.6973544242231884e-06,2.2854186160618655e-06,1.224680183139567e-06,7.198419611683221e-06,-4.550551514836924e-07,3.135677926867624e-06,1.5762747703063104e-06,3.552355908701978e-06,2.478911440446849e-06,3.3517110277450408e-06,-9.001986466608308e-07,4.3595480965782545e-06,2.4725070383528163e-06,2.812642221299114e-06,-6.504940955431476e-07,5.045093359113343e-06,1.4684589575309646e-06,-9.925956915907874e-09,2.5603737754869825e-06,1.1260971413686681e-06
040,2.543698831328393e-06,-1.2185475768875102e-07,1.8154031262686292e-06,-5.09594123217943e-07,1.447361884115001e-06,2.6030242561051212e-06,-8.3041249961763e-07,2.74382912500802e-06,-3.375612438366626e-07,2.5540830911874395e-07,-2.9567912185669267e-07,2.158152626155677e-06,9.473997136471261e-07,-2.059044591006756e-06,5.084620788727005e-07,-1.6760408074970466e-06,-4.619018744005571e-06,1.2292977781344856e-07,2.431823024844486e-06,2.0787027756256957e-06,5.063022165302453e-08,2.021039205565888e-06,2.910480450908258e-07,3.0188924710174806e-06,-2.058461217761552e-06,-5.397074596990259e-06,-1.135221025138285e-06,2.5886842781710475e-06,1.7677678808154018e-06,2.327986261405886e-06,3.4273595686995165e-07,1.929411815659735e-06,-2.737206267418313e-06,2.4097442122439305e-06,1.8766508053385276e-06,1.2313476495264718e-06,1.089871382710108e-06,-1.5713194242021188e-06,-2.9931331098279484e-06,2.3686806028214708e-06,1.483294736773711e-06,2.327462947899616e-06,-3.6236970690601495e-07,2.2259547231879224e-06,-6.250715740248496e-07,-5.095844848765552e-07,1.069912533522622e-06,6.523811330546355e-07,8.363381703472955e-07,-4.804421636660645e-06,-1.8242846534497814e-06,-1.2662737117192378e-06,-1.818345326212889e-06,-2.310919983142244e-06,-2.3335533617276827e-06,-4.641672277417239e-06,2.4467884749515538e-06,2.014633260857543e-06,2.1583855558803897e-07,-1.683406509794293e-06,-5.915092496250699e-06,-3.890263804251913e-06,9.463641147184023e-07,1.1372260878054408e-06
041,4.454887834597609e-07,9.119893203921571e-07,-4.1520546969025784e-07,5.193497521044086e-07,7.589978750200625e-07,5.390953764722031e-07,2.3504101703370545e-07,3.416561820103352e-07,-6.020072756842365e-08,-2.8557313763430457e-07,-3.2075078466933014e-07,3.2318260564668344e-07,-1.4694000857824133e-07,2.3806298040350115e-07,-7.001937284106627e-08,-5.084900136877188e-07,-8.229616706881064e-08,2.1742822019493183e-07,2.3021033885818493e-07,-2.7445168204421865e-07,7.021284711906824e-07,-1.4466584894195576e-08,1.0410403392431325e-06,1.4029543590891888e-08,8.570629652665391e-07,-2.4511658589996157e-06,3.843705982951081e-07,6.885348281221417e-07,4.755968636874061e-07,1.6843769816503008e-07,9.86393849227394e-08,2.7364663269311878e-08,5.074907403937211e-07,7.355064285217928e-07,-1.085815057494298e-08,3.949310182454751e-07,1.6356055978803073e-07,-9.334277008650193e-07,1.513417905811596e-07,-2.6300800488971513e-07,-1.3959412321626368e-07,-9.359425851660028e-08,-3.9284565408559224e-07,-2.3580054597380826e-08,2.1980369599395204e-07,-2.47517821786589e-07,2.2149854046683682e-07,-2.2163971639318348e-07,-4.716583897011294e-07,-3.3786207013242357e-07,-1.408102579576414e-07,-4.6970022940151703e-07,2.65499740617837e-07,-2.214763695759869e-07,2.7852473691674176e-07,-5.655355144743982e-07,1.0231456718923083e-07,3.7902537838029306e-07,-5.74326352842944e-07,-7.786165421215531e-07,-2.3479446218970667e-07,-1.049099213566604e-06,-5.925869614710889e-07,-2.451133484075281e-07
042,-5.757782933342926e-07,-5.514805663588563e-07,-4.5170052293292975e-07,-1.0768032385189272e-07,-6.754477328371041e-07,-3.2967678006483915e-07,-7.810626974973573e-07,1.6919932646714682e-07,-6.951378700268362e-07,-1.4917821436066e-07,-3.4043272341666013e-07,7.320817571718104e-07,5.73911473971813e-07,3.096325854610731e-07,8.578783168485038e-08,-2.438115005277249e-07,-9.683474420497001e-08,5.027002285632217e-07,-7.810814115720897e-07,-7.49131948481725e-07,-5.19758031686062e-07,-7.616707760265036e-07,-5.590848547737739e-07,-6.125175130384692e-07,-5.32280327807797e-07,-6.308860475646089e-07,2.31977227317767e-07,-6.011499495642456e-07,-1.3039429026356202e-06,-5.344123261014374e-07,-1.1025960167722363e-06,-3.5556811844081204e-07,-9.443079059866653e-07,-1.3024516257072437e-06,-3.307991769962874e-07,-1.4748938160306584e-07,-2.4867721103369166e-07,-2.529825478476395e-07,4.5905397249856823e-07,-9.86349462108814e-07,4.690395802325819e-07,3.3556055469065994e-07,5.458153636246781e-07,4.5494302302800347e-07,1.0119920875798275e-06,1.1989972841207706e-06,5.321932135054207e-07,7.018814015694651e-07,1.3446002094657337e-07,9.156187871099925e-07,5.097217253133648e-07,7.718722238710125e-07,4.790534093948416e-07,1.0098999212326741e-06,7.861820431180882e-07,8.604853323120791e-07,9.945748070681366e-07,1.2480187247468475e-06,7.167911159952022e-07,-8.658657807893856e-08,3.492101425623646e-07,4.896311622338809e-07,7.336434042904467e-08,6.882954154200859e-07
043,-4.0433234842029766e-08,1.890058716096199e-07,-3.79978179269927e-07,-7.5405277710548e-06,-4.20862795464495e-07,1.9510135661341087e-07,-1.761810940301275e-07,4.159146387027866e-07,-8.046886909861775e-07,8.162440012190697e-07,6.615338078631723e-07,1.7114227337565436e-06,2.801230313229071e-06,4.279396769824011e-06,8.110549965535553e-08,-5.021736788834795e-07,-1.1789066266200196e-06,1.922164937459533e-06,-2.1331650563181075e-07,-2.078483912564031e-06,7.69804563543075e-07,-1.019792201531624e-06,2.873832663046707e-07,1.781190105145675e-07,-6.6569895661164006e-06,-1.161352628451525e-06,-6.0881727330043085e-06,1.1537620874499575e-06,1.19842936065304e-06,-2.9085416161139547e-06,-3.0456801609436188e-06,-2.196077373921232e-06,-4.4101508518012324e-06,1.1523319436441475e-07,-2.6345813547817325e-07,2.415929357870858e-07,5.888361747955223e-07,-9.935268859751483e-07,-2.5419981469430397e-06,-3.617385150084587e-07,2.9574866672983073e-06,2.7128002019423317e-06,3.8580190985970115e-06,7.63260880293826e-07,1.216632780374092e-06,1.2863442718251059e-06,8.982069097433959e-07,1.3164868221862052e-06,-5.957025364886229e-06,2.0774539546794556e-06,-3.9847746466950105e-07,1.1028247434948933e-06,4.15536375101056e-06,-3.3376747353359457e-06,3.9912643240089e-06,5.463009870280787e-06,1.4331975941080217e-06,-1.5649450880586718e-06,1.2475124567411845e-06,1.8204408090974622e-06,1.0895165676493471e-07,-6.030708471894813e-07,3.5633784851060644e-06,-7.346909961220088e-07
044,-1.831860650281007e-06,-1.5392845557302532e-07,-1.7887424485500862e-06,-5.89411140430975e-07,-1.0517980031489955e-06,4.2985814554866814e-07,-2.123188244527291e-07,4.60587070163597e-07,-2.439248844367438e-06,-3.4892005090292765e-07,-4.217018073055483e-06,3.634133564515553e-07,4.376453048259925e-07,-5.186816344845866e-07,-4.705881314276098e-08,9.345242836108524e-07,-2.023165995930535e-06,1.2774229892652637e-06,5.567857519634525e-07,-8.322073472534186e-07,-2.145587578688831e-06,-1.5870000174157227e-06,-1.27957177348152e-07,-1.7616399804031377e-06,-3.5192862086097683e-07,-2.522697879223747e-07,-5.212874168219672e-07,-5.190143464975664e-08,4.951867897172245e-08,-1.5422921662736406e-06,-1.8963369019944055e-06,-4.952536847848263e-07,-2.3170634349074445e-06,9.628373059365436e-08,-1.4034606603112971e-06,-1.8830590167853268e-06,-1.3175458311968932e-06,-9.911890850652495e-07,-8.559493279435537e-07,-1.3670277785799537e-07,6.171392195516747e-07,4.950161291312768e-06,3.986143050484048e-06,4.399320541791696e-06,1.9416535425532453e-06,1.6392760886246125e-06,1.8460956917934705e-06,1.1287576325809737e-07,1.6472883352302515e-06,-1.4292802177635241e-06,1.907686830478102e-06,6.639467534791024e-07,3.2233749309377204e-06,1.4385827599626003e-06,3.1493018969199724e-06,4.000486369916918e-06,3.0400676653655835e-06,1.1257419291694896e-06,-3.2154135145623925e-06,6.217164886979221e-07,-2.6785628149792726e-06,-1.9307165034448255e-07,8.412976356494776e-07,-2.5490827161163017e-06
045,3.230781568395243e-07,-7.977324890386712e-07,4.895413150919266e-07,-1.1102896426188036e-06,-7.357663595384909e-07,3.988417677065505e-07,2.7578058850842503e-06,-7.753308468160813e-07,1.7007001572950204e-06,-2.9711208422677944e-06,1.914172530991361e-07,2.090354032453868e-06,4.3189720308281e-06,7.379731593954624e-07,1.8575232353232927e-06,-1.0475219368636207e-06,1.0169663425363898e-06,2.0841914959704135e-06,5.545442924625377e-07,-2.0452956616524406e-06,5.551009308669066e-07,-1.9543193965573304e-06,4.054541794263486e-07,-1.6495276438330055e-06,-2.3096453457719112e-06,-2.0159486204389475e-06,-2.4146879038252174e-06,2.2303022909621478e-07,1.5747737658491088e-06,-1.5975473601092037e-06,1.6253234844989896e-06,-1.6131411129595436e-06,-3.681601768092016e-07,9.846504364090803e-07,-1.0790016707135991e-07,-1.2084637608833747e-06,-4.515236950841361e-07,-2.0334217687436874e-06,-5.88405069069019e-07,3.628819755364627e-07,-1.259047719524141e-06,1.1535266317155796e-06,1.0254959954663858e-06,-6.388954730644066e-08,2.1434095495270526e-06,2.023462961539824e-06,4.472110935624581e-07,1.8283184478521355e-06,-6.847591039771196e-07,1.7165915756025028e-06,-6.462423788308547e-07,3.2921871874764177e-07,1.489214110513245e-06,-1.6959568415880318e-06,-1.2997186119295461e-06,-6.168999497162287e-07,1.94387616951671e-06,1.6800591493031304e-06,-1.270103633020941e-06,-6.382137314795922e-07,-2.0769644713736128e-07,-2.056939275739591e-06,-1.6144189455802175e-06,-1.8387254333435353e-07
046,4.019276476989095e-07,6.388822769676405e-07,-1.5666315178200959e-07,4.073204265220678e-07,-1.407974679743587e-06,-3.1230545634753454e-06,-1.1775385395864287e-06,3.2838219000422445e-07,1.5112442559502464e-06,1.2551564187101672e-06,1.300468985707298e-06,-2.221922417022126e-06,9.792016240290933e-07,9.385194444050022e-07,-3.4300287572382215e-07,-8.235346297231806e-07,2.0404691132104253e-07,-9.071618041294833e-07,-2.7492314565004644e-06,8.951657556535282e-09,1.015618833641182e-06,9.804224262714645e-09,1.0858603997285966e-06,1.8225322093660696e-06,8.38793404900631e-07,1.742019504818958e-06,-2.6432112023194328e-06,-1.6001583028926945e-06,-2.446951811717752e-06,-2.6108356714048305e-06,-6.014878725228537e-07,4.365407713959378e-06,9.835227907471896e-07,-6.711000703314464e-07,-1.2554337107328995e-06,-4.117317753831339e-06,7.890768106021586e-07,4.783214390645245e-07,4.869572196137496e-07,1.244592531692465e-06,-4.1831813286212454e-07,3.631927649495288e-06,2.0339972043058542e-06,3.567595352209292e-06,1.7841755263497225e-06,1.2364067128889288e-06,-2.049032874021403e-06,9.432337556891336e-07,-1.42743361307711e-06,1.4382775826011442e-06,-1.5175255898793547e-06,1.582268215472882e-06,2.0933252380790703e-06,1.927025637260582e-06,2.1510221578543573e-06,2.0459718380844637e-06,-8.529278499162567e-07,1.184525190478142e-06,-1.2422480883501262e-05,7.05529779865127e-07,8.433191357355889e-07,2.438588606914029e-06,-1.5805599512966905e-06,-3.3189390965595496e-06
047,-4.486078974162754e-07,-9.438871311934834e-07,-3.9700509244801247e-07,-3.9607526618174634e-07,-2.7685964033418687e-07,2.511451857589067e-07,1.102886750605056e-07,1.6426875644109877e-07,-1.4885687949783888e-08,2.623651632423054e-07,-1.819788672309511e-06,-5.054816550773177e-09,9.793705557387181e-08,3.4227839582892377e-07,-9.542814898265161e-08,5.283345718494813e-07,-8.438277470459191e-07,2.9477104457285655e-07,2.0272304650013753e-07,-2.407501098938339e-07,-1.5837327847877954e-07,4.0507648816057054e-07,4.2579451272327996e-07,-5.436763208003328e-07,-1.238210179227866e-07,3.0365631339788163e-07,-3.3405995619655983e-07,1.5207801606472504e-07,1.2451401247945648e-07,3.6912866597201065e-07,7.753794460650788e-08,5.036910364004732e-07,-4.843465861372981e-07,1.8613704446697765e-07,-1.5180706529018235e-07,-2.121619327871937e-07,-9.330990866565595e-07,8.492596171220769e-07,-5.585392889082861e-07,-1.610395836838234e-07,-7.398476013812909e-08,3.0331975697313477e-07,3.857426055482999e-07,1.4750924988439097e-07,1.7567553127464994e-07,2.5536449725477987e-07,1.881795555798957e-07,1.695874477199521e-08,1.831200836134201e-07,3.999587003949972e-07,4.0828738099597176e-07,2.2846259542907763e-07,3.2819117798761793e-07,4.0157153453195593e-07,6.698572268219114e-07,1.2375106292547404e-07,6.356988369404362e-07,3.6022018373429414e-07,-8.225891425402618e-07,3.766945657799312e-07,-9.458727145688033e-07,1.99095927544742e-07,3.20489498005479e-07,-7.735933177993352e-07
048,-6.551457353667494e-06,-9.810843608349263e-06,-1.0254818654114703e-05,-1.1572787876721743e-05,-2.470641631667294e-06,7.032896498099057e-06,-1.95912754161327e-06,-4.358849704345413e-07,-1.6501598929740164e-06,1.8522373583812241e-06,-9.969870479302786e-06,-7.765993970145738e-08,2.2098354404765782e-06,1.4248325164878411e-06,-4.022949603351149e-07,1.7573094197477688e-06,-2.6909107256814683e-06,3.6749158792425325e-06,2.4891444195056676e-06,-2.1993766095792535e-06,-8.718908184226428e-07,-1.591065015440799e-06,1.5382225328905162e-06,-8.323426063713844e-06,-3.9339490506954644e-07,-2.110105544221978e-06,-2.2809056170187406e-06,-4.6995267555172604e-07,1.89640421653501e-07,-4.809147467382958e-07,-7.698311584124529e-07,1.2899460196610087e-06,-1.7232099375210386e-06,3.6687248385583284e-07,-7.762288141794016e-07,2.9062457678248186e-07,-1.8588190112882169e-06,3.6263003030225754e-06,-6.326715211483534e-06,1.4477349131251487e-08,-1.1328968905354291e-06,5.073916965073652e-06,4.196562713080127e-06,2.6775901123227053e-06,1.9228883902418875e-06,4.539194266362503e-06,3.885310429704572e-06,3.3639115155866733e-06,4.772582676165334e-06,3.829690059834642e-06,6.78609123128024e-06,-2.204816414341101e-06,1.9862963837559956e-06,5.783719694635283e-06,1.1504650215509988e-05,1.0046896712142916e-05,5.990864103182154e-06,5.241860363976158e-06,-5.021609980787062e-06,1.7882745204065616e-06,-8.745752466765517e-07,-8.174770231708068e-06,9.405529367830772e-07,-6.657145981729574e-06
049,1.6819061123915008e-06,3.3638539121655193e-07,1.452232729077503e-06,6.371206841441418e-07,-1.2339025674829704e-06,-2.6533749745863636e-07,-2.2890531464979684e-06,-1.1656757630835759e-06,-2.237181796401183e-06,-4.172578796505861e-06,-1.5063606216796367e-06,9.730070122809391e-08,-1.5587084047776698e-06,1.3969828627919227e-07,-2.9107023875183467e-06,-2.6936614513829916e-06,-1.064001070171676e-06,-1.5242185024791777e-06,-1.5629273460526543e-06,1.3305188752469698e-06,-7.702866611429655e-07,6.044311832111715e-07,-7.464363168238215e-07,1.490368299631433e-06,1.1979155275583856e-06,1.0583722794424663e-06,2.6362838843187114e-06,-4.296648945865803e-07,-2.368483061301349e-06,3.176751905771076e-07,-1.6400554606624793e-06,-1.0111208825650227e-06,4.974836085920944e-07,-3.2199810952142657e-07,6.380469832273372e-07,7.082970688589499e-07,2.734770524749407e-07,-1.0660830116482442e-06,4.328277210216792e-06,-2.703926634880974e-07,-9.479262709010652e-07,5.725924552707153e-06,3.3097804093151776e-06,2.790171210137682e-06,9.25842421816033e-07,-1.870528471949231e-06,1.7329152596749518e-06,-3.913961832726463e-06,1.5225589120650662e-07,-5.6326108807831e-07,1.809916812083245e-06,-1.7277767212239224e-06,1.8805592766039094e-06,1.0780720100142575e-06,4.528130417045932e-06,1.2199253245780993e-06,6.427221609638828e-07,2.2523974400256243e-07,6.334184552122445e-07,-3.3437849727894315e-09,-1.35181475913225e-07,-1.382088097661042e-06,1.091842681501809e-07,-2.83695112454678e-06
050,-3.4434712145181973e-07,1.51635272869552e-07,-3.2049593943289676e-07,-2.3508156337697277e-08,2.2967206096304276e-07,4.2463189948228687e-07,1.0213283638108985e-06,2.2564816097459744e-07,2.3198856539117605e-07,4.066706066862529e-06,-3.8560929037144543e-07,-5.095746623283396e-07,-3.230993469486109e-07,9.543798632525432e-08,-2.678886458581869e-07,2.3322786098222417e-07,3.1374713766075574e-07,1.8394460828732188e-06,4.89364645630163e-07,7.299964523134572e-07,-3.1905899110262433e-07,5.76875643151247e-07,-3.350573012831433e-07,4.4271326451817914e-07,2.3910586255180305e-07,9.608237814077633e-07,2.5686948366087176e-07,6.298557664174642e-07,3.125857239577926e-07,6.660269612406801e-07,4.1165468766441526e-07,6.767561381030679e-07,1.2476382948509872e-06,6.669972236103222e-07,1.5684415042996603e-07,7.19351084606286e-08,8.826043918414755e-08,1.4944100054404163e-06,3.4939965746632527e-07,-5.126251656398279e-07,-3.490968136345801e-06,-1.7525849539076419e-06,-1.3591397479170217e-06,-1.7227684198272358e-06,-5.625259718543578e-07,-1.059149666525521e-06,2.341355451536544e-08,-8.671899844865536e-07,-2.6295812469909154e-07,-3.860408772246916e-07,-3.399889758144038e-07,-3.4844358423420566e-08,-1.913272755916079e-06,-1.0095837060987708e-06,-4.4376263985827476e-08,-6.703774643772213e-07,-1.0171737900811506e-06,-1.036015790190572e-06,2.020181605727188e-07,9.199829588333818e-07,5.526580301581924e-07,-3.85183709554884e-07,-1.6921837800673695e-07,4.24970243656685e-07
051,8.908427724692922e-08,2.418159163131375e-07,3.065661465124905e-08,2.0536474323943827e-07,-1.4085222728639298e-07,6.472846808546173e-08,3.94113752173438e-08,1.6496473831387399e-07,2.9180476971610293e-07,-8.09144092648016e-07,-3.948033398580525e-07,2.227325081396207e-07,6.886701237452999e-08,1.4161628708419666e-07,2.1995248463226421e-07,-3.1660044597894466e-08,-3.811343961650198e-07,1.5913745824678895e-07,1.0477222005524752e-07,-4.514182417594326e-07,9.764380680121806e-08,-3.938367632540599e-07,2.551849055854989e-07,2.0822550863803177e-08,2.1100864469823743e-07,-4.405623689471057e-08,1.523733368748257e-07,-7.209030816013171e-07,4.920901261082671e-08,-1.6366641714228053e-07,2.3507343462391448e-08,1.9337619434131612e-07,3.1556815373525857e-07,-2.736003948916347e-08,8.907632048464064e-08,1.7690322999164213e-07,1.161256071053157e-07,-3.931145856350516e-07,-5.464494944704649e-08,1.3430822391113249e-07,2.791844382375035e-07,6.13365317540006e-07,6.988907749912119e-08,1.1632559603396146e-07,-7.134547901888044e-08,2.5257093301084995e-07,8.297239649266413e-08,1.7500998657187443e-07,-1.3146535284573267e-07,2.5060905544690814e-07,-4.881993916797473e-07,1.9055471643988134e-07,1.0789061659072618e-07,-1.263979348034082e-07,-2.7030118542590144e-07,-5.804112448451593e-08,1.8706965920719906e-07,7.906413820593631e-08,2.6277443924095205e-07,-4.1320566092360124e-07,-3.341857729735501e-08,-2.325381940883041e-07,-3.224639469842476e-07,-3.9332531096974306e-07
052,-1.8009159740968452e-07,5.631749996948094e-06,-3.879212653903725e-06,2.1104409614286486e-07,8.761383668757253e-06,1.0930245658304891e-06,1.1274218737124712e-06,3.77775913329402e-07,-4.4906284418431815e-07,-2.5257600829670993e-06,-1.5438650491428401e-06,5.177882676053662e-07,5.807249321542121e-07,5.437826598580161e-09,-2.6904211862643066e-06,-7.747393898141139e-07,-5.989358338612744e-06,2.8823422459672474e-06,-7.493556871980501e-07,1.0863111772757034e-05,9.628874333516027e-06,-7.847208445728473e-06,3.422326322598453e-06,7.636228303454783e-07,1.1723293468561997e-06,-9.803038602173515e-06,-5.096887335050151e-06,2.651648617617088e-06,3.84168370145183e-06,5.500253333846198e-06,1.1490933444414195e-06,-3.625275191609859e-06,-5.521260608232142e-07,8.731368586948596e-06,2.9631839807672447e-06,2.136205860785206e-06,3.182208477733184e-06,-6.054116526925399e-06,-6.46084753475524e-06,8.148985035523342e-06,-3.0178958826864914e-06,-3.1754750045316448e-06,-2.4322939829535033e-06,-9.688242627248032e-07,8.825439357480515e-07,2.6766439115806966e-06,-2.952415288120234e-07,-2.6865475032324645e-07,6.041549447701292e-07,-2.5645677269792243e-07,1.2515069297515637e-07,-1.2027088618112634e-06,-2.91203004163311e-06,1.0146285953110568e-06,1.3861294767211079e-06,-8.445360400238419e-07,1.1252813134731741e-06,3.9449744666881955e-06,-5.8510064123058724e-06,-3.894791379769713e-06,-4.194966072504701e-06,-4.6625831739502065e-06,-9.769098712203838e-07,-3.9273557049894075e-06
053,-1.981257303768489e-06,-2.3379236736261436e-06,-1.1030554073297552e-06,-2.1075107512936505e-06,-7.595271504351976e-07,-2.0325240145776423e-06,-1.8009781059002799e-07,-1.6997373471687273e-06,4.5802503022658455e-07,-5.03462149401066e-07,-1.3310745029275192e-06,-1.0738011903336722e-06,2.9536831272241534e-07,4.469438475413517e-07,1.1266275162418076e-06,3.9034131455435897e-07,2.0034507958319594e-06,-9.95052215684793e-07,-1.8861445977775918e-06,-2.0576931968982082e-06,-1.663507243002322e-06,-5.700275751229377e-07,-1.703984964083677e-06,-1.1150668076541573e-06,-1.0855378947235818e-06,7.0817008233021e-07,-6.223730373195788e-07,-2.0850466891389395e-06,-1.9458024575906886e-06,-1.5436320761489785e-06,-1.5256665872409035e-06,-5.076966861778717e-07,-7.631619833791163e-07,-1.693133998411125e-06,-1.801227540641426e-06,-2.3283013878333443e-06,-2.5940852352508846e-06,-5.689207142438465e-09,9.84830052671097e-06,-1.9651839460363244e-06,4.392539912747087e-06,2.883222607741251e-06,3.459362099506978e-06,3.303873560052265e-06,6.208787480668968e-08,4.178731346355229e-07,1.2608437378963663e-07,1.6235254152602087e-06,-2.115001367748277e-07,2.3718048754441035e-06,-7.3402893338465976e-06,1.21147486227793e-06,1.8455500878303153e-06,2.341698682470558e-06,1.9599043292305967e-06,2.6821670095075315e-06,1.6320501867715555e-06,6.926510575449812e-07,1.657218958268351e-06,3.4126122813998065e-07,2.0473344994506306e-06,2.2618070002769663e-07,1.3721018013069546e-06,1.1925814163617321e-06
054,-2.218975535673068e-06,-3.001920491010644e-06,-2.330941862901817e-06,-1.2814707592482919e-06,-3.322230948745343e-06,4.3490720567963567e-07,2.842747184150813e-06,-1.0626975801948029e-06,1.6566498836864822e-07,-2.238320418588235e-06,1.7172277902025434e-06,2.2494588608254803e-06,3.3226616582632168e-06,6.896655861982459e-08,2.619266674582161e-06,-9.868335259382298e-07,1.1561879377247957e-06,3.0226344343319377e-06,1.7102710436992723e-06,-3.89107430391357e-06,-2.338119880338462e-06,-1.9790071459337547e-06,-2.1427625993840456e-06,-2.32162856182964e-06,-3.1117756443407984e-06,-2.7916947576979816e-06,1.316177944984876e-06,-2.5848667259338156e-06,2.523633813742476e-07,-2.807833050122026e-06,5.739536024870532e-07,-1.860286717672274e-06,3.2023066064775666e-07,-1.5234517209870118e-06,-1.1383697537073274e-06,-2.6475432735610422e-06,-1.3217357745694585e-06,-2.1517141974817748e-06,-1.2244447279249112e-07,-3.289245054924369e-06,1.937104488065789e-06,3.3722703298414236e-06,2.5701933603701505e-06,2.982819200042656e-06,2.5578292936121407e-06,2.1655336728119853e-06,1.6904272167281495e-06,1.447440653189299e-06,-1.5580298058423718e-07,1.92524976887194e-06,-2.7297655298009154e-07,1.8709159977614234e-06,1.9372051827007895e-06,2.414989451275767e-06,1.0748326582794679e-06,1.3806249615235964e-07,4.36159757639575e-06,3.0922816578369857e-06,-1.5821290413656353e-07,-1.5276485102284975e-06,1.9493152780745744e-07,-9.22338790555815e-07,-1.9538741085621276e-06,1.951394146851812e-06
055,-6.18532944758584e-07,-4.314938633951324e-07,-5.216190117178197e-07,-3.1950514400096656e-07,-4.145968748527575e-07,1.3235717021488115e-07,2.6289631310451097e-07,-7.560154346234097e-08,2.4891448366750826e-07,-3.1255081731318183e-07,-2.4759626305529375e-08,3.651048976129382e-07,5.316731249857371e-07,4.054703119950644e-08,3.7492334523459105e-07,2.4312025010793765e-07,2.559794246326293e-07,4.2637688413074447e-07,3.531026548451185e-07,-3.953500410589465e-07,-2.4431363480748397e-07,-3.704570029907975e-07,-3.1396182439501645e-07,-9.849115870907694e-07,-1.8026385023521586e-06,-5.444546471855928e-07,-8.223970010363724e-07,4.4238968017754757e-08,-1.0234005140807853e-07,-2.7554621913831646e-07,7.035394535567242e-08,-4.800246954143076e-07,-2.0513500410198296e-07,-6.987032890410195e-08,-8.209294417265809e-07,-1.5129695104021865e-07,-5.107551608605135e-07,-4.0107887163808916e-07,-2.15733138060923e-07,-2.817008808185157e-07,-3.9752925645187105e-08,5.079576652056907e-07,7.900183725236119e-07,8.356961612244979e-07,2.2058438747608923e-07,7.253687800140204e-07,4.900958762280331e-07,6.069512505917188e-07,2.830099007837308e-07,7.762144601510086e-07,-4.105091496806659e-07,5.322002971988627e-07,4.120427434127907e-07,8.955069664405634e-07,4.89445868545833e-07,7.568630426429648e-07,9.091055741981977e-07,8.444665545430621e-07,-1.716479128925972e-07,-3.205216807318687e-07,-4.0015640191496163e-07,-1.9032730276964181e-07,-4.608972203383025e-07,2.80251009518099e-07
056,4.0871343670947475e-06,-4.0452222976023077e-07,1.2428344481962336e-06,2.603245768708467e-07,7.455292317752394e-07,-9.802877459144073e-07,-2.638093966409394e-08,7.95456923879177e-07,-8.744795690382289e-07,-4.027619719714786e-07,1.7072597645598693e-07,-1.0823008569268708e-06,-8.097049168397219e-07,-2.245157153722961e-06,-3.214813102046589e-07,-1.424951948362985e-06,-2.5364486024323386e-07,-7.800191675060253e-07,1.2558984299585874e-07,3.563868403551995e-06,-4.719325560176924e-07,4.745551782741749e-06,-4.033189117223098e-07,4.848348834450167e-06,-5.526517167465378e-07,3.596376700132136e-07,1.557041735483039e-08,2.8253816976416614e-06,-7.075268900191163e-07,2.357304380146294e-06,-1.0968278918752452e-06,1.5643993149349754e-06,2.835962342044956e-07,4.1587753736963147e-07,-1.609745522739084e-06,-1.384505498712389e-06,-1.0742282337027981e-06,1.0106594827172928e-06,-2.9227536166117493e-06,1.5329302161416143e-06,2.0704743413830943e-06,4.9938114092901035e-08,1.9706493570900862e-06,2.3376931107327907e-07,-7.314335148336148e-07,-4.1476963088873247e-07,-1.5774498313574063e-06,-4.665076768195944e-07,-1.8382872664575981e-06,2.3913661823557365e-07,-1.1633483473612988e-06,8.724733311031064e-07,-8.751704573385925e-07,9.703601193127842e-07,-5.957086779177583e-07,3.051687711111802e-06,-7.094365562302072e-07,-2.749730223029031e-07,-6.355747574266725e-06,-2.4140203521065667e-07,-2.354676958164664e-06,-1.6156513830341579e-06,2.688388940595189e-07,-1.6343026955124307e-06
057,3.747445897705601e-06,2.321849999675193e-06,1.7075005280485557e-06,5.559578613622842e-08,5.701375233102564e-06,3.6469573880121617e-06,1.5365111042732216e-06,8.27708241651915e-07,-2.710183050320149e-06,9.919130832560622e-07,-1.5092920213000668e-06,8.953171269067278e-07,5.737298526049293e-07,1.7776986603713483e-06,-3.6310120757708545e-07,3.168789851590607e-07,-1.013945262572567e-06,9.147073272050386e-07,2.125132648212939e-06,6.7540059333402e-06,5.61895136505159e-06,5.005009715806782e-06,3.5231740022098413e-06,2.1661808005080922e-06,1.2929900319746945e-06,1.940680469709276e-06,-1.5517081724038677e-06,4.0171438347848315e-06,1.4688040890294142e-06,3.697511685038714e-06,2.4062617552742943e-06,1.9280702070364676e-06,-2.8125493454697987e-06,4.7408088472337565e-06,2.3301432411462e-06,1.6100812561410333e-06,3.734638769967e-07,2.876419212981263e-07,-2.2141406619114148e-06,5.466429095916352e-06,-6.436201750464365e-06,-3.7247826335894984e-06,-5.530182220826185e-06,-4.657722610868014e-06,-3.1216832328367214e-06,-2.078335152000282e-06,-3.8217134035590517e-07,-3.909721133437652e-06,-1.5394943167890607e-06,-3.325322029387431e-06,-2.6149952968709157e-06,-4.467123190405372e-06,-2.0759542528301073e-06,-3.785259655506565e-06,-6.9486024214912e-07,-4.279590692085342e-06,-2.926090136306221e-06,-1.3932971248154056e-06,-4.7265895031136146e-06,-3.329151927765741e-08,-2.7607054799640935e-06,-6.083198689684477e-07,1.4943993173356516e-07,-4.670500818148563e-06
058,2.1656385532900632e-07,-2.2608822096560547e-07,7.264362872496078e-07,-5.174127672340516e-07,2.240925740816371e-07,7.624192648251095e-07,1.0539209473646007e-06,8.050157426865321e-07,1.818628043617063e-06,8.574295614525109e-07,4.691552866094883e-07,1.3222069712634438e-08,1.1674248606426083e-06,-4.117989576558273e-08,8.432614787518835e-07,3.7880269033051463e-07,8.098777508367782e-07,9.547197236879479e-07,7.781886563201218e-07,4.226378263738494e-07,-1.6399497767456796e-07,4.3800978085724095e-07,-2.3134757531113353e-07,4.2637090627449487e-07,1.591911807763799e-07,1.9005490855677627e-06,1.1423729220223628e-07,1.2472739346765566e-06,1.4896872432021066e-06,1.2700286365581852e-06,1.5393843160505008e-06,1.5135521640439342e-06,1.191298367669718e-06,1.5194006846242558e-06,1.1848965695878303e-07,-8.089699287934041e-08,-5.6024811421824184e-09,1.1840921763836858e-06,-3.1735600523874237e-07,4.119312200281205e-07,-3.3000897468825565e-06,-3.2312175979499367e-06,-4.654496664124572e-06,-2.649826902048632e-06,-1.0977830616557502e-06,4.4072496785164526e-07,-2.3344336298904853e-06,5.036336332337913e-07,-6.975803109895945e-07,3.8041817999850306e-07,-4.130426853325689e-06,4.7117985064379766e-07,-2.925109687309691e-06,-1.5313773091470784e-07,-2.743248472036466e-06,-4.1429226193179605e-07,-1.0166665093364566e-06,-8.289304584992529e-07,6.711669063396328e-08,9.007149665492452e-07,2.401739472410166e-07,8.375836801827269e-07,7.166979636892027e-07,3.7758165733704854e-07
059,1.1950577542950917e-06,-8.537875671738593e-07,8.516019688998918e-07,-2.5228395762319056e-07,-4.5981031413057856e-07,1.259412429230332e-06,-7.003855514289062e-07,5.238849984026752e-07,-7.525637281918184e-07,2.393278505235387e-06,-4.454976480733479e-07,-1.4911499239671305e-06,5.008643080750108e-07,1.040175519462116e-06,5.265255304066934e-07,-3.245965007112608e-07,9.256753447049144e-07,1.2035489898520914e-06,8.127297538009424e-07,-7.181111545108809e-07,-8.081203987811734e-07,1.4486698381653561e-06,-7.545766943845422e-07,1.4630340928881945e-06,-7.308484455733938e-07,-7.763873932277996e-07,-2.6651213303006406e-06,1.4443048360160854e-06,-6.185306530641469e-09,1.4882668953585477e-06,-1.1151616806390311e-06,1.4446355298882224e-06,-7.179380334765496e-07,-2.0244534837152678e-07,1.2058682270396848e-06,-3.8927137042737676e-07,2.851233169960393e-07,-5.192699845177953e-07,-3.1121753927055252e-06,-9.85848477237703e-07,7.747043885809905e-07,5.28283163528778e-07,-8.138882456158968e-07,2.3032256584695704e-06,-7.94939383065359e-06,3.869520121653735e-07,1.860116501915923e-06,-5.051941149751077e-06,4.201521777053085e-06,3.613397356303152e-07,3.7974716000128698e-06,1.700156517415724e-06,9.721501716602107e-07,2.49059413072853e-07,1.79377628521175e-06,-4.802333748983689e-07,1.2635699281268515e-07,1.1285541060734221e-06,-2.1331228226603866e-06,-5.456992034491027e-07,-1.0705352936668915e-06,-2.0019819112993793e-06,1.7376466268522996e-06,-3.105640755193764e-06
060,-2.8802327060271756e-06,-1.7108569209899257e-06,-2.7519011855031437e-06,-8.460548172740217e-07,-1.5513684582088612e-06,-8.899722568262863e-08,1.1318098184675378e-06,-6.819114873708929e-07,-3.9713182537531343e-07,-1.8773070281058557e-06,6.972910496553605e-07,1.1633044233513577e-06,5.447182661245405e-07,-3.909504251625043e-07,1.1936065238490545e-06,-1.3577846773747339e-06,1.1185348839987422e-06,1.5802311454305879e-06,-3.9684947391600997e-07,-2.0969389487053663e-06,-1.939251121768539e-06,-3.57906133876334e-06,-4.348003151384991e-06,-3.5210467845685646e-06,-1.9688904933997475e-06,-2.4629824533804653e-06,-1.69764556082247e-06,-2.373413123885258e-06,-1.2750705595656256e-06,-2.3918640871930466e-06,1.573777720531759e-07,-3.2580534215882137e-06,-1.941547429055047e-06,-1.6951106963750047e-06,-1.0193860568173412e-06,-4.6630749224736957e-07,-9.087512830509046e-07,-1.2438017723024491e-06,-1.1352802139847318e-06,-1.7812236982704252e-06,1.0498913734118287e-06,7.382222352440825e-07,6.190872669568156e-06,1.9596600722751604e-06,2.6703041448743056e-06,2.77888586356429e-06,2.7832888789268906e-06,2.216442587647173e-06,1.0554157609247263e-06,2.8271414403172155e-06,4.770478062455286e-07,3.846867609838108e-06,2.0780460354589517e-06,3.189828706661767e-06,1.0142455749163722e-07,3.8025426626867925e-06,4.207865177115166e-06,3.1677427804712382e-06,5.484996576490799e-07,-1.22186043444399e-06,9.878283151105886e-07,2.6048692687932723e-07,4.584467961460169e-07,2.273210411125573e-06
062,1.2006683211366738e-06,-8.945229277677855e-07,1.1717410470813e-06,-1.5652463174297733e-06,3.6784948392750185e-07,8.404918940551714e-07,5.835404524850896e-07,7.469663461345261e-07,-1.2668706002057957e-07,7.638836508077639e-07,-9.639795384765019e-07,1.1297436584728186e-06,2.578057019820963e-07,9.110964526012171e-08,2.2609148462160113e-07,1.990411325710711e-06,-5.545145040302844e-07,2.97452381663078e-07,4.597190641012646e-07,5.456373960038003e-07,-3.534364827426106e-08,9.080435823550503e-07,-1.1408317464311282e-06,-1.2230856040221673e-06,-1.5878700624992896e-06,8.726098503092164e-07,-1.3472346030664314e-06,8.245798069309408e-07,-2.523511178711445e-08,1.126944029727172e-06,-6.434050170792829e-07,1.540040045111711e-07,-9.794864182864322e-07,2.499153135937683e-07,1.0304253502009308e-06,-2.3420288741824222e-08,2.4546312743640026e-07,4.5489900115632687e-07,-1.5916619651891818e-06,1.878273940478402e-07,-9.477614753935464e-07,-1.5491549557467308e-07,-8.068938218612421e-07,-1.3275759212841931e-06,9.207914116534766e-07,-3.358903735944989e-07,9.407555268728757e-07,-2.1339924922579144e-06,1.0215138772746078e-06,-7.501292657991322e-07,9.815277552037282e-07,-6.758213918023055e-07,9.769499306258252e-07,-1.8726818138674243e-06,2.0730838310874032e-07,-4.6421167406576314e-07,1.7506349076233103e-06,9.65370297763661e-07,-1.1539951954206642e-06,4.373417515341203e-07,-1.1827125594169611e-06,-4.441529115052218e-07,5.410431762754906e-07,-5.178011267025896e-07
063,3.4489635618711174e-07,-2.7113066727513494e-07,-1.213349433303126e-06,-8.442490675320864e-07,4.7644634505261344e-07,6.277467528353112e-07,-7.486942889572657e-08,7.085065976777351e-07,-7.935847143988596e-07,8.377116277981393e-07,-7.079096432238662e-07,3.8691709108134016e-07,4.38453018931576e-07,7.666591150284522e-07,4.93699727115468e-08,6.904230692421541e-07,1.343421066644363e-07,5.457617775736107e-07,-2.4321624893808446e-08,8.438602808654899e-07,-3.4598200564609026e-07,9.04951336550942e-07,-4.1424749751935414e-07,4.977730895777618e-07,-3.6923502462209053e-07,6.197567858257534e-07,-1.1877273658751461e-06,5.253706504880552e-07,-2.5179382351356942e-09,4.93024395214025e-07,-1.0555515883990557e-06,5.747830452762602e-07,-1.0805761963632923e-06,-1.0364807715148757e-07,-1.0895463238477761e-06,-1.0571640064068597e-07,-3.37819672357169e-10,5.242439865011896e-07,-1.061255543460512e-06,9.400901379630858e-07,-4.887477268579513e-07,-5.2252390513632304e-08,4.2731688200174416e-07,4.6652641593663336e-07,8.130332691477065e-07,8.611127843980828e-07,3.898958186146106e-07,1.5442252591700007e-07,9.300770154080548e-07,-4.9810618269429176e-08,6.324612767498935e-07,-5.708205991875956e-07,2.1107588252775912e-07,6.303353496362458e-08,-1.829624563015538e-06,-3.49427562352163e-06,4.346636304974562e-07,8.48665592615055e-07,-5.458383555228664e-07,-6.997666339626709e-07,-1.0338758492883829e-06,1.0801697734740507e-06,6.044712440407626e-07,-3.372444642437323e-07
064,-6.746748422845113e-07,-4.417293022521509e-07,-1.3891262186678967e-06,-1.130463743716479e-06,-1.1788262738645544e-06,-3.8551205408850764e-07,-2.437059162645748e-07,-2.8938801804472433e-07,-6.416057432803493e-09,-5.111677645839575e-07,-8.2022547213116e-07,5.51288030530986e-07,4.3791551234376495e-07,1.3026321233891626e-07,5.337793700546825e-07,1.78061103340318e-07,5.422763449252496e-07,9.553844635649509e-08,9.247490820310788e-08,-8.308476767024253e-07,-4.4095245337833843e-07,-6.787490245646088e-07,-7.833253232293012e-07,-8.082433629499143e-07,-5.416611533079556e-07,-1.3041755148685063e-06,-1.8185236351190415e-07,-8.91394237782661e-07,-8.107540074549914e-07,-8.8593655498435e-07,-8.762347871830075e-07,-9.517770028380397e-07,-7.636273478929569e-07,-1.050025344071566e-06,-5.506954877028126e-07,-3.4126431714770033e-07,-4.659261302639537e-07,-6.205726944180693e-07,-5.401244191450831e-07,-7.938408412262617e-07,1.1263649051295012e-06,8.762335771471535e-07,1.5313547036873124e-06,1.101879952598971e-06,1.012578480107718e-06,1.1256313000202819e-06,5.76322145647133e-07,1.0571765391067634e-06,2.0652931201061462e-07,1.3754003023184122e-06,4.5971057688420785e-07,1.205845346586702e-06,7.049066598653745e-07,1.4221904375387107e-06,7.228217288576178e-07,1.6987669979943974e-06,1.101887411688917e-06,1.1751427853659905e-06,6.428554096870941e-07,-4.2496387544114825e-07,9.97226973238462e-08,1.6710532413594934e-07,-2.5755681832685094e-07,9.137128799275414e-07
065,3.2366642261125435e-06,3.3610770058053935e-06,3.0660506461990956e-06,2.4060886636683227e-06,3.7737558918636686e-06,-9.632634690781435e-07,-3.051361333355533e-08,-7.345567583074308e-07,-1.3754308255303679e-06,1.0134895696559117e-06,-3.716157269848707e-06,-1.2657556293256021e-06,2.872422567744261e-07,-2.8436017049647574e-06,-1.2774474770970666e-06,-1.4078277697918828e-06,-4.284478089964054e-06,2.9014107109064735e-07,-3.6959079396927905e-07,1.8505904507026579e-06,1.2870163672925083e-06,2.0114669964766634e-06,1.7310918405183154e-06,1.1634087664676884e-06,-1.5144938268869044e-07,-8.109203564229446e-08,1.8183569461914812e-06,6.394992723583694e-07,1.1131576314747627e-07,6.009322580875137e-07,-1.1429553077768636e-07,6.818496273052615e-07,-8.616943120337626e-07,3.6074627527160666e-07,1.2212725557567042e-06,3.301121532006517e-06,3.744944827811494e-06,2.850772016299193e-06,-1.0386062508652478e-05,2.5948692010947765e-06,1.4584776097614628e-06,1.963698460812595e-06,2.0544396684190527e-06,8.591306147769781e-07,6.303052464300953e-07,1.8800871984967835e-07,-2.1441120237796113e-07,-5.9665242044866015e-06,-2.7545258209950686e-06,-3.072813997302758e-06,3.032194980286391e-06,-2.713278884701594e-07,-1.068907830139372e-06,-8.693276990274456e-08,-4.184559514727744e-06,2.613824099951281e-06,1.1113470207467071e-06,1.5442106987805108e-06,-4.380403487871231e-06,2.9384118789496766e-06,-8.243818631420156e-06,6.467995885982124e-07,1.8017874819454366e-06,-4.138957578566765e-06
066,3.1625103011384554e-06,1.789624613356265e-06,3.1461306242985892e-06,1.783882279405623e-06,7.940344882564982e-07,-8.646103599615238e-07,-2.4455345304566933e-06,-5.382603141743781e-07,-2.2021673841548945e-06,9.248720157793085e-07,-2.3722097946342927e-06,-1.8504824807896332e-06,-2.396379259984891e-06,-3.677807515498712e-07,-2.821790098418631e-06,2.3408585584123887e-07,-2.4314334920970353e-06,-3.0108561953024347e-06,-1.0516622943510196e-06,1.1321428587618498e-06,8.266730823639913e-07,2.1716926096917583e-06,1.934485887687288e-06,3.210387250814858e-06,1.7863218992684413e-06,3.717289609391038e-06,1.8770248424628007e-06,7.879701311651707e-07,-1.0574014910239234e-06,1.7024878702540888e-06,-9.729308311473555e-07,2.108235744502448e-06,-7.856325437538182e-07,-9.602757870854524e-07,3.0509874959181987e-06,2.415216548839562e-06,2.340142800427665e-06,2.518201019819892e-06,4.2178849175839836e-07,7.733396959449364e-07,-5.33579926277094e-07,-6.942963195941514e-07,-5.836603902060623e-07,-1.752499639086365e-08,-1.7723212792732077e-06,-1.4300811155703038e-06,-7.161584253877212e-07,-1.8167201867819775e-06,3.7785497028016307e-07,-1.1863459856111216e-06,7.508015888736225e-07,-1.3421664283295602e-06,1.41084129752511e-07,-1.5063911225459867e-06,6.093245824764538e-07,-7.708324632157287e-07,-1.1351155248362197e-06,-1.4609892496268393e-06,-1.7254863183194235e-06,1.5057022110488136e-06,-4.9859946668555e-06,4.839464525451314e-07,7.312699819016555e-07,-1.4024399263191037e-06
067,-2.996698786834335e-07,5.7306912572590404e-08,-4.081435519690487e-06,2.0144512976966676e-07,7.233664451602526e-08,-6.104640806566514e-07,1.622276667801276e-08,-4.893967719783503e-07,4.3924556404661886e-08,-1.1459248908759017e-06,1.1120642872127271e-07,-6.925435824693323e-08,2.2731993171208103e-07,-2.4400958635333313e-07,9.640002918353827e-07,-6.980027213559789e-08,7.988477125983667e-08,5.8541610267789265e-08,-3.175220822306519e-07,-2.002613653530419e-07,1.4856910113914494e-07,-4.904684507386653e-07,2.5101947943766197e-07,-5.21600240639177e-07,-2.0682604579852147e-07,5.13253943855385e-07,-1.720832429128373e-07,-7.718837184836757e-07,-4.506703239441893e-07,-6.760629129203006e-07,-3.376567786443747e-08,-1.6500028600139722e-07,4.499998217936106e-08,-6.348536333678293e-07,-2.400993476609004e-07,3.0007583223136874e-07,-9.421082785399077e-08,5.926415088594154e-07,4.688304033074206e-07,-6.110647200202325e-08,8.988386731503919e-07,-5.074354800423802e-08,2.491669463538416e-07,4.651939015627092e-07,-3.5462080794547506e-08,1.6703467175384253e-07,2.8664282450817684e-10,1.7927015462565206e-07,9.499391310107901e-07,3.105396905905448e-07,8.566676975901039e-07,7.98189988270225e-07,9.947090486503555e-08,-3.985821550143617e-08,-1.2340247621935659e-06,9.721276791962731e-08,4.854763320843509e-07,3.2785514516910535e-08,4.933725616762721e-07,3.957821450480905e-07,5.807525181908534e-07,-3.5107700453926647e-07,2.374342338760402e-06,1.7163372188415724e-07
068,1.0293249240025443e-07,4.2068254409493995e-07,-1.4156152645685996e-08,3.1545872538631084e-07,8.204148321847991e-07,8.917117991958412e-07,8.087869935531112e-07,2.93412668531297e-07,-1.0790581877744156e-06,-1.8730591256522928e-06,-1.9135530022166835e-06,2.9145546565826086e-06,3.118705163818032e-06,1.75051406290667e-06,4.2362728014825906e-07,4.8238379694715e-07,-9.213162068723199e-07,4.780358080839225e-07,1.3835902294039617e-06,9.078539261495155e-07,1.8324386817038755e-07,2.916771534325587e-07,-6.108470171743172e-07,3.342441569323853e-07,-7.629538783172919e-07,-1.0599023006911927e-06,-9.391388528686996e-07,9.805862297035658e-07,-2.107420636338623e-06,-9.993719367192559e-07,-2.9396966025526066e-06,-1.8206172233411661e-06,-1.7443140136251017e-06,-9.632892608324963e-07,1.1739888701036071e-07,-7.26999524392645e-09,-8.914545371051426e-09,-1.1664129444406248e-06,-1.7842037271023557e-06,6.287651591437408e-09,3.454006222256009e-06,1.3234247868228644e-07,1.7829306844309084e-06,8.964534236820131e-07,1.754825712090795e-06,1.5961170743575806e-06,7.526131743140018e-07,3.053367091902901e-07,5.760889472282399e-08,9.887020146634397e-07,-4.520476536019907e-06,1.2524180554271117e-06,2.512173213304153e-06,-7.465330093269231e-07,-5.969323515687061e-07,-1.956122889318963e-09,2.152492037532351e-06,1.2033769419692144e-06,-1.6748590240083901e-06,-1.5564577235935633e-06,-2.66643120956282e-06,-1.0754617338082203e-06,1.3620190397021496e-06,-1.6749152819945201e-06
069,5.934341795241996e-07,6.178978207840431e-07,6.896909575353397e-08,-8.159959283338148e-07,1.297352368421202e-06,-3.374900054008734e-07,2.0703005980572122e-07,-1.551275208628821e-07,4.691637333234837e-07,-4.5883012077301386e-07,1.0914205317136213e-06,-1.1133498536130514e-06,3.369237876444109e-07,-2.138617085820338e-07,1.1240207982467848e-06,-1.239776314869142e-07,1.34513997196353e-06,-8.414599493070264e-07,-7.307124029102101e-07,6.317305000725258e-07,1.639046513247982e-06,6.598389333456425e-07,1.0805354534930035e-06,1.9533455903209086e-07,5.309949539926628e-07,-1.626075642024907e-07,6.542184868955611e-07,-2.1712535570541557e-07,7.292555449706934e-07,2.9167610258524897e-07,8.509005494147158e-07,4.6400612119973947e-07,1.0450819039782261e-06,-3.2028181081006166e-07,2.2039924271970615e-07,-2.1973608704398888e-07,2.118826352175395e-07,-6.146111592905488e-07,1.5718230973088868e-07,1.6295596553151076e-06,-1.7005209496622457e-06,-1.173573901542191e-06,-5.117213499068817e-07,-9.499046339022114e-07,-5.695739279756375e-07,-5.081574633361019e-07,-3.8162673996066537e-07,9.477259172521449e-07,-7.401364278797674e-07,-2.8585633733025687e-07,-1.7217475120456072e-06,1.7147518378665416e-07,6.57091464422198e-08,-1.0539197081295614e-08,-1.0211296163332796e-06,-7.960926008030518e-07,-8.067764856262307e-07,-3.067687666972976e-07,4.990561126390297e-07,-3.8606449570479415e-07,8.520304647818911e-07,-5.582359643887115e-07,-9.500100309047248e-07,-9.753891378905458e-07
070,-3.7462292150046866e-06,-2.2707875741720235e-06,-2.4524283529671506e-06,-2.918912142497147e-06,-3.421689877218613e-06,1.6331926442730121e-07,-9.339573676572761e-07,3.126181410684655e-07,-3.481026396893307e-07,1.166633926631059e-06,-1.0998929719680024e-06,-1.3434774219814038e-07,-1.6338255420010394e-07,3.149103900698446e-08,8.642237599303996e-07,1.4756517350333177e-06,5.243650117030389e-07,-4.899410010106073e-07,-8.291610736440027e-07,-2.441412078506006e-06,-2.0073199125201465e-06,-2.174953786242394e-06,-1.5322774157264676e-06,-1.500134862320481e-06,-1.7728319896468101e-06,-1.4765759629860838e-06,-2.1522956397812927e-06,-2.5068726805358297e-06,-6.003223982382061e-07,-5.85182640964786e-07,-8.556515338562118e-07,-9.605797576481317e-07,-9.129146562830331e-07,-1.4509071520940406e-06,-2.899779660952528e-06,-3.7271016150313744e-06,-2.9689612146414547e-06,1.9485504041074236e-08,-1.9951269781806323e-06,-2.0488407658757517e-06,6.597605044949237e-06,3.5530699341397718e-06,3.5733423893968473e-06,4.0745356862032606e-06,1.7949851412768933e-06,1.748748736177686e-06,-1.0750665447324072e-08,2.4603542675251558e-06,2.22474027428548e-06,2.8947402791834e-06,2.8373622203431295e-06,1.4051471535304482e-06,2.5090463779341562e-06,3.5635243445808106e-06,3.099572258637874e-06,2.8951375893474634e-06,2.0362741994842e-06,1.1739258549848497e-06,-3.2400792722054266e-07,6.286195596017891e-07,-1.0472480028062023e-06,1.316601196567019e-06,1.8230759420446206e-06,-7.315022302899389e-09
071,2.58709429550506e-06,-2.0048997156284917e-06,1.8964829496473232e-06,-3.5741014551736656e-06,6.311962988441936e-07,3.153540234923042e-06,6.05452477758888e-07,2.2482695512652157e-06,-5.37572071359644e-07,2.1272537435333144e-06,-1.5952555513321597e-06,-8.878691317669599e-07,1.306914211685027e-06,1.6363132544914882e-06,-7.453256714353444e-07,1.03702268749477e-06,-2.1952146536724055e-06,4.859684716112086e-07,3.0614175030485635e-06,2.5048158785311205e-06,9.861130502635597e-07,3.801401815775485e-06,-4.1443771680156234e-07,3.682968781859997e-06,-5.89296576196348e-07,4.841373866856937e-06,-1.6707485826140474e-06,3.592341424859905e-06,1.2027153879774484e-06,3.182847042864949e-06,-1.3679901183435305e-06,4.569056753913817e-06,3.09189374429351e-07,3.285667402505985e-06,-1.1167894243062717e-06,-4.214611558012154e-06,-1.6781838897165185e-06,5.583218741322629e-06,-6.810752822130509e-07,3.142233171613402e-06,-4.986761564997674e-06,-2.887701411062298e-06,-4.187573633794234e-06,-4.346959700682033e-06,-4.617412551606131e-07,-2.4458054639774688e-06,-3.3695143735000697e-07,-1.9047697888536483e-06,-8.474485656508834e-07,-3.0592177688848347e-06,-5.581637941703203e-07,-4.988458323283932e-06,-1.4811972449904247e-06,-2.4202370031070783e-06,-6.163736471316869e-07,-3.7488341405883484e-06,-1.5179488615997768e-06,1.9206552521635722e-07,-4.7857910248586505e-06,6.615436691345442e-06,-2.904778043121632e-06,5.077539236889657e-06,3.104300690223022e-06,-4.6901264444194965e-06
073,2.3499319776066107e-07,-4.3885794312500947e-07,1.5020474522167934e-07,-1.1114227563672254e-06,-2.5509917462539775e-07,7.630160322926864e-07,-3.08198335967251e-07,9.113170283291346e-07,-6.250422905735743e-07,1.4866736427094985e-06,-1.5873236431893368e-06,3.845291192415784e-07,-2.753158831583239e-07,4.994475134312358e-08,-2.819384936944418e-07,1.2298940091114382e-06,-7.591098540345336e-09,9.737939537259012e-08,4.257782177682111e-07,-3.55571369038503e-07,-4.4524077632063637e-07,7.446261123728672e-07,-4.5667111873048117e-07,8.76620815691951e-07,-4.425015045842501e-07,-1.1602090481982609e-07,-1.3752361345689306e-06,3.7978746503031076e-07,-3.5082066385567616e-07,1.5705299516706383e-06,-8.671876167148152e-07,1.5057707332242216e-06,-1.2351057959402957e-06,4.346650409980806e-07,-5.048623986112399e-07,-9.696763831439875e-07,-7.215513752072499e-07,1.2575392154811218e-06,-1.7861769509883316e-06,-3.5514753726910937e-07,-2.9481497799872546e-07,-8.864552459740507e-07,7.3861658714674394e-09,-1.209721183497819e-08,5.112140460772566e-07,-2.327472768519021e-07,4.969932568166064e-07,-4.0064484599563044e-07,8.577499790200444e-07,-4.37181661523388e-07,8.821590848763157e-07,-3.695168051971233e-07,5.383055292340916e-07,-1.4501709181911066e-07,4.2418886846189994e-07,2.0816830505592936e-07,1.9493650892313548e-07,1.425396245576658e-07,-7.526577540876292e-07,1.3485473524521472e-06,-8.901846740695007e-07,7.845741697931234e-07,1.1791218764889722e-06,-7.852765468621752e-07
075,-8.642444092453454e-07,-8.008830926978877e-07,-7.648755087915343e-07,2.4265339741521256e-06,-6.9470852488783535e-06,-2.0489535866509687e-07,-2.7020715638532343e-07,5.150878933564598e-08,-5.385834979091154e-07,1.8353105627306485e-06,4.115540501057238e-06,-8.17035412870744e-07,-1.1597585387072315e-06,-2.1791560296092444e-06,-1.949226398402219e-06,-4.65753979571431e-06,4.048810890014582e-07,-2.038275108186081e-06,-5.326171294040427e-07,9.140501802173507e-07,-2.75595718389262e-06,1.1398488001380025e-06,1.033520258661888e-06,-9.072485525408029e-07,9.908591501088467e-08,2.6048151376354066e-06,2.0320799421149613e-06,-1.3721644183736936e-06,-4.2092729204074564e-07,4.335783721073439e-07,-8.919503623925914e-06,2.3143304763797097e-07,-2.2319531980252863e-06,-1.8209212815638133e-06,-7.650587161145945e-07,3.187244342509711e-07,-9.768154082411415e-07,-1.7014683047741948e-06,5.753292216667686e-06,1.4600446294430588e-06,7.52351970872508e-06,4.107924901549393e-06,-1.09963448301871e-05,-2.10418192222832e-06,1.1406051433209538e-06,-1.297503054360405e-06,1.9332912721650603e-06,-1.014399733917527e-06,-2.6260741224994768e-06,2.3797140847930855e-07,6.662870688300652e-07,2.542713126755499e-06,1.1486587344574996e-07,1.1258788946284455e-06,2.7553464168015917e-06,2.666696974064547e-07,2.7373582525105313e-06,1.7595798791812342e-07,3.5576391939771014e-06,-5.563018459231659e-07,5.795188893133627e-06,-1.3037309042024182e-06,-5.918392606305081e-07,6.551310649098639e-06
076,-3.08856743858084e-07,-1.1107251958117153e-07,2.2443151425340888e-07,-9.80228163286171e-08,-7.515619355240874e-07,-1.3679996352922934e-07,-3.5591121065485e-07,-2.698439529483847e-07,-3.182519397805395e-07,-2.6889746548748757e-07,-3.442203387630491e-07,-1.5472819715864234e-07,3.9295983061149665e-07,-1.5516201950174871e-07,1.2643362761209624e-07,5.937193379467142e-07,-7.185369699915567e-08,-2.026453842255787e-07,-1.8502349256056483e-07,-7.611018057267835e-07,-5.925305968684807e-07,-7.293861922117777e-07,-6.219666627406591e-07,-7.74236285717814e-07,-5.28117171491553e-07,-7.341547223658791e-08,-4.4186020892527256e-07,-9.272781607290285e-07,-3.904255923835866e-07,-9.070872920053336e-07,-3.945173013590677e-07,-9.455284187165251e-07,-6.208295295375539e-07,-2.1507499427018918e-07,3.921633857010933e-07,1.3046158656215674e-07,4.191746171945754e-07,5.846875362550664e-09,-3.426666600699769e-07,-6.653784972216108e-07,1.1196692311463742e-06,6.325595202942815e-07,7.259835695747584e-07,8.110652743456221e-07,5.547278702857522e-07,4.871238941707568e-07,5.796594752869496e-07,5.203871013643428e-07,5.673901216667404e-07,2.7746743736733874e-07,7.398340031394315e-07,-3.2098924708258025e-08,5.335239907359152e-07,5.324542062922455e-07,8.120574051940312e-07,6.179271362844817e-07,5.958620244374551e-07,1.7234838268135554e-07,-8.216863961368649e-08,3.3547263122389414e-07,-1.332532139960843e-07,5.100540113164054e-07,3.1379333061834127e-07,1.8722190476045358e-07
077,5.594083039367763e-06,2.9050011218582734e-06,4.010586290049089e-06,1.5503948674380521e-06,5.5430382891244185e-06,8.580204948532723e-08,1.4102045943793302e-06,1.1475479943822285e-07,-1.1648296324556709e-06,1.939981760310977e-06,-1.0738830164780843e-05,4.6053619546485103e-07,-3.884793153194536e-07,1.8129271845023197e-06,-2.3868263630702256e-06,-8.278826249781886e-07,-1.4967881624972468e-05,-2.098197002416987e-06,1.2374999109528107e-06,4.934605223195212e-06,3.0806629659363545e-06,3.585793874573284e-06,1.6236950264123811e-06,3.633569959112815e-06,3.4121343057025123e-06,2.546140815847452e-06,-1.8112488562312163e-05,2.0529206294490355e-06,2.1478815882627385e-06,3.9954650442208596e-06,2.573025694339341e-06,-4.967666606059078e-06,-2.261961276301345e-06,-8.84290395590809e-07,4.301465382201788e-06,5.831318613044277e-06,6.8889070238370794e-06,-1.367966507575005e-06,-6.965583408956546e-07,2.9914614795106505e-06,-2.2023082134918806e-06,1.1491703954992287e-06,1.1399921403434337e-06,-4.624220082469212e-06,2.583128875712834e-06,1.1376339266762257e-06,2.374749547679508e-06,-1.3774416661538952e-06,-3.7341638182975436e-06,-2.5175945698476017e-06,4.25038192005093e-07,-4.046064868469105e-06,4.203948562953621e-06,-1.1072238321671681e-06,3.420117386608715e-06,-5.545785203248047e-06,-2.29091355717258e-06,1.9044795713459188e-06,-4.422136205243469e-06,2.5016336868960426e-06,-6.885774623983435e-06,3.21533635692358e-06,2.3164697529075858e-06,-7.0180710662971295e-06
078,-6.411822171063713e-07,-8.106153629524254e-07,-9.494075766673445e-06,-7.896402128218589e-10,1.281362577198433e-06,2.7937667663335956e-06,1.5658910347800521e-06,1.7440128716434583e-06,4.7093912069902796e-07,-1.8466570440052707e-06,3.0428342017645664e-08,2.911859384791106e-06,1.7768989978431836e-06,2.0513187074936147e-06,1.0459003215262186e-08,-3.2409982513651933e-06,-3.1869666699002946e-07,2.883794717031544e-06,2.274500911176318e-06,1.0101997586733872e-06,4.988907796023083e-07,1.3002573202931169e-06,8.03453173151443e-07,-1.5572787935967863e-06,1.2413273298113938e-07,-3.4261406865801757e-06,-7.073561494419202e-07,7.780995984256593e-07,1.3067673125771944e-06,1.6186505592724737e-06,-4.691579956095989e-07,-5.42579509927749e-07,-3.306851668028284e-06,2.0046080610501958e-06,-8.808516422372391e-07,-7.505376356233096e-07,-4.869031859983066e-07,-2.5119405999633666e-06,-1.0047891944861034e-06,1.27566642330346e-06,-1.5438776539996682e-06,1.1725878589913091e-06,4.102212618862894e-07,1.964318906546293e-06,8.222058131107955e-07,2.08676275681371e-06,1.6412432431420948e-06,-1.5215450371664474e-07,5.501327062706938e-07,-4.3557928061215613e-07,-7.596080300459541e-07,-8.307167360606735e-07,1.1340806345051913e-06,-1.5775154042614097e-07,4.0818537391097457e-07,-1.184161276904966e-06,3.253562135198471e-06,2.8360301107889737e-06,-3.042054906732763e-06,-1.7062622549150096e-06,-4.960651575753492e-07,-2.8327488481972915e-06,-8.504840343027254e-07,-8.064227204307157e-07
080,2.495485305914045e-06,3.0783162722620694e-06,1.542538081038407e-06,3.6785641815028174e-07,2.666835910097056e-06,8.342876542241951e-07,9.337459472800511e-07,2.4122760443714935e-06,3.123227302944795e-07,2.892202059681823e-06,1.4413868691709677e-06,1.2493143761748269e-06,-3.049268421948469e-07,8.858172914607486e-07,2.1244243464412054e-08,-1.7477693887527446e-06,3.328085915988322e-08,-2.0204428423541618e-06,1.0522253760721613e-06,1.8536900639740805e-06,1.4589244722880225e-06,1.5332264985059639e-06,-2.4623792549770278e-06,-3.2658508829416595e-06,1.1728890996027145e-06,-5.540824350315426e-06,-7.081506187434188e-06,-1.0192925553376853e-06,-5.300694635304588e-07,1.4104835424103486e-06,2.7686681374325484e-07,-8.467652204546598e-07,6.063826869482415e-07,-2.980011876196175e-06,1.886188680486849e-06,1.56150879993931e-06,2.1344253017341595e-06,-1.6984115123806712e-07,1.2860253642724724e-06,1.9014949964877292e-06,5.288999481429431e-07,-1.709769845160837e-06,-5.953824936084897e-07,-5.21549266040665e-08,-1.871675644253835e-06,1.2723045926321091e-07,-2.3150113514074566e-07,-1.0501153794644865e-07,5.281734404456669e-07,-9.478036997469566e-07,-9.215017439097435e-08,-1.4622814423083824e-06,1.4485765291234693e-06,-8.132539886539185e-07,-1.3885763623488621e-06,-6.550184592139244e-07,-1.821716803173598e-06,-1.4387873351129142e-06,-1.1749945603203342e-06,1.3097699968373098e-06,-1.2388278348110737e-06,3.22441091876844e-09,5.553984432766031e-07,-2.339287286955603e-07
081,-4.436754274682411e-06,-4.422933327737379e-06,-5.71060144155258e-06,-5.147027719852489e-06,-4.385631897574631e-06,1.1141495982497394e-06,4.799743118319754e-07,9.63339861649783e-07,4.267514870735053e-07,1.4818149797766676e-06,1.1034259063724417e-06,2.1558991376640253e-06,2.25689378650985e-06,1.9806724176003665e-06,2.309071313382249e-06,1.353045287620963e-06,2.242916952404295e-06,2.2167498885159066e-06,4.903904083525677e-07,-2.282575397473582e-06,-3.148693766554201e-06,-2.1774844350692677e-06,-3.100436449027249e-06,-2.5773568516812203e-06,-3.008898663562206e-06,-3.66988255201417e-06,-3.842326307660518e-06,-1.694013458739014e-07,4.572476374024537e-07,-2.3983695229645736e-06,-7.102131876200248e-07,-1.267146762059187e-06,-9.033844492724091e-07,5.245830367061353e-07,-5.614372000172834e-06,-5.83513985845593e-06,-5.41222794109338e-06,-1.0734504041050724e-06,-6.700591312706734e-07,-1.5606327609831907e-06,3.213171598247839e-06,2.276184901146073e-06,2.8992787588768326e-06,2.6763425696276856e-06,2.5966103061291477e-06,2.5078786514206106e-06,2.3866723246444086e-06,2.6073757602881695e-06,1.4338710472604205e-06,1.695020232645065e-06,1.9789395409291135e-06,2.5696255819767525e-06,2.480201533463336e-06,2.5174257387596986e-06,2.0010147339691073e-06,2.483675604851122e-06,2.5632404930594652e-06,2.5162927208698056e-06,2.3162391378727784e-06,4.4735585538224797e-07,1.1179908152728792e-06,1.3098198010030973e-06,1.342049208252532e-06,2.0317975212519656e-06
082,6.301062996704378e-07,1.2047579651842125e-07,-5.686124171097403e-07,-2.7562491708113985e-07,-4.687470757711439e-07,2.355323238781679e-06,3.2457066345749527e-06,2.1815340891068148e-06,3.273758320894595e-06,-1.031322343118478e-06,2.175004154269314e-06,1.9684236198748824e-06,4.0873835105509684e-07,1.8450217423108336e-06,3.1882336276895292e-06,-2.324398112982782e-07,2.8871613431029756e-08,1.9341117120142284e-06,2.778358173526327e-06,1.61292831246188e-06,2.089969211762465e-06,1.2287166618532552e-06,2.312879404832888e-06,-2.425796089878378e-06,1.1292553879641153e-06,-1.759310047948009e-06,-7.209208253100549e-07,1.869955855807576e-06,3.294238365900683e-06,7.279765956233175e-07,2.226725925395123e-06,2.7033243961022733e-07,1.4287163040796645e-06,-3.575057003906769e-07,3.376218901441408e-07,-1.1524220944598178e-07,-2.8908553781415734e-07,-3.0824074873295776e-06,-5.353231572576965e-07,2.4365154734793944e-06,-3.2502147309186814e-06,-2.010290102054143e-06,-3.4669952170228884e-07,-8.526766714621811e-07,1.4768443863969457e-06,2.588229262488981e-06,4.4739695820618934e-07,2.576280983334159e-06,-9.82348978973242e-07,-1.453731199838103e-06,-2.554152392758247e-06,2.009721076441555e-06,-8.370479203693893e-07,1.2705892331167766e-06,-1.3532753030952138e-06,1.1762501376737579e-07,1.4152113097496164e-06,2.0583364464648573e-06,-2.777536241288436e-06,-2.028680857109484e-06,-1.3395480723270699e-06,-2.668770471341129e-05,-2.3640975812842274e-06,-3.5939196625400546e-07
083,6.264645590302583e-07,-7.2334087157521e-07,-1.232080000521795e-06,-3.412986507459119e-06,5.085139083136168e-07,3.685000074074901e-06,2.5824247636821438e-06,3.6535718196205393e-06,4.064172080632486e-07,3.866235785299664e-06,-2.134108869672902e-06,4.23302719556457e-06,2.1544708534604796e-06,5.7459516272959276e-06,3.248571271246596e-07,8.415813992532829e-07,-2.2233881389119095e-06,4.515405925697198e-06,3.128410426848838e-06,1.793953018123686e-06,8.325810825484429e-07,2.1123877662140522e-07,3.916677087244039e-07,-5.4659694480535545e-08,6.086563435110238e-07,-2.458733599428854e-06,-4.592268461343368e-06,2.793830602000411e-06,3.3314075235770898e-06,2.307541293855169e-06,9.38193204263878e-07,1.0544992418179796e-07,-2.20036019267256e-06,1.5232609487149056e-06,-1.7477879877844103e-06,-1.6363721358871386e-06,-1.295088453027587e-06,-1.5784078598042796e-06,-4.917858768874621e-06,1.7589264137890377e-06,-3.673074360346765e-06,-2.7230214999782767e-07,-2.3935134048431315e-06,-1.5328003364873306e-06,3.338719821514202e-06,1.9231826135394854e-06,4.102264605610664e-06,2.3326445979397384e-07,-5.804469942494525e-07,-1.762788037455902e-06,-9.87376297068137e-07,-3.590471762601984e-06,1.5299023712227627e-06,-1.6333656768752026e-06,-1.57530832496633e-07,-3.5766611690405653e-06,7.086057809771919e-07,3.1662602966872517e-06,-2.9344188526702326e-06,-1.6770526173308527e-06,-5.228751137949603e-06,-4.2072647729329696e-06,-4.3616248435220055e-07,-3.019817034443041e-06
084,2.353610889526368e-06,-3.529065021585148e-06,9.966153385271546e-07,-1.0859788449012797e-06,5.779500118174209e-06,2.6701745288546255e-06,1.2770384676882504e-06,3.7117691860038875e-06,3.272609078333859e-06,4.005855630479117e-06,1.8945557220788737e-06,3.6328543514450532e-06,4.913970220140301e-06,1.5757984874925e-06,1.761213983596017e-06,-1.770491764858054e-08,-3.3729018780916165e-06,2.653086459516955e-06,4.2451972783269015e-06,2.8642816749343363e-06,-3.4609258503108913e-07,4.0357567166150515e-06,-5.82982515927419e-06,2.0617652628557954e-06,1.5921840002339837e-07,1.8496613275123485e-06,-1.4859768982650778e-06,2.7598685208747138e-06,2.627973353943708e-06,2.4244194468316767e-06,-1.5789646446122512e-06,2.0606723175386925e-06,1.420958001088006e-06,2.891254635594026e-06,2.5545291369149613e-06,-4.046339437000204e-06,-3.2373372540067696e-06,3.822732572148633e-06,1.5745176212183907e-06,-8.875862082373629e-08,-1.0372554186327896e-06,-2.7471226864445227e-06,-3.5604610609178566e-06,-8.248017206608742e-07,5.839166184448604e-07,-3.3592456307860606e-06,6.673282287495886e-06,-1.6013643531202967e-06,-8.223602011276359e-07,-4.001629725793749e-06,-2.065304590961812e-06,-2.612015790082503e-06,2.046472033378537e-06,-1.0825193583054697e-05,-1.2358489173838098e-05,-3.488390922286688e-06,2.911985665319662e-06,-7.0225519693695605e-06,1.8495662864534624e-06,2.4431534092558497e-06,-3.904401203971091e-06,-7.373804220280159e-07,-2.6767586124104516e-06,-6.096162701899417e-06
085,-1.4656236414469273e-06,-2.4359308967160187e-06,-1.7173049335827689e-06,-1.7626303687578585e-06,-1.8357014050386283e-06,-1.843911576927456e-06,-5.760212604838895e-06,-1.2501065066806352e-06,-9.946187205518656e-08,-1.415642552970373e-06,-6.294200720453181e-06,-3.7906650681392767e-06,-4.476360429261289e-06,-1.0088777191929007e-06,-2.351747843383471e-06,-4.6494610562852835e-07,-1.1553269656510554e-06,-1.4496929763423176e-06,-2.4002773193737513e-06,-2.314989059093525e-06,-2.7900961547796765e-06,-1.7446507730777827e-06,-2.618576099854765e-06,4.309611476577596e-07,-2.841504410245423e-06,-1.0423039018636041e-05,-2.0085380257582373e-06,-1.493728325115143e-06,4.95331948303256e-06,-1.7379577080329272e-06,-3.981619106761115e-06,-1.2117601885592158e-06,-2.7353260677413128e-06,-1.162819967383539e-05,-3.2561495848140918e-06,-3.3558510865627917e-06,-2.1246089818796393e-06,-1.8696354302196003e-06,-1.8158062072434483e-06,-1.5309189887666126e-06,-3.34860570370393e-07,0.00012036569890885484,-3.6230455740042913e-07,-7.781906910839001e-07,-1.3135997220009445e-06,-1.2348408111164962e-06,6.677981571591318e-09,-1.4835204019083358e-07,-9.346750581998211e-08,-5.267831002281554e-06,-2.192179292090886e-06,-2.0553521109531865e-07,-6.588199647024257e-07,-4.418133539555165e-07,-1.4945374645196314e-06,-6.585627651181826e-07,-3.25982781531167e-07,-2.733448561533793e-07,-2.0246276606295056e-06,-4.79979230885579e-07,-9.937904846232294e-07,-1.3493962209631446e-06,-5.545779894676715e-07,-1.0848694769930625e-07
086,2.3920062289718346e-06,1.7155578097037682e-06,-2.6537897566043364e-06,9.398063181591966e-07,7.62381838088626e-08,-3.7947511346356267e-07,-1.6031311426980446e-07,-5.1203825857949e-07,8.61269159160839e-07,9.287321257308378e-06,1.2715223326942406e-06,6.659169771570068e-08,8.903914532916379e-07,3.3499881656248844e-07,1.1932565839880646e-06,8.976308327575885e-07,1.024500743879813e-06,-1.7072157061512296e-07,-3.702652003866041e-07,-4.445850496709435e-08,7.58979306785042e-08,1.194327619373999e-06,4.178716538381529e-07,-3.0507501328627518e-06,1.3339210000630197e-06,1.4702688861931618e-06,2.053191035683754e-06,-7.574656558960071e-07,-4.7281503447190075e-07,6.171434089089734e-07,-4.306987631574082e-07,-2.067082861518078e-06,9.74938854434026e-07,-7.439395766898797e-08,4.757390838867028e-06,7.118769464709121e-07,8.234847444363486e-07,8.465283336264423e-07,1.2950839771350153e-06,4.4759874306777953e-07,3.6938056551486403e-06,9.914627310323551e-07,4.190015193616203e-06,2.9954518682883243e-06,-3.243013481571351e-05,1.3694001592519442e-06,1.3446446010422446e-06,1.8997216693501528e-06,2.479874152276205e-06,2.28454605285182e-06,2.2818788023424576e-06,-3.158467760452797e-07,8.376520235723772e-07,2.9247619797515403e-06,1.1654235595690523e-06,1.4625200484578978e-06,2.4006931766611714e-06,9.882867421343419e-07,-2.7606970333050854e-06,2.406521520061187e-06,-3.5426264959037772e-06,-2.241257943028352e-05,-3.014707492900711e-06,1.9335846424255853e-06
087,-3.185743586210193e-07,-1.3796774394533842e-06,-6.770286632796741e-07,-3.3582162230312186e-06,-9.743928971261976e-07,-8.038523945940606e-07,5.228802783007894e-08,1.8310297877217937e-07,-5.479528788892398e-07,-2.2504953085947567e-06,-2.7957950242685418e-06,2.4044731748100785e-07,6.074634805861106e-07,7.169328640306123e-07,-3.1957427962820878e-06,1.5957029278232474e-06,-4.058337837034671e-06,1.8047594971286304e-07,-1.682171303743162e-06,6.568600746866678e-07,1.0268541416559015e-06,3.750414244753703e-07,-4.1629254042297287e-07,4.962576335373761e-07,-1.497524108341923e-06,7.146578341159362e-07,-1.8682653323449766e-06,-1.7384215638625113e-06,-1.5910250086703823e-07,2.8997914403309646e-07,-7.860675291755893e-08,8.887619562269103e-07,-1.4928095395785103e-06,-1.1778374165502938e-06,-9.073279525531129e-07,-5.170679771374814e-06,-1.6666082257601379e-06,6.630701074611262e-07,-1.8300188489178013e-06,8.837810441835649e-07,6.407059062885678e-06,2.977966366051162e-06,2.9466906551624175e-06,3.9186791963454156e-06,1.4484848238103838e-06,1.1460917219799069e-06,2.2648208338897255e-07,6.983648010619753e-07,1.794836632842885e-06,7.200359176094246e-07,2.890130069818305e-06,4.810756351589019e-07,1.423679317348514e-06,2.0331047945854873e-07,2.6748507665817125e-06,2.4471827528755332e-06,3.032974505164351e-07,1.0274224286974098e-06,-3.699195373437348e-06,1.260161648430435e-06,-1.7803684341452153e-06,3.4279035306192104e-07,1.3096883592127045e-06,-6.946619429184553e-07
090,6.081575324435575e-08,-3.000096259745749e-07,8.352742531558151e-07,-8.15836241648424e-07,-1.0545272609592348e-06,8.515234930808518e-07,1.5840759120879256e-07,-4.362126827785928e-07,7.341152566348564e-07,1.092928127906688e-06,-2.477879028256354e-06,2.0718094467613803e-07,1.312493087443194e-06,-2.5054490885972995e-07,3.418096105087682e-08,9.811236049498071e-07,4.286843268065311e-09,-2.00659525631122e-07,3.9364810924971723e-07,-8.831783503475456e-07,-1.6193074818821422e-07,1.2258906640584984e-07,-8.878438673590488e-08,6.450550714247544e-07,-1.740625214421827e-07,-4.2033832114998345e-07,-1.556584353388964e-06,-3.975341813831014e-08,3.5476144075952647e-07,7.366529681532481e-07,-8.759814938569515e-06,-6.291620163370267e-07,-1.439883207801492e-06,4.337328001819731e-07,6.265877039712394e-07,-1.1077189377661635e-06,-5.35377599860233e-07,3.3306753572699505e-07,-4.83615797678915e-07,-4.161534733751524e-07,2.1793400139296125e-06,2.7460644127519433e-06,2.662360541230885e-06,2.614725768249219e-06,9.752453288802662e-07,1.3740899240881806e-06,1.2238285031501033e-06,1.184414514977009e-06,8.68393442435009e-07,1.681098890138315e-06,8.096183228214875e-07,-2.1599122086066574e-06,2.6356180927947174e-06,1.8022321573127048e-06,1.6601974611011222e-06,2.0558785791515617e-06,1.675602692135582e-06,1.2492347540805343e-06,-1.2942292487631528e-06,2.6088786235932295e-07,-3.6206270420318613e-06,-8.395933611026085e-07,4.183781189092669e-07,-9.849244787597675e-06
091,3.38030264299821e-06,-4.849776355660669e-07,-1.3930422300474293e-06,-4.175428220591786e-06,5.253695547700018e-06,4.102121592582176e-06,1.8516634255235186e-06,2.4622560518548515e-06,2.0040883891713502e-06,1.7158548658375568e-06,1.659735146317701e-06,-5.826613470935751e-07,-1.4065601817676614e-06,-6.604632335248714e-07,-8.461379653660794e-07,-1.3908352789808757e-06,-1.7551245731830659e-06,-1.6344500559030536e-06,3.965989087402498e-06,7.756700207529435e-06,1.3903196085043822e-05,7.732629955814831e-06,5.537633049179136e-06,6.249485121506836e-06,4.368156454479546e-06,8.620702543831631e-06,1.4355326900442273e-06,6.194484479228901e-06,5.607547474691733e-06,6.381140086401033e-06,2.868384777902329e-06,7.219390637278833e-06,6.1326858188171875e-06,-7.559242750973096e-07,1.100832572668432e-06,-4.0472631195855386e-06,9.957350192609673e-06,2.980010360720934e-07,3.3314444157861256e-06,7.265750515611278e-06,-6.403383236375173e-06,-8.912708512813586e-06,-7.21836296222243e-06,-6.8969225392189314e-06,-3.926811877019203e-06,-1.5238493588367608e-06,-3.5210946210112824e-06,-4.1322894218542995e-06,-3.448462266461458e-06,-5.3303946905602266e-06,-4.527222198474638e-06,-5.053677678268638e-06,-6.1768455592888125e-06,-5.865027429584417e-06,-7.028797179019545e-06,-7.347695262799262e-06,-5.938953987791639e-06,-4.176940070564032e-06,-3.903638737063307e-06,4.5289007532649185e-07,-1.0171580838357253e-06,-5.479875111187287e-06,-3.160298304488517e-06,-8.68636773376494e-06
094,9.66922692177706e-07,-1.647537539452947e-06,-5.536139178269668e-07,8.080246471985169e-07,-4.0831251341503634e-07,-1.1577627615069406e-06,-1.2208169631270779e-07,-1.2337541653844276e-06,-8.908649596988698e-08,-8.615594276409897e-07,3.58957058310032e-08,-1.2907512761716375e-06,1.4272876437249772e-06,-1.7264178259121883e-07,1.0823857980407122e-06,-1.0127279081201087e-06,1.8233922657807844e-06,1.0362807761550217e-06,-3.150264766509239e-08,-1.0262632450936533e-06,-2.555262837429185e-06,-1.9502346456252062e-06,-1.0928218236471006e-06,-2.1842956478718167e-06,1.5478709312968068e-06,-3.218942926825276e-07,5.998769803646933e-08,-1.3909310268920782e-06,-1.1554300267304442e-06,-3.191427081923916e-06,-5.260102320163088e-07,1.694197185707763e-06,1.949155365115944e-06,-2.7116687800283456e-06,-3.069394007646601e-06,6.39758106600787e-07,-1.191688266044847e-06,1.1575142103957728e-07,-1.38108266804018e-06,-1.953612229663841e-06,2.6856505080457533e-06,3.230575383382349e-07,3.1446582797842014e-06,3.0004765962529983e-06,-1.068225648420275e-08,1.6187106959491383e-06,6.628104985648282e-07,1.833366479255328e-06,-8.740163148068651e-07,2.4766467571774113e-06,-4.836432738577467e-07,1.685730258136209e-06,1.3198564285949938e-06,3.297574182576765e-06,6.236105770286932e-08,3.979770632054584e-06,2.111137003098279e-06,4.2921559761041407e-07,-2.9988920366349237e-06,6.640380851619306e-07,2.724254813759286e-07,-2.3764177037292367e-06,-9.465088915754667e-07,-7.808868959034767e-07
095,-2.8039277013722866e-06,1.2888997547895959e-06,1.0867376012085916e-06,3.472010223586239e-07,-1.988933466027318e-06,-5.371847549787152e-07,-5.299524448471524e-05,-4.763784848762276e-07,1.0792186827031796e-06,-9.83619397708374e-06,1.7988098324981728e-06,8.445725385547018e-07,3.1215569617383404e-06,1.01772601654126e-06,1.8887523564088806e-06,2.6241426420533757e-06,1.8221503837599243e-06,1.712429496642883e-06,-2.6209666453098544e-07,-4.156437030898574e-06,-2.467058343571105e-06,-4.628186387403888e-06,-5.1499729265697585e-06,-4.158332053584051e-08,-5.684390541083116e-07,1.35014863105354e-06,1.2391686314629494e-06,-3.6484794936704193e-06,-1.9002514081131549e-06,-4.791082660848662e-07,-7.994403376637602e-06,-1.05400628965749e-06,-4.420851766225052e-06,-4.08891357154694e-06,2.2109175923576686e-07,-6.882452211277573e-07,-1.4062098645972514e-06,-9.063599575480273e-07,1.8656488178137936e-06,-2.899756010636195e-06,9.004711661766481e-06,5.213896488806027e-06,5.908441850369125e-06,3.114761370658439e-06,3.2024612267615517e-06,2.000370032016617e-06,3.1749166000783725e-06,1.1252945707287213e-06,1.92864341194089e-06,3.156189712784821e-06,4.4559890952368754e-06,4.4918217650605036e-06,4.55709645113498e-06,3.231720297358607e-06,6.515911464225322e-06,5.859235981486345e-06,5.888054350035105e-06,1.5240480347886572e-06,3.095721134044361e-06,4.3067488019769704e-06,2.0113623237211636e-06,2.3253179298737053e-06,2.2460167361151536e-06,3.7512354027243725e-06
096,-1.0769913961873634e-06,6.045019983636496e-08,1.4391220795749673e-06,-1.2426375900817488e-06,7.096070561814291e-07,1.1601739150914582e-06,4.195129307179465e-06,-1.1389917945569194e-06,-5.301627899832437e-06,-3.624713686861386e-06,1.5718475398244016e-06,1.1905881427949714e-06,4.276287608315056e-06,-1.1759966613490156e-06,2.8493509761056083e-06,-1.2378825223813676e-06,2.8858697904313842e-06,3.1429843773584133e-06,4.248951362902679e-06,-9.027216975119917e-08,1.5752209286250725e-06,-2.258867457732825e-06,1.572955578918745e-06,-3.569212083378929e-06,-6.146171561804032e-07,-9.74445983817873e-07,-1.5037651093642045e-06,-2.1106546830887572e-07,2.1736549946801446e-06,-3.2655606257290255e-06,1.602176862685147e-06,-3.39243251520022e-06,5.028848462907548e-07,2.9749465605349e-06,-2.846617988862486e-09,5.48545147539324e-07,-1.1048174814674387e-06,-3.58834108175264e-06,-5.92641876564367e-07,2.578918694229475e-06,-2.3786677591010064e-06,-6.011160812367608e-07,2.5352950975695327e-06,5.008128550739469e-08,1.3321929118576386e-06,3.3294015447502327e-06,-1.0418550178181327e-06,3.7433039739027628e-06,-1.148605470744848e-06,2.637678389432443e-06,-1.241496873063444e-06,2.670026618011356e-06,-1.8159809217435342e-06,2.738505264168778e-06,-3.2763770569535104e-06,1.0949992336516874e-06,1.4793536400012868e-06,3.4434245440060766e-06,-1.212634600364782e-05,-2.188528316490615e-06,-8.161819644652698e-07,-4.268563451956989e-06,-1.082391764049266e-06,1.6399093877993183e-06
097,8.226597239773624e-07,7.215199156672448e-07,-8.128648499234884e-07,1.4322214700794955e-08,-1.0000709931011432e-06,7.345570596903548e-07,1.27470673606718e-06,-2.6188052225099883e-06,8.983156784821293e-07,8.533725235653256e-07,1.3220936559895344e-06,-6.619801487455399e-07,2.1568165761105203e-06,-1.4682273891572677e-06,1.5446410815877187e-06,-2.3621244937232997e-07,1.515054812895153e-06,-2.146936902789681e-07,8.891116661931454e-07,9.826185848042466e-07,6.152884504387706e-07,-1.2163842034543378e-06,1.4818514869578386e-06,-1.7170838210228908e-07,1.2237584600014837e-07,-5.876987503279714e-07,-6.564841883576044e-07,6.948227092406863e-07,2.1976125903443867e-06,-7.624737790693476e-07,1.4402501921802899e-06,-8.400080605248369e-07,1.439348979220576e-06,2.0520014687367114e-06,-6.226891424588492e-07,-4.4862778229219684e-07,-9.580033861514855e-07,8.496351201061826e-07,1.2065798666023739e-06,3.7114993118994805e-06,-4.162581495683365e-07,-6.035401358467373e-07,1.0813983037637313e-06,5.684115346238822e-07,-1.7328334858194264e-06,7.239172927293153e-07,-1.9605260440113123e-07,-4.2111241283271884e-07,-6.919981458881711e-07,1.0598518952425749e-06,4.637382401185856e-06,7.884171325273308e-07,-7.623786059968147e-07,-4.24661956644944e-07,-2.016416350221578e-07,9.320269541899453e-08,-2.9138143297840846e-07,-5.869325375572012e-07,-2.3709894159187945e-06,-1.303349765949473e-06,-1.2033603861337002e-05,-7.500329130385439e-07,-2.5790719767777736e-06,1.4913394645544504e-07
098,-1.1638191951660981e-06,-2.4253699275297374e-07,-8.459395235948539e-07,-9.478352860693831e-07,-6.415735822569134e-07,1.2881655255144518e-07,1.7221405416686906e-07,-1.6545632549212732e-07,3.1113171294493494e-07,-7.133371381904773e-07,3.011731234446587e-07,1.5221124140583393e-07,8.304858575986993e-07,-2.582876499091534e-08,1.1216999041753412e-06,-4.836304721019799e-07,7.048146136289756e-07,8.333962860531417e-07,2.2669040656030342e-08,-6.145269230219062e-07,-7.250909682292904e-10,-6.313267866739348e-07,9.221727340208497e-08,-6.071940199320597e-07,7.634466215793737e-08,-5.650295616739032e-07,-1.0840745032835806e-07,-7.506228829263552e-07,-5.756852875046342e-08,-6.350675695510687e-07,4.0881548513561036e-08,-7.331242503122917e-07,-2.8981610230734583e-08,-2.7765957459975656e-07,-9.072433700851079e-07,-4.418298972387e-07,-8.741699940720554e-07,-7.012180784345439e-07,-2.81619097865477e-08,-6.503650434912663e-07,-3.5310902358001303e-07,-6.353656225858653e-08,1.1169629890587133e-06,3.2382598464275327e-07,8.226501580798004e-07,1.0506097471426717e-06,4.2605472222924884e-07,1.0345789681929039e-06,4.019970120722812e-08,1.2513164109047597e-06,5.714267466181485e-08,6.094398981799179e-07,4.4059088927669014e-07,1.5738701471845995e-06,4.169437209495367e-07,1.5449984144375959e-06,8.527185990510884e-07,1.0521320810871625e-06,-4.883537900464764e-08,-1.112037012396287e-06,1.283602218878822e-07,-1.0680356563825825e-06,-1.2367923288599945e-06,1.9507458630123665e-07
099,5.907667385911957e-07,-3.1269613040992597e-07,-1.2807541521159497e-06,-7.857028656985998e-07,1.989092932545127e-07,-2.5907510981230524e-07,-1.004641366154078e-06,-6.213108989204455e-07,-1.3417269930270352e-06,1.1194746507520388e-07,-1.0373492349342192e-06,-1.2496985492234899e-06,-1.0155055848241624e-06,1.484245758969444e-07,-6.818693471176546e-07,7.453620149614668e-07,-3.2367709553592367e-07,-6.698757864508968e-07,-5.736985571679544e-07,3.9402796881678517e-07,-6.936264523318525e-08,-1.6967630313394762e-07,-7.046344890547107e-07,-1.530658761296953e-07,-1.922559699592414e-07,-3.2839459573859927e-07,-7.210784177612846e-07,-2.4444398151508425e-07,-5.768187997971061e-07,-3.4435029190189933e-07,-7.395437430193399e-07,-7.426953555749902e-07,-8.535799042423123e-07,-6.187652057025535e-08,5.728041472752151e-07,-4.307948811816546e-07,-3.015400419122141e-07,1.372147428856922e-07,-2.157667595672722e-06,3.028426713118989e-07,8.093130643468545e-07,1.1840896030977708e-06,3.1012482944327323e-06,1.0264899943806034e-06,-5.674748892688181e-07,7.890536563243363e-08,-5.945431448635505e-07,9.217321343275831e-08,5.956620631959503e-07,6.799679958378963e-07,7.49703790151415e-07,2.6830246115087873e-06,5.983181823106734e-07,1.114965168515518e-06,1.6280546912941383e-06,2.17198630489328e-06,1.1681537462474783e-06,-4.509838913173891e-07,-4.522452989133991e-07,3.571274751941719e-07,-5.307039170508304e-07,-3.6545932688085686e-08,1.025602786997376e-06,3.14772188354203e-07
101,-1.074873828944917e-06,-1.9590263570071244e-06,-1.4691041331166183e-06,-4.379687170364379e-07,3.050274333519512e-06,7.017337426670238e-07,1.2391476453314817e-06,-2.7448704927024015e-07,2.627298595847214e-07,-6.743186581866949e-06,2.639563135320387e-07,9.028185206976476e-07,-9.47820174202825e-07,1.490959397470944e-06,5.813396908390116e-09,1.4043793969460298e-06,1.8521402633191117e-06,-3.250233978463402e-06,1.1845659354682926e-06,-1.0908533468461226e-06,4.5895968703766264e-08,-1.461351724211706e-06,-3.89047886964835e-06,-1.8117568833866237e-07,-1.6532301389277069e-06,-1.123559787376516e-06,-1.1612445639112058e-06,-1.3788859254872361e-07,7.046864560606224e-07,-1.3078926212076544e-06,6.679736517421436e-07,-3.4544924065664193e-06,-1.8312361345036402e-07,-6.780829846590194e-08,-7.072445984440572e-07,3.811098519917046e-07,1.3282928277212553e-09,1.106036561253046e-06,-1.6681140271872692e-06,-4.02036064382269e-08,1.9769115845337787e-06,2.6651342276297142e-06,1.3234870261875164e-06,1.7433058044971173e-06,2.031223390693581e-06,1.9280474634676883e-06,3.7564787432168307e-07,-8.9559225020035e-07,2.6170204473848416e-07,1.398584768838242e-07,-1.9437945408521745e-07,4.1387104907459923e-07,-1.1505730821606762e-07,-9.432495091932726e-07,7.239224830677212e-07,6.10865638855827e-07,3.1696809317783575e-06,-1.0744213573663721e-06,9.267516015322631e-07,-8.986336764100194e-07,1.429087850985168e-06,2.4051840337825677e-06,2.456556492691751e-07,7.70809539625426e-07
102,-1.0023649559583643e-07,1.7709083228111796e-07,-1.048779465253438e-06,-2.948990240471793e-07,1.088523567503337e-07,-2.9459790191395915e-09,1.6855531734217646e-07,1.555191476079528e-07,-6.998517739430885e-08,5.6783146749980216e-08,1.2733144869341286e-07,1.4431386055215222e-08,9.454117910544283e-08,1.7067372202294414e-07,-2.292603084617198e-07,-4.765723038479626e-07,-3.2441469307831885e-07,9.189226225156154e-08,1.5002633051389902e-07,2.6317323308609796e-07,2.6653427725410406e-07,2.1103029214180804e-07,2.8839748018953504e-07,7.190277070211998e-07,1.1542037599057395e-07,7.26057881919149e-07,-4.909484587178367e-07,-6.288472592173726e-08,3.233349293715676e-07,7.293615681180431e-08,5.2970308940015284e-08,7.679106438930358e-07,-1.9347402032576003e-07,2.6787540966757674e-07,2.7466372298530785e-07,-1.3603723598298996e-07,-2.7415437154196496e-07,8.068376070039326e-07,-4.50684581774293e-08,2.6038193471640187e-07,-1.3888596797217447e-07,2.1409860596488103e-07,-6.330411166984485e-08,1.394790843024059e-07,1.578662818901144e-08,4.3961364263607244e-08,-3.545977153552804e-07,3.600234197811683e-08,-4.0827786222500157e-07,-2.3394389825010924e-08,-3.869124420823837e-07,-1.9134388048596507e-07,-9.027803575215414e-08,-1.1146794817120696e-07,-2.082867240905395e-07,-9.60356553603219e-08,4.5013986903006446e-07,1.1561474875162006e-07,-1.0834913197339975e-06,3.0296660051229624e-07,-3.7126281215321533e-07,-1.8081534294538707e-07,-4.0710154143239594e-07,-1.851818667376504e-07
103,4.4608627390731154e-07,-1.519836285026079e-06,-9.331538387463981e-07,-4.668019318977197e-06,7.4763306071132e-07,4.619313780122376e-06,5.789784878048932e-06,2.6061990838145737e-06,-2.897211144945069e-06,-6.184064980679366e-07,-6.779451946574187e-06,2.994534675574061e-06,1.6601817782189669e-06,9.694348892284332e-08,-2.5268270299571614e-06,-2.0365098584962892e-07,-7.732777032072591e-06,2.687588885941807e-06,4.694900350191425e-06,5.050214532844574e-06,2.966256020166969e-06,4.981493837023617e-06,-1.1495851635937807e-06,1.269332067682973e-06,-1.7754156397542283e-06,5.397734331824754e-07,-3.6043753337640635e-06,7.976145457766897e-06,4.249859878326348e-06,4.802469857210308e-06,-4.017141760412781e-07,-6.966287223467897e-07,-2.715806134520953e-06,7.742504426557939e-06,-1.5005302808028017e-06,-3.2443300923778206e-06,-1.8866485812045532e-06,2.47617660389857e-06,-1.2026344010735567e-05,5.166701173620218e-06,-1.2042196386280763e-06,2.0013293468589788e-07,2.247081418070823e-06,1.9705232376270605e-06,2.3696159751941037e-06,3.54416113941181e-06,-2.4996726512506895e-07,-8.9798537656996e-07,2.754210936136323e-07,-4.573090165211018e-06,3.832888196898151e-06,-9.536954364996937e-06,-2.576067612588963e-06,-1.3385784413058435e-06,5.936561692534903e-07,-2.83753260510502e-06,2.946891194767985e-06,4.249158783929089e-06,-1.2115156431304215e-05,2.11416485261323e-06,-9.452992732382e-06,1.840843359957085e-06,1.7273212511289113e-06,1.8730369768940272e-07
104,-2.686230623911123e-06,-1.0317579095848408e-06,-1.6374152805171623e-06,-1.0474108282710745e-06,-7.675837764841111e-07,6.251558611214809e-07,1.4656986388628696e-06,3.298506782536736e-07,7.428030588007658e-07,-1.1342930372221392e-07,-7.31671335852414e-07,1.2471454449586221e-06,8.710435865317021e-07,1.224025922250763e-06,1.0421142513951877e-06,-2.7848054848981188e-06,8.942018512304093e-07,1.4330759018979701e-06,1.0045644301601987e-06,-8.894885113263732e-07,-1.1229808906066522e-06,-1.7707928490545212e-06,-5.37920324257586e-07,-2.525344903932248e-06,-1.3430920529062815e-06,-1.4420184418055482e-06,-5.617875496198026e-06,-3.496211970818368e-08,-2.5201310518263055e-07,-4.789921947577427e-07,2.7376165721636786e-07,4.329547190082667e-07,-6.5859595861647e-07,2.0987662825099904e-07,-8.983771955778353e-07,-1.5834213929693115e-06,-1.4836816655523635e-06,-5.708091089447384e-07,-1.1381531515599518e-06,-9.90540508885823e-07,1.0976064388809032e-06,3.0430099684550673e-06,5.515918641845143e-07,2.170230929045891e-06,1.8204009836715606e-06,1.474712304566333e-06,1.982051167045354e-06,9.913550575003312e-07,1.742244436282787e-06,-3.9368685052817765e-07,3.3004196310708814e-07,1.6947842240008561e-06,1.9179652474682054e-06,2.035770256276355e-06,1.5854789104754481e-06,3.0270818870501827e-07,2.1221868897972947e-06,1.5411802168455066e-06,-2.983330486951245e-06,-8.26012278299346e-09,5.511130816169377e-07,-6.016787834473987e-07,-1.142555426502905e-06,5.18171327431334e-07
105,-1.96530423608547e-06,-4.113159838758395e-07,-9.251111185251203e-07,-1.6864821610196908e-06,-1.6132282223831318e-07,3.512157009785449e-06,3.09810897023433e-06,3.3849512060670393e-06,1.3776750091708464e-06,1.6081573082643842e-06,-7.427931469075084e-07,3.333066160340179e-06,3.3873691903615147e-06,2.8679095335337433e-06,8.624620921092418e-07,1.8889976522351266e-06,-1.8059305143458498e-06,2.2109807639131027e-06,3.6702793683874057e-06,1.1667031931569546e-06,1.209815802106955e-06,6.176898539655908e-07,6.109577027546715e-07,-1.176006041148645e-06,-6.682685941421341e-07,-1.4718500257789185e-06,-1.7594690971918702e-06,-3.788855577529046e-06,9.852445260883382e-07,2.1447884446881696e-06,1.4001701197146835e-06,-3.888709398828622e-06,-5.585107468304362e-07,1.833616418947235e-06,-1.7937689172694533e-07,-4.311414279588982e-06,-1.07063056002209e-06,-1.271568309183297e-06,-1.7716012468168893e-06,1.2042233586227705e-06,1.2467662164091473e-06,1.9282472003081876e-06,2.5078263409226783e-07,1.1523493997731972e-06,1.4041509238513943e-06,6.636095084472902e-07,1.5123065797178631e-06,1.8287983799808433e-07,-3.2981999845960316e-07,-3.305230211266141e-06,4.491080742804322e-07,-2.948858075178322e-06,1.1353294917194938e-06,-5.500240766644998e-07,-3.047536150647078e-07,-2.426630118447315e-06,8.861706569892103e-07,1.6603103036023207e-06,-6.573106297022606e-06,-2.1777985522871852e-07,-3.022447165208232e-06,-2.4204700321190277e-06,1.336297278356461e-07,-3.267324043027421e-06
106,-1.5713408452331305e-06,-4.580101948595856e-07,1.15865075704533e-06,6.16920214365755e-07,-8.06797981947166e-07,-8.22701526496479e-07,-1.4585308104024294e-06,-1.2903567597806924e-07,-1.5748020898617798e-06,-1.3720601741953738e-06,-3.3257958496425093e-07,5.847563877195274e-07,-8.026198092876764e-07,-6.918180374510056e-07,-9.359522790509768e-07,-3.683284492681367e-06,1.1997091649713307e-06,-2.781445080533233e-08,1.1673069945271653e-06,-1.3060722620290376e-06,-1.5467760109641185e-06,-2.682115821739817e-06,-1.529012096344191e-06,2.813529563505613e-07,-9.134170696390592e-07,2.0507564294580197e-06,1.6811123362335492e-06,-9.631640586338223e-07,-1.5907409753871033e-06,-2.0897215792139496e-07,-1.1968023412815839e-06,4.6098867734649833e-07,1.961791234638821e-06,-2.1265024815417105e-06,1.3670530114669004e-06,-1.520538912085246e-07,5.564982689695907e-07,2.1086272709712525e-06,-1.2957503003269146e-06,-2.4025418844935155e-06,6.884232275829854e-07,-2.0485625046771322e-06,-1.2126873058535897e-06,1.3896805874336413e-05,-1.0768119575704831e-06,1.8603759415278916e-06,-7.783925143177896e-08,-6.187863195672448e-07,2.511647799992312e-06,1.1468616546554676e-06,-7.116077372241339e-07,6.948852022904139e-07,-2.205064877441287e-06,-8.717712790336255e-07,-7.584333681602977e-07,1.4154871239865344e-07,9.533267556878102e-07,-3.6978850465530794e-07,1.117231050425116e-06,-3.186090119587481e-07,3.056860195599507e-07,2.1330308451141306e-06,-1.1115586879186676e-06,3.3174433225822657e-06
107,7.106976251777926e-07,3.9221288019498186e-07,-1.00482133556998e-06,-1.445166746449306e-06,5.283805027993409e-07,1.072406701080137e-06,1.8882189797302922e-06,5.742478055931975e-08,9.036951409667666e-07,-1.4291000520067464e-06,-1.6583983509666073e-06,8.559673626585295e-07,1.7654946074848572e-06,-3.2443677345426896e-07,4.4422572401267506e-07,-2.774008836372019e-06,-1.8987716297423827e-07,1.6936905162206223e-06,2.4810608239825838e-06,1.4330953586674397e-06,2.335660998531382e-06,2.2226771540410517e-06,-2.1040608352088917e-06,1.9162645929282897e-07,-6.445705754947869e-07,-1.97251929556504e-06,-7.66073893263787e-07,2.1013361794934926e-06,2.1511855211399016e-06,2.0982755836271978e-06,2.624051062666655e-06,4.246455393367183e-07,-5.013965281586146e-07,1.7600758364137272e-06,-1.1796259973491591e-06,-2.191074850605021e-06,-1.7349957389520463e-06,-2.6433929283170022e-06,-2.118556090505047e-06,1.4201176023271706e-06,-2.0708399824936848e-07,2.3504351418293734e-06,3.1862077863795798e-06,2.1665848191791375e-06,1.5657010471438243e-06,1.5146163808770763e-06,7.718263115551647e-07,-1.1635457215128201e-07,-8.145820343794471e-07,7.636226755566755e-07,-8.638308094322625e-07,-3.4270957483600873e-07,8.85301244537218e-07,1.3642226696450088e-06,1.3174024346508288e-06,1.9126307014843224e-06,2.462840850847202e-06,1.0353044123783001e-06,-7.314978094531288e-06,-4.453629004801981e-06,-4.04563967877889e-06,-5.5363047658893465e-06,-3.0367352810034792e-06,-1.4389956112032675e-06
108,5.750245113933173e-06,6.331981602697091e-06,6.999337032997561e-06,2.384482841663993e-06,5.203908590355613e-06,3.0409900151501663e-07,1.175752686301811e-06,-8.663100198459815e-08,1.5107549939653657e-06,6.789504664771695e-07,-2.7788505911315775e-06,-5.911928059237551e-09,2.9416782186740804e-07,-4.14241572480702e-07,-9.886824259647024e-08,-2.0247691093882673e-06,-9.767426030640052e-07,1.1174601425228746e-07,7.441566759318498e-07,2.8340906276423573e-06,-6.245023343457113e-07,3.0161592348707856e-06,3.7480907825859253e-06,4.3047335000736965e-06,5.021885590911408e-06,5.016938698996689e-06,2.1655528262629527e-07,1.0240617724150206e-06,-1.2155401497421824e-06,-1.7131776830249676e-06,1.3066257939164263e-06,1.4812708294945686e-06,1.3584564898367413e-06,6.002596240244149e-07,7.64063279281926e-06,7.560764529912764e-06,1.8424458110667485e-06,7.012661246684944e-07,-1.3275838274077749e-06,2.9367440226557585e-06,-4.166030027574112e-06,-4.603469747473837e-06,-6.353495801360561e-06,-5.5663757049792875e-06,-5.778352536826413e-07,-9.044385896808598e-07,-1.7280309566081242e-06,-1.870203068938732e-06,-2.059109115104438e-06,-2.8004233217986395e-06,-1.8991155044289846e-06,-4.416498546221902e-06,-2.8289996389238102e-06,-3.3802681331603653e-06,-3.002044482394991e-06,-4.805822960515753e-06,-2.7516122280380398e-06,-1.220035064293908e-06,-4.614152778801442e-06,-1.478453848699417e-06,-1.7271652387079438e-06,-3.023873194109238e-06,-4.2412687944003667e-07,-4.632165222313188e-06
109,5.740942934081624e-07,2.158532417349342e-06,2.9136678130575514e-07,-3.5601169306694485e-06,1.8928896608435973e-06,-3.3886922360002025e-06,-1.292102050679668e-07,6.025851451570871e-07,2.1980900199783354e-05,-6.581466130592033e-07,4.209168421353915e-06,1.4369656205489373e-06,-5.1658547639600994e-06,-7.309406733445901e-07,1.4698762880075793e-06,-2.42215023335948e-06,2.429088673669459e-06,7.494217454988359e-07,-9.832023343732607e-07,2.2502864396520116e-06,2.088288691828361e-06,1.641326336810786e-06,1.0789562516984028e-06,1.8879434574597832e-06,-4.196565223028294e-05,-1.0736513632362047e-06,2.5027974173425992e-06,-6.125998657638582e-07,4.240063889467791e-07,-6.256518557136153e-07,5.476302718313161e-06,-1.9050833122955348e-05,-2.139710121537427e-07,-1.0756520426547328e-07,1.5493445150732785e-06,2.9252800550428213e-06,2.4154350901119644e-06,1.923793461998665e-06,1.0144847501041301e-06,1.5410309903648841e-06,4.945011056339328e-07,4.5344097157221294e-07,-9.086705886663832e-07,3.7281032265913395e-07,-6.603224346012834e-07,-5.678142422108194e-06,7.556511135720046e-07,-3.734064251428809e-07,-8.181984081032019e-08,1.2876505246302582e-06,3.0475240994843257e-06,9.032590533941294e-07,7.793342712944945e-08,1.1816691731152006e-06,3.2082449502877623e-07,1.049631094774607e-06,-8.531497312164479e-09,-8.633724696586903e-07,6.471046810315714e-06,2.7693329403823405e-06,1.9512282568778163e-06,-3.260013481780321e-06,2.0604389239001987e-06,2.8114096801419016e-06
