subject,Af3,Af4,Af7,Af8,Afz,C1,C2,C3,C4,C5,C6,Cp1,Cp2,Cp3,Cp4,Cp5,Cp6,Cpz,Cz,F1,F2,F3,F4,F5,F6,F7,F8,Fc1,Fc2,Fc3,Fc4,Fc5,Fc6,Fcz,Fp1,Fp2,Fpz,Ft7,Ft8,Fz,Iz,O1,O2,Oz,P1,P2,P3,P4,P5,P6,P7,P8,Po3,Po4,Po7,Po8,Poz,Pz,T10,T7,T8,T9,Tp7,Tp8
001,0.1944264478345101,-0.2945391303243459,0.2212658512797954,-0.2586167997821463,-0.050803428403074447,0.15731368078593594,-0.23523858624716526,0.2184681961177304,-0.16025410642803867,0.2920006906286493,-0.24204895285185007,0.01809037478501624,-0.11773615945617227,0.06939841876268515,-0.2938152748827149,0.1775395923529342,-0.12283237883461945,-0.15769575457731028,0.05813543867607179,-0.059082469800153636,-0.15974317659750165,0.07883337927888462,-0.0889898225484253,0.09208266819723449,-0.20520962786228875,0.2749071429987071,0.2772476817638735,0.11224749665667799,-0.14365382531440546,0.10104363152587342,-0.3970574404842164,0.1608145077538325,-0.1797682413333081,-0.24981653045142543,0.03418969642790315,-0.028828474691623307,-0.15100993822970837,0.21988142198410981,-0.021347799945865886,-0.15351107708629935,0.607711331229223,0.2198888343220862,0.1907640371408984,0.09304216900144474,0.09934138280667909,-0.06516206036588862,0.0636561032103255,-0.021823166975523278,-0.014345652447408541,-0.15995515093382046,-0.08196375083153029,-0.2560574530985455,-0.050060639373490534,0.07439575846847124,-0.1349467016324059,0.12313424535098422,0.11738677102843359,0.030054891784556115,0.21466554038614624,0.02203152218871457,0.02337151159169032,0.04327342992222655,-0.022486616868561737,-0.10220365758247457
002,0.2385047816463352,-0.03903170655563111,0.3071486241455794,-0.0852643107211669,-0.15982065703421838,0.2867636205083084,0.029278319707054024,-0.09325529037454529,0.16993245067615148,-0.0028856702758335434,-0.006576907806270252,-0.14387426123204777,0.07132960664552686,0.25601717373879435,0.14783308938713807,-0.09197523854455748,0.07760540672663975,0.31970488602357766,0.06999856859774913,0.3007107485408428,-0.1080518211989983,0.5554523583829548,-0.006196448095849141,0.1445070242990113,-0.027389320487554866,0.36001395963105864,-0.26372974059289034,0.27752460618978325,-0.013279533572589777,0.13710762162067558,0.2598042001372777,-0.11186790379679008,-0.013624747904966247,0.12949330843053608,-0.19004706161321416,-0.25236194127515377,-0.3933798090717304,0.22835402583573589,0.6791188365447429,0.09371208362044427,-0.21946014087043314,-0.3647609135587352,-0.45849918494781317,-0.24544764305974798,-0.32450997076619215,0.36832698094506666,-0.12620094018168754,0.3952619247805534,0.09899734409045562,-0.08631668597313437,-0.4658227095727816,-0.36010706450314084,-0.19380461336307264,-0.09573441390877264,-0.46751067989575584,-0.4700786515344956,0.18508857130284234,-0.03607550762033919,0.10817062730669615,-0.26213632639875556,0.038908394354668654,0.13597743390613065,-0.2840981627749254,-0.007470598638540701
003,-0.3621862240683069,-0.13833111108395352,-0.12380783296145975,-0.14187494863728511,-0.2549648980325936,0.09566824586373446,0.06646448229247204,-0.012425472259916193,0.018773120799774445,-0.005201326698520026,-0.5817343609921214,0.14953359894448592,-0.01915086117127429,0.1572928881725394,-0.010011292033173691,-0.10159315526741752,-0.2635145209690047,0.2028626365191033,0.02789725256292752,-0.1735399553103476,0.0676054997251474,-0.08063414332374907,0.0920731186490984,-0.005863552220035095,-0.053043171852199145,0.05733989455264921,-0.2880352335925084,-0.18355138467003335,-0.1937851057513097,-0.19041842434099587,-0.19647460746204082,-0.20160895403116064,-0.19825187349537654,-0.07002909485752573,-0.14722657434401276,-0.31413344623890815,-0.14070606306153743,-0.03435992860084808,-0.3600449818264908,-0.011102485832009457,0.3968229498054465,0.47189644417328,0.31803602977954315,0.3951890603982885,0.16030784317421687,0.13553719662026364,0.20330791923037128,0.13437369757906437,0.09395550775827588,-0.002944568955649096,-0.06689118422750523,-0.016251606548393638,0.45024540541237434,0.24181767202253224,0.29584292537157053,0.15222292936374815,0.45094011265740264,0.29252672775752664,-0.3614094487966396,0.05692971765694743,-0.20704629045056344,0.21728810792772424,-0.05928319432498047,0.16868029351933933
004,0.3975734370563675,0.2488986330413675,-0.02818343877900103,-0.2891175644967068,0.1264236784725063,-0.18855946157195355,0.3802685569914076,0.008792260905690678,0.35690526454266625,0.3380869344439638,0.10625276661753974,-0.05807777568919275,0.09014827830596994,0.08230274917464137,-0.188881674284307,0.20656968667188022,0.28195745087821394,0.0024112612242082956,0.07132897578210745,0.201590234207653,-0.1370354496084256,0.5438026946346434,-0.1156647758161636,0.23802921566959365,-0.2978417588799798,0.5709969884345267,-0.10448066872829992,-0.36739766175352606,0.0978714296080743,-0.18679552907018446,-0.052453632031067905,0.1694230046449427,-0.025921587774716766,0.122811195015676,0.10365350524314385,-0.1892093833286911,0.272211123123154,0.18057658843120789,1.6731603226984322,0.07961196462364636,-0.3590895704707057,-0.18482752515446643,-0.6188524410379714,-0.5413603597235845,0.03908818789151087,0.08712191303831815,-0.12967708592148278,-0.08908359646081943,-0.1894738881960866,-0.2970675234852221,-0.1675852546166518,-0.44566907782402243,-0.23974634423059257,-0.3472827538291574,-0.2484848539746314,-0.3153890637091268,-0.48441385363016753,-0.4215064632656065,0.008899203578217087,0.1377253475080522,-0.16858609491770435,0.5886642576235629,0.07224305058419281,-0.40768404840686223
005,-0.007545857629835423,0.10378442069822635,0.0769249981367513,0.24861568701239578,-0.19441810869750378,0.17831935298144802,-0.10051268014141873,-0.05108975343411555,-0.5578824813644949,0.017945223863124138,-0.08701615461139803,0.25694257509636104,-0.34404600529119556,0.11843638056787015,-0.20938534454110827,0.21803490381549273,-0.07567537667213498,-0.003936414629060803,0.25645675308582183,-0.06660938371560762,0.043345679471758436,-0.26929719438183297,0.3089858133661677,0.4486631916850222,-0.19178431615152847,0.17571996836863163,0.1186347172869402,0.06398491349232904,-0.11490825885399106,0.059690685254340514,0.33540921459809137,-0.07851649628546449,0.04966974216063713,0.07925891836593857,0.2407619530325602,0.387415251369414,0.07366345331450264,-0.12315532657363909,-0.06892478119929273,0.02972916420810065,-0.10216473122717346,0.1479958006239846,0.09025299434183354,0.2588197000307394,-0.06345007354585225,-0.13848454646279001,0.23092887701012615,-0.2688050648900838,-0.595160175662587,0.2433855692467744,-0.0016808686495342617,0.008940851648519932,-0.054318149769290364,-0.02899124889658211,0.3256437591436631,-0.16631759851224134,-0.04938244169960598,-0.16795803651432484,-0.11877803286291935,-0.3196507452757709,0.034663679922696755,-0.10279547418418356,0.05920228623257362,-0.5675853571062757
006,-0.10951203041910158,-0.11062309989913323,-0.04512060794819768,-0.14393872880084574,0.2701394044649679,-0.13222038907817552,-0.3713982744924999,-0.09294568090161671,-0.2699579495255935,-0.0010278954752484665,0.18411729255332376,0.32952487462702795,-0.4660155595971639,0.34347999928423445,-0.46559002151564866,0.570867222261517,-0.27316992819469077,-0.1801315788859813,-0.2107824039630284,0.174338051289454,0.023499840611415593,0.24932130904468036,0.019654127341603864,0.20650500940100558,0.03287091742480171,0.1799224390186842,0.35214973011638695,0.07587787742594783,-0.1856700524625402,0.04498261543187339,-0.14705882407215165,0.3320406377813554,-0.09027843759653366,0.018893995922475967,-0.2435686108095812,-0.2756589080991848,-0.04392610754736591,0.1550021193367963,0.09442479802636825,0.2547821366812901,-0.5338810302926389,0.005275143784037151,-0.10629701646211741,-0.013508065883981582,-0.010725706200308951,-0.10875650791797513,-0.026496110615241666,-0.2246054862068787,0.4062249850646593,-0.25619473466222775,0.4166985728694529,0.0807906487896718,-0.019956491867539755,-0.2765454142250542,0.09327516357293361,-0.29862395928467794,-0.16093661643589308,-0.058367245966210665,0.03624809883841963,0.16590750073749427,0.0750307553084021,0.2986751108447158,0.37675014568597653,0.08621895176405525
007,-0.23339820591339963,-0.031481327364061895,0.0988335365732787,-0.01591498654793333,-0.567042742207251,0.01533082465818092,0.022107821289055862,0.22018488240537148,-0.02232246890375361,0.026464461197566846,0.17545381367432,0.12770806979756194,0.0601917338362386,0.012634008127269114,0.07949639506619494,0.1470278668228826,-0.07246402251904988,0.05036271391825087,0.04015542077113188,-0.29903164781018715,-0.29399735372301716,-0.3395143793050854,-0.33405051340408104,0.08286545020967806,-0.25206596261360065,0.32176202310464264,-0.067657883486544,-0.33924869578917405,-0.1198355336371241,-0.12387290552975178,-0.10827945489180896,0.06557161074537471,-0.16553246250573156,-0.09312171162839883,0.02339196167118518,-0.12103359894952859,-0.09714353584881702,0.3039720664373693,0.22174715161938252,-0.3051735327907744,-0.060140122295894716,-0.20762715894019468,0.7799092262542919,0.4008176008758354,0.20977249396532416,0.16259147471052038,-0.1638321437229321,-0.04250092156828522,-0.13545496008085392,0.407896759273107,-0.5680941579372222,0.37472793972580765,-0.05645104398015399,0.44126330945528036,-0.5187842858037308,0.40762723046794314,0.12908209603092802,0.13942924925086386,-0.12285428270932469,-0.02331172337176446,0.009996198277679169,0.1720214228613306,-0.1358283336035972,0.30666524630918046
008,-0.058358773046486845,-0.1975862907131622,0.06941461652053854,-0.24418513512508527,-0.24994196796944673,0.286174709418583,0.059560543244992104,0.35083532512294946,-0.14537235206048083,0.02789821243854379,0.08275326120179147,0.14510552243327718,0.18630396232240615,0.019326771234547624,0.18438666708942045,-0.03760494246265539,-0.34498462172013694,0.4806469968740057,0.3672435007006785,-0.05837016070508444,-0.1935501066683551,-0.11290110843560014,-0.19024094449643686,-0.04373708537930493,-0.18760753573584504,0.4005216686185826,-0.43337592897003246,0.0775805012508913,-0.14261949870589158,0.06964594205906938,-0.1470825340764223,-0.02826128961463642,-0.26039826650386627,-0.13191613885701953,-0.10362133411761759,-0.28547512767240374,-0.2611745540705677,0.45142090579473104,-0.48637058433522967,-0.08757010023018269,0.041171541005899925,0.07252683389831516,0.29196457819956695,0.2050116636280463,0.20594977885847918,0.16605936758615952,0.06318619786562935,0.17434043358584034,-0.11673234248245123,0.047875455803886746,-0.32026607020989045,-0.2931374540748007,0.06922902853995117,0.3311975634427814,0.028674023522627434,-0.015333279089004781,0.45410047666422376,0.19259574000456303,-0.4241411253161463,-0.028779633888915357,-0.13508858336700863,0.20818435001597152,-0.13697691055509775,0.0918756417083175
009,-0.02330142540161967,-0.13858957806239441,-0.3838110109049569,-0.039574600213363786,-0.2936005896039973,0.1144170951178472,-0.021958795273583798,-0.019054949384364972,-0.13926869268198488,-0.08893162941345617,-0.4116611311131371,0.07218546079058313,0.054513737630819736,0.16552617905753753,-0.24205814081871962,-0.25172744096887384,-0.4557013424636471,0.4585719559432278,0.13148973649049406,-0.1580483626833264,-0.1684285827961935,-0.21150317890694542,-0.07195435092355057,0.7638239901973771,-0.38948305848919923,0.15639180099223277,0.2181310228931842,0.20086910487382845,0.02729924456298466,0.14752907901108397,-0.28392065953941875,0.12649548829037655,-0.42616089994067624,-0.1830404402328521,-0.07811229859940066,-0.0022086702584961926,0.19853898874752754,-0.05542792018927395,-0.1887448207663311,-0.23125937938126412,0.27086250582365073,-0.06391127932447194,0.21371358153240766,0.16062056233135502,0.10722484901635426,0.18060410478393152,0.21941504696070996,0.10270190183999917,0.1655426703284868,-0.21005106766823806,0.15493908216852664,0.20185076703781907,0.07163051702907902,0.1613954211114549,0.10427199038207985,0.33510900230204343,0.3520510400888733,0.09058170524668357,-0.04658743379569519,-0.39640687156917237,-0.36729626325018666,0.2953876698529908,0.14514806290430476,-0.12704850072106483
010,0.09612192524878811,0.002544203827945332,0.1108885234999762,-0.00865906708725142,-0.033696238014041355,-0.16851410130911681,-0.33478174706599095,-0.22591180852949616,-0.06827315214461248,0.18389797706476407,0.24441143024735518,-0.09090658497027394,-0.2137872519045783,0.33220844361283297,0.20249760643961778,-0.06204217263080322,0.07553608600366558,-0.2611704901913475,-0.38489997169709556,0.012248535922825501,-0.3160507864333743,-0.3569971869199629,-0.2681210383884245,-0.4214006087241608,0.05036125600416265,0.08551885099249452,0.13704981670841332,-0.2806247782728629,-0.39142705065629335,-0.13515793202254156,-0.2750285689303522,0.3476745876850357,-0.017741850058358585,-0.3666601532754938,-0.19904418387631317,-0.16261432673903192,-0.20591860251198651,-0.01927047399628233,0.0009648510723734571,-0.6130977766413437,-0.12875099749553648,0.40122060673351545,0.7126238982728559,0.7908568989804776,-0.1911985691930635,0.02229981522325135,-0.014286041935634486,0.27225071314838306,0.00937045116129337,0.35438203999436724,0.4917381077758838,0.16296753798853547,0.009292967166434449,0.6264982317593257,0.3128124576527781,0.6408922292834299,0.575431467064906,0.10617191269153599,-1.0525985674099423,-0.10056100510174175,-0.13790517192294877,-0.11027891491085402,0.3029510207087618,-0.0563072789748745
011,-0.31824802506634786,-0.2282533426901166,-0.43814500846416615,-0.17952611373323216,-0.5124470981882561,-0.040515117710809595,0.04965744700510355,0.02444217899050355,0.2193942071572792,0.08167524041483731,0.12085710133388933,0.2091235964835011,0.2601471913009701,0.04780300158143169,0.5620366800474442,-0.24909523092720418,0.28861621015661965,-0.0670512976818656,-0.11409418291634871,-0.27011517070869895,-0.48848899850119565,-0.3093274898422861,-0.07446136397017245,-0.3858457327086437,0.20026291362432203,-0.29466931421938286,-0.05627270038059673,-0.11591816353718448,-0.2076606321943049,-0.11111331420403836,0.009304625643473674,-0.3511303471200726,0.11288629223848101,-0.2738154725044112,-0.3977312748468418,-0.26108821127702053,-0.19797616368749593,-0.2512530933033017,0.08289484806084718,-0.28914124492205306,-0.25073866739241824,0.529529167695105,0.3605308267020174,0.1480842717793358,0.3420852102794091,0.10328761332506159,0.09151668765237858,0.4145990704118798,0.11397432889105519,0.5874337292304133,-0.26785612569836653,0.6147079557092662,0.10722064600331688,0.5183846491055838,0.2813620566897389,0.5078271982543016,0.44943877539155364,0.5378434829902725,-0.6380143028841735,-0.0627241313325825,-0.15233008654285457,-0.1548443481469612,-0.12438326450088938,0.15734782765490363
012,-0.038023582039262274,-0.389003360573334,-0.06819621029756616,-0.5911195587701015,-0.2215316238832301,0.546885870120279,0.6287173907591284,0.453829716487053,-0.07841863429312362,0.2097594182539801,-0.21500576587993372,0.5720612497834037,0.12994823308487435,0.5377355107856838,0.0833921535837715,0.2590045440194243,0.07411149283524551,0.6976132617399156,0.600556417502786,0.08859513006977665,-0.45800531817748785,0.0821347436739745,-0.45892478814272575,-0.0472480760681126,-0.46912776674385975,-0.04066030921127481,-0.5384456679161236,0.3426012935361817,0.17626874979950286,0.328700077924001,-0.11364793696467106,-0.010345535328236288,-0.4812568201752724,0.3133326458368471,-0.22213543801502272,-0.3413509532654652,-0.296388066614232,0.0027183900175100084,-0.5307958079401165,-0.01921190901769576,-0.27483974723873394,-0.15005603612380097,0.11011684563955781,-0.03266752938270004,0.02551341137178928,0.17663676840367054,-0.002192718535238447,0.18096732203175864,0.1207959958666831,-0.12517250556005802,0.10179874307874431,-0.36757147159122094,0.042161589866858085,-0.1386434881915276,-0.031722610340712123,-0.02488917661087245,-0.04086785796735662,-0.05590893283092588,0.013471391795854992,-0.027380521125593554,-0.12267609984521759,0.14292122988488432,-0.0037890803533554562,-0.015128682738978744
013,0.24725406846309503,0.439596340893807,0.26720226613581644,0.4947131223847913,0.08567340261005646,-0.08346566057283009,0.11662362914225713,-0.07432433530221427,0.07594921775612865,-0.18406059348808393,0.12099416999690024,-0.17802000261670708,-0.004929247386269146,-0.10517787170366774,0.08153445963392017,-0.18822353225651206,0.031008499020997733,0.02102404453990135,0.09646187150788754,-0.05250840301980384,-0.3792619442854012,0.03091436508732235,-0.3671976395852567,0.027687276390973757,0.2327234533012593,0.18151207663739208,0.23558285956546623,0.1610171572208449,0.056229890488221405,0.20196648673468687,-0.022870235265682083,0.22171966465543388,-0.14707922583370728,0.11065600562577368,0.12230619334534737,0.26778599653940754,0.2435988828549193,-0.07171242564069572,-0.21114369125032645,-0.14090819425712295,0.08620643964206959,-0.0578717039388302,0.09281502563678987,-0.10105931012924363,-0.3216756552332008,-0.20306227989578687,-0.43151854388324357,0.08643582831791582,-0.14885020084232872,-0.008834509315581406,0.10414530463447558,0.2817075366766692,-0.09890408802110237,-0.14428786306828173,0.009325214666840366,-0.029217578332868248,-0.11226235745349913,-0.3127729013838941,-0.15841198778375246,-0.3317528678474758,-0.06304967715696719,0.13012695344469458,-0.1945847117843353,-0.033498465017391045
014,0.05447337715996703,0.15516202999692963,-0.27303870993930723,0.09728424162816868,0.2230022420779429,0.35954667905961785,0.2079450966134258,0.12433576880199126,0.4333380760168634,-0.12871538555821563,0.1675909849796713,0.014832647743724447,-0.21783983543958566,-0.0045072322333116754,-0.2945775248094466,0.029650421030382956,-0.4776480440375279,-0.329378384662665,-0.08759108240631963,0.40271753053278353,0.3621324785091657,0.18310637632982713,0.0626803252151204,-0.2630754288931104,-0.017926531806271795,-0.3849853018652002,-0.023907742965265766,0.24652821349750903,-0.010601890582344009,-0.15792796597116215,0.3758631810075351,-0.17301756990325773,0.3356644072403338,0.3305887429072422,-0.06344740494745427,0.26257825016607345,0.003391694935102829,-0.4275537526654722,-0.04668498799705825,0.2657515331500255,-0.026017147197584578,-0.09932165647552008,0.03278928809227638,-0.39998177087236014,0.1266340181488424,0.06241110347133766,0.7232955089816211,-0.35250858702287413,0.06692436533690466,-0.35042426652357234,0.23439979633162894,-0.32568720975546084,0.1438718609190483,-0.5183985876596866,0.504900306752462,-0.13589538251215455,-0.14152340058048146,0.04712704538018225,0.08064955026813397,-0.2347850837030561,0.18670565337462336,-0.26436512252128697,-0.3305916168788817,-0.3459481872705704
015,0.09398422032720033,0.21208418442946947,0.1258977058770877,0.32896372696402565,-0.09100058534530273,-0.2962461340364916,-0.6648171509874095,-0.1474928017620666,-0.3255045449136884,0.08664143195120291,-0.12563519534517834,-0.3143678201749428,-0.7045431107890033,-0.0021383545610674237,-0.12563676333642562,0.4028578150534435,0.14826782689516557,-0.2808081934165848,-0.664275363464289,0.051399186252003154,-0.17236834349267952,-0.3132809124996473,-0.032170122160437076,0.12892290361406036,-0.1804149164220933,0.23002999508164512,0.3666393147651623,-0.3122595153601322,-0.44354987761118203,-0.4241447140988007,-0.2573335216494943,-0.10096362183624838,-0.04118950095941473,-0.4876679389399663,0.3046645205459266,0.26722659532020554,0.3029910586173006,0.4074389512267388,0.0737706988251614,-0.22674981819580617,0.21586810021734584,0.37977902866427327,-0.04094279069655937,0.3987795049347414,-0.07580218080893011,0.0881317734318598,0.24477972504646411,-0.2713216024923931,0.26493319707752494,-0.13447351932582088,0.09926627612189348,0.2730735256220322,0.2369846463514927,0.10412225751115,0.2083571959784465,-0.04127707791654006,-0.4166082163712641,-0.2691020592703455,0.6070087477417502,0.4485571452459206,0.17453905016062418,0.3292775912224828,0.00786437285579436,0.3709839943106105
016,0.03309372250107245,0.17343593758442283,0.2256125874358645,-0.18753537556376465,0.3532091579759708,0.16245758396840154,0.17180678110617625,0.05413389572361982,-0.10824507796943972,-0.12387875284788441,0.11683206490238252,0.22494795691079944,-0.020080711829225106,0.0914121196097914,-0.027951638528448952,-0.0912863513178171,-0.02590873740664007,0.037521802074908905,0.1681957749025622,0.2307248837016747,0.16533888071592207,-0.09714361007331329,0.1995354420615672,-0.05804625727945528,0.17100259921556943,-0.7029923397460909,0.057237240520653154,0.20167039792942182,0.1039546748042165,0.19488911457948582,0.3043096205346953,-0.11409148493270727,0.16115243964133213,0.2261191178248329,0.16994306617042204,0.203739180293876,0.1634025015633515,-0.28025282549100006,-0.3236098121833017,0.2952219349265502,-0.5813575949097377,-0.03723176727279426,-0.12328796357859617,-0.15438345494674363,0.17281823268743784,0.10130492401837748,0.06587533015048036,0.20549279341486565,0.1318531132434666,-0.09128884935251669,-0.30987482347004347,-0.028685395218154164,0.09105524417963845,0.17498047801345457,-0.22370454774998577,-0.20519755188170063,0.07457990059248082,0.07616334401077357,-0.4963584959813959,-0.20600344551165461,0.30006282374646526,-1.0633140693249516,-0.3192438386582197,-0.05413189021140069
017,-0.361285559917589,-0.3145297984870397,-0.2760564043364796,-0.059527481344889555,-0.45241774945764074,-0.12739268210198462,-0.029927631485863637,0.16943550670052873,0.18110781476130572,-0.2698084787636376,0.2960724433882014,-0.010171256049224447,0.29454120811509665,-0.12631237951488405,0.4452671903400822,0.13067518961684962,0.4158452033722813,0.010999293267809157,-0.28179531416686776,-0.688345896723163,-0.574152114761173,-0.6498967427738216,-0.5883799199909974,-0.3296072940912554,-0.381358720026374,-0.20824813465482922,-0.4094424466287912,-0.16164642758416897,-0.3237681692391374,0.09346722012715783,-0.2536137475521186,0.17975402013884023,-0.13407079575131337,-0.2636940819791396,-0.1531576317792695,-0.09699519562797085,0.021320490054067415,0.07297395928529404,-0.23339790639355779,-0.7145775214708616,0.2142387897269468,0.37348135840483665,-0.10459383970666677,0.38588316784025567,0.059798110865427856,0.44492652250766124,0.1773342456833712,0.4245882681673192,0.4020847404414261,0.06248271207331638,0.42454037777354015,0.14002417026388286,0.1469745748196636,-0.23206067213712195,0.11097967736702964,0.11656480700644462,0.2614330041275425,0.10660923722864091,0.5749311594929398,0.30181420117205515,0.12320357563622591,0.42317883609058,0.6199089728722991,0.6037919457689136
018,-0.27149242194672163,-0.22509664371598698,-0.27260168394894174,-0.11237693661750156,-0.09013442045226687,0.21548076319735782,0.00887229783188176,0.1790826542112139,-0.1874127456446194,0.17105024666207463,0.13456823181178162,0.1835023749862862,0.09802081706664117,0.10235451743025398,0.08401192062246737,0.1281441801184176,-0.09929594289982988,0.12329045319476323,0.004796842387755573,-0.017607149217736373,-0.20028197644164458,0.09567544807109946,-0.2786940066697802,-0.32831531320747165,-0.5548262547840181,-0.43229456992276294,-0.6095797790408094,0.09581000746875451,-0.04200310243191521,0.05461739212816033,-0.03318656405588283,0.14569491948887808,-0.4001269378919915,-0.007587834834030527,-0.10507108743064608,0.14295391091500226,0.08683161320085625,0.005727757813124235,-0.787792949682004,0.007469585394670797,0.33354280934343233,0.4539095803064926,0.29300260947855866,0.45432248757666543,0.2652757085606454,0.31677948688820495,0.25291748461919766,0.026201456727458217,0.16690795512793727,0.0950446588099324,0.4107822508416596,0.22355650812201427,0.4072104174173677,0.0970958085505002,0.5951523150738396,0.1798079230889298,0.18721971639294788,0.23907373379341457,-0.5842301783356343,-0.1284561855258708,-0.7397727984368765,-0.26656555990972136,-0.2008523015328884,-0.09010350014308464
019,0.3833169688093023,-0.07005205390381508,0.23162327244645786,-0.17010442466016498,0.15824491043990818,0.13926021833979052,-0.11292570762349541,-0.00012791142039703107,0.07875203155332333,0.041464866980032766,-0.0996914747670957,0.11575588523916125,0.04309266950774415,-0.07122392187383028,0.03808123036117142,-0.12361588949660723,0.17508916133392383,0.2782801231296879,0.07328902472212151,0.06625370641739681,-0.0518377099226526,0.3733822164258972,-0.1815107113150556,0.35690112856420375,0.051433178160844,-0.010421465340533537,-0.17172428998445866,0.328816383749044,-0.11219916091275366,0.2653765814466676,0.02894087774867593,0.38004108550654614,0.2238262486446848,-0.07578252246008824,0.4018307320955804,-0.13064640168113095,-0.06441311697154786,0.3393502397424294,-0.10787422589293552,0.02154829221844623,-0.17699297868961997,-0.17024214438336038,-0.3294078548693972,-0.0878731403163535,-0.07376858061371837,-0.00879143788026221,-0.32679215004746937,0.17426030862507613,0.13049768272310713,-0.18317756710555588,-0.21006681533240057,-0.15026682482373976,-0.12081039804854363,-0.5039224040858882,-0.31385234441032006,-0.4043003433826856,-0.2529780947242674,-0.37183658153141197,0.18894357862292122,0.053576072781352235,0.0833156254096245,0.10571655152154036,0.22652464568487063,-0.317554850479976
020,0.33156927582001866,-0.3426057863185076,-0.06579802943797927,0.3175370249198218,-0.003527598144683869,-0.30800757502050863,0.43295124149620257,-0.5382946360058523,0.26360507781979886,0.10378296464440577,-0.09290202139485215,-0.2086065867138076,0.24916140533484385,0.10194378932670739,0.1511269530030427,0.12818339449979405,0.09137438990754061,-0.5720686472798491,-0.3396345876466222,-0.39276302303662247,0.12107081313890092,-0.21802684197457717,0.10948855957264919,0.08826089045020509,-0.10401814448543878,0.004049326016029364,0.009419614005190174,-0.2277128379008168,-0.42222349442860563,-0.33655405733753235,-0.08556913036384209,-0.6249054311966635,-0.41621045732199485,-0.3543334172628058,0.3988080103856108,0.12654745697934772,-0.5241489273038167,0.5309136534791004,-0.4343646327357357,-0.40502936655170485,0.29829843783963,0.49829500382199626,0.6134431964033655,0.5980805746857549,-0.23877159405887527,0.24606143006967363,-0.3337505526297256,0.4633071098823099,0.13997056150091738,-0.3364353862539515,-0.1286732624524525,0.12034777144198947,-0.2736964866177598,0.47781328127128,0.30537566080437567,0.3927260644612346,0.2201747508838363,-0.19368795868369995,-0.13396152901566583,0.052334468507887866,-0.15711935938532473,0.6535126522085617,0.3713779362313165,-0.1975113818530646
021,-0.08137467687557243,0.20639124089773664,0.02878725064477039,0.3595926992815044,0.1601607202829286,-0.216654737511079,-0.11777077028599992,-0.21528282688825917,0.03880756155317944,0.9292104005409572,0.05900612233617064,-0.3059927424288549,-0.2251908682972114,-0.3655246140119608,-0.11801959046162214,-0.09563317410453598,0.03226418237282602,-0.11348685817348614,-0.16485746452179828,0.6133828444176253,0.10314445090624635,0.051014231670499455,0.24602626038879438,0.07127799095732956,0.21911267135227908,0.06013871626243783,0.37563396879242616,-0.09345951830431554,-0.13650116344188623,-0.16036406253842456,0.1054985488601784,0.01030667612725511,0.2541058578096127,-0.04305083141750615,0.10397534819890364,0.22344604325926065,0.10374937586303501,-0.017987671648987846,0.34134286037832473,0.06576480818151709,-0.4862535522433581,-0.41313132994822244,-0.2869798557232535,-0.2810202798959715,-0.1878098232663603,-0.11647328760470632,-0.17194411336928356,-0.12419997955336559,-0.1917718355902981,-0.009223673533477639,-0.043047852765082883,-0.009034365541452427,-0.27058285240949814,0.032344991349554264,-0.22462594326066504,-0.01774839722131294,-0.3612196818838879,-0.29574446281300626,0.5475738972090158,-0.006573765157924294,0.5720521122358708,-0.14955416248853715,0.05691456787357674,0.14706438517734655
022,-0.16532827956180124,-0.20612453479315285,-0.17664414306781895,-0.03820207793598439,-0.16740193602427217,0.012352355562710068,0.02008066651552129,0.09158252200370691,0.3552287195442243,0.1536392463016184,-0.2916090367401097,-0.15406426159619874,0.5017905648353902,0.06141113218147955,0.1218494038296661,-0.005403002285471012,-0.0015205343377052288,0.1505533200764233,0.12732663590001386,-0.21253661963140819,-0.16461138949936682,-0.20822383834939018,-0.18910645631127548,-0.22492633823804087,-0.20767711749814732,-0.1946212507467691,-0.33639818246001213,0.09923620267131124,-0.14926782745087103,0.022578149724386973,0.14775023906189438,0.373455656038857,0.24980981290624638,-0.10737016231328218,-0.05370745696514746,0.0097752148068566,-0.05717895060233659,-0.4374070692491002,0.34862948821732553,-0.19729402972215032,0.19405281219936693,0.20638991932248002,-0.019469982263381994,-0.27563008149648854,-0.03097196027589287,0.21698354251440277,0.029544056544157524,0.8336941653004744,0.3655506622302379,0.2802155282340112,0.1410935808096485,-0.26339597318519714,0.392211160326558,0.06767899649240351,0.26090253235632344,-0.1982680266316978,-0.2864610957150907,0.39838019635720534,-0.48283878929326973,-0.36221579609919585,0.10764946781275493,-0.35729578381345417,-0.2886019181287089,0.17037795160453278
023,0.4305915642379105,-0.0694346824501605,0.48529119960608347,0.20752511426136733,-0.03396951248796595,-0.06402749796147895,-0.10927232549925864,-0.05759669290915631,0.16413659741324915,0.060403901888176445,-0.34660249183015535,-0.23701016873243624,0.014624076536421737,0.0372009779064489,-0.1463595826930964,0.22317664986428895,0.04237563484597111,-0.14869130781978257,-0.03733740461285576,0.08136301858405764,-0.21354232797463543,0.07595170204560939,-0.19748417190391016,0.43313283157977855,-0.2344898759103023,0.34339745039026065,-0.24633549219318807,0.20246768472811105,0.0007949383588865509,0.2593469125371243,0.19523490406817967,0.3210829678872027,-0.2570488332220337,0.0786947455483837,0.10807128441915198,-0.10487204243444859,-0.07772054556099083,0.134525341857554,-0.010353858593527877,-0.028698228352113223,-0.1754780479832088,0.2684618583578126,-0.2984052946278823,0.04252221079756467,-0.10499253318405234,-0.07196273937187811,-0.034131717599700975,0.011690934888592377,0.0863568021558994,-0.08754064598786289,0.17876531953929942,-0.22335053988141162,-0.020689908554670417,-0.3713945537938308,0.18683373797157637,-0.2554360302192865,0.05142401822456508,0.04899459381958517,-0.17693119604091193,-0.10206772372419763,0.10794195602829385,-0.4650509011472933,0.019099097677510234,0.10679884723276727
024,-0.10833451007035623,-0.5997641722507958,-0.8450869618788472,-0.5843549536847011,-1.1427071171202028,0.239087193157849,0.06378346476945017,0.35082764487187074,-0.1755654246475623,0.02600748183798668,0.14316296645642806,-0.002313686901088949,0.09641482301968417,0.454330265333239,0.17101314100213363,-0.43354474507518465,0.05517849132852844,0.05989615979838768,0.003948739827923667,-0.03470801276351915,0.36466680359064135,0.07656678960809697,0.4392827859944023,-0.48723288019558214,-0.12922005182486074,-0.3656727705499453,-0.1229219015107715,0.30005676814320065,-0.1221312993979831,0.8339229407514454,0.5951271414930324,0.7335776980380531,-0.016730481071944428,0.2559371259143301,-0.9324919389458792,-0.7138300373332889,-1.0860487214656942,-0.2259854223536527,0.06058582167787725,0.17816598153154084,0.00439720716910251,0.1145879521127783,0.6174437954776609,0.653255255000589,0.5933081845928535,-0.12757126676192143,-0.20676596112867962,-0.061969909209831905,-0.12043913403702068,-0.02250077046621997,-0.232813358371453,0.09049986034050093,0.22662911155198712,0.3573286025463013,0.6211180308363933,-0.2590076573546125,0.12229002530201198,-0.09497741572560121,0.04821013233010975,-0.2266207312105108,0.7374247053793723,-0.318810244695597,-0.1393534265065458,0.25144187372409166
025,0.4082130761436986,0.44522533082189564,0.14263377470896765,0.1583961939333176,0.5333221795038474,0.25929440265657244,0.5065291903327986,-0.009919670681862947,-0.08532552624525169,-0.22458590344842655,-0.7692609795352773,-0.014349920548823336,0.12197985709829218,-0.2230646553350637,-0.2952486047369637,-0.4879027707603808,-0.06265228124133371,0.37689740164372254,0.4925711050008539,0.48774720224241896,0.5459993129178244,0.4022238369322204,0.5003252899103419,0.29297491366455386,0.0011226105379804618,-0.7687482242326471,0.24939952144021094,0.38684439408093185,0.4753680588635858,0.383869365914588,0.3866549630712557,-0.09649089541692413,0.20439638274146343,0.44436025924075495,0.34861573787092803,0.5772621732568575,0.6061928076291856,-0.5665376581846908,0.18416522905498378,0.5233317191462001,-0.5194024326651813,-0.1866840044932867,-0.22964160517007015,-0.2672407097695657,-0.05435213062931332,-0.13861198532177044,-0.14605407970809714,-0.26875741654154583,-0.16026922143318922,-0.2286843957461645,-0.269050326542157,-0.4585649299622693,-0.26879671866864185,-0.3349552840653329,-0.2743067758220761,-0.13255174718221863,0.013006568122814643,0.15004245907712965,-0.49572047034653177,-0.7649537453632368,-0.5629604053783273,-0.3220209049365329,-0.5690672149443733,-0.3522317225026671
026,0.03578349446082224,0.1937133853064039,-0.08408477810201517,0.296514148484191,0.09994379927005312,0.20354209795274367,0.20113456638231333,-0.27946462807555794,-0.03583877789846138,0.0464003634530884,-0.17541800490960632,-0.08052473776264613,-0.04469848876279542,-0.08811438739069369,-0.23492553640841418,-0.3078765194632905,0.32949117812128936,-0.001461775131559484,0.18870104425719617,0.4262208504595333,0.48348447788400783,0.06603287180426734,0.7098564949356558,0.03600388494759402,-0.23381771103716412,-0.05682379133428653,-0.6235268761204265,0.25914524153207463,0.3728468582018497,0.21162680549010646,0.0838979529419375,-0.015912640615833168,0.03449065665316228,0.3882783961644747,0.005459966519270137,0.20233192073406234,0.05290082228838408,-0.13297487591838764,-0.11722314636817907,0.5270195603469016,-0.2211624513789644,-0.4445827315687383,-0.16041763496777833,-0.29714763164436664,-0.16169134148607506,-0.09656999946434608,-0.32529967822803973,-0.04199269974383946,-0.2292989409968111,-0.1720852327995882,-0.08194493477203281,0.20166325814825395,-0.3884554176184995,-0.293364290502205,-0.5709102527353983,0.3824842086538863,-0.17708108448330534,-0.011222080467632872,-0.23519751128334646,0.178497551173581,-0.10681399192450997,0.14566253007566896,0.15689656489946388,0.00789962982255743
027,0.03129392133960485,0.42119897990422295,-0.12799674631201396,0.19593195710338274,0.1381655089929814,0.1079596764523586,0.2828752026031973,0.21661909013596736,-0.09281839381992141,-0.17514559290037102,0.0036040147845316506,0.01877138668253664,0.3463430896564915,0.15227729500518972,0.16727381383303852,-0.2277137357186393,-0.1725201697658656,0.4656695587666765,0.054503732599465504,0.012230452855393925,0.1312653839550053,0.20662983951173308,0.12658325791564162,0.17413975480506616,-0.14374977795898214,0.07327740671562044,0.07200317732631023,0.1482385405417751,0.17118078127078917,-0.16051157214549672,0.06563697881429764,0.07256697390823608,-0.01733350720981952,0.35381511648692066,-0.0383888011064053,0.18876238283789715,0.14768995693777687,-0.20915381658953924,-0.15377244605061913,0.5219868817663252,-0.47639976704535253,0.19285645852823907,-0.26424419705517377,0.053194276626185144,0.13406789330097402,0.05534542655046215,-0.0020758235247470003,-0.2450990275075594,-0.17158133615717064,-0.13697618588643834,-0.4649923778248454,-0.6053002859601369,-0.2518671359339619,-0.06118522719445718,-0.44481871755091884,-0.19910964270256726,0.25751626684780027,0.34769779309967597,-0.06799560048078301,-0.2930581862219816,0.06039328477852224,-0.22809179242866412,-0.4658555647437549,-0.271810085444105
028,-0.032818997168680086,-0.10491474560384084,0.29029304703537595,-0.482822373588236,-0.006865781225043666,0.0030544898159503564,0.18440858923912207,-0.1115353042005387,-0.1023513929952593,-0.24638078526447993,-0.4419936793514251,0.15263848824579074,0.15242725642644972,-0.055495588633436066,-0.06186145942267118,-0.03922410439346291,-0.2681921977109034,0.1692189881073629,-0.06571394777839656,-0.11096407708270428,-0.022410748082026144,0.08881797935631042,0.057047465841303824,0.1454157120734645,-0.1713411897641045,-0.26438318157021845,-0.058511644736973345,-0.07339229096839794,0.05447723830491946,0.09888813436377508,-0.09337225699050289,0.15502747140730322,-0.1804592310111378,0.1093462716469249,-0.30053288190181904,-0.30090780370102244,-0.15181062936156664,0.16589928269395093,-0.5452334778646777,-0.005220999414604632,-0.18969246370278925,0.0785080519544421,-0.19232407443591082,-0.06260612797281584,0.25092645300529215,0.4393143474467536,0.0065757798427663605,0.12927206502195632,-0.08940756079310197,0.005477083959051665,0.3704891272970112,0.09645901608535179,0.15758162093422934,0.1451183217011538,0.1299695662014857,-0.14792729688022288,0.11872796454816381,0.22635209046771743,0.3279441966585508,0.004734005169067634,-0.07961631683257986,0.4706442010532532,0.31317914282264403,-0.0379488383233495
029,-0.01594419274093499,0.49356288232454293,0.06534361699545775,0.6743563182978669,-0.14948349825503782,0.11837423776942398,-0.033282652621556774,0.1652486807331438,0.01761657822031419,-0.2890293297978548,-0.2419340498199215,-0.2797178740290923,-0.23452231444260296,-0.34492167013409936,-0.17500635635176182,-0.4273117694194317,-0.35070370902602327,-0.2112275492456302,-0.16462076997812086,-0.073529370176221,0.13435540436853532,-0.05596787680432043,0.10968567947368534,0.017795135032591045,0.49934515356958575,-0.1114220160497749,0.5447441854444659,0.09100741788821186,0.33553386687594233,0.07135197490810276,0.36414767529931474,0.03094076002880894,-0.05606650125153993,0.17687129964195164,-0.24225752604550732,0.4033417470213808,0.0743257718099254,0.09809477955992221,-0.026664524846571988,0.018876808716329685,0.15311840899031942,0.15409698316368475,0.029028105114007732,0.05817639146449198,-0.2241366011320685,-0.5359913825698139,-0.22801695491988488,-0.28607993671511966,-0.03681890014284521,-0.19755831775140203,0.15937933875635635,0.04548126181558722,0.015215022611697146,-0.273169372268947,-0.20472644927207223,0.030218543437003212,-0.5556630885461555,-0.671747862582303,0.42429584175345225,-0.02351790877160581,0.44732424065688603,0.41373040026208574,0.16077889493146807,0.12527691877167818
030,0.20854333513365686,0.07979829117699111,0.4748111284918195,0.12470666465904212,0.3388732006057674,-0.1544093446119831,-0.23688066033099006,0.04710768665706466,0.014459257007411686,0.2765184417805381,-0.09442697853449422,-0.1115379323117727,-0.23815984918004407,-0.07514199706820707,-0.5265841799747208,0.050144395359902394,-0.25841222824320886,-0.30514935973060614,-0.24745978761931645,0.151217709043882,0.17799443286190098,0.46491458999720014,0.1713790979269454,0.468984881714287,0.10631720995574667,0.4908089094067112,-0.2212306608225416,0.030236535549059917,0.014052131545137347,0.1501547287599106,0.047897883235659244,0.42975123797793047,-0.09196583840818207,0.13008628094253805,0.25767900294452517,0.41903689851273695,0.6050590709524776,0.47511968038164154,0.06751607147092908,0.13989303532837138,-0.45067521213491557,-0.2120258576941196,-0.19801635934607942,-0.18860673599425548,-0.4259216261478421,-0.5331793808764472,0.07529377137131066,-0.5292356170584708,0.21644329685869346,-0.17807135555570808,0.17166180686432214,0.023580596192638636,-0.05220717587731383,-0.22101622290823164,-0.22769049527644758,-0.2978541638855262,-0.3627627021528401,-0.3964942826680014,-0.3807798450701599,0.17540163510920037,-0.06085878754675955,0.07070848266340862,0.19828897827379166,-0.06768571968396472
031,0.1007831595535724,0.07239096444905224,0.18477440610609638,0.08502646619397972,0.27150640216002264,-0.39841565110859267,-0.18578384298694542,-0.807169729875511,-0.08542368438824532,-0.5660272911214159,-0.2256309012723616,-0.40229183231311905,-0.005167945220119152,-0.505137086393191,0.1442010022986773,-0.4072376409639036,0.2331721856912403,-0.2065265244886233,-0.2540201496938461,-0.09248330231325617,-0.08974631783219439,-0.23529819060049878,-0.21632959490773943,-0.16199348038135053,-0.42543501304090303,-0.03867322686390137,-0.43148003987643313,-0.11393855625478577,-0.14921091226966873,-0.23083716013264466,-0.37452119823840335,-0.2996396995653614,-0.6494732558262721,-0.026852145068156058,0.29326044765394943,0.5157047717452313,0.3776996758928868,0.053545571144998416,-0.60618352243317,-0.0533988668563249,0.3342345528246041,0.6220171945258735,-0.05080229853474254,0.08919392555631658,-0.02095634167215192,0.19524302050140888,-0.08940407931081323,0.24068577842475522,0.289355534301718,0.22988252554555658,1.0601571375843741,0.6173753484659437,0.32002527335610353,0.08506575161677335,1.0317804869988654,0.2097836724824891,0.022944915426564766,0.03774147773234243,0.15278367705570942,-0.18100693238244014,-0.1993167144508497,0.16164790547515714,0.14820706904810052,0.6056228288255712
032,-0.3874609699469774,-0.3302757836225522,-0.28119722614707054,-0.035345751524690716,-0.1731601564197986,0.05655519658571906,-0.016693038304921026,0.12535152482206396,-0.0990244383424004,0.013558825414246634,-0.07672813564088776,-0.19731498022670513,0.062357526610812786,0.19779531613657092,0.04459657336180223,-0.14443500742852455,0.16952780867079004,0.35151514346000207,0.050769494844638496,0.13791570356301458,-0.016288324296717727,0.05780412036406385,-0.15154951438780992,-0.2667508853431575,-0.17144273745469255,0.14012212173508365,-0.14496172731359536,0.1779522909423133,-0.2250075185623752,0.095015393540686,-0.11790628101934003,-0.05736637675571482,-0.12265659394967263,0.18620326911685608,-0.25516242680440315,-0.404602044821589,-0.16210739837751592,-0.0482402345297645,-0.21586240052043798,0.039129846175764704,-0.07127505532122141,0.450121202766159,0.21362767862503146,0.15833682877514804,0.14460531755413747,0.3956651918040249,0.057737142020551746,0.2736697734604899,-0.15821350379498203,0.3206978846213779,-0.38734048606271154,0.3214510291879152,0.1715566448107359,0.2692748550196827,0.20462223890065928,0.3066791541529725,0.24793567627201124,0.27316178962705834,-0.012741925945588484,-0.299818891296446,-0.12799667739291853,-0.4890125250261155,-0.2684213515307545,0.2010478051696653
035,0.2631091056360247,0.28329297432636735,0.33254169202004813,0.31939549558496594,0.2547762854575269,0.226372378986893,0.09763270302331267,0.30419508205442186,0.16747151101809074,0.3704304427664106,-0.020257619170183094,0.0529794838920159,0.030717378517563287,-0.006196647851469339,-0.05645794520067593,-0.07433460155040567,-0.21210993382650067,-0.022963077808923982,0.11281831034247802,0.2144622888204959,0.2872095860275885,0.2886494804199083,0.3289512835024354,0.2811249889600019,0.6152325044869502,0.27220788221809833,0.5396615943343521,0.4393029016492837,0.38128257976440005,0.21346055490711122,0.459563550582466,0.17479860205559294,0.4616247185605673,0.3968011836491847,0.1688170397980793,0.21985798346164998,0.2926845872643675,0.2894739478946681,0.31702580511722417,0.420205074300053,-0.4176894998954658,-0.5396997444817796,-1.1882325965275538,-0.634066059471577,-0.1950703982356854,-0.33506334513400415,-0.024514551330251433,-0.7177388935129679,-0.19287064245536722,-0.3557506784957195,0.12171786091791062,-0.48784623927152804,-0.4999839851742709,-1.1803448391296536,-0.5634393314668559,-0.7226294903512912,-0.8449034036920179,-0.354254850715229,-0.21600901006459616,0.19889174105789953,-0.09315076756087604,0.25212430598842295,-0.0689473716487502,-0.4263393653412285
036,0.07013288594654665,0.32808640470873296,0.06477918319532794,0.10790878801763337,0.3115800251646108,-0.14202617130812617,0.03130473063014516,-0.4025684099812944,0.13438929157110757,-0.3437639850414814,0.029309101846965446,-0.0330090507856825,0.19567635416373375,-0.24673967084720586,0.25352916217341537,-0.6835621928853024,0.1316924015194545,0.10224033935460963,0.1587049502976592,0.4090516212196347,0.3476526375143575,0.1403580256542556,0.2831488126407409,0.14025035244802297,-0.006207098210764261,-0.1116221117633075,-0.4789863376608904,-0.08089333975151214,0.15130661658405742,-0.06642004757165798,0.006293671869769812,-0.09225887113787651,-0.12095408178558181,0.2547461082864474,0.08480515675114653,0.23317491492020126,0.17674217283376692,-0.3353470101375602,-0.5315675583285449,0.5574966150045614,-0.00876611939716887,-0.016995351218457688,0.0814775454056218,0.0016254527290443521,0.0628302679529098,0.2955275488124097,-0.3580985663505121,0.2632189562392282,-0.1493146418583838,0.1745180650019541,-0.31383325184985866,-0.2224330494449236,0.004421747180537838,0.3469326409980559,0.1388698189897532,-0.04283115573159335,0.3454117038142086,0.3060217781673783,-0.21727574153684193,-0.49012900527786557,-0.4417483642072616,-0.19606609743344783,-0.49130301508593643,-0.10049555301896396
038,0.046762509151010906,0.15157370782182003,-0.0033462387334902144,0.03276122879170587,-0.008856653940599618,0.18712462394271348,0.2737323623258064,-0.14796470843014706,0.10114546113619544,-0.09810885997898292,0.1336834809601228,0.04773164679458208,0.19166564957141233,-0.2272626010184116,0.3958593589755397,-0.3507087591141038,0.3966281864369151,0.09384824432015698,0.20505935373925713,0.09215045451572959,0.02588765252388117,0.07976616715453408,0.038840055033329796,-0.1755066886506643,-0.09715132968859233,-0.41693776741036104,-0.11786675875544447,0.3665850746680137,0.19720435789348567,-0.0705381173203459,0.24031595626729008,-0.2745095173934671,0.4644845757213858,0.16742725955498114,0.01664508026003686,0.09558587446234648,0.03329495024965809,-0.7179267533685155,-0.04516140988414388,0.01960524891360721,-0.5444234178381827,-0.2911891640072629,-0.20419202386063148,-0.24917827533753642,0.022126813257298095,0.09985329458992404,-0.022578602109801088,0.139242401827309,-0.37773740316816495,0.4423280397083953,-0.2972951221210346,0.35033067632877635,-0.2812279655588369,0.37377275462858905,0.05377449093917595,0.2900551830981749,-0.32413708288264675,0.05639754337994193,0.5119277591647786,-0.696052506611169,0.0459348794174019,-0.31517289229400014,-0.39703051198631456,0.2709487739375668
039,-0.046632081877624854,0.14661776520429376,0.2291706165100692,0.15034743398897704,0.12032206201296752,-0.3296628380974307,-0.3501079120200288,-0.4049382953219083,-0.3181151975846981,0.0103643711941373,-0.08428164312686653,-0.3266400743249014,-0.18596833631743348,-0.5442047065780146,-0.15662501429992298,-0.11195159365226126,-0.07994251512912742,-0.19678491454135943,-0.19851288842362547,0.2843577496616414,0.13884871546528516,-0.007032553007970621,0.18407324644252718,0.08904154772719933,0.05278315401090783,0.18242006709009803,0.029250452657930637,0.13673634420760236,-0.08077924778171797,0.1166531971849111,-0.08669809452469807,-0.06215022906877654,-0.3068342380531054,0.024105925801759964,0.3354401475705536,0.10458067131427143,0.29889078488219667,0.09307217410334952,-0.19533576490858068,0.15873013326357477,0.05466137285840253,0.08422828805221316,0.31440561984969495,0.20272414421328208,-0.15631704632905136,-0.17443139736381075,-0.2640911233363077,-0.31475114052035535,0.09887188697679017,-0.006229938017812936,0.02138169612173116,0.6086033026278537,-0.20828107629645554,0.0704782711276841,0.25835221926784935,0.20488874666577223,0.0870962159899639,-0.14923264875100956,0.2602250772373123,0.11703563384663998,-0.034312210203227056,0.12480842599462277,0.28504232678466346,-0.2977650684506479
040,-0.5430618685208668,-0.017875932652057027,0.22541956078632858,-0.07720933857062465,-0.2977929623878241,-0.3452691854391716,-0.2507944298947975,0.17294064265255818,0.3640437941554517,-0.10249525278329753,0.1732053378366503,-0.01925939296240883,0.26814691661422485,0.4739556165464103,-0.06815249240993083,-0.18306473682915428,-0.07128291006514424,0.2797724227589497,-0.22102456875896717,-0.14357214712449826,-0.18012247530678496,-0.3004586110593741,-0.13733242369509777,-0.2176632661813038,0.23155704684847114,0.3376291143566298,0.02263830875152464,-0.44197959905408174,-0.19068271010318624,-0.4119433275911345,0.09191778770815699,-0.38179128567821,0.044449256497126,-0.13674869908376738,-0.16433117750551615,-0.1781526275661419,-0.10551957905698582,0.10805271152748971,-0.11369028639694816,-0.22373544155953243,0.11949612830961805,0.5772836894640633,0.22285367814139884,0.055822463452449914,0.2935042916148668,-0.25757056528310424,-0.14109122865229531,0.09703489827469383,0.0450991800970158,0.034198529212648404,0.3799326650988012,-0.20270327217792686,0.07820613280958784,-0.03609373553246399,0.530866193089858,0.32902811187826037,-0.1806675862230085,-0.3162683729451899,0.048934857996146566,0.4819641089819698,0.143963367000101,0.26313986895246977,0.3586887108908892,-0.19434390325401416
041,0.05792461694282969,0.2731582475674746,-0.10863304992264328,-0.0032634970743777303,0.07226840525261913,-0.239642506028262,-0.19521935074904573,-0.061960635081016846,-0.038171332724452,-0.034706479969346005,-0.3337712367499376,-0.19550609702896954,0.06437660456804284,0.08064620008409079,-0.33266940383741195,0.04950615080010751,-0.33528570176397465,-0.369046851779959,-0.3832699062415514,0.1438146665266899,-0.045611596403148214,-0.08434565095788243,0.23739718552824568,-0.11480420541568581,0.2206032066233377,-0.15824672009600996,-0.142063480922412,-0.10493321771616598,0.028065209040627426,-0.16200268987636784,0.038120654221260264,-0.1984946761410507,-0.44431222877897136,-0.11198835053803541,-0.08711480112856884,0.06834503190064689,-0.10781110293204826,-0.1533294983552066,-0.19308163716730062,0.13911719129317507,-0.042606217846429095,0.32661726351086945,0.43154465623059274,0.2754017587609356,0.22341943235855694,0.039380194052102246,0.21449884381743062,0.0657088694994113,0.022619444982517167,0.10357777633183923,0.22786646538059213,0.3955464024504705,0.36424946484993376,0.37261911720572477,0.3695744822053901,0.3352420140779743,0.5458544716144647,0.20815834508465975,-0.3927558972584748,-0.449170810434276,-0.028040285269889886,-0.3256073597842736,-0.03086674132962658,0.013110844540159816
042,0.23510794109057997,-0.15183401186591144,0.4498802401452572,0.1494822953021384,-0.040657904322979915,0.14881740175836566,4.5029542136421075e-05,0.06434772515368453,-0.13604788434761222,0.1552207046570932,-0.42661433975479085,0.12520027937841122,0.06649341151702964,0.26844279539433846,0.21626552087505602,0.36827871812798896,-0.36718468873999655,-0.028823790741412864,0.000872708140508438,-0.08962194654367181,-0.17771221044021396,-0.08249640343312588,-0.2086903776310747,-0.10524444384253205,-0.17741612998339476,-0.1103672721548286,-0.19290365205038335,0.01130056874164706,0.007883668946171873,0.011183208841339415,-0.4118613885213083,0.3016871369995025,-0.6202924382740044,0.027832580810370433,0.09736384938026832,-0.09661097113756807,0.16234935867244438,0.2900212459651744,0.0666346613187428,-0.2050482387681365,-0.4682668497039648,-0.23138347505959617,-0.03808799072954727,-0.20393966245187856,0.04666603162479843,0.09919360370213182,0.17748148537439729,0.13038704270842427,0.11659533175020864,0.05234794072674462,0.4185145802886663,-0.23724466839728378,0.12619524161450674,0.23620929348807268,0.1726311454954288,-0.08483166397567618,-0.003749735430162049,0.04636415955457335,-0.029815689313152566,0.2718714217026429,-0.015200332056800048,-0.01918207312067216,0.2303099738201151,-0.38834806981727954
043,-0.1091306735963481,-0.09205840549366062,0.34270342286046873,0.18845426072919305,0.2887167266650318,-0.17466962411337283,-0.310472812937428,-0.4173101846600102,-0.30650347469361827,-0.19524951505695232,0.08233147210965669,-0.6127083786691838,0.0036349202959379615,-0.3417178446663436,0.08468356921058573,0.11139456427155259,0.18516719535154863,-0.10037037824934575,-0.19195561212264411,0.0654468951297161,-0.13129878670730458,-0.04989424272228742,-0.11433951272726661,-0.16831599544636264,-0.5209012021436483,-0.4199481314172446,0.5984306308754715,-0.08871876260342945,-0.12424115367355656,0.41088498380715144,0.5027806124462938,0.24931488416719838,-0.6559435812796751,-0.079743589648402,-0.39379613980634925,0.03234206342397595,-0.07444269588280031,0.4704989313444567,-0.3768376770012565,-0.15359902936339614,0.33057820813227884,0.32500824903252945,-0.04250898373314845,0.1996951173146744,-0.06482714139671392,-0.30961476911277475,0.1517320137125342,0.5394091532991168,0.40836195055528596,0.3131527257134957,0.4481375361629246,0.4657357219825816,0.26130263881367344,0.20919415646771877,0.28768450077211916,0.2595560016836714,0.0688851732602932,-0.1002408235131991,-0.25094004267851266,-0.48712162100579826,-0.2533914238425539,-0.065903116528091,-0.19698301621802433,0.09048006311956644
044,-0.019200570933304295,0.38354181558502765,0.254122831563941,0.3609859764289691,-0.2850792987686195,-0.179783981247714,-0.3035257866321678,-0.034127148153292985,0.08418643258360459,-0.11370925743606164,0.047953920594211996,-0.0019786879647026856,0.07909102902213971,-0.02925803440706154,0.2487572270481735,-0.4077334356683786,0.0013667056894626217,-0.17197098804663713,-0.060260518571129906,-0.011411548249506853,-0.2898816298810435,-0.10515313209670751,0.2878801785108078,0.4073838232943079,0.3424610409713771,-0.15718271287461827,0.34004818738793885,0.08019540265082514,-0.29263778419443587,0.12046668045550735,-0.4352336508318937,-0.20094706180333521,-0.5658017587334304,-0.30865893279919354,-0.1355438268887249,0.16430121757270022,-0.046625034384837116,-0.08609415645152108,0.14688933108810875,0.16916742750866165,0.0315658952968465,0.21049848382675695,0.05126175698028024,-0.1422180788762809,0.08515436504011942,0.1300828939816412,0.2584474904482752,0.13785524263300153,0.24456974348016058,-0.03727109572451626,-0.1751139463423408,0.15341480123728013,0.30220637561358155,0.13000149306741626,0.19820605073643183,-0.12051672849655204,-0.20802349082674132,0.14218063296204364,0.28640594163288746,-0.29439938610129857,0.09421163275773503,-0.4491856005819571,-0.7296459691512795,0.4233112054690591
045,0.7613184372465779,-0.05464276627851554,0.8493847495529256,0.10517483741700773,0.15228649699689198,-0.26102549418475807,-0.16358109247772357,-0.031455977451149905,-0.42413738129100653,0.2681695469703976,-0.5400566534983171,-0.24179962429317858,-0.29017341589950546,0.16735561348413197,-0.39477392631268626,-0.0891221905360088,-0.4576218447520114,-0.24433447116568163,-0.4528737081385722,-0.027326124071548732,-0.033755270228174386,-0.014266912437464377,-0.04607495251468109,0.7552305173879059,0.09928232788875326,0.6785693369794997,0.07002892891506012,-0.04097620650526075,-0.3165837555626654,0.45784878172914256,-0.32071012566697576,0.5222424250228158,-0.3400352854405449,-0.19010503682605207,0.7554449669026965,0.47648514780817436,0.6933909727427577,0.6344906792387004,-0.4593446845244311,0.018882631585222368,0.16787477245644594,-0.25272297119974607,0.024515052750139613,-0.08159756713651105,-0.14183487860374405,-0.08433747869708032,-0.032369048489980914,-0.216614433270366,-0.23895851106152,-0.4897956331167378,-0.18275371071586627,-0.29015835267623225,-0.1902036097033753,-0.3204247203269656,-0.23728606136829644,0.1137091799277574,-0.02280671896479909,-0.01754759237873678,0.3290670387795969,0.3356279264526443,-0.23996660314149765,0.6591924660462664,-0.297975006172007,-0.323443037201135
046,0.09538493524816849,-0.13918257045775995,0.13773777933838893,0.31488914350228947,0.05374627937842846,0.22064533428949706,0.1065565749791565,0.06507894575692696,0.20645747770689055,-0.2697990801932325,0.056919929345880416,0.1300071602867624,0.32322581114031923,-0.018543851794512123,0.25310682045209176,-0.15186075747158667,0.2685887860710494,0.1755601856483452,0.21445730208809471,-0.042842082292360195,-0.0540662514030682,-0.05514841273985671,-0.05314699047677829,-0.006569542347055091,-0.2751172507655111,0.016871882835994167,-0.2789486356256631,0.09351710849364969,0.11633451531731043,0.16639368749937,0.0541600600386728,-0.15255171663015554,-0.05020468496905184,-0.057850532134415045,0.007001756463972164,-0.09260544116584257,-0.19603960843335033,0.055257167250543415,-0.05399286071607656,-0.11015484439135803,-0.3185098424067683,-0.07038659586908713,-0.06192668255026612,-0.1281516060948441,0.04788329195622898,0.04103806098311946,0.07062334020165262,0.07826694793221634,-0.3275188331771943,-0.0562959834334148,-0.3131161680844071,-0.10953326549296505,-0.03925709663435706,-0.06048551176357653,-0.1910162161157236,-0.0014225954053082024,0.0030859727817463822,0.21143660426081912,0.34817592688104226,0.045781497055015885,-0.16983116311704483,-0.47898947657201707,0.10321248870986721,0.30366337683109923
047,-0.46483781770136323,-0.06509823093199699,0.08245441670441192,0.03796470227301954,-0.3543666122119522,0.09158860293230073,0.04336967860675195,0.12145599249558262,0.18498314836638113,0.1762881256209149,0.39983505130354213,-0.006315364013019076,0.11952712310343558,0.23407584274384854,0.16724130179677954,0.10058786182025548,0.07059373461678317,0.12947224963631176,0.0948749236534504,-0.4806888974203687,-0.37206053259823313,-0.21702859658161058,-0.3711206745281752,0.18367114832234477,-0.12026390033389397,-0.010021579381115253,0.028509731522859766,-0.035682840765835666,-0.12929871609992674,-0.02818064373347423,-0.11955078974276631,0.06557967316441704,0.337419716938372,-0.09319480374859415,-0.2551487371216018,-0.43686587578919767,-0.16039820352651593,0.053410212699865456,0.23024727211574442,-0.34086324219533504,0.1895905116364689,-0.08098082990347658,0.10609555194119917,0.03379952816867318,0.2941936821577258,-0.18208030333857164,0.09504833735929992,-0.16034401976709492,0.03721670478330352,-0.03756655001832129,-0.08594106739113319,0.00022678136263151738,0.1003297896239689,-0.03625498604849553,0.077522920085108,-0.08312480638540828,0.3985328218827515,0.10392317310509175,0.06556467768993854,0.04487398429250464,0.5027312663141826,-0.1722593119433979,0.07451122940360602,-0.17777353702295032
048,0.49361595083581,0.5214498694266656,0.2732441323678334,0.8611855942177804,0.41390908094183243,-0.18805801652064902,-0.3242181551835598,-0.3266403182232426,-0.16820669816246947,-0.011396152882249266,-0.37148467397433504,-0.26621131857936353,-0.2588668835572794,-0.7119400346423372,-0.23554126008584664,-0.30907611537056723,-0.17041273816238167,-0.1360155083292509,-0.21605499081288815,0.40258652479451773,0.3586280733070448,0.43901990455601747,0.20863765275494717,0.6927333446468096,0.42097697503675224,0.017379393855917136,0.6556814732828069,0.04762512696889476,-0.03943858198935535,0.1639484959121047,0.2680932454314442,0.028287293336368702,0.2096063427056365,0.07823697285632658,0.32924201409556764,0.1689814473075275,0.631628596982508,0.273884770660596,1.026486338110667,0.3936547362672118,-0.12219129909845305,-0.30050824494069484,-0.22733749926981206,-0.2843693068598723,-0.7072508948052592,-0.415433315717064,-0.7988883457860929,-0.6757093455640487,-0.5245310934863768,-0.2625586740064946,0.0022526968767501154,0.29704417875491096,-0.36635768873558927,-0.4910010325618409,-0.3524617037032407,-0.5198197806383391,-0.758365728954625,-0.51511234175258,0.31247990041167806,-0.044337455510073176,0.9019120011584638,-0.006680398094906614,-0.21805755863191179,0.4321210267316633
049,0.2847556085387313,-0.0186284901446212,0.42431924371516666,-0.13089071227940247,-0.22533343741279505,-0.25596644405326213,-0.5302198674051073,-0.005887749743811399,-0.4876421596157176,-0.0278299605138293,-0.0040953704164393145,-0.15136377236943627,-0.5118009402207675,-0.15835954362504367,-0.38788977299212063,0.0730480875568508,0.47534926734492433,-0.42092910582352366,-0.40513180092065987,0.07054393211725332,-0.42949021084567823,0.07750690238421701,-0.4128569745339234,0.5070460702375399,0.058844478629445335,0.2591114298399785,0.2203447978725509,-0.19784468470781086,-0.5562567333877286,-0.19716902395200553,-0.5405701397276572,0.13590926322817878,0.8335279422319519,-0.46188250837541295,0.19110843974750066,-0.25230406574127534,0.15220170514621062,0.37760181029993234,0.7610578262240817,-0.4330448007586471,0.08817012865960425,0.377579965996779,0.05095960651425305,0.1594372501654162,-0.09222640209184346,-0.15174079512032435,-0.15823249472209616,-0.12660643667392918,0.2885203540365162,0.24777857584691607,0.27751696157061456,0.17369484847426547,0.12785637956086798,-0.19731305380462238,0.09036961159605769,0.09965813550375999,-0.15927073097826372,0.0024720865736097553,0.3026412854805204,-0.11243270266261712,0.30790495382552646,0.08126165473001606,0.3821941614092702,0.24091812056186468
050,-0.1631275219604671,-0.02815687007470615,-0.11831864212127927,0.13740605655949137,-0.003989825669274243,0.24743581989992056,0.19542377908818295,-0.0478929968946565,0.27071486306147874,-0.4738163356489387,0.1682159103482463,-0.44447337526271247,0.23362814543697333,-0.2596409890096986,-0.01133507595430764,-0.35677657128626444,-0.07538756290880344,0.026729278727734902,0.23985892904827738,-0.05356340942287551,0.1656360052833898,0.04645571514943602,0.17193697044604903,0.3652870657363431,0.2924187284464184,0.08526816921763813,0.04172466141133802,0.14255935483509544,0.10548624103113696,0.14736465434844603,0.4139316397190824,-0.03758759107899041,-0.15885476659425654,0.08727878409805012,0.10838246781040947,0.281099064517355,0.2978568774387736,-0.41306097758701493,0.38446387204753635,-0.10820190927590581,0.20819583098267105,-0.035140248654732094,-0.09210257728208276,-0.07217682175444107,-0.41617146306898917,-0.04897133702826297,-0.43175903085711964,-0.04659912045612725,-0.4484477145265206,0.11524412683215388,-0.36753227016612416,0.40067113154086786,-0.20371636100792676,-0.042716248241394424,-0.48910501719474025,0.2602923627641171,-0.014037175024495134,-0.10075400745533616,0.29486587620260646,0.05209037249795099,0.1706044539577305,-0.2072248204785644,-0.11640832624267489,-0.2714802482952178
051,-0.11070339805210949,-0.03845355752679541,-0.4179583816237748,-0.26528790390480766,-0.3119745012297604,0.09118213675036571,0.2860871098495283,-0.08340247201853057,0.23600039468723016,-0.7019027644128284,0.1462513490739814,-0.026573518065712037,-0.07496209229286516,-0.24806108075567657,0.18138923241029176,0.0012770524987814058,-0.27494742444085735,-0.04563455754776566,0.14630298848716433,0.2311123283647764,0.047325917283591895,0.14458610323483084,-0.016844746073581968,-0.2584949538433945,-0.19572382509658764,-0.059817855564372524,-0.3486813802537162,0.006481634675004011,0.4858837470981972,-0.12254155030555683,0.5509455687035956,-0.4844479182933567,0.10408381107388762,0.4395474574390524,-0.18292124627034317,-0.12746612697046983,-0.00856101853261583,0.11856672053273035,0.037029534780908646,0.1720669733436045,-0.272946781550473,0.1114038030466287,0.012206746253354023,0.06916412595178437,-0.25164540692972603,0.04227102439069619,-0.09703329726899795,0.12158924513229688,-0.32667466794093014,0.27275243115222464,0.0033556287390464345,0.6305760969910652,0.34880248600120994,0.13033843273439144,-0.34377693365901435,-0.09805516482365756,-0.17990270966698188,0.05481378482189611,-0.18618820723094132,0.4138628410384518,-0.09170815951027972,0.38376557128328387,-0.0832416186775044,0.3155129425101326
052,0.6239556433906683,0.32110215235924117,-0.09115318092398078,0.23409327132436414,0.4532063411998167,0.32415448361993765,0.12176419471989114,-0.29349294221973854,0.040300836682270386,-0.4611554933915747,-0.27445098292025716,-0.24439895532632078,0.007524141882196134,-0.2611158170559715,-0.22159814467551844,-0.5201124365166632,0.2661517675654715,0.022314649306053147,0.03595599306372588,0.5273857492882734,0.30267890219154386,0.5228546786974424,0.07868469529116712,0.055786639310593966,0.2025823464165653,-0.12117271318030878,-0.08212514243856772,0.3825100533802375,0.4120751233264019,-0.0971028020900347,0.26677738884517804,-0.05328605478745929,-0.2541866439361116,0.4515226506197347,0.36989045705565243,0.2805025202898835,0.4000687034440387,0.08772865135519642,0.13779488334937534,0.41017039489585366,-0.9064916356925998,-0.12825105229728942,-0.28543670534151017,-0.3879993340549897,0.007937656447669195,0.10006172058020713,-0.47566897363048527,0.19094774612960735,-0.17718149159103957,0.07341770272455483,-0.1830268244780374,0.11278854356685147,0.18436875115518564,0.26890171187605577,0.29791222191810435,0.10596677196060084,-0.27504534871247105,-0.2286382319574573,-0.5180246297169748,-0.5569186648632032,-0.5229325336781273,-0.2748080011081577,-0.7872865860962688,0.001221183451507457
053,-0.22459782971510536,-0.035618639510707456,0.045229599915792784,-0.021182813927813543,-0.19022493895610418,0.25316431625410535,0.2818008916061884,-0.2405276879111333,0.1572193157946381,0.10961428297381232,0.20379050394017323,-0.01988575176754115,0.18758588814968402,-0.30343482350181655,0.24765189179238645,0.012249749617502081,0.282718873419993,0.10402275417440582,0.2355565996430054,0.07771576183252599,-0.10784617535939298,0.0226755553902597,-0.11129532281121264,-0.15645479662185763,0.04569204209733152,-0.005550928589214715,-0.19776806410230463,0.05043916289922451,0.3564594742665494,0.014963868172716666,0.2677066431482027,-0.07231743760184264,0.2790411019555381,0.38466892542165537,0.06550318099256014,0.0095078100243019,0.17676284666155334,0.05034866884896466,-0.21027188102115224,0.001806770007100389,0.0590047569685494,-0.08756537533153964,-0.2333753735694618,-0.06437083675371841,-0.3455806716505913,-0.06979321955126161,-0.09447130978395056,-0.2558240454360994,-0.12602321722995952,-0.11294690663106767,0.07188765909196088,-0.005003432621069337,-0.12100604529434231,-0.10399727433037073,-0.13654577507696117,-0.020864266416113525,-0.2231208183928503,-0.006904645957050343,0.004295447307612499,-0.2140558490035549,0.11004021409699982,-0.04882722413415619,-0.029975415885641676,0.02810423798166431
054,-0.38079904037844703,0.030506884123933764,-0.367037480767395,0.2556910581576045,-0.11078576286284236,0.24508015988981324,0.21314691883021353,0.15602521928518587,-0.05349841857657067,-0.2523418508326869,-0.06123864699796755,0.298808110772955,0.27792155663606566,0.31781474725626946,-0.021005831205893166,0.1357043186912249,-0.10357480864043145,0.25515009209046924,0.3434438966789929,-0.04359096133865448,0.25992329049026064,-0.16579265557111805,0.2720667689396786,-0.17536937530485686,-0.1502721247339615,-0.2163916884916704,0.1322306941422,0.12013370240839671,0.4251839993507346,0.25225651603603816,0.233260514711076,-0.1952204538837845,-0.21385852079544376,0.28343260448018937,-0.2785718053576479,-0.17055912795611172,-0.38975383931607027,-0.3677798671788751,0.045766219068741565,0.003835763132369996,-0.12292617188478583,-0.27082670781235985,-0.23226513485283862,-0.370247951069223,0.22213071728615097,-0.04377025259637246,0.10958373032265933,0.2336993579749549,0.060647500068439664,0.10373015224227955,0.03676196107476715,0.30461322381830336,0.10723690196530544,-0.3465987927931571,0.14531550995219278,-0.2389033746281684,-0.4528042699184659,0.16986731338613792,-0.044818336100667655,-0.1831931490526384,0.38280929908680017,-0.519694650746537,-0.2002927531635985,0.3100051024588365
055,0.10708677602034938,-0.1563751817475041,-0.011500469331137075,-0.17883046069751363,0.020801345681258188,-0.05277650349142882,0.03469018489503589,0.16380599114558964,-0.2052399747516587,0.29585526673870216,-0.2517382248763855,0.12808462543647064,0.09983567398668419,0.1189739981534193,-0.18503538613235604,-0.2734706586786806,-0.09945723779363455,0.16879385786152662,-0.09718438309034902,-0.011532907229319378,0.03562058529259515,-0.030303511186803356,0.0003506994398070895,-0.05137422795346375,-0.41702382420172435,-0.0522008792830147,0.018639898542550604,-0.04993295943686121,-0.008824543315249234,0.051905311168023716,-0.12022966724432321,0.1600929281512687,-0.13568340420824587,-0.055924493031768885,-0.09445762342373898,-0.1239132847187264,-0.035398189208684316,0.10719029297913274,0.07048509703728728,0.06566562763956868,0.7845946228607223,0.17611291455188066,0.015426279666287568,0.031930386449606274,0.3437955880630496,0.0104160925043843,-0.0176291693013797,0.10376335238869266,-0.08449539955727592,0.056787339483436616,-0.06953425319936232,0.14114958808094863,0.2510995726190381,-0.0401350547983203,-0.13028632964942297,-0.01781299547411397,0.20732807375208812,0.1297588572204444,-0.2782209758911314,-0.03373173942250418,-0.2833702346727156,-0.4121182017234122,0.10696800989055893,0.05873351102180008
056,0.012765475783661079,-0.3417070662493108,-0.055122048957172085,0.07913871432315298,0.16894939306888346,0.041493608410285154,0.04621424947468536,-0.11778878933225745,-0.06638664500575678,-0.12167467860180581,-0.11378525753683241,-0.12296244629848302,0.16334269115378475,-0.30836430764390277,0.03503656309726111,-0.160616061602265,0.17964587101552798,-0.023600883651416577,-0.00036718917502687187,0.1697486756694583,-0.1465781664608497,-0.04958680781644495,-0.15305416841928368,-0.05884199181888869,-0.19517346381223732,-0.15852712371519895,0.06941820052478948,-0.05422490026769,-0.04209243070278479,-0.05577089641476074,-0.007984336359180028,-0.16840482737897738,-0.24288969851092204,0.16080250780616606,-0.16458034188928422,-0.3201985141908182,-0.11306897259830642,-0.13924573885810415,0.26933915715716333,0.12647611798856348,0.3890596424727488,-0.19663071708966362,-0.011837036026830977,0.024801544457567076,-0.29576337428544064,0.09774374924211734,-0.05376381497769278,0.0838086500743958,-0.026869335190276428,0.2740309705275221,0.2723082511613039,0.351346699824468,0.1598153459522753,0.10531148269265289,0.1669734811120036,0.4139481486925631,-0.19238741718723915,-0.16860927872932968,0.3015041269721254,-0.027993540875491066,0.1941111664526706,-0.12253661970051824,0.11519442697127139,0.12665997525137537
057,-0.1979509203721641,0.07039856303473713,-0.04846310765794892,0.26772981193669787,0.022725565022813976,-0.1640370302842073,-0.305192814239363,-0.45732488155601564,0.2092166470265454,-0.07110524209528746,0.3313767975212648,0.06887981298879514,-0.24487884394343581,0.013724170922040702,0.052900501298391744,-0.3161233878266241,0.3687225437963608,-0.1455687394946065,-0.15717819455531523,-0.07882469048443075,-0.3103689357580532,-0.16704196919747855,0.0673556345238343,0.08165479894994798,0.30516652423975943,0.1141808887662984,0.42718838824972327,-0.29929241691781727,-0.21514490666991742,-0.19133555664899507,0.09970401045262067,-0.15569695073931158,0.2424447526474256,-0.07130742961518943,0.039124405287412845,-0.08502740704779249,-0.10215647505709463,-0.29790742996417574,0.2895763143763199,-0.09191821646974657,-0.238419492276191,-0.08483648703708974,-0.25744368139868923,-0.14299216858371838,-0.031231346047503827,-0.0639346667850137,0.06859406029007398,0.3937437901641393,0.20196447069580858,0.20381438740590563,0.18218478426850448,0.24965020449457942,0.17849736151923734,-0.09973575846358726,0.3300318851313777,-0.24314803839750704,0.03562298676098552,-0.1685229520318071,0.03295573412449654,-0.3625093630478492,0.27688303304697826,0.30951047091128003,-0.015205466856736904,0.34630166766630865
058,-0.10477792843000433,-0.3780900106595022,-0.45227694912993455,-0.29969382447751847,0.2930941077935101,0.13438099402150938,0.2996508358491523,-0.08307234259549556,0.34594925899032347,-0.1809420281096929,0.2653648499200212,0.20186183765037635,0.06678118307489789,0.14679462811027577,0.20032299452348823,-0.34065160194337085,0.5071515895050427,0.005426486100806982,0.33518715838046864,0.1262592681811231,0.3395495483080494,0.15405186479965371,0.33239905084149257,-0.484413556229233,0.2509185746944226,-0.503501372236489,-0.5103737956888733,0.23056381998592335,0.5938426312764138,0.2457329435511445,0.47525602258547417,-0.2244821576052759,0.11352872112709866,0.6054461068060464,-0.2676240166153235,-0.03545546677168132,-0.09491851857395506,-0.6875036427596527,0.23974120228209217,0.11432794356025977,0.12545068319504538,0.2459549285030338,0.06969983450584127,0.04383534685484769,0.2212804742589881,-0.09502217945423685,0.24079769772192194,0.052605974579215675,-0.2669828374914508,0.16483952614504194,0.20047849045369515,-0.0011835468820466932,0.3023407612835811,-0.08815445137788491,0.2249926175442929,-0.4650792319257857,-0.2116668183851556,0.11231165717222003,-0.15848897372562887,-0.8297575927995365,-0.12373209874274266,-0.8768445376948475,-0.9586984354237258,0.09521630159225136
059,-0.2678679156504685,0.09058028446391209,-0.065916770000925,0.18754429496993524,0.03726161662517086,-0.09182241180296005,-0.10024250807407059,-0.03805933383866947,0.260367682930224,0.057506550417456836,0.430411407039704,0.08898510413711208,-0.08615129872510563,0.017136875474213664,-0.00821870095891003,0.11311528652986724,-0.018054383142868502,-0.02512466359744306,-0.08622155108436813,-0.042377658460295675,-0.10651184692864707,-0.06228158813147147,0.274158424940908,-0.03996591650254805,0.3111656522899325,0.19370281792488891,0.17915875573079204,-0.21776527774457904,-0.24174539879195206,-0.2121473019310557,0.06795765504199863,-0.20998832568037396,0.08633875820750253,-0.15944161601112405,-0.29630126212331254,0.19902012006140862,0.08399994252398674,0.159808679918995,0.5750380802710946,-0.02862705908835475,-0.45060784110249713,-0.030685958913753503,-0.6922725297601005,-0.29879693628014836,0.2541777678569555,0.08273642815165233,0.18732248550641517,0.243923493048745,-0.048416665191925,-0.1323464838631519,-0.10850260869064493,-0.2021205092710452,0.10176881193709625,0.022715158494796217,-0.17740282512391503,-0.05317950990133666,-0.07812238342201572,-0.01783451045946849,0.10183628971312847,0.24529762743786737,0.27720071164324095,-0.2560100104968735,0.09370670598357833,-0.07281190852619954
060,-0.004518677041595975,-0.13977995382801592,0.24441373304187106,-0.20828192238584758,-0.021213059138314255,-0.1042297566404159,-0.051454651149950875,-0.0687176274976859,-0.13919180971014844,0.04785029922815756,-0.32715631896258945,-0.0632404286517772,0.01532390508001967,-0.0324161088757878,-0.2101970250059525,0.24446033054523192,-0.20312551459983802,0.059373927959835884,-0.13180062442554416,0.01714656141263536,-0.10511035070743491,0.18299600649455075,-0.012978536785279687,0.42372785271269875,-0.16727173240865228,0.4832830888125156,-0.2434503265397982,-0.13234499824165769,-0.009728681897161126,0.21396538973362772,-0.11657840365970396,0.4494205187155597,-0.5456202039927183,-0.03303794875393548,-0.07203938717289093,-0.15629338336423576,-0.11928281134091148,0.6374841724749547,-0.213225292365898,0.005251179926890809,0.08865975701653206,-0.35326136353488485,-0.2242228031877458,-0.4404559662915561,0.0621424098061846,-0.0626952132707771,-0.09669542826280011,0.12387824266650022,0.12520905049323483,0.11189379304169074,0.2833655473557992,-0.012498202745068548,-0.22779038826725978,-0.03002973112660695,0.3295140536801884,-0.2609920241228995,0.13552967647191388,0.020768596395903352,0.08648623314523392,0.7273717416685568,-0.4589144067682142,0.34590360726426905,0.4148986422197589,-0.08047725464276032
062,0.10885716303708562,-0.09754960431342741,0.1565816143529434,0.09914395488977867,0.014542435684616738,-0.3551202883900887,-0.5289624165989817,-0.12328006691956483,-0.5776407201248143,0.05950684207180503,-0.22492356909228417,-0.48759462503078466,-0.45542142193093016,-0.07752489360863651,-0.44650238829775135,-0.10473116118210674,-0.013895978333915794,-0.49277818763888004,-0.6465152984621957,0.12503362220123018,-0.16275941807741856,0.26753641495588676,-0.41102340529401926,0.11024903573772044,-0.2601258351385307,0.2762368991718762,-0.1626926278276599,-0.0532968585716363,-0.16344322948690904,0.20467247129016247,-0.5571717017427057,0.3730102508791774,-0.2262732351699831,-0.13138860121315135,0.1491301236872993,0.0420385626606286,0.16657307714146116,0.22083575227384894,-0.27674965461422574,0.0320114003179768,0.2501973443111214,0.3796131227370605,0.29215238503984764,0.36252521284481515,0.11467198376432505,0.07203328392878242,0.11111911999246085,0.5999281371187054,0.22589046744370325,0.4032638238131404,0.16706854078621675,0.24055357698509006,0.1548904568783426,0.6405075465340265,0.4836135124332745,0.36296568343189906,0.24464974541785597,0.11720408169569399,-0.11043059824105844,-0.010886086352127546,-0.22161239983254244,0.19168476801578224,-0.3225917877109588,-0.11760635432835284
063,0.23351326659097182,0.10870385287734863,0.32434800872412517,-0.4840599580193057,-0.17367471573065552,0.2476250096504794,-0.03996343364457855,-0.0348483886353631,0.1566377618465815,-0.10197040225677334,-0.1678260836457227,-0.0709958436089494,0.07704175107937827,-0.030762978752553294,0.2872904576288512,-0.15589179023367722,-0.28153685537074613,-0.018021571109286705,-0.015315819158075672,0.020173027055004344,-0.07380317032321959,0.037181779668599924,-0.009925665091014113,0.5465091443860725,-0.05714087662402734,0.4589556689433193,-0.08065249034953037,0.21917785412870427,0.03638563936562822,0.23538252700605267,-0.04736898904636383,0.1351816163558841,-0.0396798826337138,0.015227886192715867,-0.14339997286171913,0.02512855148094051,0.21239686513379863,0.06375170657046514,-0.4582775042375933,0.008708148121374548,0.14439120519585358,0.2187913568374409,-0.2044613727043283,0.33392366035623466,-0.11656516783549753,0.0070915727567800735,0.07436382339717529,0.25269122609100525,0.24410035718757117,-0.49325526593684227,0.030501597357281862,-0.14634907729222763,0.3882034507436941,0.29704465395128155,0.4244572645337773,-0.48435737845026355,-0.2122042891283864,-0.05357293973784949,-0.46583265208154967,-0.2889519584457551,-0.4471037611017392,-0.11671402122122804,0.006600052124684175,-0.3569964680705421
064,0.32371019999595774,-0.0737877549703031,-0.19040328444750887,-0.6176427263964045,0.07546348536488301,-0.018602772053927907,0.32125486869539654,-0.07051655995501316,0.1962594768810203,-0.14959439962374177,0.03887041519790879,-0.016372214096597948,0.23170003410048667,-0.11106497821256628,0.2621851614765087,0.0824464647449129,0.11161633717677244,0.14448956395498946,0.14691431143890776,-0.1082134920433463,-0.053931146766304394,0.18281350367300575,0.044604904610912044,0.1797488434111012,-0.08094749903157622,0.33688474975048144,-0.5857807237700496,0.0545222456102773,-0.09470366208300074,0.04605843628433559,0.21051020306731838,-0.2434893570570954,0.08520945554816262,-0.0844459377167574,0.4030513797404687,0.22259474823884584,0.20599863521827344,0.022281767692323484,-0.0683528974275639,-0.16757620227573455,0.07450740697074387,0.02508570195683779,-0.13762483701305217,-0.15748773883122613,-0.31331200759016276,-0.1520005525546808,-0.34977824392957146,-0.27036041808265854,0.06839032760486474,0.029108705326262307,-0.04418612039947367,0.09227176118445357,-0.02955989785365709,-0.23106208972247932,0.001844145682946663,0.017444158177136626,-0.42143064527794094,-0.24563006219232209,0.1033695202005287,0.3095524071606307,0.34370554578928403,-0.09787394172831942,0.06845247564360302,0.1228108155324914
065,0.4026829950921865,0.16368382752688915,0.565343409007231,0.18074650875770748,0.06976454258043252,-0.10031097811013412,-0.3090635020239891,0.32985759793414815,-0.6769175496491384,0.7933702706009372,-0.1747613854303688,-0.8726382358859932,-0.42323934246610084,-0.5364236560000155,-0.2718362322651579,0.2880173085471255,-0.2412349135112365,-0.4858089933073575,-0.2228779937826561,0.1995588852020307,0.182719515324838,0.2983309697537203,0.07772768816888098,0.14817923244372566,0.03099242879712316,0.7349804883345167,-0.24634925591435403,0.0009098780883624036,0.011854487208164288,0.35700757463424615,0.15835125827814378,0.746801200560362,0.24604484262634962,0.21112571343537845,0.9518732337272123,0.14513197166433212,0.28162527351633004,0.948307253137061,-0.1363351586531194,-0.03890554980511318,-0.25615300491446624,0.06074021397923979,0.19054829104800064,-0.1886908339930819,-0.8292351333758603,-0.31079590656870293,-0.7627127533421145,-1.1903625795902775,-0.13794438245717033,-0.3604273825409229,-0.4346476969794555,-0.07352952172604577,-1.2159265124344687,0.3823598895659931,0.008889412080551495,0.5708005251196323,-0.05929529377445142,-0.5382132929931993,-0.05982603726196423,0.48290423234323077,-0.19453723534527056,0.6607805774425507,0.48323658462463215,-0.016247767049083595
066,-0.17053282784473084,-0.2131944086921496,-0.1822238646630644,-0.21065083641292923,0.009896446298200412,0.17212647438703577,-0.35773630310715676,0.23923612375335288,-0.3621217681084479,0.4450816219726259,-0.41684956149481445,0.3862803792397743,-0.26257904233559937,0.5510313176939738,-0.5164001038439645,0.40130860560209514,-0.3580440132752505,0.12777112641174168,-0.058730989868838845,-0.00015208412466993781,-0.20224970983434265,0.0708073673314332,-0.207265076505422,0.35694612169411366,-0.2413135474762975,0.34294469907496083,-0.22654386003744684,-0.07359399784092097,0.005852193790733179,0.047658978172813116,0.09923818770578448,0.28252670504747923,-0.2713246517667047,-0.06934695091493759,-0.2651366358251134,-0.052612927744154186,-0.27459978296171095,0.4037083038704524,0.09122529628918474,0.03034041506517146,-0.2007428988064012,-0.07946496785379573,0.050845000785167904,-0.07498978517500662,0.11355185366150844,-0.2502283099240338,0.10395005072867669,-0.28356173633604675,0.11543759308704013,-0.4140978973967687,0.5299332736733426,0.1005054635674239,0.11155206257929172,-0.10767708505260482,0.4852930088522228,-0.22388806840970502,-0.24173785747461088,0.03243548159160983,-0.24172399730845875,0.36886597768555107,0.09746059284747723,0.6001115451402204,0.4494584913285775,-0.11206521051293675
067,-0.2036023177627564,0.06966420971199005,0.19557336809642978,-0.0930696350191933,0.22463599124414002,0.25605310541101,0.4757659156270002,0.08218416805070838,0.2212508492988412,-0.21528132833147318,0.20078559309217003,0.09866964544803358,0.07212865868490304,-0.1959107057842806,0.34390183603161717,-0.11832012491585231,0.5330110375895252,0.3262874914792222,0.5823720298161572,0.003660477331180023,0.40491623205186633,0.10170550726859684,0.28566828132320177,0.08930687733110221,-0.26807903546212786,0.32055412951849827,-0.42615647625353636,0.34912434715384477,0.7399241351489046,-0.025068943923592157,0.3480283811463927,-0.1244088844464426,0.2833765648391784,0.5791962890710505,-0.06963182208639096,-0.017115500818274176,-0.017396121614831284,-0.052310740946815315,-0.3174482649359134,0.34062121450110483,-0.8132966046685988,0.03724450487901587,-0.482855686935703,-0.56612844215412,-0.28423114168900265,-0.054661707958780004,-0.23625456468186035,-0.26744016513244095,-0.11949617917204347,0.019639485229232867,0.07343849041622086,-0.30183256286954663,-0.13925976560554143,0.27270116976962955,-0.02640235797716395,-0.14269146152082923,-0.47344496762012067,-0.2099371118385176,-0.374581347579239,-0.7368235012289606,0.09751252852559655,-0.4024863632602218,-0.22442326687880665,-0.028855414013382763
068,0.0029433302260165606,-0.2601265210893401,-0.48071989097005896,-0.30396776956308613,-0.3086343119313958,0.049305772011962234,0.3469986411052135,-0.1395358243267033,0.174949648510744,-0.05251214487816841,-0.05755752007634474,-0.12396381471047024,-0.04149253415423071,0.27070299954475924,0.2001369639704796,-0.09217145265793047,0.3203106823363472,-0.032700381472771656,0.07978168637448152,0.21958125712259308,-0.20313442991263309,-0.11619698620378549,-0.10311555004865114,-0.14803889597672776,-0.10908948800384871,-0.6542440177381902,-0.1609661784632524,-0.13781991597753485,0.14737867890243544,0.14207711399944542,0.23716822138501947,0.054779703131488944,0.04105687026134103,0.20331583189047567,-0.4445183128083052,-0.44273435828830066,-0.4866898125006478,-0.2893672482281243,0.1318105874474656,-0.2692016311175097,-0.007674220812503352,0.22005248051711945,0.08430053990277886,0.38414150844180084,-0.01589932323494886,0.08505874395045093,0.2029720785998858,0.176716384604618,0.25023381841723125,0.007422009355037229,-0.14809548412198326,-0.23998857064096302,0.5416260099256445,0.24969936792648034,0.11936474923527898,0.3033590049792332,0.05410731923324916,0.24029658045475782,0.1662398892832397,-0.004734467144804633,0.39300392300187437,-0.12755633310188763,0.007189444801377065,-0.10563445069522354
069,-0.2503686220120708,-0.15422878386271244,-0.24390561534247424,-0.10387397046892433,0.015886841201275315,-0.13401328290384296,0.11706394562906675,-0.10128530985325268,0.081931243454758,0.11414160517725802,0.08239229627978994,0.18772601111396997,0.2673989819442465,0.15782622717396044,0.33397951055380304,-0.01933278594856558,0.2264494850513167,0.2098279432665345,-0.04596531612546528,-0.20779863603224635,-0.07642133865070833,-0.14888931668190764,-0.21281768575562632,-0.11279569071770768,-0.14156624036712762,-0.1682194388991909,-0.15909116760950592,-0.10623061898278463,0.07302769673439358,0.09111298020066144,0.011782105325477688,0.13806581386407357,-0.11767025099286588,-0.10752507572640502,-0.05062929889271395,0.0736530701924587,-0.07638866146176332,-0.2509875271167603,-0.1283613626408907,0.024683447572111272,0.17928941726756828,-0.022284868570246752,0.05673669971262951,0.16262559041067207,0.017302876667613487,0.16387360180100782,0.044137549099599216,0.3257967591477394,-0.13001153368269702,0.006208060904466295,0.1056221947020084,-0.19919816535028811,0.13007292247731306,0.07255687908444863,0.13320528794534242,0.24594661726151912,-0.17951737729710016,0.043866157642297066,-0.2642599514495755,-0.1351257663868075,-0.13107131760690927,0.06895840611411735,0.1951332385772652,0.02155351383837667
070,0.1537728601830209,0.14849669690601008,0.28872758164833706,0.32725885287584894,0.003981730449993535,0.25106838737240605,-0.07408757290990292,0.4041919442954135,-0.2040348654960011,0.520791151997311,-0.31678764232254564,0.184288899061264,-0.08107470791431678,0.18638884690671817,-0.29821614568277627,0.23866754526380957,-0.3681046383221539,-0.06530804563909964,0.058423409023157735,-0.07648757163004749,0.004425768019078406,0.09598057468965213,0.08309468118234595,0.41220729499851283,0.1980553529037655,0.25774605567119346,0.19361814281163547,0.2646670233442305,0.02424909202384379,0.3616503963574045,0.15907351395727484,0.5385388790273977,-0.11922482393774614,-0.06747665368350572,0.22014119638943497,0.06193593409962811,0.06299132191815515,0.4791317847521108,0.03759300482901584,0.04708851766088472,-0.15279688302554456,-0.21690871928823413,-0.1485893586762893,-0.18359631030635154,-0.18720084920624813,-0.057067141990614634,-0.44354922102045646,-0.4388101580863547,-0.5330081729518483,-0.2791641880907417,-0.552054822177036,-0.1169629812805289,-0.3180692412250884,-0.30825468702977266,-0.27299482021921784,-0.19025047576522117,-0.16646520305945545,-0.2836768236385942,0.14907311615530003,0.5707320597557164,-0.38336961859362684,0.179869687049735,0.03243468565957533,-0.29676364606986116
071,-0.2758641672832392,0.27826172533158244,-0.7172201403103442,-0.1276892462905007,0.17377233372672607,0.30341936504512856,0.298838205046401,-0.17084073209574696,0.4304356384481133,-0.16092529108808828,0.016386704259364393,0.5842334258707387,0.36334467232787393,0.19617247185624004,0.1351973282745081,-0.23344886671931164,0.014119316216696598,0.058864345577422705,0.2663145207483477,0.32631492457161615,0.41658027281319143,0.011368026340054516,0.3005599115933283,-0.7239839415865584,0.03222913143674355,-0.7631065389356635,0.14397918561102485,0.4118307490263674,0.48549133862008464,0.17337832229458439,0.39497832472656025,-0.4919449502823029,0.1650777612722958,0.4209245158058349,-0.6495513411569359,-0.019665171123832148,-0.26919300163669657,-0.9405500762055771,0.10392724555671462,0.43340857612761263,-0.15864827056879177,0.2772126282373828,-0.3048603711891634,0.022698159148968222,0.5897721764813537,-0.08147352047184775,0.3061233928699274,-0.04920360217802622,-0.12794343768921768,-0.18084024624129735,0.3829305924119766,-0.12370796626909925,0.31341474592820207,-0.1576853010972028,0.3738094826697773,0.0001967115798758856,-0.023164551926277976,0.26414133763476955,-0.23866582598970917,-0.7750200935128255,0.31813945961596435,-0.9989811666711891,-0.9585101170809646,-0.0651590895029453
073,0.02359332733838357,-0.36704145975871016,0.35947294132474783,-0.19868138344519007,-0.2709768416723981,0.02298853097467543,-0.37471084835278745,0.1823522597345524,-0.10022487209287878,0.1011313670103551,-0.31171264168411217,0.15075030837096007,-0.09808563125053935,0.013434895486870851,-0.24783412192123305,-0.018935272718690888,0.008568721216349717,0.005661942522336455,-0.11969652529554776,-0.28259453738819407,-0.329713740698228,0.27965754172149826,-0.3061062306115858,0.3137996103428725,-0.34977567987296165,0.1735632965378989,-0.4526156276579918,-0.04249567610297872,-0.36870873389134695,0.20537878460794504,-0.28448348836362786,0.29296461581245037,-0.3118138233408352,-0.28844289139814927,0.08597334048415886,-0.2048055371874194,-0.1284109589431932,0.04060811662563377,-0.3134398489875928,-0.3239211633501803,0.6168421482561885,0.19629561870815268,0.6258499195576563,0.3967808779635822,0.13438251459059,0.10579426176606174,0.09020587716312037,0.0033911323515838365,0.006147589943904352,0.4720296710121955,0.006860804263832981,0.28049127047812494,0.44536716302520596,0.3236763352695169,-0.015771470152797035,0.3291129962799185,0.10504077298245132,0.2143335711283029,-0.07454914266433216,0.1292634790119083,-0.5438514446679114,0.38406019975482253,-0.1291133858231967,-0.26731282432419934
075,-0.05518674582549421,-0.25832604317648633,0.09733353620522833,-0.33865442823562214,0.2915010747275002,0.13538077137106108,0.6144881473913417,0.10191591113524723,0.1495569655460821,-0.034273258112456184,0.19935475648895906,0.0615304399705221,0.1757751821088981,-0.017611670281977965,0.20384549399989882,-0.20753189651549947,0.013574124645569952,0.25751565629786144,0.2834809759451419,-0.10312765116710776,-0.1838136200923472,-0.03860716993150537,-0.1609612379428435,0.0716017485291468,-0.2647960420522286,-0.29745661776191484,-0.13119063698992056,-0.08863654745282734,0.02336866338493304,-0.048009295498546045,0.35860727203157516,-0.2587402477458514,-0.0833289415488414,-0.21122681140375738,0.06968384013369655,-0.16222837763274556,-0.21156915575577911,-0.1484690291031744,0.5501126064140682,-0.2743086519824035,-0.147730181837202,0.21373616184846045,0.47091856195648707,-0.10580090880943249,0.12257200052612216,0.05464554917582731,-0.14593598568414,0.01575458710404154,-0.03823258221038106,0.02870788470524488,0.1789999689848798,-0.09919101017843146,0.17268550868278776,0.11134580834539887,0.052399030251260026,0.03326663141187136,-0.07840866013720005,0.1447682383357185,-0.0003272148648647555,-0.36535060712092937,-0.11109785276256212,-0.5244631215345352,-0.22011703541796118,0.15628213911213018
076,-0.3592108052697135,-0.5736518371261059,-0.15756103303073316,-0.5528855541290112,-0.6903975244469067,0.12701787368933726,0.02163326899945192,-0.1582808368080545,-0.005180201072118973,-0.06524362882847234,0.037825875467037806,0.11689231894979796,0.2785312697423026,0.13018701398399363,0.2733383965256312,-0.20177572635451746,0.48808705934629626,0.1424669702134652,0.09759749118034533,-0.6100691223307788,-0.3692725175811894,-0.5691722657772261,-0.39214668829796684,-0.6175393396533813,-0.3936747113932081,-0.24708859372223052,-0.22222776965806346,-0.6332510771197688,0.03713223726876791,-0.6579675129309869,0.015567650808105737,-0.35686894653831747,-0.05089616017719478,0.08024611140954016,0.013703383053320056,-0.06451834035468124,-0.4111935571988524,-0.14816087687930674,-0.07607970080122625,-0.6439107557600804,0.2359793633494352,0.4405062108954355,0.2724863799717575,0.46810433299736975,0.0813305434178897,0.4784063861810115,0.1315249891317925,0.5024549046623417,0.08206833092137236,0.6558988453188471,-0.20478103735376307,0.7038885414568941,0.10081308626476862,0.5749138572980593,-0.04314779354888512,0.6201367673687985,0.4643164943829359,0.22347261373783794,0.4241688300605519,-0.03313149482193328,0.2934050222680955,-0.05380894129319003,0.003978477614187931,0.9450134523210896
077,-0.2574983883950369,-0.11570090701628982,-0.19215717591575876,-0.24230176950094867,-0.2313454010927034,-0.05480322852276476,-0.11482219831696838,-0.054542661153644506,-0.3086468219950551,0.37514508090220583,-0.06486551718987596,-0.12577803294971007,0.10138413442323929,0.2460588543913828,-0.07227858585603575,-0.17159321102310832,-0.24620137967892186,0.084663388899202,-0.0058226947012118835,-0.10670140092352345,-0.034685700590102925,-0.24069947925274973,-0.18334136453329816,-0.01738264965632985,-0.20147844220328728,-0.23211667582523,0.35137119818521784,-0.08216989839100097,-0.25433704174846383,-0.06329089121748951,-0.2629125446188734,-0.3707928898829035,0.1100879998869228,-0.12023993126895824,-0.29386352044741104,-0.2408043688171869,-0.2028536914783952,-0.040404585391975695,-0.3228815390588521,-0.09791305465694694,0.31699571161551826,0.6246843674676574,0.40808871951512676,0.43311022623801093,-0.05644318720662089,0.12378814456407877,0.26027333825065496,-0.027276589455949296,0.1497057215337691,0.2643800737555266,0.0054524470046423135,0.13894648205381582,0.12833083973163845,0.5090652154636031,-0.0331700781824002,0.2391541224764091,0.34132916939732255,0.10181704096251726,0.10080670980692008,0.24671410930109222,0.1876872622205406,-0.0013680875110411717,0.2882542476274808,-0.3918090200474703
078,0.3536787370470612,-0.055296732029942564,0.2854061399613498,0.12284429001744501,0.22726008968098044,-0.1996432687725035,-0.07364122195684822,0.007362142351065443,-0.17952556882234894,0.21166897794761236,-0.3210152163664386,-0.030191386962527877,-0.08194104658509113,-0.026027480774490852,-0.600278364952923,0.552917997902759,-0.26548390105681197,-0.004045720259830743,-0.11797912992932941,0.18159975202608042,-0.18919912991420879,0.3291867586405225,-0.13594487020123094,0.6585180974157824,-0.07707105837248573,0.2481308780148293,-0.10213199876735898,0.1344008192755778,-0.4177239869565318,0.12652826293169261,-0.03961385107275378,0.3655722100798454,-0.9774383849693814,-0.15995482033464686,0.368616654192348,-0.02349403243091297,0.025569732850897392,0.5479852884274973,-0.1735761368112246,0.02959527628408601,-0.4483105825185002,-0.0575745323094593,-0.42767523942102614,-0.33018024391932915,-0.13393553396300512,-0.2937293452337954,-0.1844374392060299,-0.41433824258958496,0.20903891259498109,-0.4274429100749629,0.30963822358572957,0.03864915773544514,-0.05149295913084667,-0.023981066896220482,-0.0027471051483672904,-0.06243378931887067,-0.10977468754443684,-0.06484232307406959,-0.31504999836604813,0.7904661894630558,-0.009715183109181902,0.7921370564308335,0.8281490353726707,-0.13604219010659216
080,-0.12578937299031215,0.08651168751807514,0.0023029419356679903,-0.2937768354571523,-0.14444084014566083,0.18702298143609425,0.07555021968471748,0.07956274016924852,0.051040208543822435,0.14124202230143917,-0.1538266485277186,0.014599129029527258,-0.08942452678052598,0.2311426556085749,-0.09962662898623165,0.026421965311344137,-0.21364697849582862,-0.0034870929939598283,-0.01943787023683821,0.5282426421038409,-0.37186143650903597,-0.012234571769533409,0.13062903780134233,-0.2716990794480194,0.21548881336442544,0.138996178351171,0.4154291219434812,-0.4357841359154076,0.03897090378338375,0.0026919202239598095,0.5617842860107887,0.10144200193489078,0.03969002137452027,0.21510915719220114,0.16839183023029575,0.00557821274678405,-0.1090412987729166,0.044291226339080336,0.14614325710280668,-0.21219711369543703,-0.7591220488811128,-0.36746931378896397,-0.20619573456469661,-0.228827740839788,0.13435105720781254,-0.1301508148018619,0.1036318887724203,-0.2312773979704774,0.3648048193725973,0.22894359736344122,0.6570535135104998,-0.06691514542987678,0.03533942560155459,-0.027658448252731727,-0.28874493302494053,-0.3325957882392186,-0.34640165247849547,-0.0866672903913487,-0.19259403264804112,0.45090017178534664,-0.08931942484198273,0.4970113166260111,0.05782250514032947,-0.26791926054338194
081,-0.3294360916130608,-0.32615974537678644,-0.4713683263552685,-0.6250625086979262,-0.14603590489076268,-0.08323508751262876,-0.03732469321537479,0.10103391255526206,-0.0186892786804278,0.03301555655246946,-0.3559985273099361,-0.06717053932258588,0.020044463765981346,0.22732764716059162,0.002842590461904604,0.5502771270544418,-0.08030611589150671,0.07490356436808021,-0.0626556865764879,-0.21667439576486047,-0.037886966145904144,-0.23198404964756658,-0.07067280824172695,-0.2497412208462902,-0.07795298907151682,-0.3147880804378647,-0.4275060402462805,-0.31260126171726343,-0.07097501299536957,-0.2331914496350178,-0.256443865839124,-0.1492728583244438,-0.3584896487536218,-0.05647290874917621,-0.42922463975097525,-0.42667372947003246,-0.5170347754883943,0.10128991231234918,-0.4918403767410682,-0.23210846134349306,0.7580659765165505,0.26675872426649905,0.07150118750889023,0.19519707973584755,0.1350910612890588,0.1815848443557695,0.46297215165487837,0.4233235150323267,0.23987127531529795,0.1794133847583015,0.3743818391395666,0.255500616663382,0.30372598037216525,0.24721173633840599,0.4123523098717552,0.6964900772547169,0.1937963006286072,0.13781583479890902,-0.22496063965535407,0.2670837214234444,-0.2050930748224149,0.6914671468535423,0.6453052405621189,-0.054613019440599486
082,0.20109677608545898,-0.15677796638263525,0.364435700986189,-0.04066490946369786,0.14833570030157314,0.16392661460814867,0.06830453674545219,-0.03119501152935214,0.7927272583845417,0.14888861982796972,-0.0425537703356583,-0.19228094054220685,0.1259129943232048,-0.21689094420148178,-0.00888501418050272,-0.1603290321002892,0.32634168389726115,0.0459366653244794,0.23904787262217675,0.12244503291232464,-0.032945531562468766,0.27520839298547295,-0.05127037110030813,0.2882621954719183,-0.13384339081186508,0.2496857531777738,-0.14738104986314796,0.3060364008297937,0.17613371307674078,0.22655791570516376,-0.0612726327533861,0.22830407192087926,0.42744270153866937,0.3041536802583519,0.2745998537300631,0.0804958379869048,0.11650325533282803,0.25716496923153503,0.21399939748385666,0.2259266724977245,-0.3900808024457181,-0.29527045493223875,-0.033958455955696465,-0.1693108453497863,-0.5608600788495894,-0.17788106020374186,-0.47883601423457567,0.18743626738439761,-0.5306594549172479,0.23686401028202017,-0.6290360279381424,-0.13630887305172812,-0.6524354662788514,0.005162024462593201,-0.5172559254846867,0.045397479992372994,-0.16114405968535733,-0.11790488172161748,0.26457895190043557,-0.32731576290712244,-0.06846575257008251,-0.3610689105840526,-0.3317613804770145,0.07853177114597443
083,0.06259519715928247,0.031710010211015105,0.035905178256646075,-0.29688246141852526,-0.12236429434223173,0.16969893063132174,0.05696754032998347,0.04371585862865873,-0.12144189427767599,0.033558622322971965,-0.12795844984865212,0.044814093929437415,-0.1993011792418752,0.00027948983731790333,-0.2514759564816972,0.10742492353116667,0.0027483874440509815,-0.03213743283357001,0.15705983922648742,-0.20659676705540267,0.10107556309337301,-0.14641794873541164,-0.1604046139873233,0.006139823889672769,-0.17621502381604492,0.41669901675246795,0.03729154339748503,-0.10926031737371916,-0.1512919292960675,0.15374030513646614,0.004835396493941102,0.20776543616754412,-0.01675119138535358,-0.029457855362000684,0.01631690227082755,0.14232877909643843,0.2741881456714254,0.4033635248850323,0.17363874499907433,-0.10173651212576518,-0.2308213236187986,-0.1746016523378876,-0.36286541284575746,-0.19027196864013496,0.11059247945712897,-0.21924626620351537,0.25534463192179174,0.12893261857333477,-0.5141432105472328,0.15414924708675265,0.31599903918716227,-0.5814701381570536,0.20367320369488778,-0.10779220663349509,0.12338257045920514,-0.11888310773452276,-0.11155226530350626,0.002769671497507009,-0.05337060416844924,0.4675118523542697,-0.1192580440346856,0.42300739275246285,0.06664357290695155,0.09810249455281134
084,0.3487503585472663,0.14782575667896825,0.21023098338844515,-0.19419259680644185,-0.36610069685282753,0.6671712634460073,0.11783057441533551,0.6448024195637437,0.024966641113220667,0.5667896696563933,-0.16468185386637146,0.5025457112788859,0.16630180684752383,0.43934379878618135,-0.49962968903088273,0.17502092349570142,-0.4408258843737541,-0.21804166503456046,0.019169811837424278,-0.2214159116224349,-0.16009538577177018,0.36520065930165246,-0.12113643232007898,0.3529661928899842,-0.8359440010043463,0.21017175395168775,-0.07885579747301441,0.429846236248033,-0.25001414972409575,0.34841982436080965,-0.3798863461171893,0.5136085580148845,-0.2503265900191296,0.17336733286629757,-0.07219541305095245,0.27179038383427057,-0.13016065191456028,0.5079194152641974,0.20091165972618164,0.07511382913395437,0.3201961451665287,-0.16697061619181264,-0.1600093105579824,-0.507623182620985,0.5240600936712977,0.0913799521799592,0.21140057322314243,-0.04392769260853169,0.1609450556112656,-0.39158856294419786,-0.814807292824988,-0.38205768798472317,-0.5320804200163577,0.04460245061730872,0.0077783270940711136,0.0059118589058114734,0.006786059968980407,-0.17014592088059755,-0.23415824747470948,-0.24523644096317154,-0.6700177208907045,0.11494736758006874,-0.03714153884204918,-0.2288057488822633
085,0.08935907723609421,-0.2108519261625557,-0.6040285544192223,0.11186504718585269,-0.532756604619973,-0.20889789882594983,-0.22351405011228304,-0.14808199451950946,0.03745533660786936,-0.048536767168939524,0.0381210369487673,0.4411104924746869,-0.09870596882226088,0.1333812170504998,-0.0820524321640429,0.14894167825095056,-0.25060328734786474,-0.16341223220853313,-0.4686325537575634,0.0017398734675697324,0.3297807121367458,-0.33790201263732245,-0.07339078603284194,-0.13845402741386104,0.1251628416350603,0.04425374252671714,0.609490548212461,-0.3289289214675079,0.03188852705650763,-0.32800715988340823,-0.1558240777522988,-0.38552785711365495,0.43700504707215326,0.2616369776025421,0.12211025862489527,-0.033152296681738816,-0.5449353234005075,-0.20507171657034046,-0.3780185028645574,-0.4841051616909797,0.0835588945814108,-1.7627442542754106,0.507644904178006,0.33793366554363863,0.48568393864938314,0.054376814576680324,0.3613712675445984,0.23961107124258296,0.4215567596253966,0.3292581280686296,-0.02212549928601743,-0.05642079535968181,0.18407012460325722,0.11611924529321405,0.2511816539664274,0.061281243132549595,0.3462482129689551,0.02840711604536662,0.38628474099720284,-0.15306381455416138,0.6130767560379019,0.20301613357199227,0.3573463376158497,0.09641705478057204
086,0.21433805627953365,-0.09007875844182657,-0.048285813833751745,-0.20899569688843112,0.09120581731104507,0.04191997030486977,-0.09891122617349342,-0.06903602591203693,-0.14100156185752658,-0.039823905402149085,-0.01753136808830824,-0.1374742169796419,-0.1453735135344087,-0.15579230477905842,0.016553753499659873,0.17567539364004717,-0.10649334215592426,-0.18988058433235755,-0.027538296601327283,0.19119553052218444,-0.09559793153175133,0.26138956515021705,-0.16517357201098623,0.40930932281957766,0.014810958568901272,-0.3577248004489879,0.11760108030698727,0.29574402209948036,-0.060028786773139775,0.25484850391526914,-0.059756868924202844,0.2882462861320415,-0.15280336677462714,0.1212020882591002,-0.24851868871356447,0.0047380322672523345,0.002426486320211113,0.3189007174467128,-0.381843853751207,0.10479349785894318,-0.28966710066841156,-0.055635479553730535,-0.1528430235001404,-0.19334814610051745,-0.23571230881420463,0.06428347630086562,0.2031296623666106,0.17949113479143805,-0.150897096676501,0.01713226678314919,-0.08854345214799635,0.4069904195843703,0.23110594175245694,0.03522174747497389,0.05722709738171447,-0.2903819080799144,0.08968776952127924,-0.10868631497957074,0.26057602958477555,0.19965837011632456,-0.04928834826026707,0.22692750568889627,-0.3099675675851459,0.026304726226220404
087,0.14799654696695935,0.044829127576026195,-0.106683760320195,0.129199078239008,0.7083424037402207,-0.025785774822798313,-0.3714148896783357,0.08343046051082093,-0.304221552485597,0.4835567281262244,0.25071063122204873,0.13472741166053248,-0.0764343523867177,0.11547966920731217,-0.11256503580288801,0.024276000371527218,-0.17714842766572392,-0.16575473747262282,-0.3455027633143156,0.00414660124671834,-0.008699299456759957,0.013010683806525203,-0.22399960585247292,0.011769919408816387,-0.2724378359701318,-0.08066382930117022,-0.21705046607741207,-0.1787314670101957,-0.2912464878281038,0.03483020103053441,-0.18724403524289368,0.012789078087300676,-0.2898471404259213,-0.1996884417234549,0.16890765770147004,0.9123651345782763,0.16997533359244843,-0.37411228538906494,0.42723905214703717,0.0039692330724155345,-0.3639312198493111,0.0763264613552227,0.01443923219207427,-0.09743668868241129,0.03719424410119648,-0.22664332195856352,0.25879882198155524,0.008801684174794211,0.07052399405356247,0.15784813742756548,0.09355163631194241,0.014270088534102165,-0.007439869090967777,0.21687848819799932,0.3028966808161397,0.019317834342727325,0.05886807758033846,-0.167624492315256,0.1287092081773068,-0.19308260191116544,0.34030056070378445,-0.27210208332097185,-0.1330691341582232,-0.20971450272889147
090,-0.37802169175615713,-0.027670512806292777,-0.4381431777789612,-0.09844360646548932,-0.025131203649953818,-0.035682285970099606,0.031043142681814392,0.11878278470385849,-0.02112885774912153,0.2783893139700995,0.23912742349764665,0.24367249276810282,-0.004035465640921651,0.18999354164384685,0.2459208340919623,0.2629129739526252,0.028631969237235558,0.29813966964787464,0.018905438536287303,-0.08928524179701998,0.2275919512502252,-0.4377874767588205,0.11085798539177992,-0.7035062209838705,0.11713453555394847,-0.00712782550609721,-0.049903653346637725,-0.38727778285685005,-0.20719443335655818,0.12095204784433976,-0.10421529105889323,0.1705815673980352,0.030721940733120665,-0.35257330140182236,-0.6646362975490006,-0.2608119229750677,-0.3036416665238571,-0.22648180698449755,0.6574383079112128,-0.3158196324602827,0.30122034187461133,0.06597226267981314,0.20535929246163376,-0.08574406898558125,-0.14271401938979533,-0.0635254267670473,0.15655494785851082,0.16326131900179125,0.05219372186259995,-0.22061128373212074,-0.00499859765763451,0.504654451085425,-0.21416882062699477,-0.03692374282701637,-0.19833729599840255,0.3847188260846864,0.026709564953571643,0.09852880919249647,0.08960770815632153,0.3069829372324041,-0.25228923292260014,-0.049304847118938164,0.041101978375453777,0.6194726097690689
091,0.27871600197721297,0.24220890270702816,0.1581269319821566,0.2560970868048335,0.2926597669840967,-0.08299522125677365,0.05956030817902788,-0.04635576095020855,0.3853883889861235,-0.2931719807584702,-0.0011397022984806493,-0.13942744119540845,-0.020825556117485544,-0.13092574320883046,-0.06488366941076384,-0.13560032677948813,0.023176185205988575,-0.05645418391001382,-0.08355126772669863,0.025764451912388797,0.21890753002838803,0.030123350025421436,0.17471744000098122,-0.011390380081418516,0.18587371344598047,-0.3354851814248603,-0.1438053697944256,-0.07804196726166122,0.24400798294640547,-0.06668896706893805,0.2954697139382276,-0.3724054266421829,0.35771725868717463,0.386091376964909,0.294224519009463,0.1405437656576481,0.33994969007339465,-0.3529615414590486,0.08309791952166673,0.06502255361577117,-0.35730918604457257,-0.17289296855985958,-0.1431261148708338,-0.2148669567550432,0.036857246638911934,-0.000641140985445765,0.13464152437766164,-0.07233388625283393,0.11255760749020072,-0.12112546343526535,-0.11444720283183404,0.005417522823287557,0.23661893903244763,-0.10705272857972803,-0.1387026466042699,-0.015533034573448928,0.07431776428741432,0.06388474005640288,-0.3491857148247167,-0.36690637172469454,0.015162234742238323,-0.53695984542068,-0.10423382823236056,0.014524358937892001
094,-0.03419731662696475,0.11155533993881434,-0.18681537107579627,0.023822341598032537,0.28692740007146167,0.07657846237485677,0.15376287645431388,0.20056122775260962,0.08611297831576248,-0.10525361060890012,0.03219028836556562,0.05793044683873608,0.10976690217369836,0.24155480616569822,-0.0770515233708806,-0.21100551041756854,-0.06823236232864192,0.0958648715726039,0.20881203061576256,0.09809671568014947,0.257709935218167,0.08838505479428141,0.4012950770811161,0.033375326476753425,0.3231112693434517,-0.049890179326765094,-0.21308422729482512,0.19175628379998652,0.0760407287449498,-0.046725013789739214,0.0995790696569924,-0.18082390705564305,0.24556743268993927,0.14345327695318663,0.3154002905294907,0.13071480755835144,0.05650045811621918,0.004198065792979405,0.24723069164465686,0.21060615827165927,-0.6425738932556836,-0.11734855310390235,-0.6077024389476322,-0.2666433473716293,0.18567143617375567,-0.10960075694622831,-0.0018424830845739093,0.06463069986670733,-0.33097464462792137,-0.2858176354467317,-0.3791236360241339,-0.21297337278709716,-0.2706914138260056,-0.33715114668671686,-0.47077428421932177,-0.14873404361513534,-0.017040605974047662,0.3628274520037077,0.30655284215733125,0.03428148033977227,0.09616451950313917,0.18523118122018786,-0.2713993507201658,-0.20034959732219573
095,0.061867451743560814,0.09447122494376646,0.0935099374270937,0.003117815470357513,0.057465976005242767,0.2616972671626429,-0.02573298483782195,-0.1865814932790561,0.19349619057836684,-0.03604555452026177,-0.07574015189163584,0.4271057614694044,0.007506728296683404,0.09924100966275405,0.028669127244818612,-0.07164143572724134,-0.04654715921703752,-0.0044827685500987285,0.2789945866218212,0.1233094018083477,-0.16736331477953686,0.04302186497470033,0.3189683965979443,-0.10389281500740773,0.06039771251907884,0.0035824922226736083,0.054964258852142026,-0.08846394769106002,0.3212544391009613,0.06924127395885099,0.3548293845556149,-0.2285712131633652,0.0032651709731762874,0.2964652001452289,0.18365377169260655,-0.10390620640182006,0.023300567523046975,-0.10262600101559018,-0.03106119013557808,0.14355045745483438,-0.24845208092225035,-0.0995007223819843,-0.25180531349648966,-0.20421716052794014,-0.09916356490405102,0.02563742218179134,-0.10272486233535712,0.0006576079839374915,-0.17348984921404298,-0.16884863090451702,-0.18475795243568516,0.03646936069737315,-0.01493712944634161,-0.3371947163391097,-0.18453256129040024,-0.18025013621405217,-0.011152806831617706,-0.005322976115205616,-0.11911564332086212,-0.055273844730523256,0.1498564945113462,-0.0030966700802530917,-0.08349187013886815,-0.019583626533105775
096,-0.17713248329103207,0.3098172791268364,-0.05291825644500314,-0.32939294777290395,-0.2752809053093158,-0.059530085621621154,0.13560266195650497,-0.03702597071989788,0.511535980920897,-0.061637418581545006,-0.220500509745598,0.07514590464717386,0.08698993471663582,-0.08287373206039778,0.1448060648753053,-0.07020902092940448,-0.2850420187687783,0.015456663019951827,-0.023221671708070823,-0.3474975894759319,0.03688186599679105,-0.34564885415049673,0.14286640689643312,-0.1546542047289439,0.2057308930438318,0.03529177096646516,-0.3952696123816918,-0.2913468389255265,0.13065541843480022,-0.22006519755173234,0.17330628605030016,-0.21046825634065838,0.256480252694021,-0.010055318703573374,-0.13874995406065874,-0.21392065631976745,-0.17870812389099325,-0.22638892838708694,-0.36955413834194384,-0.041375932925879405,0.5166235400613568,0.20265395643246414,0.14193504924685296,0.36877457437634664,-0.07507945469536395,-0.011247440506034961,0.08780871983460169,0.006489934473759923,0.2660084424743139,0.15270551331979376,0.27417623411195974,0.12438145546484417,0.1595864831181211,0.16956156755739976,0.2799802457500913,0.3209885038882859,0.004456607025376841,-0.24543996318361197,0.08483098300451117,-0.11007011836972488,-0.25871489538899783,0.027999621454581708,0.027928611967725614,0.04156307237385236
097,-0.08853287062592335,0.1931696433159838,0.0926845902889209,0.19032636096758776,0.21896775862550877,-0.33249904894797705,-0.17946912789949604,-0.17189550544836302,-0.12999178339406886,-0.1544138863634162,0.24779671007099402,-0.35017595062535073,-0.17686373063171318,-0.29140125467155203,-0.48073871572157784,-0.1410731373068292,-0.09104557381812856,-0.3054572826883713,-0.07566580813122309,-0.09697145368655963,0.18385145082309268,-0.19666768869123857,0.16607898953450678,0.02322727950296205,0.08418260320226295,0.0226340347343007,0.5784652686655207,-0.24528536654987193,-0.05212263099754949,0.0007737371811505356,0.1669847982332816,0.06721152932696817,0.2739708039926741,-0.3010175105886483,0.2171811811033278,0.28351202593668906,0.022293847181830084,0.03746945717375316,0.561824120315995,0.10533605717036987,0.04706226389684515,-0.3386710632446412,0.194842898441271,-0.07576157147324131,-0.2925994208005374,-0.3768694265275159,0.021804664201602153,-0.1931419819481453,0.04392362051975601,-0.5282845198465724,-0.03851617904171084,0.026085006449296122,-0.2362663495849509,0.2821801566110784,0.3095508931669769,0.05770899471588853,-0.2118519563973032,0.20536114545756273,0.16637332410096944,-0.14627736079416626,0.21757933533851043,0.17991575058198683,0.03819856195920707,0.7709992936580097
098,-0.35406431754544215,-0.03735116354580412,0.11838137023182166,0.2003944594759759,-0.09319147109283334,0.1768537710950513,-0.06010316419444739,0.2101625093383354,-0.00418243935957574,0.33858126814697653,-0.024462007596786017,0.17682397870678884,-0.2618721947978333,0.14334356076406518,-0.18589019550308672,0.42141692421950894,-0.4527341258424582,-0.01968605994910294,-0.014599795263652682,0.04114882750833665,-0.09209230310800927,0.044323464975154436,-0.036824542374072344,0.006211985383417606,0.034396932874562997,0.06754675873895866,0.1963913405649565,0.03611058814409507,0.05112743214746662,-0.0050062472820842085,-0.03418699301089462,0.057411082041830985,-0.039160655836198155,-0.0017768128058613941,-0.2522086218467129,-0.13275700949828467,-0.16171797189688986,0.033150088733318595,0.07252848294826764,0.018807134165647055,-0.6670009996996886,0.05360686800762926,-0.09282889124499444,-0.04920562659070621,0.341322078729839,0.0003284274846956925,0.3797128278615537,0.07302717584356677,0.3776076499121378,-0.3413999032288012,0.3312522243999382,-0.7275139154877913,0.3580182755826089,-0.3091811035316797,0.22050585849042348,-0.2937867115304389,0.24959240878083766,-0.086442445171913,0.21180903522243444,-0.07829617007819051,0.031199497778596985,-0.017095741978351342,0.20147227259790323,-0.3479469600041179
099,0.17161533267674076,-0.2835822324836883,-0.15784689560780657,-0.25610373932741204,0.14067415599281693,0.3807994296889151,-0.06325440839354762,0.36662403820406153,-0.2650501479530868,0.1409259128870455,0.05544244390057293,0.29688829328460253,0.12063110719093892,0.3792223260227203,0.17250116589393513,0.15154519792116997,0.6176206806761969,0.22428190510585508,0.3113962635172829,0.3494994425095912,-0.06902992879519579,0.2464999543564915,-0.02824298343465559,0.07193694888957666,-0.5190166379240029,-0.13187928682954467,-0.48338252063417453,0.31554913055167744,-0.12125592042137284,0.32199751544581356,-0.19073159696556935,0.10542541989960155,-0.5357672076435325,0.1050772157043098,-0.03684390841400342,0.17340353960813124,0.015453024029386836,-0.06760138784252809,-0.18514602624752208,0.2059657546205925,0.21280602537048152,-0.0384476480381625,-0.06166991413809517,-0.1474487061697659,-0.03446115884467779,0.12145964973027576,0.30790368462055795,-0.10767047458981668,0.164580309356216,-0.3865364127687404,0.20483447393983964,-0.10271391279637193,-0.21922590707603434,-0.22901599006064463,-0.4193022841295543,-0.12327345040246611,-0.09712469700357565,0.0033423211091322125,-0.3938088375718023,-0.14572642494260085,-0.29518105376222803,-0.11913594082762016,-0.24859563174468247,0.10817061107995282
101,-0.017486226931348492,0.35642407337447884,0.46559285185793486,0.34208608362347437,-0.02260804143013173,-0.2752736375114269,-0.17112218285558944,-0.4631613117561682,-0.5056788878747396,0.253477901708726,-0.06980055626371995,-0.14982731759321982,-0.29465133704290075,-0.15536276462621773,-0.007753647938973901,-0.29524569938399187,-0.08852840995464134,0.30233371380935425,-0.1786908142116388,0.21503827222504723,0.3256070112167644,0.20231677580577395,0.6471089525814586,0.11738142738070731,0.34656024021816534,0.05369734470983975,0.34429186413928403,-0.0033927528473468027,-0.2962939910983445,-0.23946588816596104,-0.31477169183088677,-0.11423181197255816,-0.4851767070814212,0.5119871979939328,0.22431108434642616,0.11160322328702905,0.08446814191839436,-0.27113290242416804,0.06040924525980909,0.351699983124827,0.38829388646552887,0.1204905425508026,0.4137659807156243,0.014668353615261281,-0.19385359144845127,-0.4465080304240681,-0.30261945317586075,-0.09666893204370491,-0.14368713536703176,-0.34828166621464457,-0.05016854973087964,0.05086710106067996,0.17806668922792068,0.09768567666451661,0.08018383455435324,0.2724880938706197,-0.38801016834757057,-0.2725018484210629,0.12394284473712602,-0.5488070380018208,-0.16887920277408092,-0.25662216284128453,0.1549965607734568,0.42441940676853973
102,-0.033091542495328,0.23479285221695967,0.02062400461948291,0.5174783925644288,0.10699223589752166,0.08923004178676205,-0.032393041174925474,-0.12362438444379517,-0.14535102776599534,-0.3102289801155146,-0.1257071360502848,-0.20216522483146687,-0.32644548894513375,-0.18792040259364087,-0.3626754459094882,-0.3913027755633538,-0.219583022921592,-0.26035143885191825,-0.04116784041819879,0.32764584658574286,0.43483335311524435,-0.10176168892376289,0.4876764471281524,-0.08914651046217495,0.5392623231297862,-0.09862127655186445,0.19745842779052736,0.14675008807464365,0.2701061377940392,0.16825796679833221,0.3814138361839553,-0.1715617255298177,0.3845915106851367,0.1940801799707396,0.017092021732300622,0.24936719413274594,0.1250841760256084,-0.1996038802017876,0.21151321441869186,0.14296727407343746,-0.03217118987316789,0.08904604383554815,0.34219619210044205,0.003065301651187428,-0.2103297126638383,-0.3278943946699962,-0.11029988589056411,-0.3860748007527637,-0.18512921810772962,-0.467055031044197,-0.33946950425605393,-0.21247753234886987,0.07760555869659963,0.006567794073233961,-0.03174174507931268,-0.018897188027775125,0.2139824253934664,-0.2669397292627615,0.2934807956163136,-0.20005072086712208,0.3691768272889687,-0.2707669830146687,-0.2770313993295545,0.11669340555841984
103,-0.11302353975971957,0.35995460890527275,-0.2586210925414901,0.36873529949287287,0.38471586947349157,0.17230877891374274,0.13312161299832137,-0.2154291758780046,0.03619625115064773,-0.3145141431136965,0.1304175885801403,-0.09633526465617948,-0.0531448354770766,-0.23743003291376769,-0.005307973778478803,-0.15354274887352803,-0.23713044065390565,0.3987748084112872,0.15278712704104314,0.1462624799299238,0.2623943753131758,0.12902178414343168,0.42506142634337096,-0.32303924038425214,0.4181969607947964,-0.45351656975715526,0.31742533273824036,0.02435735726403232,0.4956726414001753,-0.14323558109849543,0.44148821176941655,-0.3704970964048731,0.4483316874941634,0.36441909019190755,-0.06471145136193224,0.04952884686471104,0.048661815349846815,-0.3601139941052681,0.2438941053200694,0.27445498692756565,0.045145914159031464,0.03289296149424181,-0.20408212383462587,-0.13820602078652233,-0.07308889720736522,-0.05760762874184189,-0.20431162604905678,0.010064822349021618,-0.17689414973440176,-0.3224692038754955,0.0722082482009394,-0.1988490949600627,0.16888936799618204,-0.2670833750531909,-0.14643382307882735,-0.19319428324835308,-0.018959818538379136,-0.0880142309795986,-0.5671155792816519,-0.13588662487806957,0.1539480357947084,-0.037490781604570866,-0.010457245987831376,-0.4695947082080943
104,0.354068274371131,-0.12205709846691357,0.06423939275809498,0.1116104570975977,0.1009749656153765,-0.1278183371441366,-0.014336900464827829,0.1398189322913881,-0.193695540031598,-0.18929233967187437,0.07533769624556036,0.07637221119690096,-0.15373302353052376,0.1422217869279927,-0.3102315854261709,-0.13423222923917483,-0.49442044182527617,0.07802379520545838,0.023854182278792657,-0.045905728386118394,-0.17288642686954692,0.038526144484296254,-0.12893554623347292,-0.13057332817264014,0.03728120455292627,-0.07194733835143596,0.1857064725257861,-0.07469978003950639,-0.14105404622633222,0.2583813154161808,-0.1822478137463717,0.3168347285730261,0.07204251244185195,-0.19726293742058063,0.3274487427487257,-0.09461949376767043,0.09789398668801857,0.2977582219578705,-0.1597673062671847,-0.18676168692466777,0.23573347893731877,0.4171202794211568,-0.1522902418139273,0.22134263429720902,0.04150463009824623,-0.20371501266129366,0.26425956344523416,-0.42842156870533954,0.2856937967093519,-0.0015711517503018135,0.24058176790269115,-0.4313802159090852,0.28994520238593613,-0.15317946230100937,0.4458752537166041,-0.12320543521121963,-0.0648310483108323,-0.21207619806020564,0.3150672227162228,0.24630026825520268,-0.27517675627515936,-0.003795686484200478,-0.10044540964988052,-0.3252520059236706
105,0.17170191619842534,0.11051868086891187,0.09286418829177312,-0.17338769132055942,0.21960351074194007,0.09629735588190746,0.17055460264938938,-0.043172646354849964,-0.00326943653133549,0.1572457085903654,-0.2842848007973382,0.06824165884196917,0.02747640746856897,-0.08748425529088322,-0.10927312876859041,0.10277436607067905,-0.38918643358480665,0.16271214672899653,0.2913365284802418,0.14811347869424632,0.03857855960608925,-0.005347474230784077,-0.09314642217983271,0.20346764130929262,-0.07020239875504325,0.020105252755220876,0.03916161491563214,0.045179800003476156,0.027237972817072853,0.07228841430584962,-0.1401448408472245,0.36512016086862104,-0.11100152199297442,0.06315380413400631,0.2898520313605402,0.3306165167876875,0.33559022826631457,0.06245735345842682,-0.09921658027773161,0.1925955571382707,0.01835491346688356,-0.5481437374269852,-0.16587080114165936,-0.12381259441698667,0.09424749816653546,-0.07888636241074898,0.1206438427217098,-0.23876972003189445,-0.11234074752912648,-0.18805804870950804,-0.1273222551085454,-0.33037790286940283,-0.04116825917910255,-0.2078278051029362,-0.05065778076185512,0.017412562860866787,0.21925610070268792,-0.015288899698213787,-0.4991095922277585,0.18900357142863736,-0.05362745141282099,-0.08789756684975175,0.25302815621506186,-0.338514946987046
106,0.038059137916187036,-0.22256225266866436,0.07997771503085133,0.40121242348287567,0.036228492751203434,-0.02907200093880133,-0.3099464610388241,-0.14167235270453593,-0.36581786387862536,-0.35975613841909715,-0.19620190062534926,0.13853491016161174,-0.3605889365962037,0.3046590216050158,-0.25786150310654593,0.3477855868475909,-0.13336153340280726,-0.05217207385403072,-0.42171539709974903,-0.19538922757089894,-0.2384441716837839,-0.34312097277430026,-0.21529311102278198,-0.2672335323107027,0.1418786913226867,-0.08447622513462152,0.627545672236557,0.04752468477287192,-0.21151969787844005,-0.3981443405866376,-0.16672499079734182,-0.3872094140026572,0.02968235524212484,-0.24330613159173808,0.01707610907079482,0.13665968749312452,0.031047073619347165,-0.21144365550921784,0.20529402475971126,-0.19023450103373174,0.25896954824958396,0.4840072340671361,0.42449190602033227,0.008996374209787883,0.1362070244826604,0.019639509089784915,0.06252921623943168,-0.09897713654155244,0.5482729016936092,0.07240793875025352,0.08820780580941362,-0.2481304607119202,0.5438938727569425,0.14966215477478106,0.6546010616000197,-0.06982261245164306,-0.144850473165491,0.18524720475893625,0.5153419045413956,-0.03584890943700492,0.06321078904737408,0.2074389874090346,-0.48693774611167395,0.08154470483634242
107,-0.03291602926786713,0.003615975357345369,-0.31433084617719476,-0.3075978936506263,-0.3029876900219146,0.3367928294715045,0.20403324174405263,0.18381510391427042,0.14903479801931024,-0.21565002736161853,0.030986540468966817,0.455569182138402,0.2601866888026665,0.17129822494744879,0.2053618078694706,0.1897013997042589,-0.08002086396542951,0.4732472365469621,0.3203223853389662,-0.23212734682547942,-0.049012031423473434,-0.3247332620383858,-0.057631318313986823,-0.2788133029013832,-0.24638127371650442,0.055600832352399876,-0.23643700220932173,0.0440509496340567,0.22895470688387695,-0.24374805878708128,0.10051638313237621,-0.26858024137437175,-0.16745425759026,0.3478300302056612,-0.21203787322019552,-0.21937787530830755,-0.5077829548649893,-0.30062888777593155,-0.4286687688325036,0.06492890160211784,-0.3191621419880717,-0.3727733876012478,-0.14046788592972304,-0.15287638766295386,0.422738326665127,0.2585014393352441,0.2543181535681065,0.11630360725092542,0.1566274110728606,0.012495400169227122,0.04646846726844106,-0.1731365919112391,-0.04734700599414898,0.09008966127322438,-0.374493306948273,0.24311315761441757,0.47505380890671445,0.5830588586346579,0.07855533617027799,0.1682338857085081,-0.26108176944255745,0.05247162472240863,0.2751411061233703,-0.19076117951258387
108,-0.9838301563402637,-0.9604597820584725,-1.099406090389981,-1.0387977586892254,-0.9636876771705584,0.29725525560144406,0.3156258855618409,0.21621963428177027,0.4162642243705083,0.24122889813277715,0.20350852464920377,0.5289644173173541,0.5190013765722139,0.4977988273435533,0.5872725102420391,0.7750601270024623,0.6093028032355867,0.4400531585842546,0.32503295568311297,-0.7922928422942564,-0.6506609410983547,-0.7648958236165652,-0.4156020495343854,-0.6857096735436509,-0.632322423114212,-0.8628853514998075,-0.9605534360523696,-0.19341501163957298,0.04011766457697952,0.04410098354315195,0.12814040640378355,-0.2972462204950782,-0.2817684079962339,-0.13775177692323803,-1.1097823123526935,-0.9708820475508056,-1.0744469892337385,-0.21254057748304667,-0.15395992084334942,-0.6606897131127792,0.7025015065773615,0.4408593952591551,0.5467141316235054,0.6636128689418362,0.42189981398235465,0.47462991991797826,0.4948126291609722,0.4148477736747206,0.5763680254503545,0.2320152641657085,0.29918715000295415,0.06017521531192138,0.6974354598146434,0.389651108778183,0.6250723411626717,0.373392928478094,0.5785467592231315,0.49104150196428176,0.4235396636039074,-0.03376371409680223,0.08905460072840676,0.04932176097014718,0.3968693558444563,0.3108538693906624
109,-0.12684089821430272,-0.16624053121074378,-0.13742735270950568,0.28803885301107063,-0.038168095722958026,0.03479357310355875,0.07052141755285667,0.12508558405729203,-0.12712329775799885,0.21997479769764455,0.04043802752428631,-0.06563820945268702,-0.1893876655432452,0.3088801017197062,0.0604745813370592,0.7049178890246075,-0.0659916919365542,-0.38176789501602765,-0.14901312096476294,-0.00931253795862462,-0.045177501970188536,-0.22054631450330087,-0.08643294214090748,-0.048022915327600016,0.15749409456736407,-0.04395834613684986,0.5640019686148586,-0.04865276518691587,0.49658236142171763,0.13662823046910894,-0.2147671201408789,0.18509064506231893,-0.026545449462676077,0.19941764375604554,-0.016711636988726145,0.0318665223059693,0.10514828432059403,-0.1471602151801671,0.1125927364958231,0.22494052077319626,-0.042719610626287804,-0.15531548158611425,-0.3175038659076159,-0.14004389449541976,-0.22658810949074654,-0.06149953559237849,0.009559773187017243,-0.1277710781785612,-0.07700244191005486,-0.2864278477197595,-0.5710702565822615,0.05710351680866778,0.012088406592887582,-0.308940535518371,-0.11696097914917968,-0.11130905522281571,0.31685131989714405,-0.18553759070002163,0.2888168211225485,0.3784602680354939,0.23972295154792028,-0.3969072779236644,0.11745287461799692,-0.006459700495880294
