subject,Af3,Af4,Af7,Af8,Afz,C1,C2,C3,C4,C5,C6,Cp1,Cp2,Cp3,Cp4,Cp5,Cp6,Cpz,Cz,F1,F2,F3,F4,F5,F6,F7,F8,Fc1,Fc2,Fc3,Fc4,Fc5,Fc6,Fcz,Fp1,Fp2,Fpz,Ft7,Ft8,Fz,Iz,O1,O2,Oz,P1,P2,P3,P4,P5,P6,P7,P8,Po3,Po4,Po7,Po8,Poz,Pz,T10,T7,T8,T9,Tp7,Tp8
001,-0.218967751886299,-0.707933330045155,-0.1921283484410137,-0.6720109995029554,-0.46419762812388354,-0.25608051893487316,-0.6486327859679744,-0.19492600360307868,-0.5736483061488478,-0.12139350909215976,-0.6554431525726592,-0.39530382493579286,-0.5311303591769814,-0.34399578095812394,-0.707209474603524,-0.2358546073678749,-0.5362265785554285,-0.5710899542981194,-0.3552587610447373,-0.47247666952096273,-0.5731373763183107,-0.3345608204419245,-0.5023840222692344,-0.3213115315235746,-0.6186038275830978,-0.13848705672210196,-0.13614651795693558,-0.3011467030641311,-0.5570480250352146,-0.3123505681949357,-0.8104516402050255,-0.2525796919669766,-0.5931624410541172,-0.6632107301722345,-0.37920450329290595,-0.4422226744124324,-0.5644041379505175,-0.19351277773669928,-0.434741999666675,-0.5669052768071084,0.194317131508414,-0.1935053653987229,-0.2226301625799107,-0.32035203071936436,-0.31405281691413,-0.4785562600866977,-0.3497380965104836,-0.4352173666963324,-0.42773985216821764,-0.5733493506546296,-0.4953579505523394,-0.6694516528193546,-0.46345483909429963,-0.33899844125233786,-0.548340901353215,-0.2902599543698249,-0.2960074286923755,-0.383339307936253,-0.19872865933466285,-0.3913626775320945,-0.3900226881291188,-0.37012076979858255,-0.43588081658937083,-0.5155978573032837
002,0.2563355701849897,-0.021200918016976628,0.3249794126842339,-0.06743352218251242,-0.1419898684955639,0.3045944090469629,0.047109108245708506,-0.0754245018358908,0.18776323921480595,0.014945118262820939,0.01125388073238423,-0.1260434726933933,0.08916039518418134,0.27384796227744884,0.16566387792579254,-0.074144450005903,0.09543619526529423,0.33753567456223216,0.08782935713640361,0.3185415370794973,-0.09022103266034381,0.5732831469216093,0.011634340442805341,0.16233781283766577,-0.009558531948900384,0.37784474816971314,-0.24589895205423587,0.29535539472843775,0.004551254966064705,0.15493841015933005,0.27763498867593217,-0.0940371152581356,0.004206040633688235,0.14732409696919055,-0.17221627307455967,-0.2345311527364993,-0.37554902053307593,0.24618481437439038,0.6969496250833974,0.11154287215909875,-0.20162935233177864,-0.3469301250200807,-0.44066839640915867,-0.22761685452109348,-0.30667918222753765,0.38615776948372116,-0.10837015164303307,0.4130927133192079,0.1168281326291101,-0.06848589743447989,-0.4479919210341271,-0.34227627596448634,-0.17597382482441815,-0.07790362537011816,-0.44967989135710135,-0.4522478629958411,0.2029193598414968,-0.018244719081684707,0.12600141584535063,-0.24430553786010106,0.05673918289332314,0.15380822244478515,-0.2662673742362709,0.010360189900113781
003,0.14350947572130712,0.3673645887056605,0.3818878668281543,0.3638207511523289,0.25073080175702045,0.6013639456533485,0.5721601820820861,0.49327022752969785,0.5244688205893885,0.500494373091094,-0.07603866120250732,0.6552292987341,0.48654483861833975,0.6629885879621534,0.49568440775644035,0.4041025445221965,0.24218117882060936,0.7085583363087173,0.5335929523525416,0.33215574447926643,0.5733011995147614,0.42506155646586496,0.5977688184387124,0.49983214756957894,0.4526525279374149,0.5630355943422632,0.21766046619710566,0.3221443151195807,0.31191059403830435,0.31527727544861817,0.3092210923275732,0.3040867457584534,0.3074438262942375,0.4356666049320883,0.3584691254456013,0.19156225355070589,0.3649896367280766,0.47133577118876596,0.1456507179631232,0.4945932139576046,0.9025186495950606,0.9775921439628941,0.8237317295691572,0.9008847601879025,0.6660035429638309,0.6412328964098777,0.7090036190199853,0.6400693973686784,0.5996512075478899,0.5027511308339649,0.4388045155621088,0.4894440932412204,0.9559411052019884,0.7475133718121463,0.8015386251611846,0.6579186291533622,0.9566358124470167,0.7982224275471407,0.14428625099297443,0.5626254174465615,0.2986494093390506,0.7229838077173383,0.44641250546463357,0.6743759933089534
004,0.35110907865731666,0.2024342746423167,-0.07464779717805184,-0.3355819228957576,0.07995932007345548,-0.23502381997100436,0.33380419859235677,-0.03767209749336013,0.3104409061436154,0.291622576044913,0.05978840821848892,-0.10454213408824356,0.043683919906919125,0.03583839077559055,-0.2353460326833578,0.16010532827282942,0.2354930924791631,-0.044053097174842515,0.024864617383056634,0.1551258758086022,-0.1834998080074764,0.4973383362355926,-0.1621291342152144,0.19156485727054284,-0.34430611727903065,0.5245326300354759,-0.15094502712735072,-0.4138620201525769,0.051407071209023485,-0.23325988746923526,-0.09891799043011872,0.1229586462458919,-0.07238594617376758,0.0763468366166252,0.05718914684409303,-0.23567374172774191,0.22574676472410315,0.13411223003215708,1.6266959642993815,0.03314760622459555,-0.40555392886975655,-0.23129188355351724,-0.6653167994370223,-0.5878247181226354,-0.007376170507539942,0.040657554639267346,-0.17614144432053358,-0.13554795485987023,-0.2359382465951374,-0.3435318818842729,-0.2140496130157026,-0.49213343622307326,-0.2862107026296434,-0.39374711222820824,-0.2949492123736822,-0.3618534221081776,-0.5308782120292184,-0.4679708216646573,-0.037565154820833724,0.0912609891090014,-0.21505045331675515,0.5421998992245121,0.02577869218514199,-0.45414840680591306
005,0.16551176934736253,0.2768420476754243,0.24998262511394925,0.42167331398959373,-0.02136048172030583,0.351376979958646,0.07254494683577922,0.1219678735430824,-0.38482485438729697,0.1910028508403221,0.08604147236579993,0.430000202073559,-0.1709883783139976,0.2914940075450681,-0.03632771756391032,0.3910925307926907,0.09738225030506298,0.16912121234813715,0.4295143800630198,0.10644824326159033,0.2164033064489564,-0.09623956740463499,0.48204344034336566,0.6217208186622202,-0.018726689174330513,0.3487775953458296,0.29169234426413815,0.237042540469527,0.058149368123206896,0.23274831223153847,0.5084668415752893,0.09454113069173346,0.22272736913783509,0.2523165453431365,0.41381958000975816,0.560472878346612,0.2467210802917006,0.049902300403558864,0.10413284577790523,0.2027867911852986,0.0708928957500245,0.32105342760118255,0.2633106213190315,0.43187732700793735,0.1096075534313457,0.03457308051440794,0.4039865039873241,-0.0957474379128859,-0.4221025486853891,0.41644319622397236,0.1713767583276637,0.18199847862571789,0.11873947720790759,0.14406637808061584,0.49870138612086107,0.00674002846495661,0.12367518527759197,0.005099590462873116,0.054279594114278594,-0.14659311829857297,0.2077213068998947,0.0702621527930144,0.23225991320977157,-0.39452773012907777
006,-0.180682068270615,-0.18179313775064665,-0.1162906457997111,-0.21510876665235917,0.1989693666134545,-0.20339042692968895,-0.44256831234401334,-0.16411571875313014,-0.3411279873771069,-0.07219793332676189,0.11294725470181033,0.2583548367755145,-0.5371855974486773,0.272309961432721,-0.5367600593671621,0.4996971844100036,-0.3443399660462042,-0.25130161673749474,-0.2819524418145418,0.10316801343794058,-0.04767019724009783,0.17815127119316693,-0.05151591050990956,0.13533497154949217,-0.038299120426711714,0.1087524011671708,0.2809796922648735,0.004707839574434408,-0.25684009031405364,-0.026187422419640033,-0.21822886192366506,0.26087059992984196,-0.16144847544804708,-0.05227604192903745,-0.31473864866109463,-0.34682894595069824,-0.11509614539887933,0.08383208148528289,0.023254760174854824,0.18361209882977664,-0.6050510681441523,-0.06589489406747627,-0.17746705431363083,-0.084678103735495,-0.08189574405182237,-0.17992654576948855,-0.09766614846675509,-0.29577552405839214,0.3350549472131459,-0.3273647725137412,0.34552853501793945,0.009620610938158386,-0.09112652971905318,-0.3477154520765676,0.02210512572142019,-0.3697939971361914,-0.23210665428740648,-0.12953728381772409,-0.03492193901309379,0.09473746288598085,0.0038607174568886793,0.2275050729932024,0.3055801078344631,0.01504891391254183
007,0.13049403235817894,0.3324109109075167,0.4627257748448573,0.34797725172364524,-0.2031505039356725,0.3792230629297595,0.38600005956063443,0.5840771206769501,0.34156976936782496,0.3903566994691454,0.5393460519458986,0.4916003080691405,0.4240839721078172,0.3765262463988477,0.4433886333377735,0.5109201050944612,0.2914282157525287,0.41425495218982944,0.40404765904271045,0.06486059046139142,0.06989488454856141,0.024377858966493193,0.029841724867497532,0.44675768848125663,0.11182627565797792,0.6856542613762212,0.29623435478503457,0.024643542482404496,0.24405670463445447,0.2400193327418268,0.2556127833797696,0.4294638490169533,0.198359775765847,0.27077052664317974,0.38728419994276375,0.24285863932204999,0.26674870242276155,0.6678643047089479,0.5856393898909611,0.058718705480804184,0.30375211597568386,0.1562650793313839,1.1438014645258705,0.764709839147414,0.5736647322369027,0.526483712982099,0.20006009454864648,0.32139131670329335,0.22843727819072465,0.7717889975446856,-0.20420191966564358,0.7386201779973862,0.3074411942914246,0.8051555477268589,-0.15489204753215224,0.7715194687395217,0.4929743343025066,0.5033214875224424,0.24103795556225388,0.3405805148998141,0.37388843654925774,0.5359136611329092,0.22806390466798138,0.670557484580759
008,-0.38029008454625984,-0.5195176022129352,-0.25251669497923446,-0.5661164466248583,-0.5718732794692197,-0.035756602081190025,-0.2623707682547809,0.02890401362317646,-0.4673036635602538,-0.2940330990612292,-0.23917805029798153,-0.17682578906649582,-0.13562734917736685,-0.3026045402652254,-0.13754464441035255,-0.3595362539624284,-0.6669159332199099,0.15871568537423272,0.04531218920090552,-0.38030147220485744,-0.5154814181681281,-0.43483241993537314,-0.5121722559962099,-0.36566839687907793,-0.509538847235618,0.07859035711880961,-0.7553072404698055,-0.2443508102488817,-0.4645508102056646,-0.2522853694407036,-0.4690138455761953,-0.3501926011144094,-0.5823295780036393,-0.4538474503567925,-0.4255526456173906,-0.6074064391721767,-0.5831058655703407,0.12948959429495802,-0.8083018958350027,-0.4095014117299557,-0.2807597704938731,-0.24940447760145784,-0.02996673330020605,-0.11691964787172672,-0.11598153264129382,-0.15587194391361348,-0.25874511363414365,-0.14759087791393266,-0.43866365398222423,-0.27405585569588625,-0.6421973817096635,-0.6150687655745737,-0.25270228295982183,0.009266251943008369,-0.29325728797714556,-0.3372645905887778,0.13216916516445076,-0.12933557149520997,-0.7460724368159193,-0.35071094538868836,-0.45701989486678163,-0.11374696148380146,-0.45890822205487075,-0.2300556697914555
009,-0.4275233537383156,-0.5428115063990904,-0.7880329392416529,-0.44379652855005974,-0.6978225179406933,-0.28980483321884876,-0.42618072361027975,-0.42327687772106093,-0.5434906210186808,-0.4931535577501521,-0.8158830594498331,-0.3320364675461128,-0.3497081907058762,-0.23869574927915843,-0.6462800691554156,-0.6559493693055698,-0.859923270800343,0.05435002760653186,-0.2727321918462019,-0.5622702910200224,-0.5726505111328895,-0.6157251072436414,-0.4761762792602465,0.35960206186068117,-0.7937049868258952,-0.2478301273444632,-0.18609090544351176,-0.2033528234628675,-0.3769226837737113,-0.256692849325612,-0.6881425878761147,-0.2777264400463194,-0.8303828282773722,-0.587262368569548,-0.4823342269360966,-0.40643059859519215,-0.20568293958916842,-0.4596498485259699,-0.592966749103027,-0.6354813077179601,-0.13335942251304522,-0.4681332076611679,-0.1905083468042883,-0.24360136600534094,-0.2969970793203417,-0.22361782355276444,-0.184806881375986,-0.3015200264966968,-0.23867925800820916,-0.614272996004934,-0.24928284616816931,-0.2023711612988769,-0.33259141130761694,-0.24282650722524105,-0.2999499379546161,-0.06911292603465252,-0.05217088824782268,-0.3136402230900124,-0.45080936213239114,-0.8006287999058683,-0.7715181915868826,-0.10883425848370512,-0.2590738654323912,-0.5312704290577608
010,0.20188658698731649,0.1083088655664737,0.21665318523850458,0.09710559465127695,0.07206842372448702,-0.06274943957058843,-0.2290170853274626,-0.12014714679096779,0.037491509593915895,0.28966263880329246,0.35017609198588356,0.01485807676825443,-0.10802259016604993,0.43797310535136136,0.30826226817814617,0.04372248910772515,0.18130074774219396,-0.15540582845281917,-0.27913530995856717,0.11801319766135387,-0.21028612469484595,-0.2512325251814345,-0.1623563766498961,-0.3156359469856324,0.15612591774269102,0.1912835127310229,0.2428144784469417,-0.17486011653433453,-0.28566238891776496,-0.029393270284013173,-0.16926390719182383,0.45343924942356406,0.08802281168016979,-0.2608954915369654,-0.09327952213778479,-0.056849665000503535,-0.10015394077345816,0.08649418774224604,0.10672951281090183,-0.5073331149028153,-0.02298633575700809,0.5069852684720438,0.8183885600113843,0.896621560719006,-0.08543390745453514,0.12806447696177972,0.09147861980289389,0.37801537488691145,0.11513511289982174,0.4601467017328956,0.5975027695144122,0.26873219972706386,0.11505762890496282,0.7322628934978541,0.4185771193913065,0.7466568910219583,0.6811961288034344,0.21193657443006436,-0.9468339056714139,0.005203656636786624,-0.03214051018442041,-0.00451425317232565,0.4087156824472902,0.04945738276365387
011,-0.0901541992761006,-0.00015951689986931639,-0.2100511826739189,0.04856771205701513,-0.2843532723980087,0.1875787080794377,0.27775127279535083,0.25253600478075083,0.4474880329475265,0.3097690662050846,0.3489509271241366,0.4372174222737484,0.48824101709121737,0.275896827371679,0.7901305058376915,-0.02100140513695689,0.5167100359468669,0.16104252810838168,0.11399964287389858,-0.042021344918451664,-0.26039517271094836,-0.08123366405203877,0.15363246182007484,-0.1577519069183964,0.4283567394145693,-0.06657548842913558,0.17182112540965055,0.1121756622530628,0.020433193595942395,0.11698051158620892,0.23739845143372096,-0.12303652132982529,0.3409801180287283,-0.0457216467141639,-0.1696374490565945,-0.03299438548677325,0.030117662102751366,-0.023159267513054388,0.31098867385109447,-0.06104741913180578,-0.022644841602170937,0.7576229934853523,0.5886246524922647,0.3761780975695831,0.5701790360696564,0.3313814391153089,0.31961051344262587,0.6426928962021271,0.34206815468130247,0.8155275550206605,-0.03976229990811925,0.8428017814995135,0.33531447179356416,0.7464784748958311,0.5094558824799862,0.7359210240445488,0.6775326011818009,0.7659373087805198,-0.4099204770939262,0.16536969445766478,0.07576373924739271,0.07324947764328607,0.1037105612893579,0.3854416534451509
012,0.10592823682055379,-0.24505154171351795,0.0757556085622499,-0.44716773991028536,-0.07757980502341405,0.6908376889800951,0.7726692096189445,0.5977815353468691,0.06553318456669244,0.35371123711379615,-0.07105394702011766,0.7160130686432198,0.2739000519446904,0.6816873296454998,0.22734397244358756,0.40295636287924036,0.21806331169506157,0.8415650805997317,0.744508236362602,0.2325469489295927,-0.3140534993176718,0.22608656253379056,-0.3149729692829097,0.09670374279170346,-0.3251759478840437,0.10329150964854125,-0.3944938490563076,0.48655311239599774,0.3202205686593189,0.4726518967838171,0.030303881895145005,0.13360628353157977,-0.3373050013154563,0.4572844646966632,-0.07818361915520666,-0.19739913440564916,-0.15243624775441594,0.14667020887732607,-0.3868439890803004,0.1247399098421203,-0.13088792837891788,-0.006104217263984912,0.2540686644993739,0.11128428947711602,0.16946523023160534,0.3205885872634866,0.1417591003245776,0.3249191408915747,0.26474781472649916,0.018779313299758044,0.24575056193856037,-0.22361965273140488,0.18611340872667415,0.005308330668288452,0.11222920851910394,0.11906264224894361,0.10308396089245944,0.08804288602889018,0.15742321065567105,0.1165712977342225,0.021275719014598474,0.2868730487447004,0.1401627385064606,0.12882313612083732
013,0.28567648508752713,0.4780187575182391,0.3056246827602485,0.5331355390092234,0.12409581923448856,-0.04504324394839798,0.15504604576668923,-0.03590191867778217,0.11437163438056074,-0.14563817686365182,0.15941658662133235,-0.13959758599227498,0.03349316923816295,-0.06675545507923564,0.11995687625835227,-0.14980111563207996,0.06943091564542983,0.05944646116433345,0.13488428813231965,-0.014085986395371744,-0.34083952766096914,0.06933678171175445,-0.3287752229608246,0.06610969301540585,0.2711458699256914,0.21993449326182418,0.27400527618989834,0.199439573845277,0.0946523071126535,0.24038890335911897,0.015552181358750014,0.260142081279866,-0.10865680920927519,0.1490784222502058,0.16072860996977947,0.3062084131638396,0.2820212994793514,-0.033290009016263625,-0.17272127462589434,-0.10248577763269084,0.12462885626650168,-0.0194492873143981,0.13123744226122197,-0.06263689350481152,-0.2832532386087687,-0.16463986327135477,-0.3930961272588115,0.12485824494234792,-0.11042778421789662,0.02958790730885069,0.14256772125890768,0.3201299533011013,-0.060481671396670274,-0.10586544644384963,0.04774763129127246,0.00920483829156385,-0.07383994082906704,-0.274350484759462,-0.11998957115932035,-0.29333045122304374,-0.024627260532535084,0.16854937006912668,-0.1561622951599032,0.004923951607041052
014,0.31086636891950253,0.41155502175646513,-0.016645718179771757,0.3536772333877042,0.4793952338374784,0.6159396708191534,0.4643380883729613,0.38072876056152677,0.6897310677763989,0.12767760620131988,0.4239839767392068,0.27122563950325995,0.03855315631994985,0.25188575952622383,-0.03818453304991111,0.28604341278991846,-0.22125505227799241,-0.07298539290312948,0.16880190935321587,0.659110522292319,0.6185254702687012,0.43949936808936263,0.3190733169746559,-0.006682437133574914,0.2384664599532637,-0.1285923101056647,0.23248524879426974,0.5029212052570445,0.2457911011771915,0.09846502578837335,0.6322561727670706,0.08337542185627779,0.5920573989998693,0.5869817346667777,0.19294558681208124,0.518971241925609,0.25978468669463833,-0.17116076090593668,0.20970800376247725,0.522144524909561,0.23037584456195093,0.15707133528401543,0.2891822798518119,-0.14358877911282464,0.3830270099083779,0.31880409523087316,0.9796885007411565,-0.09611559526333864,0.32331735709644016,-0.09403127476403682,0.49079278809116444,-0.06929421799592536,0.4002648526785838,-0.26200559590015116,0.7612932985119976,0.12049760924738094,0.11486959117905403,0.30352003713971776,0.3370425420276695,0.021607908056479413,0.44309864513415886,-0.00797213076175149,-0.07419862511934622,-0.0895551955110349
015,-0.09432483162037161,0.023775132481897526,-0.062411346070484236,0.14065467501645368,-0.27930963729287467,-0.4845551859840635,-0.8531262029349814,-0.33580185370963855,-0.5138135968612604,-0.10166761999636903,-0.3139442472927503,-0.5026768721225148,-0.8928521627365753,-0.19044740650863937,-0.31394581528399756,0.21454876310587154,-0.04004122505240637,-0.4691172453641568,-0.8525844154118609,-0.1369098656955688,-0.36067739544025146,-0.5015899644472193,-0.22047917410800902,-0.05938614833351158,-0.36872396836966526,0.041720943134073166,0.17833026281759035,-0.5005685673077042,-0.631858929558754,-0.6124537660463727,-0.44564257359706627,-0.2892726737838203,-0.22949855290698667,-0.6759769908875383,0.11635546859835463,0.07891754337263363,0.11468200666972864,0.21912989927916682,-0.11453835312241055,-0.4150588701433781,0.0275590482697739,0.1914699767167013,-0.22925184264413132,0.21047045298716946,-0.26411123275650206,-0.10017727851571215,0.056470673098892185,-0.4596306544399651,0.07662414512995303,-0.3227825712733928,-0.08904277582567846,0.08476447367446026,0.04867559440392073,-0.08418679443642195,0.02004814403087457,-0.229586129864112,-0.6049172683188361,-0.4574111112179174,0.41869969579417826,0.2602480932983487,-0.013770001786947761,0.14096853927491085,-0.18044467909177758,0.18267494236303858
016,0.3467703856859354,0.48711260076928575,0.5392892506207274,0.12614128762109827,0.6668858211608337,0.47613424715326447,0.4854834442910392,0.36781055890848274,0.2054315852154232,0.18979791033697851,0.43050872808724544,0.5386246200956624,0.2935959513556378,0.4050887827946543,0.285725024656414,0.22239031186704583,0.28776792577822286,0.35119846525977183,0.48187243808742514,0.5444015468865376,0.479015543900785,0.21653305311154963,0.5132121052464301,0.25563040590540764,0.48467926240043235,-0.389315676561228,0.3709139037055161,0.5153470611142847,0.4176313379890794,0.5085657777643487,0.6179862837195582,0.19958517825215566,0.47482910282619506,0.5397957810096958,0.48361972935528497,0.5174158434787389,0.47707916474821443,0.03342383769386284,-0.009933148998438779,0.6088985981114131,-0.2676809317248748,0.27644489591206867,0.19038869960626675,0.1592932082381193,0.48649489587230077,0.4149815872032404,0.3795519933353433,0.5191694565997286,0.4455297764283295,0.22238781383234624,0.003801839714819455,0.28499126796670876,0.4047319073645014,0.4886571411983175,0.08997211543487715,0.10847911130316229,0.38825656377734374,0.3898400071956365,-0.18268183279653297,0.10767321767320831,0.6137394869313282,-0.7496374061400888,-0.00556717547335675,0.25954477297346223
017,-0.5020491284369113,-0.455293367006362,-0.4168199728558019,-0.20029104986421187,-0.593181317976963,-0.26815625062130694,-0.17069120000518595,0.02867193818120642,0.040344246241983406,-0.41057204728295993,0.1553088748688791,-0.15093482456854676,0.15377763959577437,-0.26707594803420637,0.3045036218207599,-0.010088378902472689,0.275081634852959,-0.12976427525151316,-0.4225588826861901,-0.8291094652424854,-0.7149156832804953,-0.7906603112931438,-0.7291434885103196,-0.4703708626105777,-0.5221222885456963,-0.34901170317415153,-0.5502060151481135,-0.3024099961034913,-0.46453173775845974,-0.04729634839216448,-0.3943773160714409,0.03899045161951792,-0.2748343642706357,-0.40445765049846194,-0.2939212002985918,-0.23775876414729316,-0.1194430784652549,-0.06778960923402827,-0.3741614749128801,-0.855341089990184,0.07347522120762448,0.23271778988551436,-0.2453574082259891,0.24511959932093333,-0.08096545765389446,0.3041629539883389,0.03657067716404888,0.2838246996479969,0.2613211719221038,-0.07828085644600594,0.28377680925421783,-0.0007393982554394496,0.0062110063003412985,-0.37282424065644426,-0.02978389115229267,-0.024198761512877698,0.12066943560822019,-0.034154331290681406,0.4341675909736175,0.1610506326527328,-0.017559992883096398,0.2824152675712577,0.47914540435297676,0.46302837724959134
018,-0.0927049393435784,-0.04630916111284379,-0.09381420134579853,0.06641054598564164,0.08865306215087633,0.394268245800501,0.18765978043502496,0.3578701368143571,-0.008625263041476192,0.34983772926521783,0.3133557144149248,0.3622898575894294,0.2768082996697844,0.2811420000333972,0.2627994032256106,0.3069316627215608,0.07949153970331332,0.3020779357979064,0.18358432499089877,0.16118033338540683,-0.021494493838501397,0.27446293067424266,-0.09990652406663701,-0.14952783060432848,-0.3760387721808749,-0.25350708731961974,-0.4307922964376662,0.2745974900718977,0.136784380171228,0.23340487473130353,0.14560091854726037,0.3244824020920213,-0.2213394552888483,0.17119964776911267,0.07371639517249712,0.32174139351814546,0.26561909580399945,0.18451524041626743,-0.6090054670788608,0.186257067997814,0.5123302919465755,0.6326970629096358,0.47179009208170186,0.6331099701798086,0.4440631911637886,0.49556696949134815,0.43170496722234086,0.20498893933060142,0.34569543773108047,0.2738321414130756,0.5895697334448028,0.4023439907251575,0.5859979000205109,0.2758832911536434,0.7739397976769828,0.358595405692073,0.3660071989960911,0.41786121639655777,-0.40544269573249114,0.050331297077272394,-0.5609853158337333,-0.08777807730657816,-0.02206481892974521,0.08868398246005856
019,0.5413107972106612,0.08794177449754381,0.38961710084781676,-0.012110596258806089,0.3162387388412671,0.2972540467411494,0.045068120777863485,0.15786591698096186,0.23674585995468223,0.19945869538139166,0.0583023536342632,0.27374971364052014,0.20108649790910305,0.08676990652752861,0.1960750587625303,0.03437793890475166,0.3330829897352827,0.4362739515310468,0.2312828531234804,0.2242475348187557,0.10615611847870629,0.5313760448272561,-0.02351688291369672,0.5148949569655626,0.2094270065622029,0.14757236306082536,-0.013730461583099762,0.4868102121504029,0.04579466748860524,0.4233704098480265,0.18693470615003482,0.538034913907905,0.3818200770460437,0.08221130594127066,0.5598245604969393,0.02734742672022794,0.09358071142981103,0.4973440681437883,0.05011960250842337,0.17954212061980512,-0.018999150288261074,-0.012248315982001476,-0.17141402646803833,0.07012068808500539,0.08422524778764053,0.14920239052109668,-0.16879832164611047,0.332254137026435,0.288491511124466,-0.02518373870419699,-0.052072986931041676,0.007727003577619129,0.03718343035281527,-0.3459285756845293,-0.15585851600896114,-0.24630651498132675,-0.09498426632290852,-0.2138427531300531,0.3469374070242801,0.21156990118271113,0.2413094538109834,0.26371037992289925,0.3845184740862295,-0.15956102207861708
020,0.2813695855685129,-0.39280547657001336,-0.11599771968948505,0.267337334668316,-0.05372728839618965,-0.3582072652720144,0.3827515512446968,-0.5884943262573581,0.21340538756829308,0.05358327439289999,-0.14310171164635793,-0.2588062769653134,0.19896171508333807,0.05174409907520161,0.10092726275153693,0.07798370424828827,0.04117469965603483,-0.6222683375313549,-0.38983427789812797,-0.44296271328812825,0.07087112288739514,-0.26822653222608295,0.05928886932114341,0.03806120019869931,-0.15421783473694456,-0.046150364235476415,-0.040780076246315605,-0.2779125281523226,-0.4724231846801114,-0.38675374758903813,-0.13576882061534787,-0.6751051214481693,-0.46641014757350063,-0.4045331075143116,0.34860832013410503,0.07634776672784194,-0.5743486175553225,0.4807139632275945,-0.4845643229872415,-0.45522905680321063,0.24809874758812422,0.4480953135704905,0.5632435061518597,0.5478808844342491,-0.28897128431038105,0.19586173981816785,-0.38395024288123136,0.4131074196308041,0.0897708712494116,-0.38663507650545725,-0.17887295270395828,0.07014808119048369,-0.3238961768692656,0.4276135910197742,0.2551759705528699,0.3425263742097288,0.16997506063233053,-0.24388764893520573,-0.1841612192671716,0.002134778256382086,-0.2073190496368305,0.6033129619570559,0.3211782459798107,-0.24771107210457038
021,0.4497779320071421,0.7375438497804512,0.5599398595274849,0.8907453081642189,0.6913133291656431,0.31449787137163554,0.4133818385967146,0.31586978199445537,0.569960170435894,1.4603630094236717,0.5901587312188852,0.22515986645385969,0.30596174058550313,0.16562799487075372,0.4131330184210924,0.43551943477817856,0.5634167912555406,0.4176657507092284,0.36629514436091626,1.1445354533003398,0.6342970597889609,0.582166840553214,0.7771788692715089,0.6024305998400441,0.7502652802349936,0.5912913251451524,0.9067865776751407,0.437693090578399,0.3946514454408283,0.37078854634429,0.6366511577428929,0.5414592850099696,0.7852584666923272,0.4881017774652084,0.6351279570816182,0.7545986521419752,0.6349019847457495,0.5131649372337267,0.8724954692610393,0.5969174170642316,0.04489905663935646,0.11802127893449213,0.24417275315946102,0.25013232898674304,0.34334278561635423,0.4146793212780082,0.359208495513431,0.40695262932934895,0.33938077329241645,0.5219289353492369,0.48810475611763166,0.5221182433412621,0.2605697564732164,0.5634976002322688,0.3065266656220495,0.5134042116614016,0.16993292699882662,0.23540814606970825,1.0787265060917304,0.5245788437247902,1.1032047211185854,0.3815984463941774,0.5880671767562913,0.6782169940600611
022,-0.0892183244258514,-0.130014579657203,-0.1005341879318691,0.03790787719996547,-0.09129198088832233,0.08846231069865992,0.09619062165147114,0.16769247713965676,0.43133867468017417,0.22974920143756827,-0.21549908160415984,-0.07795430646024887,0.5779005199713401,0.1375210873174294,0.19795935896561595,0.07070695285047884,0.07458942079824463,0.22666327521237317,0.20343659103596373,-0.13642666449545834,-0.08850143436341695,-0.1321138832134403,-0.11299650117532564,-0.148816383102091,-0.13156716236219748,-0.11851129561081923,-0.26028822732406226,0.1753461578072611,-0.07315787231492116,0.09868810486033683,0.22386019419784423,0.44956561117480687,0.32591976804219625,-0.03126020717733233,0.022402498170802393,0.08588516994280646,0.018931004533613266,-0.36129711411315035,0.4247394433532754,-0.12118407458620045,0.2701627673353168,0.2824998744584299,0.05663997287256786,-0.1995201263605387,0.045137994860056985,0.29309349765035264,0.10565401168010738,0.9098041204364242,0.4416606173661878,0.35632548336996106,0.21720353594559838,-0.18728601804924727,0.4683211154625079,0.14378895162835337,0.3370124874922733,-0.12215807149574792,-0.21035114057914087,0.4744901514931552,-0.40672883415731986,-0.286105840963246,0.1837594229487048,-0.2811858286775043,-0.21249196299275902,0.24648790674048263
023,0.4226378206404327,-0.07738842604763832,0.47733745600860567,0.19957137066388952,-0.04192325608544377,-0.07198124155895677,-0.11722606909673645,-0.06555043650663413,0.15618285381577135,0.05245015829069863,-0.35455623542763315,-0.24496391232991405,0.006670332938943924,0.029247234308971082,-0.1543133262905742,0.21522290626681115,0.03442189124849329,-0.15664505141726037,-0.04529114821033357,0.07340927498657983,-0.22149607157211323,0.06799795844813157,-0.20543791550138796,0.42517908798230075,-0.2424436195077801,0.33544370679278285,-0.25428923579066587,0.19451394113063325,-0.007158805238591262,0.25139316893964647,0.18728116047070187,0.3131292242897249,-0.2650025768195115,0.07074100195090588,0.10011754082167416,-0.1128257860319264,-0.08567428915846864,0.1265715982600762,-0.01830760219100569,-0.036651971949591036,-0.1834317915806866,0.2605081147603348,-0.3063590382253601,0.034568467200086855,-0.11294627678153016,-0.07991648296935593,-0.04208546119717879,0.003737191291114564,0.07840305855842158,-0.0954943895853407,0.17081157594182161,-0.23130428347888943,-0.02864365215214823,-0.3793482973913086,0.17887999437409857,-0.2633897738167643,0.04347027462708726,0.04104085022210735,-0.18488493963838973,-0.11002146732167545,0.09998821243081603,-0.4730046447447711,0.011145354080032421,0.09884510363528945
024,-0.15778048319398946,-0.649210145374429,-0.8945329350024804,-0.6338009268083343,-1.192153090243836,0.18964122003421577,0.014337491645816935,0.3013816717482375,-0.22501139777119555,-0.023438491285646554,0.09371699333279483,-0.05175966002472218,0.046968849896050935,0.40488429220960576,0.1215671678785004,-0.4829907181988179,0.005732518204895204,0.010450186674754447,-0.045497233295709566,-0.08415398588715238,0.3152208304670081,0.02712081648446374,0.38983681287076904,-0.5366788533192154,-0.17866602494849396,-0.41511874367357854,-0.17236787463440473,0.2506107950195674,-0.17157727252161634,0.7844769676278122,0.5456811683693992,0.6841317249144199,-0.06617645419557766,0.20649115279069685,-0.9819379120695124,-0.7632760104569221,-1.1354946945893274,-0.27543139547728596,0.01113984855424402,0.1287200084079076,-0.04504876595453072,0.06514197898914506,0.5679978223540277,0.6038092818769558,0.5438622114692203,-0.17701723988555468,-0.25621193425231287,-0.11141588233346514,-0.16988510716065391,-0.0719467435898532,-0.28225933149508625,0.0410538872168677,0.17718313842835387,0.30788262942266803,0.5716720577127601,-0.30845363047824575,0.07284405217837875,-0.14442338884923445,-0.001235840793523485,-0.27606670433414404,0.6879787322557391,-0.36825621781923024,-0.18879939963017905,0.20199590060045844
025,1.5588913917151002,1.5959036463932972,1.2933120902803692,1.3090745095047192,1.684000495075249,1.409972718227974,1.6572075059042002,1.1407586448895386,1.0653527893261499,0.926092412122975,0.38141733603612427,1.1363283950225782,1.2726581726696937,0.9276136602363378,0.8554297108344379,0.6627755448110207,1.0880260343300678,1.527575717215124,1.6432494205722554,1.6384255178138205,1.696677628489226,1.552902152503622,1.6510036054817434,1.4436532292359554,1.151800926109382,0.38193009133875444,1.4000778370116125,1.5375227096523334,1.6260463744349873,1.5345476814859895,1.5373332786426572,1.0541874201544774,1.355074698312865,1.5950385748121565,1.4992940534423296,1.727940488828259,1.7568711232005871,0.5841406573867107,1.3348435446263853,1.6740100347176017,0.6312758829062203,0.9639943110781148,0.9210367104013314,0.8834376058018358,1.0963261849420882,1.012066330249631,1.0046242358633044,0.8819208990298557,0.9904090941382123,0.921993919825237,0.8816279890292446,0.6921133856091323,0.8818815969027597,0.8157230315060686,0.8763715397493255,1.018126568389183,1.1636848836942162,1.3007207746485312,0.6549578452248698,0.38572457020816475,0.5877179101930743,0.8286574106348686,0.5816111006270283,0.7984465930687344
026,0.22905190217309077,0.3869817930186724,0.10918362961025335,0.48978255619645955,0.29321220698232164,0.3968105056650122,0.39440297409458186,-0.08619622036328944,0.15742962981380715,0.23966877116535693,0.017850402802662202,0.1127436699496224,0.1485699189494731,0.10515402032157484,-0.04165712869614566,-0.11460811175102195,0.5227595858335579,0.19180663258070904,0.3819694519694647,0.6194892581718018,0.6767528855962763,0.25930127951653587,0.9031249026479243,0.22927229265986254,-0.04054930332489559,0.136444616377982,-0.43025846840815796,0.45241364924434313,0.5661152659141182,0.404895213202375,0.277166360654206,0.17735576709643536,0.2277590643654308,0.5815468038767432,0.19872837423153866,0.39560032844633086,0.2461692300006526,0.06029353179388089,0.07604526134408945,0.7202879680591701,-0.027894043666695886,-0.2513143238564698,0.03285077274449019,-0.10387922393209811,0.031577066226193454,0.09669840824792245,-0.1320312705157712,0.15127570796842907,-0.03603053328454259,0.02118317491268032,0.11132347294023572,0.3949316658605225,-0.19518700990623097,-0.10009588278993647,-0.3776418450231298,0.5757526163661548,0.016187323228963185,0.18204632724463565,-0.04192910357107793,0.3717659588858495,0.08645441578775856,0.3389309377879375,0.3501649726117324,0.20116803753482596
027,0.6711179999035882,1.0610230584682063,0.5118273322519694,0.8357560356673661,0.7779895875569648,0.747783755016342,0.9226992811671807,0.8564431686999507,0.547005684744062,0.46467848566361236,0.643428093348515,0.65859546524652,0.9861671682204749,0.7921013735691731,0.8070978923970219,0.4121103428453441,0.4673039087981178,1.1054936373306599,0.6943278111634489,0.6520545314193773,0.7710894625189887,0.8464539180757165,0.766407336479625,0.8139638333690495,0.49607430060500124,0.7131014852796038,0.7118272558902936,0.7880626191057585,0.8110048598347726,0.47931250641848666,0.705461057378281,0.7123910524722195,0.6224905713541639,0.993639195050904,0.6014352774575781,0.8285864614018805,0.7875140355017602,0.43067026197444414,0.48605163251336425,1.1618109603303086,0.16342431151863085,0.8326805370922225,0.3755798815088096,0.6930183551901685,0.7738919718649574,0.6951695051144455,0.6377482550392364,0.39472505105642397,0.46824274240681274,0.502847892677545,0.17483170073913795,0.034523792603846554,0.38795694263002145,0.5786388513695262,0.1950053610130645,0.4407144358614161,0.8973403454117836,0.9875218716636593,0.5718284780832004,0.3467658923420018,0.7002173633425056,0.41173228613531926,0.1739685138202285,0.36801399311987837
028,1.0989348799856942,1.0268391315505334,1.4220469241897502,0.6489315035661383,1.1248880959293306,1.1348083669703246,1.3161624663934963,1.0202185729538356,1.029402484159115,0.8853730918898943,0.6897601978029492,1.284392365400165,1.284181133580824,1.0762582885209382,1.069892417731703,1.0925297727609113,0.8635616794434708,1.3009728652617372,1.0660399293759777,1.02078980007167,1.109343129072348,1.2205718565106847,1.188801342995678,1.2771695892278387,0.9604126873902697,0.8673706955841558,1.073242232417401,1.0583615861859763,1.1862311154592937,1.2306420115181493,1.0383816201638714,1.2867813485616775,0.9512946461432364,1.2411001488012992,0.8312209952525552,0.8308460734533518,0.9799432477928076,1.2976531598483252,0.5865203992896966,1.1265328777397696,0.942061413451585,1.2102619291088164,0.9394298027184634,1.0691477491815584,1.3826803301596664,1.5710682246011278,1.1383296569971406,1.2610259421763306,1.0423463163612723,1.137230961113426,1.5022430044513855,1.228212893239726,1.2893354980886036,1.276872198855528,1.26172344335586,0.9838265802741514,1.250481841702538,1.3581059676220917,1.459698073812925,1.136487882323442,1.0521375603217944,1.6023980782076275,1.4449330199770183,1.0938050388310248
029,-0.05031598416730071,0.4591910908981772,0.030971825569092032,0.6399845268715012,-0.18385528968140352,0.08400244634305826,-0.0676544440479225,0.1308768893067781,-0.016755213206051528,-0.3234011212242205,-0.2763058412462872,-0.314089665455458,-0.26889410586896867,-0.37929346156046506,-0.20937814777812755,-0.4616835608457974,-0.385075500452389,-0.2455993406719959,-0.19899256140448657,-0.10790116160258673,0.09998361294216959,-0.09033966823068615,0.07531388804731962,-0.016576656393774675,0.46497336214322005,-0.14579380747614062,0.5103723940181002,0.05663562646184614,0.3011620754495766,0.03698018348173704,0.32977588387294904,-0.00343103139755678,-0.09043829267790565,0.14249950821558593,-0.276629317471873,0.3689699555950151,0.039953980383559684,0.0637229881335565,-0.06103631627293771,-0.015494982710036034,0.11874661756395372,0.11972519173731905,-0.005343686312357987,0.02380460003812626,-0.2585083925584342,-0.5703631739961796,-0.2623887463462506,-0.32045172814148537,-0.07119069156921093,-0.23193010917776777,0.12500754732999064,0.011109470389221499,-0.019156768814668573,-0.3075411636953127,-0.23909824069843796,-0.004153247989362507,-0.5900348799725212,-0.7061196540086687,0.38992405032708655,-0.05788970019797153,0.4129524492305203,0.37935860883572003,0.12640710350510237,0.09090512734531245
030,0.5256215606179775,0.39687651666131174,0.7918893539761401,0.44178489014336275,0.655951426090088,0.16266888087233752,0.08019756515333057,0.3641859121413853,0.3315374824917323,0.5935966672648587,0.2226512469498264,0.20554029317254793,0.07891837630427655,0.24193622841611356,-0.20950595449040021,0.367222620844223,0.05866599724111177,0.01192886575371449,0.06961843786500418,0.4682959345282026,0.4950726583462216,0.7819928154815208,0.488457323411266,0.7860631071986076,0.4233954354400673,0.8078871348910318,0.09584756466177903,0.34731476103338055,0.331130357029458,0.4672329542442312,0.3649761087199799,0.7468294634622511,0.22511238707613856,0.4471645064268587,0.5747572284288458,0.7361151239970576,0.9221372964367982,0.7921979058659622,0.3845942969552497,0.456971260812692,-0.13359698665059494,0.10505236779020102,0.11906186613824121,0.12847148949006515,-0.10884340066352152,-0.21610115539212657,0.3923719968556313,-0.21215739157415012,0.5335215223430141,0.13900686992861255,0.48874003234864277,0.34065882167695927,0.2648710496070068,0.09606200257608899,0.08938773020787304,0.01922406159879439,-0.04568447666851949,-0.07941605718368078,-0.06370161958583925,0.492479860593521,0.2562194379375611,0.38778670814772925,0.5153672037581123,0.2493925058003559
031,0.22518552538071396,0.1967933302761938,0.30917677193323795,0.20942883202112128,0.3959087679871642,-0.2740132852814511,-0.061381477159803854,-0.6827673640483695,0.03897868143889624,-0.44162492529427433,-0.10122853544522004,-0.27788946648597745,0.11923442060702241,-0.38073472056604946,0.26860336812581886,-0.282835275136762,0.35757455151838186,-0.08212415866148173,-0.12961778386670456,0.03191906351388539,0.034656047994947176,-0.1108958247733572,-0.09192722908059786,-0.037591114554208965,-0.30103264721376144,0.08572913896324019,-0.3070776740492916,0.010463809572355792,-0.02480854644252717,-0.10643479430550311,-0.2501188324112618,-0.1752373337382198,-0.5250708899991305,0.0975502207589855,0.417662813481091,0.6401071375723729,0.5021020417200284,0.17794793697213998,-0.4817811566060284,0.07100349897081666,0.4586369186517457,0.746419560353015,0.07360006729239903,0.21359629138345815,0.10344602415498964,0.31964538632855044,0.03499828651632833,0.3650881442518968,0.4137579001288596,0.35428489137269814,1.1845595034115157,0.7417777142930853,0.44442763918324507,0.20946811744391491,1.156182852826007,0.3341860383096307,0.14734728125370633,0.162143843559484,0.277186042882851,-0.05660456655529858,-0.07491434862370813,0.2860502713022987,0.2726094348752421,0.7300251946527128
032,-0.07432092131885182,-0.017135734994426666,0.031942822481055,0.27779429710343484,0.13997989220832696,0.3696952452138446,0.29644701032320453,0.4384915734501895,0.21411561028572515,0.3266988740423722,0.2364119129872378,0.11582506840142043,0.37549757523893834,0.5109353647646965,0.3577366219899278,0.168705041199601,0.4826678572989156,0.6646551920881276,0.36390954347276405,0.45105575219114014,0.29685172433140783,0.3709441689921894,0.16159053424031564,0.04638916328496806,0.141697311173433,0.4532621703632092,0.1681783213145302,0.49109233957043885,0.08813253006575036,0.40815544216881156,0.19523376760878552,0.25577367187241073,0.19048345467845293,0.49934331774498164,0.05797762182372243,-0.09146199619346349,0.15103265025060963,0.26489981409836105,0.09727764810768758,0.35226989480389026,0.24186499330690414,0.7632612513942846,0.526767727253157,0.4714768774032736,0.457745366182263,0.7088052404321504,0.3708771906486773,0.5868098220886154,0.15492654483314353,0.6338379332495034,-0.07420043743458599,0.6345910778160407,0.48469669343886146,0.5824149036478082,0.5177622875287848,0.619819202781098,0.5610757249001368,0.5863018382551839,0.30039812268253707,0.013321157331679545,0.18514337123520702,-0.17587247639798995,0.04471869709737103,0.5141878537977909
035,-0.010226396679411207,0.009957472010931417,0.059206189704612236,0.04605999326953006,-0.01855921685790901,-0.046963123328542924,-0.17570279929212324,0.03085957973898596,-0.10586399129734517,0.09709494045097469,-0.293593121485619,-0.22035601842342,-0.24261812379787262,-0.27953215016690525,-0.32979344751611184,-0.3476701038658416,-0.4854454361419366,-0.2962985801243599,-0.16051719197295788,-0.05887321349494001,0.013874083712152596,0.015313978104472367,0.0556157811869995,0.007789486644565968,0.3418970021715143,-0.0011276200973375922,0.2663260920189162,0.1659673993338478,0.10794707744896417,-0.05987494740832469,0.1862280482670301,-0.09853690025984296,0.1882892162451314,0.12346568133374883,-0.10451846251735661,-0.05347751885378593,0.019349084948931644,0.01613844557923222,0.04369030280178826,0.1468695719846171,-0.6910250022109017,-0.8130352467972155,-1.4615680988429895,-0.9074015617870129,-0.4684059005511213,-0.6083988474494401,-0.29785005364568734,-0.9910743958284038,-0.46620614477080313,-0.6290861808111554,-0.1516176413975253,-0.761181741586964,-0.7733194874897068,-1.4536803414450896,-0.8367748337822918,-0.9959649926667271,-1.1182389060074538,-0.6275903530306649,-0.48934451238003207,-0.07444376125753636,-0.36648626987631194,-0.02121119632701296,-0.3422828739641861,-0.6996748676566644
036,0.4286033208493395,0.6865568396115258,0.4232496180981208,0.4663792229204262,0.6700504600674037,0.21644426359466667,0.389775165532938,-0.04409797507850152,0.4928597264739004,0.014706449861311421,0.3877795367497583,0.32546138411711034,0.5541467890665266,0.11173076405558699,0.6119995970762082,-0.3250917579825095,0.49016283642224734,0.4607107742574025,0.517175385200452,0.7675220561224275,0.7061230724171503,0.49882846055704844,0.6416192475435337,0.4987207873508158,0.3522633366920286,0.24684832313948535,-0.12051590275809754,0.2775770951512807,0.5097770514868503,0.29205038733113486,0.36476410677256266,0.26621156376491634,0.23751635311721103,0.6132165431892402,0.44327559165393937,0.5916453498229941,0.5352126077365598,0.02312342476523266,-0.17309712342575206,0.9159670499073542,0.349704315505624,0.34147508368433516,0.43994798030841464,0.3600958876318372,0.42130070285570265,0.6539979837152026,0.0003718685522807186,0.621689391142021,0.20915579304440904,0.532988499904747,0.044637183052934154,0.13603738545786925,0.3628921820833307,0.7054030759008487,0.49734025389254605,0.3156392791711995,0.7038821387170014,0.6644922130701711,0.14119469336595092,-0.13165857037507273,-0.08327792930446873,0.16240433746934502,-0.13283258018314362,0.2579748818838289
038,-0.08791308584995072,0.016898112820858402,-0.13802183373445184,-0.10191436620925576,-0.14353224894156125,0.05244902894175185,0.13905676732484476,-0.2826403034311087,-0.03353013386476619,-0.23278445497994454,-0.0009921140408388207,-0.08694394820637955,0.0569900545704507,-0.3619381960193732,0.2611837639745781,-0.4853843541150655,0.2619525914359535,-0.04082735068080465,0.0703837587382955,-0.04252514048523204,-0.10878794247708046,-0.05490942784642755,-0.09583553996763183,-0.3101822836516259,-0.23182692468955396,-0.5516133624113226,-0.2525423537564061,0.23190947966705208,0.06252876289252403,-0.20521371232130753,0.10564036126632845,-0.4091851123944287,0.3298089807204242,0.03275166455401951,-0.11803051474092477,-0.03908972053861515,-0.10138064475130354,-0.8526023483694771,-0.1798370048851055,-0.11507034608735442,-0.6790990128391443,-0.42586475900822457,-0.3388676188615931,-0.38385387033849805,-0.11254878174366353,-0.03482230041103759,-0.15725419711076272,0.004566806826347358,-0.5124129981691266,0.3076524447074337,-0.4319707171219962,0.2156550813278147,-0.4159035605597985,0.23909715962762743,-0.08090110406178568,0.1553795880972133,-0.45881267788360836,-0.0782780516210197,0.377252164163817,-0.8307281016121306,-0.08874071558355973,-0.44984848729496174,-0.5317061069872762,0.13627317893660515
039,-0.22304078950698497,-0.029790942425066358,0.052761908880709085,-0.02606127364038309,-0.056086645616392594,-0.5060715457267908,-0.5265166196493889,-0.5813470029512684,-0.4945239052140582,-0.16604433643522282,-0.26069035075622665,-0.5030487819542615,-0.3623770439467936,-0.7206134142073747,-0.3330337219292831,-0.2883603012816214,-0.25635122275848754,-0.37319362217071955,-0.3749215960529856,0.10794904203228128,-0.03755999216407496,-0.18344126063733074,0.00766453881316706,-0.08736715990216079,-0.12362555361845229,0.006011359460737914,-0.14715825497142948,-0.039672363421757756,-0.2571879554110781,-0.05975551044444902,-0.2631068021540582,-0.23855893669813666,-0.4832429456824655,-0.15230278182760015,0.15903143994119348,-0.07182803631508869,0.12248207725283657,-0.0833365335260106,-0.3717444725379408,-0.01767857436578535,-0.12174733477095759,-0.09218041957714695,0.13799691222033486,0.026315436583921964,-0.3327257539584115,-0.35084010499317086,-0.4404998309656678,-0.49115984814971547,-0.07753682065256995,-0.18263864564717305,-0.15502701150762896,0.43219459499849355,-0.38468978392581565,-0.10593043650167602,0.08194351163848926,0.028480039036412094,-0.08931249163939622,-0.3256413563803697,0.08381636960795219,-0.05937307378272014,-0.21072091783258717,-0.051600281634737344,0.10863361915530334,-0.474173776080008
040,-0.5345953931651629,-0.00940945729635316,0.23388603614203243,-0.06874286321492078,-0.2893264870321202,-0.33680271008346774,-0.24232795453909362,0.18140711800826204,0.37251026951115557,-0.09402877742759366,0.18167181319235415,-0.010792917606704963,0.27661339196992873,0.48242209190211416,-0.059686017054226964,-0.17459826147345042,-0.06281643470944037,0.2882388981146536,-0.21255809340326332,-0.1351056717687944,-0.1716559999510811,-0.2919921357036702,-0.1288659483393939,-0.20919679082559994,0.240023522204175,0.3460955897123337,0.031104784107228507,-0.43351312369837786,-0.1822162347474824,-0.4034768522354306,0.10038426306386086,-0.37332481032250614,0.05291573185282987,-0.12828222372806353,-0.1558647021498123,-0.16968615221043803,-0.09705310370128195,0.11651918688319358,-0.10522381104124429,-0.21526896620382857,0.12796260366532192,0.5857501648197672,0.2313201534971027,0.06428893880815378,0.3019707669705707,-0.24910408992740035,-0.13262475329659146,0.1055013736303977,0.05356565545271967,0.042665004568352274,0.3883991404545051,-0.194236796822223,0.08667260816529171,-0.02762726017676012,0.5393326684455619,0.33749458723396425,-0.17220111086730464,-0.307801897589486,0.057401333351850437,0.49043058433767367,0.15242984235580487,0.27160634430817365,0.3671551862465931,-0.1858774278983103
041,0.45584390634669897,0.6710775369713439,0.289286239481226,0.39465579232949155,0.4701876946564884,0.15827678337560727,0.20269993865482355,0.33595865432285243,0.3597479566794173,0.3632128094345233,0.06414805265393167,0.20241319237489974,0.4622958939719121,0.47856548948796007,0.06524988556645733,0.4474254402039768,0.0626335876398946,0.028872437623910258,0.014649383162317911,0.5417339559305592,0.35230769300072107,0.31357363844598685,0.635316474932115,0.28311508398818347,0.618522496027207,0.23967256930785932,0.2558558084814573,0.2929860716877033,0.4259844984444967,0.23591659952750144,0.43603994362512954,0.19942461326281857,-0.04639293937510208,0.2859309388658339,0.31080448827530044,0.46626432130451617,0.290108186471821,0.24458979104866269,0.20483765223656866,0.5370364806970443,0.3553130715574402,0.7245365529147387,0.829463945634462,0.6733210481648049,0.6213387217624262,0.4372994834559715,0.6124181332212999,0.4636281589032806,0.42053873438638645,0.5014970657357085,0.6257857547844614,0.7934656918543398,0.762168754253803,0.770538406609594,0.7674937716092594,0.7331613034818436,0.943773761018334,0.606077634488529,0.005163392145394491,-0.0512515210304067,0.3698790041339794,0.07231192961959569,0.3670525480742427,0.4110301339440291
042,0.401374402160836,0.014432449204344541,0.6161467012155132,0.3157487563723944,0.12560855674727608,0.31508386282862166,0.16631149061239242,0.23061418622394053,0.030218576722643775,0.3214871657273492,-0.26034787868453485,0.2914667404486672,0.23275987258728564,0.43470925646459446,0.382531981945312,0.534545179198245,-0.20091822766974055,0.13744267032884314,0.16713916921076444,0.07664451452658419,-0.011445749369957958,0.08377005763713012,-0.0424239165608187,0.06102201722772395,-0.01114966891313876,0.0558991889154274,-0.02663719098012733,0.17756702981190306,0.17415013001642787,0.17744966991159541,-0.24559492745105233,0.4679535980697585,-0.4540259772037484,0.19409904188062643,0.2636303104505243,0.06965548993268793,0.3286158197427004,0.4562877070354304,0.2329011223889988,-0.03878177769788049,-0.3020003886337088,-0.06511701398934018,0.12817847034070873,-0.03767320138162257,0.21293249269505443,0.2654600647723878,0.3437479464446533,0.29665350377868027,0.28286179282046464,0.21861440179700062,0.5847810413589223,-0.07097820732702778,0.29246170268476274,0.4024757545583287,0.3388976065656848,0.08143479709457982,0.16251672564009395,0.21263062062482935,0.13645077175710343,0.4381378827728989,0.15106612901345595,0.14708438794958384,0.3965764348903711,-0.2220816087470235
043,-0.14680346431178848,-0.129731196209101,0.30503063214502835,0.15078147001375267,0.2510439359495914,-0.21234241482881322,-0.3481456036528684,-0.45498297537545057,-0.34417626540905866,-0.2329223057723927,0.044658681394216304,-0.6503811693846242,-0.03403787041950243,-0.37939063538178397,0.047010778495145344,0.0737217735561122,0.14749440463610825,-0.13804316896478613,-0.2296284028380845,0.02777410441427572,-0.16897157742274496,-0.08756703343772781,-0.152012303442707,-0.20598878616180302,-0.5585739928590887,-0.45762092213268496,0.5607578401600312,-0.12639155331886984,-0.16191394438899695,0.37321219309171105,0.46510782173085335,0.211642093451758,-0.6936163719951155,-0.11741638036384239,-0.43146893052178964,-0.005330727291464443,-0.1121154865982407,0.4328261406290163,-0.41451046771669686,-0.19127182007883653,0.29290541741683845,0.28733545831708907,-0.08018177444858884,0.16202232659923402,-0.1024999321121543,-0.34728755982821513,0.11405922299709381,0.5017363625836764,0.3706891598398456,0.27547993499805534,0.41046474544748424,0.42806293126714123,0.22362984809823303,0.1715213657522784,0.25001171005667877,0.22188321096823097,0.031212382544852812,-0.1379136142286395,-0.28861283339395305,-0.5247944117212386,-0.2910642145579943,-0.10357590724353138,-0.23465580693346472,0.05280727240412604
044,0.797381470593713,1.200123857112045,1.0707048730909583,1.1775680179559864,0.5315027427583978,0.6367980602793033,0.5130562548948495,0.7824548933737243,0.9007684741106219,0.7028727840909557,0.8645359621212293,0.8146033535623146,0.895673070549157,0.7873240071199558,1.0653392685751908,0.4088486058586387,0.8179487472164799,0.6446110534803802,0.7563215229558874,0.8051704932775104,0.5267004116459738,0.7114289094303098,1.1044622200378251,1.2239658648213252,1.1590430824983944,0.659399328652399,1.1566302289149561,0.8967774441778424,0.5239442573325814,0.9370487219825246,0.3813483906951236,0.6156349797236821,0.2507802827935869,0.5079231087278238,0.6810382146382924,0.9808832590997175,0.7699570071421802,0.7304878850754962,0.963471372615126,0.985749469035679,0.8481479368238638,1.0270805253537743,0.8678437985072975,0.6743639626507364,0.9017364065671367,0.9466649355086585,1.0750295319752925,0.9544372841600188,1.0611517850071779,0.779310945802501,0.6414680951846765,0.9699968427642974,1.1187884171405988,0.9465835345944336,1.0147880922634491,0.6960653130304653,0.608558550700276,0.9587626744890609,1.1029879831599048,0.5221826554257187,0.9107936742847523,0.3673964409450602,0.08693607237573775,1.2398932469960764
045,0.7075843311949569,-0.10837687233013651,0.7956506435013047,0.05144073136538675,0.098552390945271,-0.31475960023637906,-0.21731519852934453,-0.08519008350277088,-0.4778714873426275,0.2144354409187766,-0.5937907595499381,-0.2955337303447996,-0.34390752195112645,0.11362150743251098,-0.44850803236430725,-0.14285629658762977,-0.5113559508036324,-0.2980685772173026,-0.5066078141901932,-0.08106023012316971,-0.08748937627979536,-0.06800101848908535,-0.09980905856630207,0.7014964113362849,0.04554822183713228,0.6248352309278787,0.01629482286343914,-0.09471031255688173,-0.37031786161428637,0.4041146756775216,-0.37444423171859675,0.4685083189711948,-0.3937693914921659,-0.24383914287767303,0.7017108608510755,0.42275104175655337,0.6396568666911367,0.5807565731870794,-0.5130787905760521,-0.03485147446639861,0.11414066640482498,-0.30645707725136706,-0.029219053301481362,-0.13533167318813202,-0.195568984655365,-0.1380715847487013,-0.08610315454160189,-0.270348539321987,-0.292692617113141,-0.5435297391683588,-0.23648781676748723,-0.34389245872785323,-0.2439377157549963,-0.3741588263785866,-0.29102016741991743,0.05997507387613643,-0.07654082501642007,-0.07128169843035775,0.27533293272797593,0.2818938204010233,-0.29370070919311864,0.6054583599946454,-0.351709112223628,-0.377177143252756
046,-0.5628316043933789,-0.7973991100993073,-0.5204787603031584,-0.3433273961392579,-0.6044702602631189,-0.4375712053520503,-0.5516599646623909,-0.5931375938846204,-0.4517590619346568,-0.9280156198347799,-0.601296610295667,-0.528209379354785,-0.33499072850122813,-0.6767603914360595,-0.4051097191894556,-0.810077297113134,-0.38962775357049795,-0.48265635399320217,-0.44375923755345265,-0.7010586219339076,-0.7122827910446156,-0.7133649523814041,-0.7113635301183256,-0.6647860819886025,-0.9333337904070584,-0.6413446568055532,-0.9371651752672104,-0.5646994311478977,-0.5418820243242369,-0.49182285214217736,-0.6040564796028746,-0.8107682562717029,-0.7084212246105992,-0.7160670717759624,-0.6512147831775752,-0.7508219808073899,-0.8542561480748977,-0.602959372391004,-0.7122094003576239,-0.7683713840329054,-0.9767263820483156,-0.7286031355106345,-0.7201432221918135,-0.7863681457363915,-0.6103332476853184,-0.6171784786584279,-0.5875931994398947,-0.579949591709331,-0.9857353728187417,-0.7145125230749622,-0.9713327077259545,-0.7677498051345124,-0.6974736362759044,-0.7187020514051239,-0.849232755757271,-0.6596391350468556,-0.655130566859801,-0.44677993538072824,-0.3100406127605051,-0.6124350425865315,-0.8280477027585922,-1.1372060162135644,-0.5550040509316801,-0.35455316281044813
047,-0.6777789092121369,-0.27803932244277063,-0.13048667480636172,-0.1749763892377541,-0.5673077037227259,-0.12135248857847292,-0.1695714129040217,-0.09148509901519103,-0.02795794314439251,-0.03665296588985875,0.18689395979276852,-0.21925645552379272,-0.09341396840733807,0.0211347512330749,-0.045699789713994105,-0.11235322969051817,-0.14234735689399047,-0.08346884187446188,-0.11806616785732324,-0.6936299889311424,-0.5850016241090068,-0.42996968809238423,-0.5840617660389489,-0.029269943188428876,-0.3332049918446676,-0.2229626708918889,-0.18443135998791388,-0.2486239322766093,-0.3422398076107004,-0.24112173524424788,-0.33249188125353996,-0.1473614183463566,0.12447862542759836,-0.3061358952593678,-0.46808982863237547,-0.6498069672999713,-0.3733392950372896,-0.1595308788109082,0.01730618060497076,-0.5538043337061087,-0.02335057987430475,-0.2939219214142502,-0.10684553956957447,-0.17914156334210046,0.08125259064695216,-0.3950213948493453,-0.11789275415147372,-0.37328511127786856,-0.17572438672747012,-0.25050764152909494,-0.29888215890190684,-0.21271431014814213,-0.11261130188680474,-0.24919607755926917,-0.13541817142566565,-0.29606589789618193,0.18559173037197785,-0.1090179184056819,-0.1473764138208351,-0.168067107218269,0.28979017480340896,-0.38520040345417156,-0.13842986210716762,-0.39071462853372396
048,1.4742587779251006,1.5020926965159562,1.253886959457124,1.841828421307071,1.394551908031123,0.7925848105686416,0.6564246719057308,0.654002508866048,0.8124361289268212,0.9692466742070414,0.6091581531149556,0.7144315085099271,0.7217759435320112,0.26870279244695344,0.745101567003444,0.6715667117187234,0.810230088926909,0.8446273187600397,0.7645878362764025,1.3832293518838084,1.3392709003963355,1.419662731645308,1.1892804798442378,1.6733761717361002,1.4016198021260429,0.9980222209452078,1.6363243003720975,1.0282679540581854,0.9412042450999353,1.1445913230013953,1.2487360725207348,1.0089301204256593,1.1902491697949271,1.0588797999456172,1.3098848411848583,1.1496242743968181,1.6122714240717986,1.2545275977498866,2.0071291651999577,1.3742975633565024,0.8584515279908376,0.6801345821485958,0.7533053278194786,0.6962735202294184,0.2733919322840314,0.5652095113722266,0.18175448130319766,0.3049334815252419,0.4561117336029138,0.718084153082796,0.9828955239660407,1.2776870058442016,0.6142851383537014,0.4896417945274497,0.6281811233860499,0.46082304645095146,0.22227709813466565,0.4655304853367106,1.2931227275009687,0.9363053715792174,1.8825548282477544,0.973962428994384,0.7625852684573788,1.412763853820954
049,0.025164685923006747,-0.27821941276034573,0.16472832109944213,-0.390481634895127,-0.4849243600285196,-0.5155573666689867,-0.7898107900208318,-0.2654786723595359,-0.7472330822314421,-0.28742088312955383,-0.26368629303216384,-0.4109546949851608,-0.7713918628364921,-0.4179504662407682,-0.6474806956078452,-0.18654283505887373,0.2157583447291998,-0.6805200284392482,-0.6647227235363844,-0.1890469904984712,-0.6890811334614028,-0.18208402023150752,-0.6724478971496479,0.2474551476218153,-0.2007464439862792,-0.0004794927757460765,-0.03924612474317363,-0.4574356073235354,-0.8158476560034532,-0.45675994656773006,-0.8001610623433818,-0.12368165938754574,0.5739370196162273,-0.7214734309911375,-0.06848248286822387,-0.5118949883569999,-0.10738921746951391,0.11801088768420781,0.5014669036083572,-0.6926357233743716,-0.17142079395612028,0.11798904338105451,-0.20863131610147148,-0.10015367245030832,-0.351817324707568,-0.4113317177360489,-0.4178234173378207,-0.3861973592896537,0.028929431420791712,-0.011812346768808463,0.017926038954890033,-0.08589607414145906,-0.13173454305485655,-0.4569039764203469,-0.16922131101966684,-0.15993278711196454,-0.41886165359398825,-0.2571188360421148,0.04305036286479583,-0.37202362527834165,0.04831403120980195,-0.17832926788570846,0.1226032387935457,-0.01867280205385985
050,-0.19037600698229742,-0.05540535509653649,-0.1455671271431096,0.11015757153766102,-0.03123831069110458,0.22018733487809022,0.16817529406635262,-0.07514148191648684,0.24346637803964838,-0.5010648206707691,0.14096742532641596,-0.4717218602845428,0.206379660415143,-0.286889474031529,-0.03858356097613798,-0.3840250563080948,-0.10263604793063377,-0.0005192062940954367,0.21261044402644705,-0.08081189444470585,0.13838752026155945,0.01920723012760568,0.1446884854242187,0.33803858071451276,0.26517024342458806,0.0580196841958078,0.014476176389507683,0.11531086981326509,0.07823775600930662,0.12011616932661569,0.38668315469725206,-0.06483607610082075,-0.18610325161608687,0.06003029907621979,0.08113398278857914,0.25385057949552464,0.27060839241694323,-0.4403094626088453,0.357215387025706,-0.13545039429773614,0.18094734596084072,-0.06238873367656243,-0.1193510623039131,-0.0994253067762714,-0.4434199480908195,-0.07621982205009331,-0.45900751587895,-0.07384760547795759,-0.47569619954835096,0.08799564181032354,-0.3947807551879545,0.3734226465190375,-0.2309648460297571,-0.06996473326322476,-0.5163535022165706,0.23304387774228674,-0.04128566004632547,-0.1280024924771665,0.2676173911807761,0.02484188747612065,0.14335596893590016,-0.23447330550039472,-0.14365681126450522,-0.29872873331704813
051,0.010536734403462533,0.08278657492877661,-0.2967182491682028,-0.14404777144923564,-0.19073436877418837,0.21242226920593774,0.4073272423051003,0.037837660437041454,0.3572405271428022,-0.5806626319572564,0.26749148152955343,0.09466661438985999,0.04627804016270687,-0.12682094830010454,0.3026293648658638,0.12251718495435343,-0.15370729198528532,0.07560557490780637,0.26754312094273636,0.35235246082034843,0.16856604973916392,0.26582623569040287,0.10439538638199006,-0.13725482138782247,-0.0744836926410156,0.0614222768911995,-0.22744124779814417,0.12772176713057604,0.6071238795537692,-0.001301417849984804,0.6721857011591676,-0.3632077858377847,0.22532394352945964,0.5607875898946244,-0.06168111381477115,-0.0062259945148978035,0.1126791139229562,0.23980685298830237,0.15826966723648067,0.2933071057991765,-0.15170664909490103,0.23264393550220072,0.13344687870892605,0.1904042584073564,-0.13040527447415404,0.1635111568462682,0.02420683518657407,0.2428293775878689,-0.20543453548535814,0.39399256360779666,0.12459576119461846,0.7518162294466372,0.47004261845678197,0.25157856518996347,-0.22253680120344232,0.023184967631914466,-0.058662577211409855,0.17605391727746814,-0.06494807477536929,0.5351029734940238,0.029531972945292306,0.5050057037388559,0.03799851377806762,0.43675307496570465
052,0.8335393325874447,0.5306858415560175,0.11843050827279555,0.4436769605211405,0.662790030396593,0.533738172816714,0.3313478839166675,-0.08390925302296218,0.24988452587904672,-0.25157180419479835,-0.06486729372348085,-0.03481526612954444,0.21710783107897247,-0.05153212785919514,-0.012014455478742109,-0.31052874731988683,0.4757354567622478,0.23189833850282948,0.2455396822605022,0.7369694384850498,0.5122625913883202,0.7324383678942187,0.28826838448794345,0.2653703285073703,0.41216603561334164,0.08841097601646755,0.1274585467582086,0.5920937425770139,0.6216588125231782,0.11248088710674163,0.4763610780419544,0.15629763440931704,-0.04460295473933529,0.661106339816511,0.5794741462524288,0.4900862094866598,0.609652392640815,0.29731234055197275,0.3473785725461517,0.61975408409263,-0.6969079464958234,0.08133263689948692,-0.07585301614473385,-0.17841564485821337,0.21752134564444553,0.30964540977698346,-0.26608528443370894,0.4005314353263837,0.03240219760573676,0.28300139192133117,0.026556864718738943,0.3223722327636278,0.393952440351962,0.4784854010728321,0.5074959111148807,0.31555046115737717,-0.06546165951569471,-0.01905454276068097,-0.30844094052019844,-0.3473349756664268,-0.313348844481351,-0.06522431191138134,-0.5777028968994925,0.2108048726482838
053,-0.01791322322381758,0.17106596698058033,0.25191420640708057,0.18550179256347424,0.016459667535183603,0.45984892274539313,0.48848549809747616,-0.03384308141984552,0.3639039222859259,0.3162988894651001,0.410475110431461,0.18679885472374663,0.3942704946409718,-0.09675021701052877,0.45433649828367423,0.21893435610878986,0.4894034799112808,0.3107073606656936,0.4422412061342932,0.28440036832381377,0.0988384311318948,0.22936016188154748,0.09538928368007514,0.05022980986943014,0.2523766485886193,0.20113367790207307,0.008916542388983165,0.2571237693905123,0.5631440807578372,0.22164847466400445,0.4743912496394905,0.13436716888944514,0.4857257084468259,0.5913535319129432,0.2721877874838479,0.21619241651558968,0.3834474531528411,0.25703327534025244,-0.003587274529864473,0.20849137649838817,0.2656893634598372,0.11911923115974814,-0.026690767078174027,0.14231376973756937,-0.13889606515930353,0.13689138694002617,0.11221329670733722,-0.04913943894481157,0.08066138926132826,0.09373769986022011,0.27857226558324866,0.20168117387021844,0.08567856119694547,0.10268733216091705,0.07013883141432661,0.18582034007517426,-0.016436211901562525,0.19977996053423744,0.21098005379890028,-0.0073712425122671316,0.3167248205882876,0.1578573823571316,0.1767091906056461,0.2347888444729521
054,0.16896073333204534,0.5802666578344261,0.18272229294309733,0.8054508318680969,0.43897401084765,0.7948399336003056,0.7629066925407059,0.7057849929956782,0.49626135513392167,0.29741792287780544,0.4885211267125248,0.8485678844834473,0.827681330346558,0.8675745209667618,0.5287539425045992,0.6854640924017172,0.4461849650700609,0.8049098658009616,0.8932036703894852,0.5061688123718379,0.809683064200753,0.3839671181393743,0.821826542650171,0.3743903984056355,0.39948764897653083,0.33336808521882194,0.6819904678526924,0.669893476118889,0.9749437730612269,0.8020162897465305,0.7830202884215683,0.35453931982670783,0.3359012529150486,0.8331923781906817,0.2711879683528444,0.3792006457543806,0.16000593439442207,0.1819799065316172,0.5955259927792339,0.5535955368428623,0.4268336018257065,0.2789330658981325,0.3174946388576537,0.17951182264126936,0.7718904909966433,0.5059895211141199,0.6593435040331517,0.7834591316854472,0.610407273778932,0.6534899259527719,0.5865217347852595,0.8543729975287957,0.6569966756757978,0.20316098091733528,0.6950752836626851,0.31085639908232393,0.09695550379202644,0.7196270870966303,0.5049414376098247,0.36656662465785395,0.9325690727972925,0.030065122963955387,0.3494670205468938,0.8597648761693288
055,0.4254866946435719,0.16202473687571844,0.30689944929208546,0.1395694579257089,0.3392012643044807,0.2656234151317937,0.3530901035182584,0.48220590976881217,0.11315994387156383,0.6142551853619247,0.06666169374683707,0.4464845440596932,0.4182355926099067,0.43737391677664184,0.1333645324908665,0.044929259944541916,0.21894268082958798,0.48719377648474915,0.22121553553287351,0.30686701139390316,0.3540205039158177,0.2880964074364192,0.3187506180630296,0.2670256906697588,-0.09862390557850179,0.26619903934020783,0.33703981716577314,0.2684669591863613,0.3095753753079733,0.37030522979124625,0.19817025137889932,0.4784928467744912,0.18271651441497666,0.26247542559145365,0.22394229519948355,0.19448663390449614,0.2830017294145382,0.4255902116023553,0.3888850156605098,0.3840655462627912,1.1029945414839448,0.4945128331751032,0.3338261982895101,0.3503303050728288,0.6621955066862721,0.32881601112760683,0.30077074932184283,0.4221632710119152,0.23390451906594661,0.37518725810665915,0.2488656654238602,0.45954950670417116,0.5694994912422606,0.27826486382490223,0.18811358897379957,0.30058692314910856,0.5257279923753106,0.4481587758436669,0.04017894273209113,0.28466817920071835,0.03502968395050696,-0.09371828310018968,0.42536792851378147,0.3771334296450226
056,0.053034581838193345,-0.30143796019477853,-0.014852942902639818,0.11940782037768524,0.20921849912341572,0.08176271446481742,0.08648335552921763,-0.07751968327772518,-0.02611753895122451,-0.08140557254727354,-0.07351615148230015,-0.08269334024395075,0.203611797208317,-0.2680952015893705,0.07530566915179338,-0.12034695554773273,0.21991497707006025,0.01666822240311569,0.039901916879505395,0.21001778172399058,-0.10630906040631743,-0.009317701761912683,-0.11278506236475141,-0.018572885764356423,-0.15490435775770506,-0.11825801766066667,0.10968730657932174,-0.013955794213157735,-0.0018233246482525223,-0.015501790360228473,0.03228476969535224,-0.12813572132444512,-0.20262059245638978,0.20107161386069833,-0.12431123583475194,-0.2799294081362859,-0.07279986654377416,-0.09897663280357187,0.3096082632116956,0.16674522404309575,0.4293287485272811,-0.15636161103513135,0.02843207002770129,0.06507065051209934,-0.2554942682309084,0.1380128552966496,-0.013494708923160514,0.12407775612892806,0.013399770864255839,0.3143000765820544,0.3125773572158362,0.39161580587900024,0.20008445200680758,0.14558058874718516,0.20724258716653587,0.45421725474709534,-0.15211831113270688,-0.12834017267479741,0.3417732330266577,0.0122755651790412,0.23438027250720286,-0.08226751364598597,0.15546353302580365,0.16692908130590764
057,0.14777321107197805,0.4161226944788793,0.29726102378619323,0.61345394338084,0.36844969646695613,0.18168710115993486,0.04053131720477915,-0.11160075011187348,0.5549407784706876,0.2746188893488547,0.677100928965407,0.4146039444329373,0.10084528750070634,0.35944830236618286,0.3986246327425339,0.02960074361751805,0.714446675240503,0.20015539194953566,0.18854593688882693,0.2668994409597114,0.03535519568608897,0.1786821622466636,0.41307976596797646,0.42737893039409014,0.6508906556839016,0.45990502021044055,0.7729125196938654,0.04643171452632486,0.13057922477422473,0.1543885747951471,0.44542814189676283,0.19002718070483057,0.5881688840915678,0.2744167018289527,0.384848536731555,0.26069672439634967,0.24356765638704753,0.04781670147996639,0.6353004458204621,0.2538059149743956,0.10730463916795116,0.2608876444070524,0.08828045004545294,0.20273196286042378,0.31449278539663833,0.28178946465912846,0.41431819173421613,0.7394679216082815,0.5476886021399507,0.5495385188500478,0.5279089157126466,0.5953743359387216,0.5242214929633795,0.2459883729805549,0.6757560165755199,0.1025760930466351,0.3813471182051277,0.17720117941233507,0.3786798655686387,-0.01678523160370704,0.6226071644911204,0.6552346023554222,0.33051866458740525,0.6920257991104508
058,0.3605530919265565,0.08724100969705859,0.013054071226626274,0.16563719587904238,0.7584251281500709,0.5997120143780702,0.7649818562057131,0.38225867776106526,0.8112802793468843,0.2843889922468679,0.730695870276582,0.6671928580069372,0.5321122034314587,0.6121256484668366,0.665654014880049,0.12467941841318994,0.9724826098616035,0.4707575064573678,0.8005181787370295,0.5915902885376839,0.8048805686646102,0.6193828851562145,0.7977300711980534,-0.01908253587267214,0.7162495950509834,-0.03817035187992823,-0.04504277533231245,0.6958948403424842,1.0591736516329746,0.7110639639077053,0.940587042942035,0.24084886275128492,0.5788597414836595,1.0707771271626072,0.19770700374123734,0.4298755535848795,0.37041250178260576,-0.2221726224030919,0.705072222638653,0.5796589639168206,0.5907817035516062,0.7112859488595946,0.5350308548624021,0.5091663672114085,0.6866114946155489,0.37030884090232397,0.7061287180784828,0.5179369949357765,0.19834818286511002,0.6301705465016028,0.665809510810256,0.4641474734745141,0.7676717816401419,0.3771765689786759,0.6903236379008537,0.00025178843077514057,0.2536642019714052,0.5776426775287808,0.30684204663093195,-0.3644265724429757,0.34159892161381816,-0.41151351733828667,-0.4933674150671649,0.5605473219488122
059,-0.014294603960198271,0.34415359615418234,0.18765654168934526,0.4411176066602055,0.2908349283154411,0.1617508998873102,0.15333080361619966,0.21551397785160079,0.5139409946204943,0.3110798621077271,0.6839847187299742,0.34255841582738233,0.16742201296516462,0.2707101871644839,0.24535461073136022,0.3666885982201375,0.23551892854740175,0.2284486480928272,0.16735176060590212,0.21119565322997458,0.14706146476162318,0.19129172355879878,0.5277317366311782,0.2136073951877222,0.5647389639802027,0.44727612961515917,0.4327320674210623,0.03580803394569121,0.011827912898318194,0.041426009759214566,0.3215309667322689,0.0435849860098963,0.3399120698977728,0.0941316956791462,-0.04272795043304228,0.4525934317516789,0.337573254214257,0.41338199160926525,0.8286113919613649,0.2249462526019155,-0.19703452941222688,0.22288735277651675,-0.43869921806983014,-0.04522362458987808,0.5077510795472258,0.3363097398419226,0.4408957971966854,0.49749680473901525,0.20515664649834525,0.12122682782711836,0.14507070299962532,0.05145280241922508,0.3553421236273665,0.27628847018506647,0.07617048656635524,0.2003938017889336,0.17545092826825454,0.23573880123080176,0.3554096014033987,0.4988709391281376,0.5307740233335112,-0.0024366988066032436,0.3472800176738486,0.18076140316407072
060,-0.11386407006540389,-0.24912534685182383,0.13506834001806314,-0.3176273154096555,-0.13055845216212217,-0.2135751496642238,-0.1608000441737588,-0.1780630205214938,-0.24853720273395635,-0.06149509379565035,-0.43650171198639737,-0.17258582167558512,-0.09402148794378824,-0.14176150189959572,-0.3195424180297604,0.135114937521424,-0.31247090762364593,-0.04997146506397203,-0.24114601744935207,-0.09219883161117255,-0.21445574373124282,0.07365061347074284,-0.1223239298090876,0.31438245968889084,-0.2766171254324602,0.37393769578870767,-0.3527957195636061,-0.2416903912654656,-0.11907407492096904,0.1046199967098198,-0.22592379668351187,0.3400751256917518,-0.6549655970165262,-0.1423833417777434,-0.18138478019669885,-0.2656387763880437,-0.2286282043647194,0.5281387794511467,-0.3225706853897059,-0.1040942130969171,-0.020685636007275854,-0.46260675655869277,-0.3335681962115537,-0.549801359315364,-0.04720298321762331,-0.172040606294585,-0.20604082128660803,0.014532849642692303,0.015863657469426917,0.0025484000178828264,0.1740201543319913,-0.12184359576887646,-0.3371357812910677,-0.13937512415041486,0.22016866065638044,-0.3703374171467074,0.02618428344810596,-0.08857679662790456,-0.022859159878573995,0.6180263486447489,-0.5682597997920221,0.2365582142404611,0.305553249195951,-0.18982264766656823
062,0.0933666782965018,-0.11304008905401122,0.1410911296123596,0.08365347014919486,-0.0009480490559670707,-0.3706107731306725,-0.5444529013395655,-0.13877055166014865,-0.593131204865398,0.04401635733122122,-0.24041405383286799,-0.5030851097713684,-0.47091190667151395,-0.09301537834922033,-0.46199287303833514,-0.12022164592269055,-0.029386463074499602,-0.5082686723794638,-0.6620057832027795,0.10954313746064638,-0.17824990281800238,0.25204593021530297,-0.42651389003460305,0.09475855099713662,-0.2756163198791145,0.26074641443129243,-0.1781831125682437,-0.06878734331222011,-0.17893371422749285,0.18918198654957866,-0.5726621864832895,0.3575197661385936,-0.24176371991056692,-0.14687908595373517,0.1336396389467155,0.026548077920044794,0.15108259240087735,0.20534526753326512,-0.2922401393548095,0.01652091557739299,0.23470685957053758,0.3641226379964767,0.27666190029926385,0.34703472810423136,0.09918149902374124,0.0565427991881986,0.09562863525187704,0.5844376523781216,0.21039998270311944,0.3877733390725566,0.15157805604563293,0.22506309224450624,0.1393999721377588,0.6250170617934427,0.4681230276926907,0.34747519869131527,0.22915926067727216,0.10171359695511017,-0.12592108298164226,-0.026376571092711354,-0.23710288457312625,0.17619428327519843,-0.3380822724515426,-0.13309683906893666
063,0.7512573220153457,0.6264479083017225,0.842092064148499,0.0336840974050682,0.34406933969371833,0.7653690650748532,0.4777806217797953,0.48289566678901075,0.6743818172709554,0.4157736531676005,0.34991797177865114,0.44674821181542446,0.5947858065037521,0.48698107667182056,0.805034513053225,0.36185226519069663,0.23620720005362772,0.49972248431508715,0.5024282362662982,0.5379170824793782,0.44394088510115426,0.5549258350929738,0.5078183903333597,1.0642531998104463,0.4606031788003465,0.9766997243676931,0.4370915650748435,0.7369219095530781,0.5541296947900021,0.7531265824304265,0.47037506637801,0.652925671780258,0.47806417279066005,0.5329719416170897,0.3743440825626547,0.5428726069053144,0.7301409205581725,0.581495761994839,0.05946655118678057,0.5264522035457484,0.6621352606202274,0.7365354122618147,0.31328268272004556,0.8516677157806085,0.4011788875888763,0.5248356281811539,0.5921078788215491,0.7704352815153791,0.761844412611945,0.02448878948753158,0.5482456527816557,0.3713949781321462,0.905947506168068,0.8147887093756554,0.9422013199581512,0.033386676974110296,0.30553976629598745,0.46417111568652436,0.05191140334282417,0.22879209697861874,0.07064029432263465,0.4010300342031458,0.524344107549058,0.16074758735383177
064,0.8903224787159041,0.49282452374964325,0.3762089942724375,-0.05103044767645812,0.6420757640848294,0.5480095066660184,0.8878671474153429,0.4960957187649332,0.7628717556009667,0.4170178790962046,0.6054826939178551,0.5502400646233484,0.798312312820433,0.45554730050738007,0.8287974401964551,0.6490587434648593,0.6782286158967188,0.7111018426749358,0.7135265901588541,0.45839878667660006,0.512681131953642,0.7494257823929521,0.6112171833308584,0.7463611221310475,0.48566477968837013,0.9034970284704278,-0.019168445050103303,0.6211345243302236,0.4719086166369456,0.6126707150042819,0.7771224817872647,0.32312292166285095,0.651821734268109,0.48216634100318895,0.969663658460415,0.7892070269587922,0.7726109139382198,0.5888940464122698,0.49825938129238245,0.3990360764442118,0.6411196856906902,0.5916979806767841,0.4289874417068942,0.4091245398887202,0.2533002711297836,0.41461172616526554,0.2168340347903749,0.2962518606372878,0.6350026063248111,0.5957209840462087,0.5224261583204727,0.6588840399043999,0.5370523808662893,0.335550188997467,0.568456424402893,0.584056436897083,0.14518163344200538,0.32098221652762426,0.669981798920475,0.876164685880577,0.9103178245092304,0.4687383369916269,0.6350647543635494,0.6894230942524378
065,1.0673683319016922,0.8283691643363948,1.2300287458167367,0.8454318455672132,0.7344498793899382,0.5643743586993716,0.3556218347855166,0.9945429347436539,-0.012232212839632661,1.458055607410443,0.4899239513791369,-0.20795289907648756,0.24144599434340483,0.12826168080949013,0.3928491045443478,0.9527026453566312,0.4234504232982692,0.17887634350214823,0.4418073430268496,0.8642442220115364,0.8474048521343437,0.963016306563226,0.7424130249783867,0.8128645692532314,0.6956777656066289,1.3996658251440224,0.4183360808951517,0.6655952148978681,0.67653982401767,1.0216929114437518,0.8230365950876495,1.4114865373698677,0.9107301794358553,0.8758110502448841,1.616558570536718,0.8098173084738378,0.9463106103258357,1.6129925899465667,0.5283501781563863,0.6257797870043925,0.40853233189503946,0.7254255507887455,0.8552336278575063,0.4759945028164238,-0.1645497965663546,0.35388943024080277,-0.0980274165326088,-0.5256772427807718,0.5267409543523354,0.3042579542685828,0.2300376398300502,0.5911558150834599,-0.551241175624963,1.0470452263754988,0.6735747488900572,1.235485861929138,0.6053900430350543,0.12647204381630636,0.6048592995475415,1.1475895691527365,0.47014810146423514,1.3254659142520564,1.1479219214341378,0.6484375697604221
066,-0.20014063022139886,-0.2428022110688176,-0.2118316670397324,-0.24025863878959725,-0.019711356078467607,0.14251867201036775,-0.3873441054838248,0.20962832137668486,-0.3917295704851159,0.41547381959595786,-0.4464573638714825,0.35667257686310627,-0.2921868447122674,0.5214235153173058,-0.5460079062206326,0.3717008032254271,-0.38765181565191853,0.09816332403507366,-0.08833879224550686,-0.029759886501337957,-0.23185751221101067,0.04119956495476518,-0.23687287888209002,0.32733831931744567,-0.2709213498529655,0.31333689669829284,-0.25615166241411486,-0.10320180021758898,-0.02375560858593484,0.018051175796145097,0.06963038532911646,0.2529189026708112,-0.3009324541433727,-0.09895475329160561,-0.29474443820178137,-0.0822207301208222,-0.30420758533837894,0.37410050149378443,0.061617493912516724,0.0007326126885034423,-0.23035070118306922,-0.10907277023046374,0.021237198408499885,-0.10459758755167464,0.08394405128484042,-0.2798361123007018,0.07434224835200867,-0.31316953871271475,0.08582979071037211,-0.4437056997734367,0.5003254712966746,0.07089766119075588,0.0819442602026237,-0.13728488742927283,0.4556852064755548,-0.25349587078637303,-0.2713456598512789,0.002827679214941814,-0.2713317996851268,0.339258175308883,0.06785279047080921,0.5705037427635523,0.4198506889519095,-0.14167301288960477
067,-1.068063572051111,-0.7947970445763645,-0.6688878861919247,-0.9575308893075478,-0.6398252630442145,-0.6084081488773445,-0.3886953386613543,-0.7822770862376461,-0.6432104049895133,-1.0797425826198277,-0.6636756611961845,-0.7657916088403209,-0.7923325956034515,-1.0603719600726351,-0.5205594182567373,-0.9827813792042068,-0.3314502166988293,-0.5381737628091323,-0.28208922447219725,-0.8608007769571745,-0.4595450222364882,-0.7627557470197577,-0.5787929729651528,-0.7751543769572523,-1.1325402897504824,-0.5439071247698563,-1.2906177305418909,-0.5153369071345097,-0.12453711913944984,-0.8895301982119467,-0.5164328731419618,-0.9888701387347971,-0.5810846894491761,-0.285264965217304,-0.9340930763747455,-0.8815767551066287,-0.8818573759031858,-0.9167719952351698,-1.181909519224268,-0.5238400397872497,-1.6777578589569533,-0.8272167494093386,-1.3473169412240575,-1.4305896964424745,-1.1486923959773572,-0.9191229622471345,-1.1007158189702149,-1.1319014194207955,-0.983957433460398,-0.8448217690591217,-0.7910227638721337,-1.1662938171579011,-1.003721019893896,-0.591760084518725,-0.8908636122655185,-1.0071527158091838,-1.3379062219084752,-1.0743983661268721,-1.2390426018675935,-1.601284755517315,-0.766948725762758,-1.2669476175485763,-1.0888845211671612,-0.8933166683017373
068,-0.2895139737489223,-0.5525838250642789,-0.7731771949449978,-0.596425073538025,-0.6010916159063346,-0.24315153196297662,0.054541337130274634,-0.43199312830164216,-0.11750765546419487,-0.34496944885310726,-0.3500148240512836,-0.4164211186854091,-0.33394983812916956,-0.021754304430179602,-0.09232034000445927,-0.38462875663286933,0.027853378361408332,-0.3251576854477105,-0.21267561760045733,-0.07287604685234579,-0.49559173388757194,-0.40865429017872434,-0.39557285402359,-0.4404961999516666,-0.40154679197878757,-0.946701321713129,-0.45342348243819125,-0.4302772199524737,-0.1450786250725034,-0.15038018997549343,-0.05528908258991938,-0.2376776008434499,-0.2514004337135978,-0.08914147208446319,-0.7369756167832441,-0.7351916622632395,-0.7791471164755867,-0.5818245522030632,-0.16064671652747325,-0.5616589350924486,-0.3001315247874422,-0.0724048234578194,-0.20815676407216,0.09168420446686198,-0.3083566272098877,-0.20739856002448792,-0.08948522537505303,-0.11574091937032085,-0.04222348555770762,-0.2850352946199016,-0.4405527880969221,-0.5324458746159019,0.24916870595070562,-0.0427579360484585,-0.17309255473965987,0.010901701004294315,-0.2383499847416897,-0.05216072352018103,-0.12621741469169914,-0.2971917711197435,0.10054661902693549,-0.4200136370768265,-0.2852678591735618,-0.3980917546701624
069,-0.6582634439194565,-0.5621236057700981,-0.6518004372498599,-0.51176879237631,-0.39200798070611037,-0.5419081048112286,-0.29083087627831894,-0.5091801317606384,-0.3259635784526277,-0.29375321673012766,-0.32550252562759574,-0.22016881079341571,-0.14049583996313922,-0.25006859473342524,-0.07391531135358267,-0.42722760785595126,-0.18144533685606898,-0.19806687864085118,-0.45386013803285097,-0.615693457939632,-0.484316160558094,-0.5567841385892933,-0.620712507663012,-0.5206905126250934,-0.5494610622745133,-0.5761142608065766,-0.5669859895168916,-0.5141254408901703,-0.3348671251729921,-0.31678184170672424,-0.396112716581908,-0.2698290080433121,-0.5255650729002516,-0.5154198976337907,-0.45852412080009963,-0.334241751714927,-0.484283483369149,-0.658882349024146,-0.5362561845482764,-0.3832113743352744,-0.2286054046398174,-0.43017969047763244,-0.3511581221947562,-0.24526923149671362,-0.3905919452397722,-0.24402122010637786,-0.36375727280778647,-0.08209806275964626,-0.5379063555900827,-0.4016867610029194,-0.3022726272053773,-0.6070929872576738,-0.2778218994300726,-0.33533794282293705,-0.27468953396204326,-0.16194820464586657,-0.5874121992044858,-0.3640286642650886,-0.6721547733569612,-0.5430205882941932,-0.538966139514295,-0.33893641579326833,-0.2127615833301205,-0.386341308069009
070,0.13632021430932345,0.13104405103231265,0.2712749357746396,0.3098062070021515,-0.013470915423703905,0.23361574149870862,-0.09154021878360036,0.38673929842171606,-0.22148751136969855,0.5033385061236135,-0.3342402881962431,0.16683625318756656,-0.09852735378801422,0.16893620103302073,-0.3156687915564737,0.22121489939011213,-0.38555728419585134,-0.08276069151279708,0.0409707631494603,-0.09394021750374493,-0.013026877854619034,0.07852792881595469,0.06564203530864851,0.3947546491248154,0.18060270703006806,0.240293409797496,0.17616549693793804,0.24721437747053304,0.006796446150146351,0.34419775048370704,0.1416208680835774,0.5210862331537003,-0.13667746981144357,-0.08492929955720316,0.20268855051573753,0.04448328822593067,0.045538676044457715,0.4616791388784134,0.020140358955318405,0.029635871787187282,-0.170249528899242,-0.23436136516193157,-0.16604200454998674,-0.20104895618004898,-0.20465349507994557,-0.07451978786431207,-0.4610018668941539,-0.45626280396005214,-0.5504608188255458,-0.29661683396443916,-0.5695074680507335,-0.13441562715422634,-0.33552188709878583,-0.3257073329034701,-0.2904474660929153,-0.2077031216389186,-0.18391784893315288,-0.30112946951229164,0.1316204702816026,0.553279413882019,-0.4008222644673243,0.16241704117603756,0.014982039785877893,-0.3142162919435586
071,0.018146199127839158,0.5722720917426608,-0.4232097738992659,0.16632112012057765,0.46778270013780443,0.5974297314562069,0.5928485714574794,0.1231696343153314,0.7244460048591916,0.13308507532299008,0.31039707067044275,0.878243792281817,0.6573550387389523,0.4901828382673184,0.42920769468558645,0.06056149969176672,0.30812968262777496,0.35287471198850107,0.5603248871594261,0.6203252909826945,0.7105906392242698,0.3053783927511329,0.5945702780044066,-0.42997357517548007,0.3262394978478219,-0.46909617252458513,0.4379895520221032,0.7058411154374458,0.779501705031163,0.46738868870566275,0.6889886911376386,-0.19793458387122456,0.45908812768337415,0.7149348822169133,-0.35554097474585755,0.2743451952872462,0.024817364774381817,-0.6465397097944987,0.397937611967793,0.727418942538691,0.1353620958422866,0.5712229946484612,-0.010850004778085037,0.3167085255600466,0.8837825428924321,0.2125368459392306,0.6001337592810058,0.24480676423305214,0.16606692872186068,0.11317012016978102,0.6769409588230549,0.17030240014197912,0.6074251123392804,0.13632506531387556,0.6678198490808557,0.29420707799095425,0.2708458144848004,0.5581517040458479,0.05534454042136919,-0.48100972710174716,0.6121498260270427,-0.7049708002601107,-0.6644997506698862,0.22885127690813306
073,0.20217374129257,-0.18846104580452372,0.5380533552789343,-0.02010096949100365,-0.09239642771821172,0.20156894492886185,-0.196130434398601,0.3609326736887388,0.07835554186130764,0.2797117809645415,-0.13313222772992578,0.3293307223251465,0.08049478270364707,0.19201530944105727,-0.06925370796704663,0.15964514123549553,0.18714913517053614,0.18424235647652287,0.05888388865863865,-0.10401412343400765,-0.1511333267440416,0.45823795567568465,-0.12752581665739937,0.4923800242970589,-0.17119526591877524,0.3521437104920853,-0.27403521370380535,0.1360847378512077,-0.19012831993716056,0.38395919856213145,-0.10590307440944144,0.4715450297666368,-0.13323340938664877,-0.10986247744396285,0.2645537544383453,-0.026225123233232978,0.05016945501099321,0.21918853057982018,-0.13485943503340642,-0.14534074939599387,0.795422562210375,0.3748760326623391,0.8044303335118428,0.5753612919177686,0.3129629285447764,0.28437467572024816,0.2687862911173068,0.18197154630577025,0.18472800389809077,0.650610084966382,0.1854412182180194,0.4590716844323114,0.6239475769793924,0.5022567492237033,0.16280894380138938,0.507693410234105,0.28362118693663774,0.3929139850824893,0.10403127128985426,0.3078438929660947,-0.36527103071372496,0.562640613709009,0.049467028130989715,-0.08873241037001289
075,0.5659319533659362,0.36279265601494404,0.7184522353966587,0.2824642709558082,0.9126197739189306,0.7564994705624914,1.235606846582772,0.7230346103266776,0.7706756647375125,0.5868454410789742,0.8204734556803894,0.6826491391619525,0.7968938813003285,0.6035070289094524,0.8249641931913292,0.4135868026759309,0.6346928238370003,0.8786343554892918,0.9045996751365722,0.5179910480243226,0.43730507909908317,0.582511529259925,0.46015746124858686,0.6927204477205772,0.35632265713920175,0.3236620814295155,0.4899280622015098,0.532482151738603,0.6444873625763634,0.5731094036928843,0.9797259712230055,0.36237845144557895,0.537789757642589,0.409891887787673,0.6908025393251269,0.4588903215586848,0.40954954343565125,0.472649670088256,1.1712313056054986,0.34681004720902686,0.4733885173542284,0.8348548610398908,1.0920372611479174,0.5153177903819979,0.7436906997175525,0.6757642483672577,0.47518271350729036,0.6368732862954719,0.5828861169810493,0.6498265838966752,0.8001186681763102,0.5219276890129989,0.7938042078742181,0.7324645075368292,0.6735177294426904,0.6543853306033017,0.5427100390542303,0.7658869375271489,0.6207914843265656,0.255768092070501,0.5100208464288682,0.09665557765689514,0.4010016637734692,0.7774008383035605
076,-0.4877603243452576,-0.70220135620165,-0.2861105521062773,-0.6814350732045553,-0.8189470435224508,-0.0015316453862068702,-0.1069162500760922,-0.2868303558835986,-0.1337297201476631,-0.19379314790401647,-0.09072364360850632,-0.01165720012574617,0.14998175066675842,0.0016374949084494994,0.14478887745008703,-0.3303252454300616,0.35953754027075213,0.01391745113792106,-0.030952027895198797,-0.7386186414063229,-0.4978220366567335,-0.6977217848527703,-0.520696207373511,-0.7460888587289254,-0.5222242304687522,-0.37563811279777465,-0.3507772887336076,-0.7618005961953129,-0.09141728180677622,-0.786517032006531,-0.11298186826743839,-0.4854184656138616,-0.1794456792527389,-0.04830340766600397,-0.11484613602222407,-0.19306785943022536,-0.5397430762743965,-0.27671039595485086,-0.20462921987677038,-0.7724602748356245,0.10742984427389107,0.3119566918198914,0.14393686089621338,0.3395548139218256,-0.04721897565765443,0.3498568671054674,0.002975470056248375,0.3739053855867976,-0.046481188154171765,0.527349326243303,-0.3333305564293072,0.5753390223813499,-0.027736432810775508,0.4463643382225152,-0.17169731262442925,0.49158724829325445,0.33576697530739175,0.09492309466229382,0.29561931098500777,-0.1616810138974774,0.1648555031925514,-0.18235846036873415,-0.1245710414613562,0.8164639332455454
077,-0.000719908777644912,0.1410775726011022,0.06462130370163327,0.014476710116443359,0.025433078524688624,0.20197525109462727,0.14195628130042365,0.20223581846374752,-0.05186834237766305,0.6319235605195979,0.19191296242751607,0.13100044666768196,0.3581626140406313,0.5028373340087748,0.18449989376135628,0.08518526859428371,0.01057709993847017,0.341441868516594,0.25095578491618015,0.15007707869386858,0.2220927790272891,0.0160790003646423,0.07343711508409387,0.23939582996106218,0.05530003741410475,0.024661803792162026,0.6081496778026099,0.17460858122639106,0.0024414378689282257,0.19348758839990252,-0.0061340650014813924,-0.11401441026551143,0.36686647950431484,0.1365385483484338,-0.03708504083001904,0.015974110800205138,0.05392478813899684,0.21637389422541634,-0.06610305944146008,0.1588654249604451,0.5737741912329103,0.8814628470850494,0.6648671991325188,0.689888705855403,0.20033529241077114,0.3805666241814708,0.517051817868047,0.22950189016144273,0.40648420115116113,0.5211585533729186,0.26223092662203434,0.39572496167120785,0.3851093193490305,0.765843695080995,0.22360840143499183,0.49593260209380113,0.5981076490147146,0.3585955205799093,0.3575851894243121,0.5034925889184843,0.44446574183793264,0.25541039210635086,0.5450327272448728,-0.13503054043007826
078,0.5438688773402289,0.13489340826322516,0.4755962802545175,0.31303443031061273,0.41745022997414816,-0.00945312847933577,0.1165489183363195,0.19755228264423316,0.010664571470818798,0.4018591182407801,-0.13082507607327087,0.15999875333063984,0.10824909370807659,0.16416265951867687,-0.41008822465975525,0.7431081381959267,-0.07529376076364423,0.18614442003333698,0.07221101036383831,0.37178989231924814,0.0009910103789589342,0.5193768989336902,0.05424527009193678,0.8487082377089501,0.11311908192068199,0.438321018307997,0.08805814152580874,0.3245909595687455,-0.22753384666336407,0.31671840322486033,0.15057628922041394,0.5557623503730131,-0.7872482446762137,0.030235319958520857,0.5588067944855157,0.16669610786225475,0.2157598731440651,0.738175428720665,0.016614003481943113,0.21978541657725373,-0.2581204422253325,0.13261560798370842,-0.2374850991278584,-0.13999010362616143,0.05625460633016259,-0.10353920494062768,0.005752701087137824,-0.2241481022964172,0.3992290528881488,-0.23725276978179516,0.4998283638788973,0.22883929802861286,0.13869718116232105,0.16620907339694724,0.18744303514480043,0.12775635097429705,0.08041545274873088,0.12534781721909813,-0.12485985807288043,0.9806563297562235,0.18047495718398582,0.9823271967240013,1.0183391756658384,0.05414795018657556
080,0.05143262688590891,0.2637336873942962,0.17952494181188905,-0.11655483558093119,0.032781159730560214,0.3642449813123153,0.25277221956093854,0.2567847400454696,0.2282622084200435,0.31846402217766023,0.02339535134850247,0.19182112890574832,0.08779747309569508,0.40836465548479595,0.07759537088998941,0.2036439651875652,-0.036424978619607556,0.17373490688226123,0.15778412963938285,0.705464641980062,-0.1946394366328149,0.16498742810668765,0.3078510376775634,-0.09447707957179832,0.3927108132406465,0.31621817822739207,0.5926511218197023,-0.25856213603918654,0.2161929036596048,0.17991392010018087,0.7390062858870097,0.27866400181111184,0.21691202125074133,0.3923311570684222,0.3456138301065168,0.1828002126230051,0.06818070110330446,0.2215132262153014,0.32336525697902774,-0.034975113819215975,-0.5819000490048918,-0.19024731391274294,-0.028973734688475555,-0.05160574096356693,0.3115730570840336,0.047071185074359145,0.28085388864864136,-0.05405539809425633,0.5420268192488183,0.4061655972396623,0.8342755133867208,0.11030685444634428,0.21256142547777565,0.14956355162348933,-0.11152293314871944,-0.15537378836299753,-0.1691796526022744,0.09055470948487236,-0.01537203277182006,0.6281221716615677,0.08790257503423833,0.6742333165022322,0.23504450501655053,-0.09069726066716088
081,0.37160055977914913,0.3748769060154235,0.22966832503694146,0.07597414269428376,0.5550007465014473,0.6178015638795812,0.6637119581768351,0.802070563947472,0.6823473727117821,0.7340522079446794,0.34503812408227386,0.6338661120696241,0.7210811151581913,0.9283642985528016,0.7038792418541145,1.2513137784466517,0.6207305355007032,0.7759402157602902,0.638380964815722,0.48436225562734947,0.6631496852463058,0.46905260174464336,0.630363843150483,0.45129543054591975,0.6230836623206931,0.3862485709543452,0.2735306111459294,0.3884353896749465,0.6300616383968404,0.46784520175719213,0.44459278555308596,0.5517637930677661,0.3425470026385881,0.6445637426430337,0.2718120116412347,0.2743629219221775,0.18400187590381564,0.8023265637045591,0.20919627465114177,0.4689281900487169,1.4591026279087604,0.967795375658709,0.7725378389011002,0.8962337311280575,0.8361277126812687,0.8826214957479794,1.1640088030470883,1.1243601664245366,0.9409079267075079,0.8804500361505114,1.0754184905317765,0.9565372680555919,1.0047626317643752,0.9482483877306159,1.1133889612639651,1.3975267286469268,0.8948329520208171,0.838852486191119,0.4760760117368559,0.9681203728156543,0.49594357656979504,1.3925037982457522,1.3463418919543289,0.6464236319516105
082,0.19553590379917116,-0.16233883866892307,0.35887482869990117,-0.04622578174998568,0.14277482801528532,0.15836574232186085,0.06274366445916436,-0.03675588381563996,0.787166386098254,0.1433277475416819,-0.04811464262194612,-0.19784181282849467,0.12035212203691698,-0.2224518164877696,-0.014445886466790542,-0.16588990438657703,0.3207808116109733,0.04037579303819158,0.23348700033588893,0.11688416062603682,-0.03850640384875659,0.26964752069918513,-0.05683124338659595,0.28270132318563046,-0.1394042630981529,0.24412488089148598,-0.15294192214943578,0.3004755285435059,0.17057284079045296,0.22099704341887594,-0.06683350503967392,0.22274319963459144,0.42188182925238155,0.29859280797206406,0.2690389814437753,0.07493496570061697,0.11094238304654021,0.2516040969452472,0.20843852519756884,0.22036580021143667,-0.3956416747320059,-0.30083132721852657,-0.039519328241984286,-0.17487171763607412,-0.5664209511358772,-0.18344193249002969,-0.4843968865208635,0.1818753950981098,-0.5362203272035356,0.23130313799573235,-0.6345969002244303,-0.14186974533801594,-0.6579963385651393,-0.00039884782369462024,-0.5228167977709746,0.03983660770608517,-0.16670493197164515,-0.1234657540079053,0.25901807961414774,-0.33287663519341026,-0.07402662485637033,-0.3666297828703404,-0.3373222527633023,0.0729708988596866
083,0.47982800850593244,0.4489428215576651,0.45313798960329604,0.12035034992812471,0.29486851700441824,0.5869317419779717,0.47420035167663344,0.4609486699753087,0.295790917068974,0.45079143366962193,0.28927436149799785,0.4620469052760874,0.21793163210477476,0.41751230118396787,0.1657568548649528,0.5246577348778166,0.41998119879070095,0.38509537851307996,0.5742926505731374,0.2106360442912473,0.518308374440023,0.2708148626112383,0.25682819735932666,0.42337263523632274,0.24101778753060504,0.8339318280991179,0.454524354744135,0.3079724939729308,0.26594088205058247,0.5709731164831161,0.42206820784059107,0.6249982475141941,0.4004816199612964,0.3877749559846493,0.4335497136174775,0.5595615904430884,0.6914209570180754,0.8205963362316823,0.5908715563457243,0.3154962992208848,0.18641148772785138,0.24263115900876236,0.05436739850089248,0.226960842706515,0.5278252908037789,0.1979865451431346,0.6725774432684417,0.5461654299199847,-0.09691039920058278,0.5713820584334026,0.7332318505338122,-0.16423732681040368,0.6209060150415378,0.3094406047131549,0.5406153818058551,0.2983497036121272,0.3056805460431437,0.420002482844157,0.3638622071782007,0.8847446637009196,0.2979747673119644,0.8402402040991128,0.4838763842536015,0.5153353058994613
084,0.9558004677546479,0.7548758658863498,0.8172810925958267,0.4128575124009397,0.240949412354554,1.2742213726533889,0.7248806836227171,1.2518525287711253,0.6320167503206022,1.1738397788637749,0.4423682553410101,1.1095958204862675,0.7733519160549054,1.046393907993563,0.10742042017649885,0.782071032703083,0.16622422483362748,0.3890084441728211,0.6262199210448058,0.38563419758494666,0.4469547234356114,0.972250768509034,0.4859136768873026,0.9600163020973658,-0.22889389179696473,0.8172218631590693,0.5281943117343672,1.0368963454554145,0.3570359594832858,0.9554699335681912,0.22716376309019226,1.120658667222266,0.35672351918825196,0.7804174420736791,0.5348546961564291,0.8788404930416521,0.4768894572928213,1.114969524471579,0.8079617689335632,0.6821639383413359,0.9272462543739103,0.4400794930155689,0.44704079864939916,0.09942692658639651,1.1311102028786792,0.6984300613873408,0.818450682430524,0.5631224165988499,0.7679951648186472,0.2154615462631837,-0.2077571836176064,0.22499242122265842,0.0749696891910239,0.6516525598246903,0.6148284363014527,0.612961968113193,0.613836169176362,0.436904188326784,0.3728918617326721,0.36181366824421,-0.06296761168332302,0.7219974767874503,0.5699085703653324,0.37824436032511827
085,0.10457234680293315,-0.19563865659571675,-0.5888152848523833,0.12707831675269163,-0.517543335053134,-0.1936846292591109,-0.2083007805454441,-0.13286872495267052,0.052668606174708296,-0.033323497602100585,0.053334306515606236,0.45632376204152586,-0.08349269925542194,0.14859448661733873,-0.06683916259720396,0.1641549478177895,-0.2353900177810258,-0.1481989626416942,-0.45341928419072447,0.016953143034408674,0.34499398170358475,-0.3226887430704835,-0.058177516466003,-0.12324075784702208,0.14037611120189925,0.05946701209355608,0.6247038177793,-0.31371565190066897,0.04710179662334657,-0.3127938903165693,-0.14061080818545987,-0.370314587546816,0.4522183166389922,0.27685024716938106,0.1373235281917342,-0.017939027114899878,-0.5297220538336685,-0.18985844700350152,-0.36280523329771847,-0.4688918921241408,0.09877216414824974,-1.7475309847085716,0.522858173744845,0.35314693511047757,0.5008972082162221,0.06959008414351926,0.37658453711143736,0.2548243408094219,0.43677002919223556,0.3444713976354685,-0.0069122297191784865,-0.04120752579284287,0.19928339417009616,0.13133251486005298,0.2663949235332663,0.07649451269938853,0.361461482535794,0.04362038561220556,0.4014980105640418,-0.13785054498732244,0.6282900256047409,0.2182294031388312,0.37255960718268866,0.11163032434741098
086,0.3816542055505262,0.07723739082916599,0.11903033543724081,-0.04167954761743854,0.25852196658203763,0.20923611957586233,0.06840492309749914,0.09828012335895563,0.026314587413465984,0.12749224386884347,0.14978478118268432,0.02984193229135064,0.02194263573658385,0.011523844491934138,0.18386990277065243,0.3429915429110397,0.060822807115068295,-0.022564435061364997,0.13977785266966528,0.358511679793177,0.07171821773924122,0.42870571442120964,0.0021425772600063286,0.5766254720905702,0.18212710783989383,-0.19040865117799535,0.2849172295779798,0.46306017137047295,0.10728736249785278,0.4221646531862617,0.10755928034678972,0.45556243540303404,0.014512782496365423,0.28851823753009276,-0.08120253944257191,0.1720541815382449,0.16974263559120367,0.48621686671770536,-0.21452770448021447,0.27210964712993574,-0.122350951397419,0.11168066971726202,0.014473125770852163,-0.026031996829524895,-0.06839615954321207,0.23159962557185818,0.37044581163760315,0.3468072840624306,0.016419052594491557,0.18444841605414175,0.07877269712299621,0.5743065688553629,0.3984220910234495,0.20253789674596645,0.22454324665270703,-0.12306575880892182,0.2570039187922718,0.05862983429142182,0.42789217885576813,0.3669745193873171,0.11802780101072549,0.39424365495988883,-0.14265141831415332,0.19362087549721296
087,-0.29332464354136706,-0.3964920629323002,-0.5480049508285214,-0.3121221122693184,0.2670212132318943,-0.4671069653311247,-0.8127360801866621,-0.3578907299975055,-0.7455427429939234,0.04223553761789797,-0.19061055928627765,-0.30659377884779393,-0.5177555428950441,-0.32584152130101424,-0.5538862263112144,-0.4170451901367992,-0.6184696181740503,-0.6070759279809492,-0.786823953822642,-0.43717458926160807,-0.45002048996508637,-0.4283105067018012,-0.6653207963607993,-0.42955127109951,-0.7137590264784582,-0.5219850198094966,-0.6583716565857385,-0.6200526575185221,-0.7325676783364302,-0.406490989477792,-0.6285652257512201,-0.42853211242102573,-0.7311683309342477,-0.6410096322317813,-0.2724135328068564,0.47104394406994987,-0.271345856915878,-0.8154334758973913,-0.01408213836128927,-0.4373519574359109,-0.8052524103576375,-0.3649947291531037,-0.42688195831625214,-0.5387578791907377,-0.40412694640712993,-0.6679645124668899,-0.1825223685267712,-0.4325195063335322,-0.37079719645476394,-0.28347305308076093,-0.347769554196384,-0.42705110197422425,-0.4487610595992942,-0.2244427023103271,-0.13842450969218673,-0.4220033561655991,-0.38245311292798795,-0.6089456828235824,-0.3126119823310196,-0.6344037924194919,-0.10102062980454199,-0.7134232738292983,-0.5743903246665496,-0.6510356932372179
090,-0.4570145501162757,-0.10666337116641131,-0.5171360361390798,-0.17743646482560785,-0.10412406201007235,-0.11467514433021814,-0.04794971567830414,0.039789926343739956,-0.10012171610924006,0.19939645560998093,0.1601345651375281,0.16467963440798428,-0.08302832400104018,0.11100068328372831,0.16692797573184376,0.18392011559250668,-0.050360889122882974,0.2191468112877561,-0.06008741982383123,-0.1682781001571385,0.14859909289010664,-0.5167803351189391,0.03186512703166139,-0.782499079343989,0.03814167719382994,-0.08612068386621574,-0.12889651170675626,-0.4662706412169686,-0.28618729171667673,0.041959189484221227,-0.18320814941901176,0.09158870903791669,-0.04827091762699787,-0.4315661597619409,-0.743629155909119,-0.33980478133518627,-0.38263452488397565,-0.3054746653446161,0.5784454495510943,-0.39481249082040126,0.2222274835144928,-0.013020595680305391,0.12636643410151524,-0.16473692734569978,-0.22170687774991388,-0.14251828512716583,0.07756208949839229,0.0842684606416727,-0.026799136497518583,-0.2996041420922393,-0.08399145601775304,0.42566159272530646,-0.2931616789871133,-0.1159166011871349,-0.2773301543585211,0.30572596772456784,-0.05228329340654689,0.01953595083237794,0.010614849796203002,0.2279900788722856,-0.3312820912827187,-0.1282977054790567,-0.037890879984664755,0.5404797514089504
091,0.42544297804394654,0.38893587877376173,0.3048539080488902,0.4028240628715671,0.43938674305083025,0.06373175480995992,0.20628728424576145,0.10037121511652503,0.5321153650528571,-0.14644500469173663,0.14558727376825292,0.00729953487132512,0.12590141994924803,0.015801232857903108,0.08184330665596973,0.011126649287245438,0.16990316127272215,0.09027279215671975,0.06317570834003494,0.17249142797912237,0.3656345060951216,0.176850326092155,0.3214444160677148,0.13533659598531506,0.33260068951271404,-0.1887582053581267,0.002921606272307989,0.06868500880507235,0.39073495901313904,0.08003800899779552,0.44219669000496115,-0.22567845057544933,0.5044442347539082,0.5328183530316426,0.4409514950761966,0.28727074172438166,0.4866766661401282,-0.20623456539231505,0.2298248955884003,0.21174952968250474,-0.210582209977839,-0.02616599249312601,0.0036008611958997794,-0.0681399806883096,0.1835842227056455,0.1460858350812878,0.2813685004443952,0.07439308981389964,0.2592845835569343,0.025601512631468218,0.03227977323489953,0.15214449889002113,0.3833459150991812,0.03967424748700554,0.008024329462463675,0.13119394149328464,0.2210447403541479,0.21061171612313645,-0.20245873875798315,-0.22017939565796096,0.1618892108089719,-0.3902328693539464,0.04249314783437301,0.16125133500462557
094,0.09262928231169838,0.23838193887747747,-0.059988772137133134,0.15064894053669567,0.41375399901012483,0.2034050613135199,0.280589475392977,0.32738782669127275,0.2129395772544256,0.02157298832976301,0.15901688730422875,0.1847570457773992,0.2365935011123615,0.36838140510436135,0.04977507556778253,-0.08417891147890542,0.05859423661002121,0.22269147051126703,0.3356386295544257,0.2249233146188126,0.38453653415683015,0.21521165373294454,0.5281216760197792,0.16020192541541656,0.44993786828211485,0.07693641961189804,-0.08625762835616199,0.31858288273864965,0.20286732768361293,0.08010158514892392,0.22640566859565553,-0.053997308116979906,0.3723940316286024,0.27027987589184976,0.44222688946815386,0.25754140649701457,0.1833270570548823,0.13102466473164254,0.37405729058332,0.3374327572103224,-0.5157472943170205,0.009478045834760779,-0.4808758400089691,-0.13981674843296618,0.3124980351124188,0.01722584199243482,0.12498411585408922,0.19145729880537046,-0.20414804568925823,-0.1589910365080686,-0.2522970370854708,-0.08614677384843403,-0.14386481488734243,-0.21032454774805376,-0.3439476852806586,-0.02190744467647221,0.10978599296461547,0.4896540509423708,0.43337944109599436,0.1611080792784354,0.2229911184418023,0.312057780158851,-0.14457275178150267,-0.0735229983835326
095,-0.04338615835708702,-0.010782385156881374,-0.01174367267355414,-0.10213579463029032,-0.04778763409540507,0.1564436570619951,-0.13098659493846979,-0.2918351033797039,0.088242580477719,-0.1412991646209096,-0.18099376199228367,0.32185215136875656,-0.09774688180396443,-0.006012600437893784,-0.07658448285582922,-0.17689504582788917,-0.15180076931768535,-0.10973637865074656,0.17374097652117337,0.01805579170769986,-0.2726169248801847,-0.06223174512594751,0.21371478649729647,-0.20914642510805556,-0.04485589758156899,-0.10167111787797423,-0.05028935124850581,-0.19371755779170785,0.21600082900031345,-0.036012336141796844,0.2495757744549671,-0.333824823264013,-0.10198843912747155,0.19121159004458108,0.0784001615919587,-0.2091598165024679,-0.08195304257760086,-0.207879611116238,-0.1363148002362259,0.03829684735418655,-0.35370569102289817,-0.20475433248263214,-0.3570589235971375,-0.30947077062858797,-0.20441717500469886,-0.0796161879188565,-0.20797847243600495,-0.10459600211671034,-0.2787434593146908,-0.27410224100516484,-0.290011562536333,-0.06878424940327468,-0.12019073954698944,-0.4424483264397575,-0.28978617139104806,-0.2855037463147,-0.11640641693226554,-0.11057658621585345,-0.22436925342150996,-0.1605274548311711,0.044602884410698346,-0.10835028018090093,-0.18874548023951598,-0.12483723663375361
096,-0.33498678161745865,0.1519629808004098,-0.21077255477142973,-0.4872472460993305,-0.4331352036357424,-0.21738438394804774,-0.022251636369921612,-0.19488026904632447,0.35368168259447047,-0.2194917169079716,-0.3783548080720246,-0.08270839367925273,-0.07086436360979076,-0.24072803038682436,-0.013048233451121272,-0.22806331925583107,-0.44289631709520494,-0.14239763530647476,-0.1810759700344974,-0.5053518878023585,-0.12097243232963553,-0.5035031524769233,-0.01498789142999346,-0.3125085030553705,0.04787659471740521,-0.12256252735996143,-0.5531239107081184,-0.4492011372519531,-0.027198879891626365,-0.37791949587815893,0.015451987723873573,-0.36832255466708497,0.09862595436759444,-0.16790961702999996,-0.2966042523870853,-0.37177495464619403,-0.33656242221741983,-0.3842432267135135,-0.5274084366683705,-0.199230231252306,0.35876924173493024,0.044799658106037574,-0.015919249079573608,0.21092027604992009,-0.23293375302179053,-0.16910173883246155,-0.0700455784918249,-0.15136436385266666,0.10815414414788727,-0.005148785006632836,0.11632193578553315,-0.03347284286158242,0.0017321847916945132,0.011707269230973177,0.1221259474236647,0.1631342055618593,-0.15339769130104974,-0.40329426151003855,-0.07302331532191542,-0.26792441669615147,-0.4165691937154244,-0.12985467687184488,-0.12992568635870097,-0.11629122595257423
097,-0.5821174172390231,-0.30041490329711595,-0.40089995632417885,-0.303258185645512,-0.274616787987591,-0.8260835955610768,-0.6730536745125958,-0.6654800520614628,-0.6235763300071686,-0.6479984329765159,-0.24578783654210573,-0.8437604972384505,-0.6704482772448129,-0.7849858012846518,-0.9743232623346776,-0.6346576839199289,-0.5846301204312283,-0.799041829301471,-0.5692503547443228,-0.5905560002996594,-0.3097330957900071,-0.6902522353043383,-0.32750555707859297,-0.4703572671101377,-0.4094019434108368,-0.47095051187879905,0.08488072205242102,-0.7388699131629717,-0.5457071776106492,-0.4928108094319492,-0.32659974837981814,-0.4263730172861316,-0.21961374262042566,-0.794602057201748,-0.27640336550977196,-0.2100725206764107,-0.47129069943126967,-0.4561150894393466,0.06823957370289532,-0.3882484894427299,-0.4465222827162546,-0.8322556098577409,-0.29874164817182874,-0.5693461180863411,-0.7861839674136372,-0.8704539731406157,-0.4717798824114976,-0.686726528561245,-0.44966092609334374,-1.0218690664596721,-0.5321007256548106,-0.46749954016380363,-0.7298508961980507,-0.2114043900020213,-0.18403365344612285,-0.4358755518972112,-0.705436503010403,-0.288223401155537,-0.3272112225121303,-0.639861907407266,-0.2760052112745893,-0.3136687960311129,-0.4553859846538927,0.27741474704491
098,-0.16364382700640195,0.15306932699323608,0.30880186077086186,0.3908149500150161,0.09722901944620686,0.3672742616340915,0.1303173263445928,0.4005829998773756,0.18623805117946446,0.5290017586860167,0.16595848294225418,0.36724446924582904,-0.0714517042587931,0.3337640513031054,0.004530295035953473,0.6118374147585491,-0.262313635303418,0.17073443058993726,0.17582069527538752,0.23156931804737685,0.09832818743103093,0.23474395551419464,0.15359594816496785,0.1966324759224578,0.2248174234136032,0.25796724927799886,0.3868118311039967,0.22653107868313527,0.24154792268650682,0.185414243256956,0.15623349752814558,0.24783157258087118,0.15125983470284204,0.1886436777331788,-0.061788131307672675,0.05766348104075551,0.02870251864215033,0.2235705792723588,0.26294897348730784,0.20922762470468725,-0.4765805091606484,0.24402735854666946,0.09759159929404576,0.141214863948334,0.5317425692688792,0.1907489180237359,0.5701333184005939,0.26344766638260697,0.568028140451178,-0.15097941268976103,0.5216727149389784,-0.5370934249487511,0.5484387661216491,-0.1187606129926395,0.4109263490294637,-0.10336622099139872,0.44001289931987786,0.1039780453671272,0.40222952576147464,0.11212432046084969,0.22161998831763718,0.17332474856068886,0.39189276313694343,-0.1575264694650777
099,0.4159982287490206,-0.03919933641140847,0.08653600046447328,-0.011720843255132195,0.38505705206509677,0.6251823257611949,0.18112848767873221,0.6110069342763413,-0.020667251880806967,0.38530880895932534,0.29982533997285277,0.5412711893568823,0.36501400326321876,0.6236052220950001,0.41688406196621497,0.3959280939934498,0.8620035767484767,0.4686648011781349,0.5557791595895627,0.593882338581871,0.17535296727708405,0.49088285042877133,0.21613991263762425,0.3163198449618565,-0.274633741851723,0.11250360924273517,-0.23899962456189466,0.5599320266239572,0.123126975650907,0.5663804115180934,0.05365129910671049,0.3498083159718814,-0.2913843115712526,0.34946011177658964,0.2075389876582764,0.4177864356804111,0.2598359201016667,0.17678150822975175,0.059236869824757746,0.45034865069287233,0.45718892144276135,0.20593524803411734,0.18271298193418467,0.09693418990251393,0.20992173722760205,0.3658425458025556,0.5522865806928378,0.13671242148246315,0.40896320542849585,-0.14215351669646054,0.4492173700121195,0.1416689832759079,0.02515698899624548,0.015366906011635206,-0.17491938805727444,0.12110944566981373,0.1472581990687042,0.24772521718141205,-0.14942594149952246,0.09865647112967899,-0.05079815768994817,0.12524695524465967,-0.004212735672402629,0.35255350715223266
101,-0.24676846327412955,0.1271418370316978,0.2363106155151538,0.11280384728069331,-0.2518902777729128,-0.504555873854208,-0.4004044191983705,-0.6924435480989493,-0.7349611242175207,0.024195665365944932,-0.299082792606501,-0.3791095539360009,-0.5239335733856818,-0.3846450009689988,-0.23703588428175495,-0.5245279357267729,-0.3178106462974224,0.07305147746657321,-0.40797305055441985,-0.01424396411773382,0.0963247748739833,-0.026965460537007116,0.4178267162386776,-0.11190080896207374,0.11727800387538431,-0.1755848916329413,0.11500962779650295,-0.23267498919012786,-0.5255762274411255,-0.4687481245087421,-0.5440539281736678,-0.3435140483153392,-0.7144589434242022,0.28270496165115166,-0.0049711519963548945,-0.117679013055752,-0.1448140944243867,-0.5004151387669491,-0.16887299108297196,0.12241774678204595,0.15901165012274782,-0.10879169379197845,0.18448374437284326,-0.21461388272751977,-0.4231358277912323,-0.6757902667668492,-0.5319016895186418,-0.32595116838648597,-0.3729693717098128,-0.5775639025574256,-0.2794507860736607,-0.1784151352821011,-0.051215547114860385,-0.13159655967826445,-0.14909840178842781,0.04320585752783865,-0.6172924046903516,-0.501784084763844,-0.10533939160565503,-0.778089274344602,-0.39816143911686197,-0.4859043991840656,-0.07428567556932424,0.19513717042575865
102,-0.025586738352249144,0.24229765636003853,0.02812880876256177,0.5249831967075077,0.11449704004060052,0.09673484592984091,-0.024888237031846616,-0.11611958030071631,-0.13784622362291649,-0.3027241759724357,-0.11820233190720594,-0.19466042068838801,-0.3189406848020549,-0.18041559845056201,-0.35517064176640933,-0.38379797142027494,-0.21207821877851316,-0.2528466347088394,-0.033663036275119934,0.3351506507288217,0.4423381572583232,-0.09425688478068403,0.49518125127123125,-0.08164170631909609,0.546767127272865,-0.09111647240878559,0.20496323193360622,0.1542548922177225,0.27761094193711805,0.17576277094141107,0.38891864032703416,-0.16405692138673883,0.39209631482821555,0.20158498411381845,0.02459682587537948,0.2568719982758248,0.13258898016868725,-0.19209907605870874,0.21901801856177072,0.15047207821651631,-0.02466638573008903,0.09655084797862701,0.3497009962435209,0.010570105794266288,-0.20282490852075943,-0.32038959052691734,-0.10279508174748525,-0.3785699966096848,-0.17762441396465076,-0.45955022690111813,-0.3319647001129751,-0.20497272820579102,0.08511036283967849,0.01407259821631282,-0.024236940936233825,-0.011392383884696267,0.22148722953654526,-0.25943492511968264,0.30098559975939243,-0.19254591672404323,0.3766816314320476,-0.26326217887158987,-0.26952659518647565,0.1241982097014987
103,0.510180875573165,0.9831590242381574,0.3645833227913945,0.9919397148257575,1.0079202848063762,0.7955131942466274,0.756326028331206,0.40777523945488003,0.6594006664835323,0.3086902722191881,0.7536220039130249,0.5268691506767051,0.570059579855808,0.38577438241911693,0.6178964415544058,0.4696616664593566,0.38607397467897897,1.0219792237441718,0.7759915423739278,0.7694668952628084,0.8855987906460604,0.7522261994763163,1.0482658416762556,0.3001651749486325,1.041401376127681,0.16968784557572938,0.940629748071125,0.6475617725969169,1.11887705673306,0.4799688342343892,1.0646926271023012,0.2527073189280115,1.071536102827048,0.9876235055247922,0.5584929639709524,0.6727332621975957,0.6718662306827314,0.2630904212276165,0.867098520652954,0.8976594022604503,0.6683503294919161,0.6560973768271264,0.41912229149825875,0.4849983945463623,0.5501155181255194,0.5655967865910427,0.41889278928382784,0.6332692376819062,0.44631026559848286,0.30073521145738913,0.695412663533824,0.4243553203728219,0.7920937833290667,0.3561210402796937,0.47677059225405727,0.43001013208453154,0.6042445967945055,0.535190184353286,0.0560888360512327,0.48731779045481505,0.777152451127593,0.5857136337283138,0.6127471693450532,0.15360970712479033
104,0.6874606602332067,0.2113352873951622,0.39763177862017074,0.44500284295967346,0.43436735147745226,0.20557404871793916,0.31905548539724793,0.47321131815346384,0.13969684583047776,0.1441000461902014,0.4087300821076361,0.4097645970589767,0.179659362331552,0.47561417279006846,0.023160800435904877,0.19916015662290093,-0.1610280559632004,0.41141618106753414,0.3572465681408684,0.28748665747595736,0.16050595899252884,0.371918530346372,0.20445683962860284,0.20281905768943562,0.37067359041500203,0.2614450475106398,0.5190988583878619,0.25869260582256937,0.19233833963574354,0.5917737012782566,0.15114457211570406,0.6502271144351018,0.4054348983039277,0.13612944844149513,0.6608411286108015,0.23877289209440533,0.43128637255009433,0.6311506078199463,0.17362507959489107,0.146630698937408,0.5691258647993945,0.7505126652832326,0.18110214404814845,0.5547350201592848,0.374897015960322,0.1296773732007821,0.5976519493073099,-0.09502918284326375,0.6190861825714277,0.33182123411177394,0.5739741537647669,-0.09798783004700945,0.6233375882480119,0.18021292356106638,0.7792676395786798,0.21018695065085613,0.26856133755124345,0.12131618780187012,0.6484596085782985,0.5796926541172784,0.058215629586916395,0.3295966993778753,0.23294697621219523,0.008140379938405162
105,-0.08398455337022015,-0.14516778869973362,-0.16282228127687237,-0.4290741608892049,-0.036082958826705425,-0.15938911368673803,-0.08513186691925612,-0.29885911592349546,-0.258955906099981,-0.0984407609782801,-0.5399712703659837,-0.18744481072667632,-0.22821006210007652,-0.3431707248595287,-0.3649595983372359,-0.15291210349796644,-0.6448729031534521,-0.09297432283964896,0.03565005891159628,-0.10757299087439917,-0.21710790996255624,-0.26103394379942957,-0.3488328917484782,-0.05221882825935287,-0.32588886832368874,-0.23558121681342462,-0.21652485465301335,-0.21050666956516934,-0.22844849675157264,-0.18339805526279587,-0.39583131041587,0.10943369129997554,-0.3666879915616199,-0.19253266543463918,0.034165561791894714,0.074930047219042,0.07990375869766911,-0.19322911611021867,-0.3549030498463771,-0.06309091243037479,-0.23733155610176193,-0.8038302069956307,-0.42155727071030485,-0.37949906398563216,-0.16143897140211003,-0.33457283197939447,-0.1350426268469357,-0.49445618960053994,-0.368027217097772,-0.44374451827815353,-0.3830087246771909,-0.5860643724380483,-0.29685472874774804,-0.4635142746715817,-0.3063442503305006,-0.2382739067077787,-0.03643036886595759,-0.2709753692668593,-0.754796061796404,-0.06668289814000813,-0.3093139209814665,-0.34358403641839724,-0.002658313353583644,-0.5942014165556915
106,-0.09824776208103053,-0.35886915266588193,-0.05632918496636624,0.2649055234856581,-0.10007840724601413,-0.1653789009360189,-0.4462533610360417,-0.2779792527017535,-0.5021247638758429,-0.4960630384163147,-0.3325088006225668,0.0022280101643941536,-0.4968958365934213,0.1683521216077982,-0.3941684031037635,0.21147868685037335,-0.26966843340002483,-0.1884789738512483,-0.5580222970969666,-0.3316961275681165,-0.37475107168100147,-0.4794278727715178,-0.35160001101999955,-0.40354043230792025,0.005571791325469144,-0.2207831251318391,0.4912387722393394,-0.08878221522434565,-0.3478265978756576,-0.5344512405838552,-0.3030318907945594,-0.5235163139998747,-0.10662454475509273,-0.37961303158895565,-0.11923079092642275,0.0003527874959069477,-0.1052598263778704,-0.3477505555064354,0.06898712476249368,-0.3265414010309493,0.12266264825236636,0.3477003340699185,0.2881850060231147,-0.12731052578742968,-9.987551455717392e-05,-0.11666739090743265,-0.07377768375778589,-0.23528403653877,0.41196600169639164,-0.06389896124696405,-0.04809909418780395,-0.38443736070913775,0.40758697275972483,0.013355254777563483,0.5182941616028022,-0.20612951244886063,-0.28115737316270856,0.04894030476171869,0.3790350045441781,-0.17215580943422248,-0.07309611094984349,0.07113208741181704,-0.6232446461088915,-0.054762195160875146
107,-0.44127549937243765,-0.40474349474722515,-0.7226903162817653,-0.7159573637551968,-0.7113471601264851,-0.071566640633066,-0.2043262283605179,-0.2245443661903001,-0.2593246720852603,-0.6240094974661891,-0.3773729296356037,0.04720971203383145,-0.14817278130190403,-0.23706124515712174,-0.20299766223509993,-0.21865807040031163,-0.48838033407000003,0.06488776644239158,-0.08803708476560437,-0.6404868169300499,-0.45737150152804396,-0.7330927321429563,-0.46599078841855734,-0.6871727730059537,-0.6547407438210749,-0.35275863775217065,-0.6447964723138923,-0.3643085204705138,-0.17940476322069357,-0.6521075288916518,-0.3078430869721943,-0.6769397114789423,-0.5758137276948305,-0.0605294398989093,-0.620397343324766,-0.6277373454128781,-0.9161424249695598,-0.7089883578805021,-0.8370282389370741,-0.3434305685024527,-0.7275216120926422,-0.7811328577058183,-0.5488273560342936,-0.5612358577675244,0.014378856560556486,-0.1498580307693264,-0.15404131653646402,-0.2920558628536451,-0.2517320590317099,-0.3958640699353434,-0.36189100283612946,-0.5814960620158096,-0.4557064760987195,-0.31826980883134615,-0.7828527770528435,-0.16524631249015295,0.06669433880214395,0.17469938853008732,-0.32980413393429253,-0.2401255843960624,-0.669441239547128,-0.3558878453821619,-0.13321836398120024,-0.5991206496171544
108,-1.6512903549021027,-1.6279199806203115,-1.76686628895182,-1.7062579572510645,-1.6311478757323974,-0.37020494296039497,-0.3518343129999981,-0.45124056428006876,-0.2511959741913307,-0.4262313004290619,-0.46395167391263525,-0.13849578124448494,-0.14845882198962518,-0.1696613712182857,-0.08018768831979993,0.10759992844062329,-0.05815739532625236,-0.22740703997758444,-0.34242724287872606,-1.4597530408560955,-1.3181211396601937,-1.4323560221784042,-1.0830622480962244,-1.35316987210549,-1.299782621676051,-1.5303455500616465,-1.6280136346142087,-0.860875210201412,-0.6273425339848595,-0.6233592150186871,-0.5393197921580555,-0.9647064190569172,-0.949228606558073,-0.8052119754850771,-1.7772425109145327,-1.6383422461126447,-1.7419071877955774,-0.8800007760448857,-0.8214201194051884,-1.3281499116746183,0.03504130801552252,-0.22660080330268392,-0.1207460669383337,-0.003847329620002754,-0.24556038457948437,-0.19283027864386076,-0.17264756940086684,-0.25261242488711844,-0.0910921731114846,-0.4354449343961305,-0.3682730485588849,-0.6072849832499176,0.029975261252804315,-0.27780908978365604,-0.04238785739916723,-0.294067270083745,-0.08891343933870752,-0.17641869659755727,-0.24392053495793167,-0.7012239126586413,-0.5784055978334323,-0.6181384375916918,-0.2705908427173827,-0.35660632917117663
109,-0.23059283609952347,-0.2699924690959645,-0.24117929059472643,0.18428691512584988,-0.14192003360817876,-0.06895836478166198,-0.033230520332364066,0.0213336461720713,-0.23087523564321957,0.11622285981242383,-0.06331391036093442,-0.16939014733790775,-0.29313960342846596,0.20512816383448546,-0.04327735654816153,0.6011659511393868,-0.16974362982177493,-0.4855198329012484,-0.2527650588499837,-0.11306447584384535,-0.14892943985540927,-0.3242982523885216,-0.1901848800261282,-0.15177485321282075,0.053742156682143355,-0.1477102840220706,0.4602500307296379,-0.1524047030721366,0.3928304235364969,0.03287629258388822,-0.31851905802609964,0.08133870717709818,-0.1302973873478968,0.0956657058708248,-0.12046357487394688,-0.07188541557925143,0.0013963464353732996,-0.25091215306538783,0.008840798610602371,0.12118858288797554,-0.14647154851150854,-0.259067419471335,-0.42125580379283667,-0.24379583238064048,-0.3303400473759673,-0.16525147347759922,-0.09419216469820349,-0.23152301606378192,-0.1807543797952756,-0.39017978560498023,-0.6748221944674823,-0.046648421076552954,-0.09166353129233315,-0.4126924734035917,-0.2207129170344004,-0.21506099310803645,0.2130993820119233,-0.2892895285852424,0.18506488323732775,0.27470833015027313,0.13597101366269954,-0.5006592158088852,0.013700936732776184,-0.11021163838110103
