subject,Af3,Af4,Af7,Af8,Afz,C1,C2,C3,C4,C5,C6,Cp1,Cp2,Cp3,Cp4,Cp5,Cp6,Cpz,Cz,F1,F2,F3,F4,F5,F6,F7,F8,Fc1,Fc2,Fc3,Fc4,Fc5,Fc6,Fcz,Fp1,Fp2,Fpz,Ft7,Ft8,Fz,Iz,O1,O2,Oz,P1,P2,P3,P4,P5,P6,P7,P8,Po3,Po4,Po7,Po8,Poz,Pz,T10,T7,T8,T9,Tp7,Tp8
001,-4.950922862121235e-07,3.3139927488285e-07,-5.445645072111889e-07,-6.413428642295851e-07,3.5293518302035185e-07,1.8595463298390957e-07,1.2295315228991628e-06,-9.57571271605883e-07,5.348795823142606e-07,-3.975504242770742e-06,-2.699894863060139e-06,-5.225015134361642e-07,-2.2994250478779716e-07,-1.1354590522337592e-06,2.46700989657938e-07,-2.578419532232184e-06,-1.3569692616429813e-07,-6.347447103010514e-07,1.3822475603517025e-06,5.477241647804232e-07,5.350814194114719e-08,6.668672297473922e-07,7.733344037068503e-07,-1.2664080219834017e-06,-1.3816637358004247e-07,-9.849047926242532e-07,-3.049192034940125e-06,2.4906576461628665e-07,1.5016443202879275e-06,-1.2059538789029881e-06,7.889376134919677e-08,-1.8723091782368223e-06,-2.023003360469402e-06,1.6510520416851844e-06,-1.1517606802658731e-07,5.036518594387382e-07,1.0788666509206336e-06,-3.0073346951823367e-06,-2.7182832217665025e-06,8.428919537934354e-07,-3.5944084003843143e-06,-6.0595603790823984e-06,-3.96344576619691e-06,-5.0161855909593656e-06,-2.0257174825641113e-06,-1.259667694914143e-06,-2.2130524964390406e-06,-4.630199842290723e-07,-3.003866653722356e-06,-5.777361981884985e-07,-5.4312040316711615e-06,-1.9496501469871563e-06,-3.736499206405083e-06,-1.7806815359828974e-06,-4.5667419577368275e-06,-2.4533609212041312e-06,-3.246952267652026e-06,-1.6012618225300025e-06,4.7103795640186606e-07,-3.3578498678700752e-06,-2.806521497963281e-06,-4.844377053497517e-06,-4.4174049393644085e-06,-3.4213789855601068e-06
002,-5.185680273199826e-06,-1.1432808664120048e-06,-1.7307104471494195e-05,-2.8772071164656794e-06,-1.2012045676544803e-06,9.115092595085155e-07,-4.259770063605102e-07,9.785903442786276e-07,7.461279434283081e-07,-1.0658690533012582e-06,-2.402305214499207e-07,6.138035860292322e-07,6.23716493834301e-08,9.06633150442598e-07,1.238128791233743e-06,2.1631183876661584e-06,5.899441808723366e-07,2.621663675993927e-07,-6.7289267209685e-07,2.501312167157674e-07,5.872643576220212e-07,-1.965261691951324e-06,3.9000349555254103e-07,-8.164373586110015e-06,-1.7268458080314436e-06,-3.833844623750473e-06,-9.807895213900811e-07,3.929460528680753e-07,5.238002240334651e-07,4.560355711550058e-07,4.275820939681753e-07,-2.335571160413972e-06,9.877252706642062e-08,7.089355686769536e-07,-1.9369708473919586e-08,-8.726311703459711e-07,-1.8948684286321814e-06,-3.99877355663172e-06,-2.6507157492142567e-06,7.24805425526466e-07,1.089862427354526e-06,-1.240350372130485e-06,-2.442482289704891e-07,1.151471425885789e-06,5.444546277786364e-07,8.55025541076287e-07,-6.268036053380028e-08,1.3392188730409502e-06,-5.657789073684327e-07,1.984293967531163e-07,-3.3914807341841137e-07,5.274893113580084e-07,-5.098395634271765e-07,7.690961301331321e-07,-4.735042348008358e-07,2.0066560541871877e-07,4.964648439701668e-07,1.0419052332598104e-06,-3.0381678015860564e-07,-2.361012795421181e-05,-4.5877015332792275e-06,-1.1019156717432924e-07,1.88187480058351e-06,5.897044848161279e-07
003,-5.330991275631299e-06,-5.676426956014399e-06,-4.514391037834587e-06,-5.557895532689227e-06,-5.794595059215597e-06,-8.32711522228818e-06,-7.891763585922419e-06,-9.00804246690145e-06,-9.230796146116204e-06,-9.877837676622615e-06,-1.4110420492969194e-05,-7.529092998748533e-06,-8.663056766552123e-06,-7.760703922787278e-06,-7.0338415883324155e-06,-9.005568626041843e-06,-8.065933355828326e-06,-8.118603860216175e-06,-7.815451768898977e-06,-7.608776343502098e-06,-6.752648402556027e-06,-7.121662695364188e-06,-6.72382009966047e-06,-5.675843782556946e-06,-6.025695002883104e-06,-7.547236798649859e-06,-6.19765950556751e-06,-8.191113286181104e-06,-7.289233500680108e-06,-8.891107722724013e-06,-7.168466180063602e-06,-1.1257334908053043e-05,-7.27640552440784e-06,-7.651702759055081e-06,-4.455812450032515e-06,-3.699553867222095e-06,-4.386403431026862e-06,-8.830516891400975e-06,-1.0632232249474251e-05,-7.575594421455638e-06,-1.2114076539752746e-05,-7.595388357087194e-06,-9.256953940470376e-06,-1.0105649522224678e-05,-7.5338781243393305e-06,-7.796130411648424e-06,-6.7608601035566046e-06,-7.064139395945478e-06,-7.287621123172883e-06,-6.543243105883611e-06,-7.68551014789132e-06,-7.767888151380181e-06,-6.378029155754201e-06,-7.122711821768001e-06,-6.1881300887449544e-06,-7.288902619164144e-06,-7.401214990705588e-06,-8.03064341480073e-06,-9.080360453569173e-06,-9.751953001166934e-06,-2.465931074348144e-05,-9.70176543847076e-06,-9.750777757012734e-06,-8.658815514622862e-06
004,5.901474810687158e-06,-1.766324187553987e-07,-4.4397710255887843e-07,4.679203046358833e-07,-3.357345438873836e-07,2.1672273995237347e-07,1.786776085908401e-07,-6.549680696296773e-07,-1.3826889304817276e-07,-1.3007866392708325e-06,-1.1664393715222627e-06,1.6279357309318335e-07,3.522839763117742e-07,-2.8069614115318665e-07,-5.920325060511726e-07,-4.066863147666886e-07,3.1939307924185824e-08,1.4909761426335832e-07,6.713740502129713e-07,1.1658101588235751e-07,-5.665557063883732e-07,-4.688845663015918e-07,-5.289500543674415e-07,-1.7467944474109315e-06,-2.8762163310367426e-07,-2.5669260219130043e-06,-3.2541651454155043e-07,-1.597574201733379e-08,2.1844754756108653e-07,-7.483592600132888e-07,-7.359645971277972e-07,-1.110463784276589e-06,-7.753575037970807e-07,1.5488005534648815e-07,-5.559401002867017e-07,-1.1613857373628838e-06,-9.855667063107498e-07,-1.7415187166035649e-07,-3.3051064809039905e-06,3.335302644989787e-07,-2.4449141390649228e-06,-1.4223709350159681e-06,-8.482776048688782e-07,-9.506159291319461e-07,-9.006116690561858e-08,-3.892928769554773e-07,-2.235669549845465e-07,-2.140349120018612e-07,-6.268696439601474e-07,-8.628561845015682e-08,-1.2598572513779404e-06,-4.99465703649918e-07,-8.045411924150709e-07,-4.89638717836707e-08,-1.1310905614642588e-06,-3.227945074855949e-07,-5.82387910969244e-07,-2.905114310638689e-07,-1.5186822758993209e-06,-1.0505234702406702e-06,-7.329489872166483e-07,-2.1058678411680667e-06,-1.6252531487915212e-06,-3.3912921309986888e-06
005,-6.737889656262658e-07,-8.998918880158746e-06,-1.0540346782387566e-05,-6.163283167322797e-06,-3.176351078664642e-06,1.1342107016520085e-06,2.1461970101394405e-06,1.6331706538109852e-07,1.7144335085251819e-06,-1.5312239398089552e-06,-2.4884823805769014e-06,1.5095307162373248e-06,2.3344358055135538e-06,1.5153584564760052e-06,1.801964672178142e-06,6.867997128652875e-07,-8.40242761516664e-06,2.7171172442494267e-06,2.0785083415770596e-06,-2.821811198568788e-07,-6.494462072828696e-07,-1.396029790273598e-06,-1.4397570665589643e-06,-9.220605096455863e-06,-3.7792972132652733e-06,-8.415844408288804e-06,-4.9182313613294445e-06,6.902080663249168e-07,1.43065366554813e-06,-3.192380226985015e-07,-2.619374113616623e-06,-7.3702460797839435e-06,-4.315203795781139e-06,1.4417947918022225e-06,-6.101030528646944e-06,-1.620211530672995e-06,-3.5241818974915863e-07,-1.0348551546228785e-05,-1.0218971160625887e-05,2.2967947873457703e-07,1.0361927369177275e-07,6.835227226025459e-08,7.610844863832878e-07,2.7518668355455486e-07,1.726528695233895e-06,2.2014078092801003e-06,1.579566003860781e-06,1.2367527271091674e-06,-1.925440085793388e-06,-1.9911094930403144e-06,-4.464041076135726e-06,-6.7300275118630075e-06,7.098478942531056e-07,1.1907152871628581e-06,-7.259226376446746e-07,-8.235726492642047e-06,1.6862017545625068e-06,2.3971702922194102e-06,-8.357634677719978e-06,-4.870676542956376e-06,-5.814245201879101e-06,-2.385444963106062e-06,-1.19626750979302e-05,-7.297820468981182e-06
006,6.378901005836808e-06,3.3940949750407846e-06,6.384065547394534e-06,3.291196544544767e-06,4.132368839837795e-06,3.4559067051015274e-06,2.9482106982024896e-06,3.7365700185768076e-06,2.940300822364577e-06,4.191616299652525e-06,-3.5057365615556646e-07,3.1456939405027973e-06,2.9209565861161125e-06,3.0073291254634046e-06,4.120401159175984e-06,3.4525361355964576e-06,3.1287753718636307e-06,2.364508354891603e-06,3.0157904923920693e-06,4.064002671856797e-06,2.7940088428808727e-06,4.065029923605298e-06,2.6930526793487866e-06,4.165939234126628e-06,2.141116884900954e-06,4.007870532983188e-06,1.7908785666014254e-06,5.61134834630735e-06,3.2522719540547318e-06,4.967526281925553e-06,3.127002717678601e-06,2.4334641717000823e-06,4.555067298785954e-07,4.777175314625849e-06,6.1253208148896336e-06,4.428389442199878e-06,4.969264779542326e-06,1.8491793217666792e-06,-4.436983526663833e-07,4.074220639407134e-06,2.7065180258842114e-08,1.5315258552850805e-06,-1.1851279613258953e-07,-3.237888795593562e-08,2.315064659060416e-06,2.115407788558829e-06,2.408069163560485e-06,1.573350002354965e-06,1.7501429959549799e-06,1.5756355550556695e-06,1.6553152762936631e-06,-2.737260696336642e-07,1.3968903861738628e-06,3.2718422035805793e-07,5.696598406838555e-07,3.5406163751101073e-07,1.2789250947052186e-06,2.067703767907941e-06,-9.164090286449123e-07,-4.502549184053627e-06,-3.993201095676721e-07,1.5822581511322453e-06,-7.366296452156928e-07,-3.5195273003568606e-07
007,1.9793374507539777e-07,2.2664451487998565e-06,7.298915332834355e-07,4.972508571569465e-06,1.6247907611954848e-06,1.7565968003699216e-06,6.68724653679652e-07,-1.0827129178669342e-07,5.471865624787209e-07,-9.185226708376072e-06,-9.124743553147806e-06,1.32822722720056e-06,1.221688341289742e-06,1.2406047423152412e-06,1.1793801394877992e-06,-7.385052215225786e-07,9.054243214481483e-07,1.3011381379083415e-06,1.7357374463409389e-06,6.015369495470952e-07,5.399500179306945e-07,5.897482882493864e-07,5.731977143261393e-07,-1.3514173991574213e-06,5.27736909526229e-07,-3.0446322868487815e-07,1.2532504193670666e-06,1.734356166242655e-06,2.2189901160880084e-06,1.5192937768468564e-06,2.0758781376989344e-06,-1.8527540866651008e-06,-2.571015328732398e-06,2.1116222252750717e-06,2.327423485349133e-06,4.329954261081478e-06,2.5062004889900785e-06,-5.364525792983717e-06,-1.3117408068131496e-06,6.328337402173781e-07,9.710260545873076e-07,-1.588059841524549e-07,5.996784004170087e-07,1.031601648843154e-06,1.4994827448158252e-06,1.3786356264294066e-06,1.3116458361717617e-06,1.4699916928549663e-06,7.861417668539313e-07,1.2558545691345459e-06,4.925996577564657e-07,2.0186846991399425e-06,1.2027718050948629e-06,1.4519558742777724e-06,-1.285558900630659e-07,1.454400882477044e-06,1.4227443188478603e-06,1.407859567623555e-06,-1.676816536685167e-06,-2.2790125275279547e-05,-1.3185613869398508e-05,-3.817267710298079e-06,-1.953442820563127e-06,3.071610601933373e-06
008,-8.328080333304555e-07,5.6315116058960914e-08,-1.646957883462862e-06,5.964765529310365e-08,-1.6598948497035464e-06,5.940512637592023e-07,6.391496718128825e-07,3.32096789351515e-07,6.97076821682251e-07,-9.049047102743428e-07,-2.4762834818378507e-06,8.301783761693903e-07,8.437228825292487e-07,7.446555234903856e-07,1.1095575204211867e-06,-9.85907935570131e-07,2.729492685694975e-07,-1.4379406301660352e-06,4.3789060183623346e-07,-7.246996402909351e-07,-6.763419189689917e-07,-7.365345334163293e-07,-5.298955722446273e-07,-7.048288692736462e-07,-7.21824600912996e-07,-1.8138097364073289e-06,-4.8721917809690234e-06,1.7588691245604893e-07,-3.974021210874432e-07,-3.159577568022486e-07,-4.160164893274512e-07,-1.6518236408283214e-06,-7.825745136491462e-06,-3.2799614697688227e-07,-1.2318344906923963e-06,3.789976654844032e-07,-3.636926687106803e-07,-1.5855190093739595e-06,-7.530203125446882e-06,-6.189484807352424e-07,1.0986997454829439e-06,3.2809649638539207e-06,7.764213431773349e-07,1.767245768016558e-06,5.957557912024758e-07,5.662617254046383e-07,4.790457308243565e-07,5.534582963345307e-07,-5.41052720821421e-07,-2.332751295915217e-08,-4.9334524591689796e-06,-2.2121722685117163e-06,1.1359105803819238e-06,2.680356098380518e-07,1.1588331743349605e-06,8.74353817678391e-07,1.958563009048588e-07,4.868636545269168e-07,-1.6612318476572773e-06,-1.8421363692242975e-06,-6.322832265278388e-06,-2.9574229692865187e-06,-3.5148612016191266e-06,-2.0873461950153087e-06
009,-3.1254447135210397e-06,-2.0541126243238216e-05,-1.0880487693423422e-05,-1.3561530431605094e-05,-7.89611330561835e-06,-1.780301610419544e-06,-2.5982499308715486e-06,-3.84277849957459e-06,-4.249817962128625e-06,-9.938871177880915e-06,-7.289581398591006e-06,-3.858581121928027e-06,-4.033819402322279e-06,-5.442445091759362e-06,-6.440471784161001e-06,-1.1064279089582224e-05,-9.800582551972779e-06,-3.917237158887541e-06,-2.3673076633538143e-06,-2.770489159805997e-06,-5.389755991618448e-06,-1.0569154078014304e-05,-4.824452094661509e-06,-7.838372783265616e-06,-8.877594631061534e-06,-2.072568819321732e-05,-4.278392473648637e-06,-9.83331358906374e-07,-1.11561048697141e-06,-3.1849223879762823e-06,-3.1891078681627212e-06,-5.3856453575705434e-06,-4.427830650350721e-06,-6.865394292821714e-07,-9.571134730328408e-06,-2.6576875612224313e-06,-1.4844936574571723e-05,-5.32656930375113e-05,-1.4560274342280538e-05,-5.474218018718915e-06,-1.0210929118431329e-05,-5.963660845094578e-06,-4.124378367191975e-06,-5.096481807464918e-06,-5.682870310317059e-06,-6.244547645453943e-06,-6.889647772969665e-06,-8.805894610141937e-06,-1.1088713075133605e-05,-1.0710049766244205e-05,-2.563094324059781e-05,-2.2928287851992176e-05,-6.4511615973057735e-06,-6.905602453139469e-06,-1.1982618560549476e-05,-1.7030919622739516e-05,-5.232091526201264e-06,-5.024007675629347e-06,-2.108787755694039e-06,-0.0001082697445582363,-4.389423012913354e-06,-4.642083114987838e-05,-1.4803597469558808e-05,-2.2852989918867517e-05
010,-5.423544973922523e-06,-4.420177512363663e-06,-5.262335518543675e-06,-5.4731224840654595e-06,-8.644624445329887e-06,-1.683081832987871e-07,1.8484156818982788e-06,-9.7545142924706e-07,-6.971761952741682e-07,1.7257563583567415e-07,-4.824810918527595e-07,2.48169218406174e-06,-7.341416789437499e-08,-1.909394754821799e-06,1.2056534196466758e-06,7.718962179078859e-07,-5.201393790194444e-07,1.2993965628203919e-06,2.1398673959712648e-06,-5.358741305830533e-06,-2.11046365563744e-06,-5.144998964650628e-06,-2.6369499649264335e-06,-8.447370484648479e-06,-6.36374238836073e-06,-4.0269458675986846e-06,-6.539738936864784e-06,-9.119428805397545e-06,6.27483094906678e-07,3.894159091568925e-07,-5.224891742893725e-07,-3.3190301578614896e-06,-1.4787110169078352e-06,2.115626725624522e-07,-2.582508932179256e-06,-2.5060085739790616e-06,-3.842206421806002e-06,-1.3508280580162598e-06,-1.7988990133336028e-06,-1.001160912797016e-06,-2.189859271808546e-06,-1.788960073974019e-06,-2.780006922761424e-06,-2.422285092215156e-06,9.346021441950628e-07,1.1187217751810074e-06,-2.974887369346923e-06,1.0413103135367831e-06,-6.340166769496403e-07,-7.851905015347246e-06,-1.5140987182340967e-06,-9.527586751031736e-07,-3.249157098451845e-06,-9.299729020730832e-07,-2.663314126214855e-06,-3.2308730415887254e-06,-1.6760929624084122e-06,1.1462137482059087e-06,-3.411261793541093e-06,-3.6061886964546584e-06,-2.4435608225930965e-06,-1.7017610451193435e-06,-2.37041797780958e-06,-2.5682867977699084e-06
011,2.363425460233706e-06,2.2537471916001473e-06,-1.189428524617212e-05,-1.1066324609976386e-05,1.7342301900591852e-06,5.553721950201957e-06,5.275141173999622e-06,5.847593301990483e-06,5.085601758747242e-06,5.730050904983503e-06,4.712982697929525e-06,5.562603098548217e-06,1.6543922071610381e-06,5.489340990371138e-06,5.614772699844363e-06,5.759748667178562e-06,5.2853169904002045e-06,5.3501947580038064e-06,5.269405831259444e-06,3.6384623071194276e-06,3.6070735288894285e-06,2.3690589626384438e-06,2.96289781277793e-06,2.4186926038850632e-06,4.4119799060054797e-07,2.40471376907565e-06,2.6932426495499314e-06,4.861443901917843e-06,4.254165915350359e-06,4.85819414271125e-06,4.244509760013447e-06,2.5671128554635516e-06,3.1692352079665984e-06,4.466243547364081e-06,-6.916454930996986e-07,1.4432436493236236e-06,-1.3215341267691206e-06,-4.004619936417738e-06,1.1371916410341432e-06,3.6979474896092365e-06,4.475904019263752e-06,4.755692587157766e-06,5.198871097056674e-06,5.225132794883821e-06,6.384757850773177e-06,5.54934837510317e-06,6.5326981624526985e-06,5.525607053049718e-06,6.944928215937349e-06,4.616777887030718e-06,5.9253127205001656e-06,4.247631460842414e-06,5.7824011065231634e-06,4.708471268242539e-06,6.990005781795858e-06,4.623727306505467e-06,5.692755404737866e-06,6.1354373614697535e-06,-6.4451245717911955e-06,5.535727610000534e-06,-1.4191334881118143e-06,5.183198094233836e-06,-2.0890760057068097e-05,3.583210333484321e-06
012,-1.0856330045920218e-05,-1.2624605624884464e-05,-1.0406765142964658e-05,-1.3168000121002688e-05,-9.995048901908859e-06,-1.7466653610751155e-06,-1.478945860164007e-06,-1.8611368609878976e-06,-2.330409884561092e-06,-3.1458441885127343e-06,-2.9393707377118637e-06,-7.822343552272632e-07,-5.720107657509279e-08,-7.853022020464379e-07,-2.1493326772634952e-07,-1.892463668188913e-06,-2.1255326112342472e-07,-1.6278005870245606e-06,-1.4425354008921487e-06,-7.937906747666542e-06,-9.764601507743632e-06,-8.40051784621589e-06,-9.612106677114186e-06,-1.1153678904557727e-05,-9.648484369014376e-06,-1.063813703734093e-05,-9.72954393836178e-06,-3.5147480562795554e-06,-3.646801277198203e-06,-3.5524819683870315e-06,-4.62574012455063e-06,-5.835322613712331e-06,-5.7991200828976354e-06,-3.599136380465214e-06,-1.200235072398945e-05,-1.2848954738385072e-05,-1.2665168208693588e-05,-6.183063240412102e-06,-8.421285965787725e-06,-6.421474280263508e-06,-3.30720688619557e-06,-9.43464107918178e-07,-6.876529210584976e-07,-8.132689909147224e-07,-2.133869977416286e-07,-3.150802990498235e-07,-3.147077484737068e-07,-3.1409981275784275e-07,-1.001928890992361e-06,-8.121403881284605e-07,-9.402774654577446e-07,-1.7163068259414573e-06,-6.625051901566049e-07,-9.975595947017583e-07,-9.978350048528846e-07,-1.2897974669976276e-06,-2.565486845186493e-07,-3.4612750288399173e-07,-3.7438318509931565e-06,-3.3234041453499626e-06,-4.225702623706334e-06,-4.190383459717102e-06,-1.970047071209638e-06,-2.045206863407106e-06
013,8.105795676770537e-06,0.00010451604145188321,7.687690745445442e-06,3.82326172716662e-05,1.2096630319655954e-05,7.65473691769504e-06,8.01452198946106e-06,6.266119674513758e-06,7.851684885239658e-06,-7.085295228378906e-08,2.978315392596819e-06,4.384712471251808e-06,6.386646421417181e-06,3.8463114667447535e-06,5.0507084686520735e-06,3.0406314815679266e-06,9.36321835240039e-07,5.233985019609559e-06,8.084810922130856e-06,1.0822826495450877e-05,1.699413663192264e-05,1.2704858291742875e-05,4.972368249574666e-05,1.3317400118058553e-05,6.336716222421242e-05,6.770399000619418e-06,2.787568247895501e-05,9.975498111509019e-06,1.2301903688505503e-05,1.1857629776397122e-05,1.871026396534298e-05,9.010213969045808e-06,1.9256072460024702e-05,8.299924427058695e-06,1.5213663743702333e-05,4.1392059996147664e-05,2.6888910464540556e-05,1.1814368540168988e-05,2.599393921277892e-06,9.68169688991761e-06,2.8202691060971253e-06,3.047771248949175e-06,3.6422594174941293e-06,3.42080688051343e-06,4.799570964039526e-06,5.834718450315171e-06,3.8179501314086605e-06,4.903017513867053e-06,3.7562967222187955e-06,3.4279085962152536e-06,1.1017942737648649e-06,-2.0380166955167484e-06,3.5019154558808348e-06,3.236321059205098e-06,2.9361787188868643e-06,2.6560290475821315e-06,4.87542483749687e-06,5.594551400286312e-06,-5.592925719027521e-06,2.365619067097111e-06,3.2380141306400668e-06,-4.2325887650924075e-07,1.946880829780089e-06,-3.891588151605735e-06
014,1.5896738697975541e-06,1.057392234593721e-06,-1.6040735983201073e-06,1.1520604595862637e-06,1.629308711541991e-06,4.823613500398955e-07,4.5204321532053043e-07,8.462213421009423e-07,5.993091307413969e-07,4.60345318916882e-08,2.403699144026275e-08,3.412234016438586e-07,1.2771583383535762e-06,3.5516129939841646e-07,1.2920529252224566e-06,-1.3467079951814887e-06,1.2302673715093008e-06,9.705282131369858e-07,2.356215335050858e-06,1.7888437301584351e-06,1.1179432059319203e-06,1.2231366435220194e-06,2.801247668316048e-06,1.698285481694056e-06,2.729285407283562e-06,2.4775651739967286e-06,2.6188483366331523e-06,2.5548424399973135e-06,2.354665598814278e-06,1.4653392963122595e-06,1.790845785408307e-06,2.091672188844583e-07,1.139436864329664e-06,2.649456450588774e-06,2.247848446063034e-06,1.481188607281652e-06,2.1846796226604214e-06,2.853877104355782e-06,2.6490067648421938e-06,2.516256690680902e-06,-1.3529462207123816e-06,-1.3664976325121505e-06,-4.5390279073570727e-07,-7.291350531403514e-07,8.237511391697297e-07,1.0459201916099928e-06,-2.84534305549451e-07,1.6215403348352002e-06,-1.9450085298622227e-06,1.1269111796191893e-06,-2.1989924499513832e-06,1.6688092537690233e-07,2.41264718501918e-08,1.0845702277780595e-06,-1.3830231399744402e-06,3.716314574908038e-07,8.186445821990797e-07,9.424939272530329e-07,7.858308425039447e-07,9.781161693869523e-07,9.88150682037978e-07,1.1214129779375098e-06,-4.8425591185571115e-06,8.391538310653044e-07
015,-8.962029061248147e-06,-7.129959151546313e-06,-8.482880435888472e-06,-6.960192507703267e-06,-6.787559789478173e-06,-6.857460217318451e-06,-3.8321251697249825e-06,-1.0286173949427517e-05,-8.081558262714174e-06,-2.6586735948886535e-05,-3.278479211061969e-05,-4.399722607118266e-06,-1.7265917821989445e-06,-8.297436136076768e-06,-3.5771380328585483e-06,-1.245525625869565e-05,-1.082471695261979e-05,-2.7694687654124182e-06,-4.453642915151271e-06,-6.071171185291169e-06,-6.2251517491702285e-06,-6.54362547499734e-06,-5.509798710317059e-06,-1.050774690519552e-05,-5.200225619942244e-06,-1.0526117007066907e-05,-5.914013800097875e-06,-5.944745252026331e-06,-6.5755704791561035e-06,-7.965396316313277e-06,-8.297259937615976e-06,-1.3326632893594131e-05,-2.096370766315811e-05,-5.581405907210127e-06,-7.915035153657613e-06,-9.087070700876351e-06,-7.646598452655671e-06,-1.5051743925047988e-05,-1.8151371307148283e-05,-5.783488130030743e-06,6.768925517973231e-06,5.336463387596633e-07,2.9294749612690623e-06,5.997257983305597e-07,-7.790845644301305e-08,1.373724963054312e-06,-2.8612082681362204e-06,3.4993013374459603e-07,-1.6428334128625642e-06,-1.9588251677484808e-06,-4.216351288761579e-06,-2.219860153642674e-06,-4.4236766761943616e-07,3.221481390143466e-07,-4.4047784496725397e-07,-1.5732511124731979e-06,2.9961742030289227e-06,1.0791069508614177e-06,-1.6549144222138877e-05,-3.1905504607803696e-05,-8.995046457827073e-06,-1.6335969863112722e-05,-1.8406465134577525e-05,-3.824936696656986e-06
016,3.0551920272260716e-07,2.577074665593863e-07,-7.28966809247636e-07,-5.622385857547411e-07,3.67318779104174e-07,4.3443011471027185e-07,5.509820104706014e-07,3.2710158002891773e-07,2.2323688109044236e-07,-2.4336116203016857e-07,-1.9068221578905276e-06,1.3254325115769645e-07,5.8791218683767516e-08,2.780687405668673e-07,2.1256398132347604e-07,5.065066507872863e-07,2.851124909128631e-07,5.403290882398643e-09,3.9559950341685e-07,5.139052889127172e-07,4.2905602722312975e-07,2.783886524499084e-07,2.826379242333803e-07,1.5507063039103097e-07,3.804264536653404e-07,4.6446312947819614e-07,-6.500215298435974e-08,5.246704151845545e-07,6.45561674570001e-07,5.201795468133793e-07,4.783564040896478e-07,3.923066012173621e-07,5.243631184998618e-07,5.443841705986386e-07,-3.099323786063654e-08,1.2784351107118792e-07,3.0051742940371436e-07,3.22411231190203e-06,7.945801873966056e-07,3.559415309102071e-07,2.3399674531200737e-06,7.064610659662927e-07,1.1918417313797635e-06,1.0130874217394275e-06,3.765182088123493e-08,1.5114025317536703e-07,5.529906534570017e-07,6.766163297997675e-07,2.4394618551697284e-07,9.550993687206345e-07,6.553033949394442e-07,-3.336412136748815e-07,6.871537105074758e-07,8.995354599624937e-07,6.129673656874842e-07,1.4006941220162493e-06,7.919836282419893e-07,7.545819328028984e-08,-1.542070600296992e-06,-1.9722518972883762e-06,-8.778182406707987e-06,-1.3243352452596237e-06,7.135814217306367e-07,-1.2955182385396832e-05
017,7.9975646845055e-06,7.391038775255649e-06,6.985677149968439e-06,7.027206688500552e-06,7.624446520479377e-06,8.251709898043862e-06,1.0348317586252735e-05,1.3776706484495873e-05,1.8503072280480143e-05,7.551310140250769e-06,3.552090200484056e-05,8.491565662929365e-06,9.154766133711843e-06,1.3327169382458437e-05,9.17372301472095e-06,2.1584902018648748e-05,1.787178652447263e-05,8.087779520425386e-06,7.852154494287293e-06,9.183982954627314e-06,8.636167217166266e-06,1.1279332013852014e-05,8.570552541288794e-06,1.1277842202534018e-05,7.3557329805991305e-06,9.924613214582518e-06,9.545696691306897e-06,7.66468622390175e-06,1.0393095036795506e-05,6.36211213012793e-06,1.5705155917383608e-05,5.1365019988709325e-06,2.0293777066330787e-05,8.432323797999489e-06,5.7164382007156375e-06,5.344580173036681e-06,6.445444294922433e-06,3.718580980898651e-05,4.94869077769221e-06,9.23749740750588e-06,2.9637017273250897e-06,7.481760045966793e-06,4.011707873248093e-06,4.397541959360807e-06,8.313834007798403e-06,6.395975781329094e-06,1.0001670885547336e-05,6.054045025621029e-06,1.1110684467921612e-05,5.877694963230613e-06,1.284572699958663e-05,1.2358522233238083e-05,7.691678630546792e-06,3.282609090821358e-06,1.1664107600786725e-05,2.2846560670871024e-06,5.407971816726881e-06,7.387272142013825e-06,3.365078439690555e-05,1.246753066543934e-05,8.32005684685293e-06,1.1382734015899683e-05,1.4989899849539385e-05,8.22275089701779e-06
018,1.8686421078582747e-06,2.2735352805945036e-06,1.8433148557774388e-06,2.4304819150877255e-06,2.1761254003689735e-06,2.2363504303079823e-06,2.413406236483888e-06,2.312404729219264e-06,3.117151845319657e-06,2.414362093699049e-06,5.071696374008629e-06,2.0437211499465445e-06,2.2972394627611345e-06,1.962355577093359e-06,2.801473659055752e-06,2.0275517925760776e-06,3.293327117734953e-06,2.164321965053313e-06,2.4223498812327194e-06,2.2150487475570045e-06,2.377281782282965e-06,2.2145631690218133e-06,2.347816744836757e-06,2.1035204665525647e-06,2.371999407734369e-06,2.0423633328956117e-06,1.9227952732926754e-06,2.305570084045273e-06,2.190431037116484e-06,2.3405007864229883e-06,2.187640823677728e-06,2.0256864005444615e-06,3.356468255766295e-06,2.1750696792628885e-06,1.6050712107950237e-06,1.5814474701039733e-06,1.412244515647697e-06,1.8251339670676294e-06,4.080642047237125e-06,2.2288781065992105e-06,7.152597925214939e-07,1.5618911151544417e-06,1.16023502510125e-06,1.2215707583211478e-06,1.815664493265659e-06,2.0052602319185466e-06,1.8008769384356858e-06,2.2061041152797438e-06,1.807521319542689e-06,1.7495545053288004e-06,1.731097407588995e-06,9.38924326241554e-07,1.7059150127396714e-06,1.5246422621811126e-06,1.639608782465686e-06,1.2526944012275662e-06,1.565107856787975e-06,1.8943134938294961e-06,1.236826785476851e-06,1.3445024498922195e-06,4.024754878867117e-06,1.7497291057809692e-06,1.982108119216289e-06,3.30774050294459e-06
019,8.178235360299249e-06,4.9567877150556155e-06,7.911121632864231e-06,1.604385905612707e-05,6.109559253552534e-06,4.85610882608607e-06,3.5781648980547203e-06,4.675765455783386e-06,1.792303981853361e-06,5.959548143065436e-06,1.8089408516365508e-06,4.713547087252913e-06,3.7098451923229407e-06,3.6415996628057158e-06,2.283487339255052e-06,5.142161605919562e-06,2.001972827182062e-06,4.76495852967579e-06,4.8891139970405654e-06,6.166224561647349e-06,4.229206599834554e-06,7.0049297495632454e-06,4.934923331239343e-06,7.440433245739567e-06,4.745325073809508e-06,6.0197800387741984e-06,6.206634228746562e-06,5.887598422715579e-06,3.7838174455896473e-06,6.538018504829756e-06,4.019389643038212e-06,6.903164024629144e-06,3.3993157910338144e-06,4.7529321177548844e-06,3.412522246981921e-06,5.374690227759287e-06,3.3346021588952437e-06,1.0200971266092395e-05,3.4494884856138615e-06,5.047261041443044e-06,2.247259267138984e-06,2.603534476243485e-06,3.2252692687480213e-06,2.6865582252492655e-06,4.1051573128306524e-06,3.2587332529903896e-06,3.945170837125136e-06,2.8702913348826795e-06,3.130023340408961e-06,2.023568615989744e-06,4.208909300498661e-06,2.0361609944642933e-06,2.9719781357218344e-06,2.346772902819649e-06,2.31746210767635e-06,2.7975540531547307e-06,3.4174781135502305e-06,4.635351598370219e-06,-2.6383018840771218e-06,5.543384452345655e-06,9.740420853666304e-07,3.904410456377528e-06,5.596083639831639e-06,1.2764877157978796e-06
020,4.442937248225202e-07,2.5101550119138383e-07,2.554150732516853e-07,5.036163818149694e-07,5.734719845742207e-07,1.4843823748563574e-06,1.1762793935126635e-06,2.54889032338269e-06,3.527539262550459e-06,2.7490690217197313e-06,3.868806538053139e-06,7.075222527262197e-07,1.2159355116846388e-06,2.15842612491883e-06,2.4246072369328984e-06,2.182563212529247e-06,3.0312638596569905e-06,8.39860244920809e-07,1.1532450099525238e-06,6.368617699609644e-07,9.010090149283492e-07,1.0247298874703026e-06,9.683521104795297e-07,5.070992018767851e-07,4.07978780176471e-07,8.586812481932337e-07,5.637798237829001e-07,1.301007966935963e-06,1.401839331276875e-06,2.1011282636522148e-06,2.2702754473190723e-06,3.1452106281904494e-06,3.5568409718986664e-06,1.265992962601052e-06,4.897854481263027e-07,3.841821839213671e-07,4.0370719034384676e-07,2.4473449203483865e-06,3.348767677491211e-06,6.020748369651889e-07,3.9500596174216646e-07,7.870192552838296e-07,6.991962378625211e-07,4.454973333924784e-07,9.87109900218049e-07,3.9599601804311875e-07,8.743013193256113e-07,1.159403590732947e-06,1.8542490207674893e-06,1.463191665482858e-06,1.2717031546243953e-06,1.4697006939830196e-06,1.3341486584554479e-06,6.782995078014306e-07,1.2460709526119122e-06,8.513892119553397e-07,1.4611598886218914e-07,8.476137240327579e-07,7.101243521687869e-07,3.1877117012575056e-06,3.582771429662332e-06,1.057848763155416e-06,2.613820641409118e-06,2.1980688130957516e-06
021,6.085454689238921e-07,1.3813784576146337e-06,1.5059492121348562e-06,1.0748561025552566e-06,1.565200331228463e-06,9.250105640852522e-07,5.187978400626166e-07,1.1063897896855252e-06,7.336371452136882e-07,3.818231154337761e-05,1.0210997858346726e-06,1.324058924898185e-06,4.6922073550153417e-07,1.7792878741031732e-06,7.022486223047013e-07,2.4195964226581124e-06,1.0782646305317227e-06,1.962484907855318e-06,8.627212606309791e-07,5.644479496199155e-05,1.6070573551585409e-06,1.6029304402121307e-06,1.4287345412058064e-06,1.6492795955006986e-06,1.4722049018069642e-06,1.7055128431832762e-06,1.632017554293111e-06,1.3596616962517029e-06,7.996770726443298e-07,1.1085720707339915e-06,1.020270407159457e-06,1.2458768967260233e-06,1.1795302994852751e-06,1.3185645928409746e-06,1.5108148573736976e-06,1.2224187676818329e-06,1.3852039162851533e-06,3.7387077505746774e-06,1.6075096978840428e-06,1.6193246954600954e-06,2.810830719001485e-06,2.8280794659726945e-06,1.169577012778243e-06,1.96390063952217e-06,1.5803234893928788e-06,6.454934886128963e-07,2.0616676097625387e-06,6.42037192621629e-07,2.7222926807554093e-06,1.1932181516806212e-06,3.3683082977847666e-06,1.7136457959533894e-06,2.3283058124138422e-06,8.549173444484994e-07,3.0083333524595432e-06,9.480456283101526e-07,1.1675606585611884e-06,8.744086035277723e-07,1.7980004099581229e-06,3.760267863165913e-06,7.509773061731482e-07,3.928098076915873e-06,5.3753750417001555e-06,2.470127544525561e-06
022,-3.829357964222913e-06,-2.7415676295828255e-06,-5.46220291066776e-06,-7.342648312865429e-08,-2.725216490594555e-06,1.5126740762225396e-06,1.5262357933851861e-06,7.465786738683252e-07,1.5356665054282547e-06,8.97269717262601e-07,-2.033856188730814e-07,2.9593838740150413e-06,2.8454899644412323e-06,1.9697760695914692e-06,2.059286063775012e-06,3.9778591583386494e-07,4.847772966485914e-07,3.0261443802661947e-06,2.670067406491532e-06,-1.556736875583709e-06,-1.8050473830807522e-06,-3.599726329708165e-06,-1.7181593164838059e-06,-8.093564007883158e-06,-1.7820309012800532e-06,-5.218440226874108e-06,-1.485883530978936e-06,-1.3381219014390897e-06,-1.7348633171252092e-07,-2.0036109115375416e-06,3.952083561772101e-06,-3.6253095056561485e-06,-2.4417554342764864e-06,-1.5043493333493563e-07,-5.315134865273329e-06,-4.1640990538648345e-06,-4.729512603476273e-06,-5.29841022381828e-06,-3.4056071160302908e-06,-2.838690268873599e-07,-2.0377658631788774e-06,1.910098598869097e-06,1.2395754948061054e-06,1.101814183731387e-06,1.6152358127568935e-06,1.5095076030595306e-06,3.46120835250922e-06,-3.1495591116184165e-06,1.630141215876697e-06,-5.1686840660752065e-08,3.779475755514273e-07,-1.6761779468136562e-06,1.8005349216940807e-06,1.3460401478270544e-06,2.265872168699431e-06,-8.843778814972665e-07,1.6790539640435187e-06,2.608471807165884e-06,-3.5633548375953155e-06,-5.251137128407505e-06,-8.379887130053949e-06,-2.466085187698745e-06,-3.359649644466908e-07,-2.4842499518086445e-06
023,1.1242657120840325e-05,1.1111837318901815e-05,7.757597734127728e-06,1.3075630833665374e-05,9.62690105312405e-06,1.2164041235692928e-05,1.2130040237105403e-05,1.1783729985090171e-05,1.1722117422769246e-05,1.1000363679806867e-05,8.153286892506562e-06,1.306862192541636e-05,1.1972536646356433e-05,1.5009892592612588e-05,1.2986723677757279e-05,1.3908757282255817e-05,1.2605351183761725e-05,1.3425351347904447e-05,1.2212153268731251e-05,1.0097175060681148e-05,1.1779334857541032e-05,9.932265380070948e-06,1.1434480071722122e-05,1.170690168774166e-05,1.531018795524379e-05,1.2571485947926278e-05,1.158408776977636e-05,1.109713823602325e-05,1.1519802383851552e-05,1.0845854411731394e-05,1.1621968263111929e-05,4.633676148343401e-06,1.0147453506517006e-05,1.099793751268296e-05,9.190933978281142e-06,1.171668565684492e-05,9.421067124057447e-06,5.58817267880458e-06,7.091029476983197e-06,1.0764498528527407e-05,1.222104122776726e-05,1.3168942070312732e-05,1.0078004503084177e-05,1.0467439260654394e-05,1.3024633859295671e-05,1.0939518289429764e-05,1.3860284641640112e-05,1.131821805173238e-05,1.378646217891092e-05,9.891016142034662e-06,1.1378159811815469e-05,9.031957632654617e-06,1.3582240075260534e-05,9.032486704444743e-06,1.3865839269515374e-05,9.174188938668505e-06,1.0042340281454032e-05,1.214916522268839e-05,-1.310482471419956e-07,7.207359509815662e-06,5.8149840437137126e-06,2.0198595331975247e-06,7.88136332356532e-06,7.07879048830382e-06
024,-3.4003372127086178e-06,5.1725346938280754e-05,3.2482891700218965e-05,2.8003664313364053e-05,8.097281834095607e-05,1.294469613445227e-05,1.277106053745035e-05,7.541745504664391e-06,1.2357600376162992e-05,5.475592015411923e-06,6.102892835710742e-06,4.8773061807017395e-06,7.638140866238762e-06,3.7842030645359654e-06,6.975270063404683e-06,1.3215242853913073e-06,5.355820364213821e-06,7.454375217008017e-06,1.2775862787078824e-05,4.187706428511948e-06,3.453805792221618e-05,8.36182410024254e-06,3.115571133077763e-05,-7.853712068027099e-05,1.3730403184053995e-05,9.10429774887728e-06,1.3412092177508508e-05,2.5874526923434122e-05,3.049434466227554e-05,2.4266868907806703e-05,3.770058872866869e-05,-4.220624259539598e-06,1.1078154338785226e-05,2.2843123644667416e-05,9.75203841660253e-05,6.62133514911256e-05,8.988073647898156e-05,6.45048991395615e-06,3.544105206422263e-06,3.759141511417519e-05,2.640501189788289e-06,2.658358453944673e-06,3.576317654687174e-06,3.5971188530716386e-06,6.151048723633953e-06,5.536609360383281e-06,1.2009374456613057e-06,5.494376074638108e-06,1.1916446887329061e-06,4.865059517911861e-06,6.471752555789754e-07,4.81140908562576e-06,3.162780483218162e-06,4.43946884905653e-06,2.2026903721583574e-06,3.908456820305798e-06,4.354929955374834e-06,5.160684113463541e-06,5.545031471842129e-06,1.0017051665576238e-06,5.204096802017531e-06,3.3777506641672715e-06,5.303636961306913e-07,6.19131637391849e-06
025,-2.499805336143429e-06,-3.6190676560055656e-08,-1.5558888555364327e-06,-4.981696598049593e-06,5.839246519939361e-08,1.7796337409476216e-06,1.5734173523553067e-06,2.0934540227893032e-06,1.6464564280404847e-06,1.5988860309754448e-06,-1.2372146901335323e-06,2.1266463462683183e-06,2.5120261846643313e-06,2.682143738071271e-06,2.538086457124614e-06,2.3086617970701803e-06,1.6174904344313968e-06,2.4004085422754185e-06,1.5713627394102074e-06,-5.0850724124823e-07,-1.5619826348347845e-07,-6.906576456750688e-07,-3.9223648316752054e-07,1.2005421814451263e-07,-2.4558371267691225e-06,-8.548640024010116e-07,-1.8189996554386978e-07,3.5184879845994646e-07,6.464234946594534e-07,-5.2529231584094e-08,4.4522756487845726e-07,1.6960842597021922e-07,3.9848648999926233e-07,3.4772166166932224e-07,-2.1035525061385313e-08,-1.0929662070623265e-06,-1.39142699618543e-06,7.792753388297896e-07,1.9252426773103464e-07,2.2412536329440668e-07,2.2713043244899368e-06,3.592444671824192e-06,2.266415802552445e-06,2.7838504489763837e-06,2.5600490446580875e-06,2.6575989558357355e-06,2.535067264576708e-06,2.92850481167403e-06,2.364813155630767e-06,2.5305718314877643e-06,1.9638291028859864e-06,7.608383585360116e-07,2.6022212338264717e-06,2.8839736699335594e-06,2.7521821188691446e-06,2.8533835583706565e-06,2.5692678709945232e-06,2.6876188251167176e-06,1.3385507210843668e-07,3.5065173882803277e-07,-2.742114413337188e-06,5.863941935263267e-07,8.939100855523638e-07,6.869918644377436e-07
026,-8.280690516070033e-07,-5.936659651970207e-06,-5.962702262693818e-07,-2.7313671481764023e-06,9.589789019901026e-07,1.40938308355549e-06,1.416672661195563e-06,5.217922746681531e-07,-5.651951151669825e-07,-1.2659499671250118e-06,-1.3025690801060247e-06,1.4027550193525115e-06,1.6919180862940344e-06,6.838977410478153e-07,1.0994430557750479e-06,-1.306223163506029e-07,6.593665601806023e-07,1.9394704152840933e-06,1.3811944342432564e-06,7.194400399169944e-07,6.40239729127819e-07,5.519425287772388e-07,-3.110312121761716e-08,-6.751771193033189e-06,-4.871629705396571e-06,-1.2568109179057777e-06,2.1165016988514755e-07,1.0848979568929908e-06,1.1890901997690658e-06,-9.561006972188123e-07,-1.1269084041131428e-06,-5.973937754409793e-07,6.937954444407128e-08,1.2136325170105344e-06,5.209659460276362e-07,4.6625311767605867e-07,6.586146295699003e-07,1.4385808293556562e-07,-7.788480588426701e-07,1.1489951093873046e-06,6.786520427995939e-08,2.8857825627655e-07,1.128280667104532e-06,9.837408606465396e-07,1.6018374795155737e-06,1.980943407906298e-06,9.555154768849735e-07,1.1134032369016582e-06,5.089649286243359e-07,9.392307926356836e-07,-3.74252125275358e-07,-4.833224550691209e-07,5.017735277184542e-07,1.311115875422349e-06,3.517932334150961e-09,7.822470292198811e-07,1.7154282089829226e-06,1.9823011781327045e-06,-6.60916511378296e-07,-3.1466112208634558e-06,-7.63696237072211e-07,-1.6466525046378178e-06,-2.9091786843712666e-06,-1.2401288770108526e-06
027,2.2832929334803574e-06,9.539308708108435e-06,1.8379904494383463e-06,9.177405820277855e-06,7.096813429511778e-06,-2.2147921396378945e-06,1.7987320824473545e-06,-1.9389238021313997e-06,4.4590032106338386e-06,1.4671140870821859e-08,7.4749846670810974e-06,-1.8585344225257644e-06,-1.6858975446766961e-06,-2.3681006730879238e-06,-5.898444372088002e-07,-2.7889914057603573e-06,-1.9158540233457816e-06,-1.2287337476222993e-06,-2.100632629019506e-06,2.0237932754444677e-06,3.6025182871094042e-06,3.5627922617828683e-06,3.573006639130373e-06,5.5382298791990225e-06,-1.6397198147520284e-07,3.8374679741582226e-06,4.710415716118718e-06,-3.5140660303811654e-07,1.5056994008812291e-06,-7.447183188910362e-07,2.7449006097932736e-06,-9.309005210469006e-07,7.622321792243271e-06,4.034413794605962e-08,9.226851186936489e-07,6.984840423384004e-06,4.373728898439673e-06,-5.894857828426277e-07,3.663545912477416e-07,2.5390606236856443e-06,-4.665450077523883e-06,-3.6836578014100954e-06,-4.842708401619485e-06,-3.869370708111962e-06,-2.468253468645146e-06,-2.558902806059075e-06,-3.937373214451858e-06,-2.6739868110980536e-06,-4.628401524943882e-06,-3.2685482822614445e-06,-4.426899897464369e-06,-4.722022958052202e-06,-3.998923728462164e-06,-3.7440786567015232e-06,-3.96340973640805e-06,-3.8996000026632265e-06,-3.3744836872860945e-06,-2.2112488175058418e-06,-3.4254393323303316e-06,-3.2375286490250133e-06,-2.536046363688389e-06,-4.877715257993202e-06,-3.955361014114381e-06,-4.20173253137124e-06
028,5.102549653009802e-07,1.2676207109930478e-06,2.813317422562175e-06,2.6303230698836203e-06,1.23806737434491e-06,2.3550502073543906e-06,4.104509910496046e-06,1.456656826575452e-06,2.1636932119864175e-06,1.4130919466240872e-06,2.185014846874319e-06,2.4254210172019386e-06,1.7314565155443936e-06,2.0788971205558567e-06,1.4717184666188595e-06,3.4050021096460942e-06,-4.962378382338639e-07,5.438252589945464e-07,2.1328193111009744e-06,3.7464559372996262e-06,3.2513430631538374e-06,-2.8042570702086538e-06,2.159751630684984e-06,1.0124917436042727e-06,3.2955645971931524e-06,1.4401293850987782e-06,-3.189933754166327e-07,4.702754646273944e-06,1.7003759905715833e-06,4.016292643431697e-06,1.636203697920821e-06,1.7707198450729803e-06,3.2910110983867368e-06,3.6256641027947412e-06,-5.4062831473319e-07,2.22915617832962e-06,1.4465557711991743e-06,1.0173354813371716e-05,1.0566118804886471e-05,3.7417588803449273e-06,-1.8035596669673917e-06,-4.095172852925181e-07,1.223412383483014e-06,-9.96882909798672e-07,1.5264023893855287e-06,2.3691652733919304e-06,1.0158396660004282e-06,1.2463504776965822e-06,3.309228734509372e-07,1.2145956463956036e-06,-2.5779870929501015e-06,2.229011084631011e-06,3.4103060319681525e-07,5.348686950561747e-07,-8.053691457328338e-07,3.4710610824120407e-07,9.433149045018162e-07,2.2941392591599037e-06,1.5679218546187e-06,9.950458196792116e-06,1.1459310869057044e-06,4.560049326298777e-06,1.752597238432113e-06,1.1844123072177327e-06
029,4.66264520025692e-08,1.3435586789169275e-06,2.347173464290709e-06,2.6579154245147356e-06,1.090173185394137e-06,1.3435225628424842e-06,9.472502453107654e-07,1.7074710959390665e-06,6.7682180656376e-07,2.3038936894265857e-06,2.5555748548690387e-08,1.3500682955250337e-06,1.3612261509857388e-06,1.3628040992578085e-06,1.0563456019269824e-06,1.8218444985099303e-06,7.952128087298546e-07,1.284265026200763e-06,1.2859405014274976e-06,2.694846908538569e-07,1.6598552543828094e-06,-5.012981685407126e-06,1.6285620223246189e-06,-5.299135544800083e-06,1.390164258135492e-06,5.55138797169624e-07,9.767975500457088e-07,1.3271986254616528e-06,9.527136343073874e-07,2.432693027300517e-06,9.539616404314964e-07,2.816847782633825e-06,3.888185328088391e-08,1.2186212702826667e-06,1.041277116401378e-06,1.8053356622902239e-06,7.120936770976286e-07,1.4899955037445121e-06,2.1305097685811506e-07,1.3565014745859296e-06,2.49621054258486e-07,1.897277710885981e-06,1.1345548302086619e-06,1.2159286063876564e-06,1.380598174804595e-06,1.284852866962584e-06,1.2798901648116546e-06,6.751619299056558e-07,9.862897326638257e-07,3.7954527149752993e-07,2.9573401912493083e-07,-3.133625123031875e-07,1.163640778705544e-06,1.2395679303166437e-06,5.903995467899569e-07,9.304170422232712e-07,1.6233496320648298e-06,1.5242892594656787e-06,-5.591009090439024e-08,2.697228664897662e-06,-7.566785729008519e-07,9.94749683143738e-07,1.8769188901606401e-06,-6.596316740076409e-07
030,-9.780430301323527e-07,5.777703074725136e-07,-1.5609463355161405e-07,5.761267872149785e-07,-9.673848612403878e-07,-8.70816892943582e-07,-9.640132588819904e-07,-7.152905512452082e-08,-9.439934621460926e-07,-1.3215537497261016e-06,-7.033113382891544e-07,-8.140140424701504e-07,-9.492173277399075e-07,-4.0705935116161057e-07,-7.293135701556119e-07,4.220523432470292e-07,-4.873344050242584e-07,-9.584321755987148e-07,-9.205226264246251e-07,-1.1226021700976115e-06,-1.130455165285288e-06,-7.809901704276605e-07,-1.0974099958624418e-06,-7.8242880688952e-07,-1.0342716849665245e-06,-7.620815787762729e-07,-1.076822020267213e-07,-9.314921201399706e-07,-1.1731000405865508e-06,-6.185868578947141e-07,-1.1421380244413903e-06,-5.35008915074725e-07,-4.658354342940086e-07,-1.0913364605845564e-06,-7.97318303114674e-07,-4.1976429661329427e-07,-5.359045808896271e-07,-7.800789444632589e-07,-2.9176658569012033e-07,-1.0258878330836475e-06,-1.1749410206318928e-06,-7.983394897043375e-07,-4.1890931761740427e-07,-3.757906064502872e-07,-6.904076315748764e-07,-5.456344860043178e-07,-5.281588536145873e-07,-5.218779580983968e-07,-7.556156641823804e-07,-4.424619414833926e-07,-7.5259474273558e-07,-3.632858954869132e-07,-7.042328269339797e-07,-2.750693178287911e-07,-7.218644311087734e-07,-2.87677667217913e-07,-3.704918469718808e-07,-6.693098953956715e-07,-5.2480245578378e-07,-7.491678359831174e-07,-3.380154806918326e-07,-6.466853207193029e-07,-7.495786022493469e-07,-3.8351067826114306e-07
031,3.486005078914987e-06,2.7480839824746846e-06,3.7464959613265637e-07,2.5513124571084865e-06,4.1006211720994945e-06,6.479570923436408e-06,7.419346212161402e-06,4.974633626260598e-06,6.5830921979127696e-06,1.6059675250594973e-06,4.564720871747674e-06,5.813069909876682e-06,7.80476380047102e-06,4.380451929870736e-06,7.071116146000564e-06,2.9676019395330888e-06,5.118984966172517e-06,7.217883026428919e-06,7.504676629705151e-06,5.344248093623428e-06,5.831188838417874e-06,2.9714817401005433e-06,4.838790063175788e-06,2.159885217073227e-06,3.2570535541822476e-06,7.360321707842467e-07,3.241592743746662e-06,6.771437602475368e-06,7.550158125137428e-06,4.7938369476880805e-06,6.382391804528476e-06,2.6054770247864603e-06,4.230718425124352e-06,7.324667459352587e-06,2.36195131847971e-06,2.6171304702303943e-06,2.3615830083539596e-06,-8.666495849435974e-07,2.959010574870135e-06,5.737364519666101e-06,1.7436969538149086e-06,2.5881400882826447e-06,3.6508312094858758e-06,3.1464767238831723e-06,4.933768145022279e-06,6.577979140139256e-06,3.959835702880214e-06,6.220811965907359e-06,3.2732020363229987e-06,5.06860110474823e-06,2.1629045093005686e-06,3.820260722747201e-06,3.2753751578013567e-06,5.23087380575293e-06,2.045215748351209e-06,4.000704239165734e-06,4.5977436197436695e-06,6.15791605589046e-06,-2.6634682318435176e-07,-1.8522544694958967e-05,2.294772877029903e-06,-2.4530406723065177e-07,1.892387637947296e-06,3.561990520599842e-06
032,8.694171434242333e-06,1.0715633025721121e-05,3.6995528708232407e-06,1.871523775958233e-05,7.83468264446085e-06,9.116767688109961e-06,8.082372797334547e-06,8.12281039159556e-06,9.313869614018032e-06,5.019341664803948e-06,2.4219924806022676e-06,9.490395979378355e-06,7.816167373604484e-06,1.0466463858955943e-05,9.591284831606662e-06,6.21638152828012e-06,8.882503319535492e-06,9.856265209817491e-06,8.8754605248127e-06,6.081872399710127e-06,8.32623374828244e-06,5.398025121419055e-06,8.799487811163777e-06,4.154002307828176e-06,7.114737066079786e-06,6.683628972990592e-06,6.984386849013353e-06,7.258553030986385e-06,8.421698127028502e-06,5.463471672535961e-06,7.998941938443041e-06,3.788526759392073e-06,5.750791410582057e-06,8.151846635443493e-06,9.75120576288324e-06,6.6560320493270276e-06,8.08944601308536e-06,2.8334617646750245e-06,2.1037511661905966e-06,7.816939216790239e-06,-1.0916692113254102e-06,7.2397002084934046e-06,9.936088316173066e-06,8.714966834662686e-06,7.164232052197182e-06,8.279140258097063e-06,9.39789976081195e-06,8.01979134415298e-06,5.597176703594151e-06,8.220839681421564e-06,-2.6855699322280026e-06,8.13785861668916e-06,6.663683215698819e-06,8.972744242428736e-06,1.9457299442476822e-06,8.34231033235436e-06,7.225747419911538e-06,8.335916079421883e-06,4.932976980715812e-08,2.732722399878852e-06,1.655932496733931e-06,3.392806190251052e-06,3.2784245889300037e-06,7.812606700139963e-07
035,7.2720588217849e-07,6.038925902079787e-07,-7.990909997985672e-07,5.576982183047583e-07,1.3369717434782108e-06,3.000859790371031e-06,1.8416244586542039e-06,1.8578163137164264e-06,2.5343810760882953e-06,7.44486470606342e-07,1.4979300416313374e-06,2.56061704103292e-06,2.896447079007591e-06,2.111106051282161e-06,3.2026321824154003e-06,9.494361103997665e-07,1.886907241721895e-06,2.74745995573458e-06,1.8906894349443557e-06,1.9373952161591053e-06,1.305126054128218e-06,9.023997243730926e-07,1.276128627540563e-06,8.617666127639961e-07,7.198116681348782e-07,9.391210932066406e-07,6.230661551830501e-07,2.4111996689832845e-06,2.6247799916443115e-06,5.911103679763381e-07,1.6076586329557547e-06,6.039828889458063e-07,1.5996752218513381e-06,2.696786957409992e-06,-6.421613913074449e-07,2.452849911338476e-07,7.492283445834808e-08,8.841380189609761e-07,9.038479132948669e-07,2.149953616120248e-06,6.490978471116396e-07,1.7745742236947177e-06,1.2944789742962231e-06,1.5188673839083326e-06,2.5378281318049114e-06,2.785110773802186e-06,2.3266234965398526e-06,2.288906477959398e-06,1.4264734442682556e-06,1.641332930128636e-06,4.862527811895021e-07,4.68262447097544e-07,1.8317803725621355e-06,1.3898445233759927e-06,1.8076634167927366e-06,2.674043955862848e-07,2.5662119670819695e-06,2.6226630003338885e-06,-3.6558306579322044e-08,-1.523709437600406e-06,-8.130907925499963e-07,-1.6766741334831631e-06,1.4509033462632782e-07,-5.173915858100174e-06
036,7.130485530862407e-08,3.7252429376043078e-06,-1.005125162303726e-06,2.8046508743114048e-06,1.0117133849146324e-06,8.41302148745155e-06,8.836074980218298e-06,8.609357061669857e-06,7.546775237301341e-06,4.7169973688862265e-06,5.481211067216175e-06,1.0321226974411632e-05,9.837177161698339e-06,9.562647657498359e-06,9.49333142477309e-06,6.149933056089308e-06,5.686884828272927e-06,1.0399081607854057e-05,9.413294250929167e-06,2.4391556895283944e-06,3.6482794039604466e-06,-1.6542101813851384e-06,4.599253812304305e-06,-5.833469178070516e-06,1.7164626445751182e-06,-1.756130446376582e-06,8.595444992791657e-07,5.162775982652627e-06,6.883398988276041e-06,5.147761064065576e-06,5.717452296692622e-06,4.950582332425958e-06,2.3382694777711187e-06,6.614953886096743e-06,-3.230735053172936e-07,1.1997476174847783e-06,4.014285025680467e-08,-9.661383547038267e-07,8.235041685344063e-07,2.888587957511625e-06,4.302665965904274e-06,4.565240767609983e-06,3.9645326435537705e-06,3.921180239882915e-06,9.459158164291489e-06,9.09004895535733e-06,9.643708720355901e-06,7.381481634509534e-06,5.503996356771813e-06,4.6159291307309316e-06,2.781461403694878e-06,5.777484250798762e-07,6.566781492391052e-06,5.0229349758732835e-06,4.270578994308049e-06,2.3197404379791168e-06,7.469167440305874e-06,9.607057799141756e-06,1.2275823870629081e-06,9.334138588124507e-07,2.394857736575633e-06,2.3636485019128527e-06,2.5606556485350664e-06,1.0666430995430407e-06
038,-2.8792616354822357e-06,1.5599020122153564e-06,-4.056397802347038e-06,-3.767360165215632e-06,8.194905834136131e-07,2.7617458193294853e-06,2.615569400061964e-06,5.599900177850273e-06,4.185561253740822e-06,1.8676807059513727e-05,3.921545935190354e-06,3.1956729522778436e-06,3.017852860061011e-06,3.347938619339707e-06,2.8752265044244105e-06,4.989208428220982e-06,5.614219421643808e-06,2.8986147455104666e-06,1.7297242585267184e-06,2.4559726534559554e-07,4.1886970125775823e-07,7.78769049637191e-07,-8.187976804305614e-07,2.334376781569596e-06,1.898912606189595e-07,4.1572128319845515e-06,2.8703248191563447e-06,1.9738137351742724e-06,1.0677815683278219e-06,4.4419266584679846e-06,1.520001576982659e-06,6.775119960230071e-06,3.819609909892756e-06,1.6030993502413603e-06,-3.6669244782537495e-06,-4.479768209804259e-06,-1.2401439362861761e-06,5.288268945474465e-06,2.986356402571372e-06,7.399972185732636e-07,1.0888939907930198e-05,5.032263990469165e-06,4.192251299455554e-06,5.735268167753862e-06,3.598994392051204e-06,3.7307101845663082e-06,2.770067655467011e-06,3.91987573852433e-06,3.6016280464829086e-06,6.252679730616936e-06,4.094695575446877e-06,6.707576586858412e-06,3.950561843714145e-06,4.572069355542739e-06,6.383191984108483e-06,5.7581230156115325e-06,3.802051689217208e-06,4.254856829658349e-06,3.5769055615884484e-06,2.8865380307034558e-05,4.402042652578231e-06,5.5873004640499206e-06,3.466637481068489e-06,1.695359432926177e-05
039,9.559220068755414e-06,9.919880870291396e-06,2.3360288688436854e-05,1.2244275936915463e-05,7.232929576555442e-06,5.104120078474282e-06,6.918531055352928e-06,2.7285013098667296e-06,4.508052749852421e-06,1.8943573380467622e-06,6.520610164901122e-06,4.8949423272399046e-06,5.70314398529721e-06,2.2598081591889714e-06,5.347197748573733e-06,-2.6030271312998707e-07,5.011203460729728e-06,6.023028584716231e-06,7.916103111494115e-06,7.345553996385342e-06,9.30117401585855e-06,8.086728025356871e-06,1.022288967579206e-05,4.82791140858117e-06,1.0729183822577331e-05,4.257665862331715e-06,1.0010025567375288e-05,6.939424080267799e-06,8.662948294865245e-06,5.24225796908569e-06,9.889963171953923e-06,2.891354907912696e-06,9.6663071009733e-06,8.108085600483635e-06,8.748980950848428e-06,6.316549087812814e-06,6.196726191336629e-06,3.3605816385265552e-06,6.761184861285428e-06,8.584027735905032e-06,2.633401924940636e-06,2.1381864842265887e-06,1.998383667419121e-06,3.4646835433537978e-06,2.3019575013569008e-06,4.3313745162194705e-06,1.585494860771741e-06,7.74595729798757e-06,2.773555614584678e-06,4.670469345437738e-06,-5.423002045806108e-07,2.155253086585233e-06,2.5684923588102693e-06,4.909566651475634e-06,1.9291421690652925e-06,8.205223453256964e-07,3.0925241467270496e-06,3.775560065553801e-06,1.0570935154555427e-06,-3.8796185440621e-07,3.2442708960136723e-06,1.8758970921095198e-06,-4.0160285149770365e-06,2.602705947670935e-08
040,-7.845304032639137e-06,-1.011364337901532e-05,-5.6375066594205116e-06,-2.1467716765598588e-05,-3.6475375718098696e-06,-1.2341663531541686e-07,-1.589765299784891e-06,7.314423421974569e-07,-1.6354277167577559e-06,-7.214961509725286e-07,-2.0415214246182693e-07,-6.888546674335084e-07,-1.3146488083252176e-06,-3.235536258997423e-06,1.265166888872292e-07,-3.283579608711002e-06,1.4233844015716823e-07,-7.179446089966547e-08,-3.24587443486313e-07,-2.3697218064741517e-06,-2.9003387722954057e-06,-3.456809409717446e-06,-2.0648729794542073e-06,-7.120034962992045e-06,-6.378923651499198e-06,-5.837628424557607e-06,-7.2371472365795556e-06,-1.932693626808615e-06,-4.818007559760402e-07,3.8329827539901614e-07,-1.2364899796126302e-06,-1.1662898239252999e-07,-1.9999856266876066e-06,-7.94623675870557e-07,-2.390758909556524e-06,-2.6980365110197213e-06,-4.3019715211955655e-06,-1.3492649279123768e-06,-7.595538929270521e-07,-2.0736920971562536e-06,-5.341942752979644e-06,-2.7118295548678004e-06,-1.929265286379838e-06,-2.411764985977661e-06,-2.2816045772005853e-06,-1.5313316927028775e-06,-6.636917300386634e-07,-8.366630049615417e-07,-3.9335395029229375e-07,-1.6976159113814787e-06,-3.444743303603803e-06,-4.2530513835736133e-07,-2.193713360018747e-06,-2.088885017036075e-06,-4.945144863086611e-06,-2.2152558077784263e-06,-9.184337227841989e-07,-4.866029309708885e-07,1.5629902689537432e-06,1.5182810020774464e-07,-1.2066800035147614e-06,-2.4655281337394642e-06,1.3226947047912756e-06,1.4770679384003577e-06
041,1.2342083170787448e-06,1.4585049559140984e-06,1.0774009810908296e-06,8.664901256553727e-07,9.81417859301267e-07,1.5960794980952432e-06,1.363306281087361e-06,1.4315590896732261e-06,1.059088023168774e-06,4.652118605088363e-07,5.829629613223229e-07,1.6910825101644183e-06,1.0918704837352992e-06,1.737228679001741e-06,1.2033542961748916e-06,6.804627989421625e-07,8.11920955396495e-07,1.2868471985258647e-06,1.273793701891504e-06,9.38509935337023e-07,1.5720172189032763e-06,6.066753219026852e-07,1.3498109377046026e-06,6.782073937368016e-07,1.3011734886571674e-06,-4.904451945637384e-07,5.800374269972146e-07,1.2963464025537297e-06,1.582321743408463e-06,7.264643363392011e-07,1.1819523787806937e-06,9.783246773414899e-07,2.499023027633329e-07,1.6325620361138634e-06,7.595829892293923e-08,5.744036575403466e-08,3.3428501815978265e-07,6.407887243101204e-07,6.907360415360185e-07,9.597164634992793e-07,5.794426815749843e-07,1.4235456604964793e-06,9.548448564534257e-07,1.1047056182123677e-06,1.6490585325861675e-06,1.0582381006891477e-06,1.6580021157046067e-06,1.048860559651257e-06,9.467913955256139e-07,9.237496467248223e-07,6.750772887877779e-07,5.705059745509048e-07,1.6601129420115437e-06,1.166781019856735e-06,1.1646046893674766e-06,8.154151962231224e-07,1.3273329755628596e-06,1.316976559546595e-06,1.0527042764007531e-07,-1.5106514458505294e-06,-7.941842873249838e-08,-1.152125955865099e-06,-2.564894714067282e-07,2.6133285862041364e-07
042,-2.1200081066835422e-07,-5.392594007764026e-07,6.57004920284771e-07,1.466976335736987e-07,-4.6897102039898036e-07,3.659080949987417e-07,-8.396699603630133e-08,7.063351037624456e-07,1.0636515499111123e-07,4.823682160487835e-07,-3.3154710117656094e-08,9.13977026001441e-07,3.438274957351434e-07,9.143066524186193e-07,2.776369965024752e-07,4.388740724076092e-07,5.812559410354819e-07,5.181490632232345e-07,-8.23657100389031e-08,-1.4798090756625951e-08,-5.879371483898808e-07,-1.4634771553685176e-08,-5.112262318132703e-07,1.6761915138015535e-07,-5.319386160697495e-07,1.892985902507181e-07,-4.809754939215188e-08,1.471920912863316e-07,-1.840368087070144e-07,1.768502283493433e-07,-3.657793691512734e-07,1.0933606335778838e-07,-5.764848497075261e-07,-2.157323812317265e-07,-1.7408720837992927e-07,-2.032254522052263e-07,-1.6960150881597924e-07,2.642287868003637e-07,-2.174790875672137e-07,-2.1185117518240797e-07,-8.605240382644953e-07,1.6112038375762236e-06,9.221190638261937e-07,8.389841795570768e-07,1.5487085827221552e-06,1.5117697516252998e-06,1.2831660413288982e-06,8.716043212782358e-07,7.253446861606239e-07,1.3974052441341543e-06,-5.638612642363877e-07,1.2454312472938246e-06,1.6653918463226586e-06,1.5155416732061774e-06,1.6525655842207797e-06,1.3594612939173197e-06,1.5659353325175947e-06,1.77015864765554e-06,-7.403232932628328e-08,-1.605626544954555e-07,6.285145535578809e-07,-7.016832127512321e-07,-3.1309743862284454e-07,3.2945462550036256e-07
043,4.2010016434328925e-06,1.2062235447744821e-05,1.190720552508716e-05,2.30349417248621e-05,6.8622826464030076e-06,5.877664683081533e-06,4.869391518218503e-06,4.972633252426447e-06,5.447545811705479e-06,1.71764236529311e-06,8.060755605210539e-06,6.191691510785413e-06,5.224767141197872e-06,5.545840992167972e-06,5.931734884582252e-06,-1.8264042340621878e-06,1.9966933654969545e-06,3.7180576970699296e-06,3.621902942540134e-06,4.164448024146717e-06,5.197745513880265e-06,4.479624884990029e-06,6.720034030170343e-06,3.7281129991536384e-06,1.078498901923589e-05,7.5735774714227185e-06,7.696647602906851e-06,5.928727690768742e-06,6.839243996702197e-06,2.3207775395526892e-06,7.11725276925426e-06,3.170518183527502e-06,1.4354374446313171e-05,3.406209458236852e-06,5.7213221201023635e-06,7.3401262213895974e-06,3.1873962875105156e-06,4.129968597179663e-06,1.590225827717775e-05,5.505207725301636e-06,3.697247312089267e-06,2.3269365876806803e-06,2.6517984527782217e-06,2.51031228223292e-06,5.085684168967886e-06,5.426467352888457e-06,2.632818065358782e-06,2.979334727471284e-06,-2.1318352630658235e-06,2.0605102568285252e-06,-1.1229869535250165e-06,1.3358224801886376e-06,2.152522636143953e-06,8.068942674264345e-07,2.0220209959208484e-06,1.839265119998722e-06,4.80761805154708e-06,3.7083298628667314e-06,2.6649800188576226e-06,-3.903883112420985e-06,3.6859138936600263e-06,4.687634630578299e-07,1.6247598579489321e-06,1.6141607962971748e-05
044,-1.2666722468356721e-06,-2.2610238807856437e-06,-1.197017293042753e-06,-4.097486981922576e-06,-7.701869374988185e-07,4.073915729519544e-06,5.774652357385089e-06,2.104401263033515e-06,2.259817527441386e-06,1.0286177751743537e-06,-4.89943500826055e-07,5.485985951566246e-06,5.067854016242496e-06,6.421782785899031e-06,3.24505396515909e-06,6.194327041757522e-06,4.185524713676868e-06,5.409580701930486e-06,6.013105961542923e-06,-1.0237956185799061e-06,-6.692247425831712e-07,-7.884363021549805e-06,-1.96538373967065e-06,4.893521577092911e-07,-1.8640361668559704e-06,-3.737627386762929e-07,-2.163369651204769e-06,2.3428812665935233e-06,4.353301609809636e-06,-6.081453370828422e-06,-1.4033033425640731e-06,-7.524875277622673e-06,-6.830928766627892e-06,4.5087154056910785e-06,-4.775838206459076e-07,-4.994232542282534e-06,-1.5002159243576046e-06,2.138227013263029e-06,4.923927683032283e-07,2.1674370290558264e-06,2.1124358275460016e-06,5.366233438430735e-06,1.763270780083233e-06,3.0973997633361923e-06,6.515148628616616e-06,5.1837916978172454e-06,8.40393379908184e-06,4.5539300228119586e-06,7.708662987455701e-06,5.5769704091815885e-06,5.7747544082989865e-06,4.442080744227699e-06,7.505060555820935e-06,3.902048808824571e-06,4.793387645519701e-06,5.401638834920048e-06,5.7060603741100735e-06,6.176752955529838e-06,1.6341754377136847e-07,9.336995761990152e-07,-2.4796881515720154e-06,-1.0786116639943597e-07,5.4818343574129326e-06,4.032845549630332e-06
045,2.261019250226235e-06,1.1238775357033815e-06,2.4803147908994963e-06,-5.984028054675612e-07,-2.646146420687878e-07,-2.364883041960279e-06,1.995298141562753e-06,-3.03306914978874e-06,-2.96414265085394e-06,-4.770718294530575e-06,-1.0115497604720823e-05,-4.6043103845235213e-07,2.9063945622440384e-06,-2.153135586016197e-06,-1.2486839047026764e-06,-3.3512757713017655e-06,-4.332984278923676e-06,-3.456124915967996e-07,-1.4984871360740792e-06,-2.4163921579625476e-06,-3.403499151880839e-07,-2.2207306078975423e-06,-4.0818767549986034e-07,-1.546926140703095e-06,-1.8185924114082976e-06,-2.5590046705105794e-06,-1.9781895216283265e-06,-1.10241975533385e-06,-1.1626127309147627e-06,-2.393590161206844e-06,-1.2966935728052115e-06,-2.1457144681036057e-06,-2.78875926587208e-06,8.358116419886248e-07,1.2794867902847893e-06,-4.785375518059703e-07,1.3707814521898433e-07,-2.7167380107513748e-06,-2.796297896273523e-06,-3.541931005499248e-07,-4.50028208796299e-06,-3.6886580257865167e-06,-2.3818400549667297e-06,-3.319117917873497e-06,-1.2534624027870674e-06,-4.7049931845062915e-07,-5.338317672553364e-07,-5.151182837381139e-07,-3.3378459778247334e-06,-7.630201061813737e-07,-3.5417604930844003e-06,-1.3483158863302504e-06,-1.4880784120458192e-06,-2.9285380426773347e-06,-3.361557309528268e-06,-4.329288207213705e-06,-1.8801737642532884e-06,-9.271984204399133e-07,-4.643573164497987e-06,-7.29293919016232e-06,-2.380127795185095e-06,-2.9291075070911724e-06,-6.012200464090178e-06,-3.3125637209810195e-06
046,-2.2579426663809933e-06,-4.7356005581360866e-07,-1.7953411882565344e-06,-9.952246343535962e-07,-3.787092495226811e-07,7.512167039077303e-07,8.399728104810883e-07,6.793419179025794e-07,7.998848606705414e-07,-6.209511310568695e-07,1.592712100316798e-06,4.0150616168444095e-07,-1.3511561372113265e-08,-4.1323129801093895e-07,1.8907377694150033e-07,-1.6057958727331176e-06,5.918904784524889e-07,7.924753067412036e-07,6.083541201769412e-07,6.832034455700934e-08,1.891320808027943e-07,5.0734399973219735e-08,2.3318832935237197e-07,-1.3361161412838562e-06,-1.3088628198607494e-06,-1.293107778749386e-06,-1.434219702219728e-06,1.0234260152069105e-06,1.4468532750452882e-07,4.758234153783818e-07,3.5521733536168857e-07,-6.635819417778378e-08,-4.16589542010908e-07,2.357804947584873e-06,-1.2682389135563952e-06,-1.0132824751946522e-06,-6.971434812446959e-07,-1.515407988865155e-06,1.9492449052766278e-07,4.323697194024526e-07,-3.749501493459524e-06,-2.237223979282139e-06,-1.8175831722309458e-06,-1.7891451765969875e-06,7.164242781612343e-07,-8.292480285181313e-07,-3.077851791076583e-07,-1.3160385325408913e-06,-3.472883221723705e-06,-7.929063643110844e-07,-3.3868853091141687e-06,-1.0988736559157536e-06,-1.3054076636908299e-06,-1.2148760708250501e-06,-3.060605136317696e-06,-1.2657742527011565e-06,-1.1221417176428267e-06,-8.588471685860909e-08,-7.383066865994587e-06,-4.769873665626761e-06,-8.835885091679258e-07,-2.784727441923725e-06,-3.973511918543579e-06,-2.1692100555243944e-06
047,6.155436836169823e-07,9.426515138066317e-07,-7.994561644624056e-07,1.648858027276828e-08,7.794124320255643e-07,1.1980023771709641e-06,8.333262802828187e-07,1.0241000872653876e-06,3.3922101446026215e-07,8.835766118393046e-07,-5.990780088772694e-07,1.2741247282007239e-06,6.740797931433827e-07,1.3533492150369333e-06,4.388960827961188e-07,9.04802433934319e-07,-5.218350893111158e-07,9.828500450697403e-07,1.1670383610143779e-06,8.793073517315333e-07,6.896443111851989e-07,8.503427551296021e-07,8.688310400794988e-07,-8.052181948691117e-07,8.363128647329226e-07,1.4171476372243576e-07,1.556178374071686e-07,1.144225543773774e-06,1.0305758045597624e-06,8.851977408076405e-07,5.250080151760076e-07,3.4285137763223026e-07,-3.0588772636779005e-08,1.0420154452707752e-06,5.383402023085815e-07,3.748528293971261e-07,-1.558509000099463e-07,-2.3534019925839208e-07,4.1495054744128746e-07,7.158519335527541e-07,1.0602509571552939e-06,1.253094294767304e-06,9.392021139618759e-07,1.0750944451532164e-06,1.2467103821234763e-06,7.305707622873319e-07,1.25107430587815e-06,4.501449388525267e-07,1.2287073594469e-06,2.780044225970623e-07,6.823040554870783e-07,5.052193250397034e-07,1.3588057444296925e-06,5.849396611690814e-07,1.10940899043682e-06,8.313551819880569e-07,1.1339347574419433e-06,1.0822499785114277e-06,2.8664585767460096e-07,9.86801807944764e-07,9.669674346659153e-07,7.378112897107788e-07,6.528977115023513e-07,4.254567487223425e-08
048,-2.223717240437032e-05,-1.1025822841790735e-05,-1.9358181465545197e-05,5.406228251231589e-06,-2.4055506962039026e-06,1.8020203105319184e-05,9.631363390195937e-07,-4.461597349825249e-06,-1.3336357876471606e-06,-4.9084322061393535e-06,-5.034452836937347e-06,-3.608059753496438e-07,8.578152358395498e-07,-2.4574165627622963e-06,-8.583877136438955e-07,-2.126312177152318e-06,-1.4468488078093597e-06,3.313617328214709e-06,3.017878326617019e-06,-5.209075310539317e-06,-2.4834425412169762e-06,-7.286877096331968e-06,-1.526703386862922e-05,-3.355432562460262e-05,-3.2198827700312846e-06,-9.640859384735704e-06,-6.598489633857433e-06,-5.358443517935523e-06,1.1461995219312708e-06,-1.2761529139208997e-05,-8.785540911814465e-08,-7.232414721426221e-06,-2.4234264683495106e-06,6.740908882242096e-07,-1.9449697351824903e-06,-1.1311522775398101e-06,-8.940477461579167e-06,-5.8443306417994455e-06,-2.3599472800584385e-06,-1.4229767932242348e-06,-3.3498905311283326e-06,-3.4593300398544444e-06,-1.659045815432805e-06,-3.993807419879543e-06,-1.4073954651797245e-06,7.8106214877811e-07,-1.922579129552701e-06,1.9201833603085703e-08,-2.12132706772905e-06,-1.5154663625644207e-06,-1.780531025393146e-06,-7.382922113357286e-06,-3.498294247117162e-06,-2.4596107481472183e-06,-4.366523186395263e-06,-2.3275286211348888e-07,-2.852880726558222e-06,1.349121137389224e-06,-2.7493586198573238e-06,-3.577759535848767e-06,-4.0644435564028984e-06,-5.9138408904083825e-06,-9.442376044631694e-07,-6.257325161197195e-06
049,1.5208847031120507e-05,3.993872603929518e-06,1.407426750003325e-06,3.560686092866782e-05,1.5054011858866986e-06,6.754716373050877e-06,5.098237606348987e-06,7.654869006109534e-06,6.376897720134707e-06,2.7230933369043154e-06,9.346406356034117e-06,4.227404636130523e-06,2.5684822727072256e-06,4.117180193292741e-06,3.5698791235518293e-06,1.4984593603755845e-06,4.783892727458553e-06,3.3086698914380345e-06,3.278174329173575e-06,4.336873888836639e-06,5.53080990227047e-06,4.298657289877856e-06,5.670907987405488e-06,3.314865195933653e-06,5.7322197344477126e-06,2.279718999474055e-06,2.8522877220292463e-06,6.083622685092786e-06,6.5673055538826294e-06,6.141334864786091e-06,6.945681753753735e-06,7.856123009228362e-06,4.04637879295482e-05,6.899647922172861e-06,9.201959324377796e-07,1.5510496783244306e-06,6.720732688151592e-07,2.0562321247716654e-05,7.936335080580092e-05,5.381395238657874e-06,1.739930855264007e-06,6.021707823402008e-06,2.334447050278749e-06,4.439089565046737e-06,4.829809771708283e-06,3.6420244730475043e-06,4.782420742381048e-06,1.5622967942411684e-06,3.14612287949969e-06,5.546632588718979e-07,1.929607856589223e-06,5.736725573601211e-09,5.004993806399341e-06,2.377242850922643e-06,4.299694873435935e-06,8.22165427789069e-07,7.379572132987904e-06,5.598398941117298e-06,1.7834660286710768e-06,1.7471222311768919e-06,8.490745306216193e-07,2.3993075213022994e-06,2.9142870960123086e-06,6.510420300451553e-06
050,9.980486329215117e-07,-4.6462317878652597e-07,1.0541746718264112e-06,9.795628943364986e-07,5.619611782858347e-07,2.3403056691381575e-07,3.7902787892366783e-07,8.085541831723364e-07,5.262951695562161e-07,3.884266102604441e-06,1.4483900180470541e-06,4.4792977244539124e-07,-2.654665388361279e-07,9.082179426515637e-07,1.1853990167006411e-07,1.807528824055802e-06,9.32992052796981e-07,5.575145756894195e-07,2.4031439932926133e-07,9.345048893836264e-07,3.1935295632238766e-07,5.467054706817334e-07,2.5741278323832866e-07,1.699035184188727e-06,1.1500633749771623e-06,2.06641603977015e-06,8.4145665390253e-07,5.591626430676848e-07,5.996610579356026e-07,7.331763556964832e-07,2.9212152601974484e-07,9.331904329177124e-07,2.237498073710292e-06,1.6570293710007363e-07,1.3213265469243915e-06,8.445760516167943e-07,1.0894071597707707e-06,6.314000435818259e-06,5.749780978634886e-06,2.451395550110724e-07,-3.6436986009109953e-06,1.0666228831160903e-06,-1.5651776500228746e-06,-1.112730274557142e-06,4.813492713188581e-07,-4.30284116793832e-07,1.0759250337435876e-06,-1.053610593595178e-06,2.019613059748799e-06,3.272510365095143e-07,3.1750043492074414e-06,2.0376379578006165e-06,1.288724835261327e-06,-9.267011600500185e-07,1.870249409537564e-06,-6.447957526083688e-07,1.111112224576743e-07,-6.337339938499106e-07,1.676979549835516e-06,4.149399686733179e-06,7.490039742154687e-06,3.4436856225590903e-06,4.308750124364959e-06,2.139418430370901e-06
051,-4.020326924097049e-07,-3.441006280342727e-07,-7.353238643225006e-07,-4.99151925337537e-07,-4.601647088824672e-07,-2.619671439121301e-07,-2.3635947098640975e-07,-3.1618780502475417e-07,-3.4979768640614e-07,-1.2501052503753655e-06,-7.676910966695607e-07,-2.886020243338074e-07,-4.683064505309817e-07,-3.9384012183436435e-07,-4.644780876974756e-07,-8.72420577514452e-07,-6.94861088532293e-07,-3.0325207428561493e-07,-7.143444219623778e-08,-4.3581632489568017e-07,-2.8991558973522267e-07,-5.751787444406043e-07,-1.6914965985267668e-07,-4.971650217175272e-07,-4.4776740689626965e-07,-6.173075365335178e-07,-4.954964367594643e-07,-6.341023212029478e-07,-2.573468040443947e-07,-4.45251719962021e-07,-2.466825491784068e-07,-4.382317867985194e-07,-2.814258568097373e-07,-1.6008784042118726e-07,-5.334896477111224e-07,-4.494463883812668e-07,-4.3251398999626466e-07,-8.112070333975231e-07,-3.6845588558065136e-07,-2.040556204276267e-07,-5.858794728524903e-07,-5.512187319544423e-07,-7.074124134730624e-07,-6.728378783217547e-07,-5.892489133118968e-07,-4.6574971384076206e-07,-4.952546808692554e-07,-5.258520878739942e-07,-6.410079075541202e-07,-8.112901302307597e-07,-7.818405842817982e-07,-9.56754902355413e-07,-6.709598121586617e-07,-7.150980032464797e-07,-1.0636254384474206e-06,-8.789173058015496e-07,-6.232962953145105e-07,-5.29488448221674e-07,-4.781037466807685e-07,-2.1480898693150605e-06,-1.8220174386611933e-06,-2.938973041860964e-06,-1.6514427602855906e-06,-1.0550528925976833e-06
052,2.783117498661897e-06,5.390325199128039e-06,3.964276684035142e-06,4.124424568673073e-06,6.492868096799447e-06,5.837706592603422e-06,5.429205425953345e-06,5.77641910567477e-06,5.4831360048208865e-06,4.14255391058698e-06,3.335788493175739e-06,4.16600600302439e-06,6.819109580126053e-06,5.753782941647769e-06,5.336470937404312e-06,6.636095330687389e-06,3.1587442054833976e-06,5.821048947221207e-06,5.687485262230099e-06,7.657222145599402e-06,8.14970785460489e-06,1.7055548143395463e-06,5.42895341449153e-06,7.204318828096052e-06,4.072588764013415e-06,2.438900178456836e-06,5.032131790165177e-07,6.7587851108943634e-06,7.597866298096088e-06,9.470192550319206e-06,3.7246552100854733e-06,4.98091601125139e-06,3.3851967659002315e-06,8.464481454328986e-06,4.115036870800175e-06,3.917354387523384e-06,4.003770145897977e-06,2.6023183662522646e-06,1.600618472023468e-06,9.043753265185942e-06,6.317274235365934e-06,5.564668507007645e-06,5.724513958019088e-06,7.064156869543519e-06,5.852002866210291e-06,6.861336515328967e-06,5.984541472940374e-06,6.206471227978361e-06,6.385143020252818e-06,4.900068493857501e-06,6.060094479342928e-06,3.265562685500459e-06,5.314060060350269e-06,6.723136868272718e-06,6.351935794095714e-06,4.466286503101842e-06,6.820300391582902e-06,6.37317618434381e-06,3.22584433145497e-08,3.8107905940986145e-06,3.7661192825307996e-06,2.5923643289919693e-06,8.165858602012185e-06,3.941206341397768e-06
053,-8.986029581088535e-07,-1.0541666740385095e-05,-1.8320708817767533e-06,-1.043998635060612e-05,-5.249516102859864e-06,-2.2654346799891728e-07,2.0198883673740177e-08,1.6009329552933893e-06,-9.793877083557151e-08,1.54638511121118e-06,-6.842278059511259e-07,1.267530321720024e-06,1.253106376867454e-07,1.3190609886653386e-06,1.446579296551527e-07,2.101773799779535e-06,-1.875210934846707e-06,-3.193926210670135e-07,6.788007155813331e-07,-8.852176098116308e-07,-8.932892403544321e-07,5.5216644951660545e-06,-5.730649348014456e-07,1.2622715138509772e-06,-5.9134902293444665e-06,3.1013986179806067e-06,-3.1406036827101207e-06,1.0704849131333467e-06,-1.6621560123908145e-06,2.848175683613203e-06,-1.5095788681955798e-08,1.1421218364350156e-06,3.490211565754023e-07,6.601228700962831e-08,-8.173058120091611e-06,-8.724250785675851e-06,-2.2103050833965504e-05,3.972620984946588e-06,1.6653791976047085e-05,-2.637450087647265e-06,8.572575885850324e-07,3.285469506274807e-07,-5.426515372751977e-07,-6.337328054021606e-07,7.039313385744903e-07,2.0441644712610913e-07,1.6155220715181804e-06,-5.407183605052083e-07,2.562016134708541e-06,7.025432937771387e-08,-4.5161438248163433e-07,2.810489190712172e-06,1.999453510995741e-06,-9.662194366229563e-07,2.1338987331539283e-06,-7.823159038617765e-08,1.501818320917149e-07,-2.589783335302163e-07,2.889517809456731e-06,1.6384313432063804e-06,1.1421471099992996e-05,1.552968702545134e-06,7.653143148975523e-07,3.0057854975502134e-06
054,-7.69161852666113e-06,-8.034878839552552e-06,-7.5506091997848355e-06,-6.8761628394662195e-06,-2.406039750664861e-06,6.090189881363649e-07,7.738138748526867e-07,1.3755596408753613e-06,2.367785819536995e-06,-4.047701297376379e-06,2.0872793293244087e-06,2.483029586851161e-06,2.8948953219762583e-06,1.8685987165058754e-06,5.509452216787784e-06,-1.0907684149836015e-06,3.7169393599243083e-06,1.1514703959363824e-06,5.29397071680382e-07,-2.563607841655325e-06,-1.6606161572267447e-06,-3.4010243048280067e-06,-1.7768265932641297e-06,-3.839606951634848e-06,-4.8105821384272014e-06,-3.933959767238584e-06,-4.136857592577378e-06,-1.4497969285764943e-07,-4.2083382748190166e-07,-9.171144215671902e-07,-5.858043615285597e-07,-2.8154451219515185e-06,-2.2571373108147622e-06,-6.922798477194297e-07,-1.1460648193979598e-05,-3.90622226636143e-06,-1.401662455936198e-05,-2.444422670241885e-06,-2.2363161512472408e-06,-1.2580755498975055e-06,3.2477699948797165e-07,5.334695735916911e-07,2.382518075998673e-06,1.8392593879157185e-06,2.1108602486024346e-06,3.8017560842912177e-06,2.075365590717693e-06,5.289532207456253e-06,8.895733085099433e-07,3.853110636193913e-06,8.71305420780568e-07,1.8518776050749512e-06,6.41467344580591e-07,2.3202728605240015e-06,4.975669585422638e-07,-4.008819342220541e-07,1.7898882401312286e-06,2.3084653994132178e-06,2.4899770381090344e-07,-5.284575558809612e-06,-5.280779016330845e-07,-2.1434202910221782e-07,-1.0020778202758476e-06,1.3063220363449893e-06
055,1.3184277997821084e-06,1.5359516782589831e-06,1.4546089544889956e-06,3.3392641324530363e-06,1.4375961988518746e-06,3.421357829944791e-07,6.082037787249539e-07,4.839310614296855e-07,5.163843394945213e-07,3.284354152392724e-07,6.701727919281747e-08,3.820790045320899e-08,2.728919653947759e-07,-2.9571234404678457e-08,1.615324110202576e-07,3.2988942031048965e-08,-4.853626557338725e-08,1.5977364099494388e-07,6.244864611292958e-07,1.2541018570925121e-06,1.4086414966793909e-06,1.1950560507985746e-06,1.3539316057144956e-06,9.989797362791082e-07,1.5993214998170412e-06,1.020745179783995e-06,1.395237827307861e-06,1.0580867003559583e-06,8.596447606541328e-07,1.034674581419258e-06,1.0757167550682362e-06,7.037680199408212e-07,1.4824736241117046e-06,1.1195206774924645e-06,1.5154580184526482e-06,1.4065616505226234e-06,1.4377883294934297e-06,4.048554474337299e-07,4.478099101577869e-06,1.292321384429448e-06,-1.2990079418793418e-06,-8.46771521099073e-07,-6.396454071338438e-07,-7.708274976858059e-07,-4.365102332182088e-07,-1.2146597665154402e-07,-2.831515237780086e-07,-1.8562159916515932e-07,-3.5504564187908977e-07,-2.9713099547654304e-07,-6.367971049516759e-07,-7.450750674409558e-07,-7.131110614809466e-07,-2.877724213362855e-07,-5.982143857938905e-07,-6.636041822057118e-07,-3.311286136564965e-07,-1.7458401169248068e-07,3.599019904964163e-08,-2.1075313329537327e-08,-3.0189836581513546e-07,-2.499327225369987e-07,-7.572114071501043e-07,-4.536642258458133e-07
056,2.2230704162767306e-07,-6.934204551117934e-07,1.4349976341320667e-06,4.4684675139522295e-07,-5.515625477756339e-06,1.0870047883980086e-06,9.94059410233565e-07,1.1361420611737817e-06,1.7627360525322831e-06,1.2839222803053785e-06,2.5932307267227062e-08,1.7606080365350737e-06,-2.9412822542641933e-07,1.4503671321995452e-06,-2.5533268768148237e-07,-4.5325834878630647e-07,1.3380569966819998e-06,1.4418677362403223e-06,8.677527463286751e-07,1.1867081277953518e-06,1.9554574770310265e-07,1.4953235468677497e-06,3.156369933596617e-07,1.5288306154942e-06,5.641741046018078e-07,8.185418935418786e-06,1.7337937278590642e-07,2.2635583117556884e-06,9.584941041335953e-07,2.269337389563549e-06,2.4497266694804452e-06,1.558408394839909e-06,1.7791753830727112e-06,1.1393675759909886e-06,-5.924322234943076e-07,-4.79044982050525e-08,3.919353160918818e-08,1.1855813611627109e-05,-1.564052753932493e-07,1.7777436089998873e-07,3.81333774498588e-07,1.202948720906245e-06,-2.1659660353132093e-06,1.999781545320419e-07,2.064493851425208e-06,9.040593782938154e-07,1.3229717690893385e-06,8.978199343605718e-07,4.685965934355784e-07,1.4730737179785565e-07,9.328806964402649e-08,4.3454194802449815e-07,1.5300758971778321e-06,4.6542990181981197e-07,1.5244733074785264e-06,-1.6212910971858242e-06,1.465377150447914e-07,1.38565990715704e-06,-2.537962658795323e-06,3.3413233899686725e-06,4.306748443178641e-06,1.11160623314578e-06,2.525468066947383e-06,2.652901019660955e-06
057,1.6219507157987188e-05,1.778237292070649e-05,7.388571066493941e-05,8.141634629328378e-05,7.317559889445834e-06,2.927024674236592e-06,4.502591803638474e-06,2.68080420284675e-06,3.382433325273766e-06,2.5628717544053276e-06,5.397197434684722e-06,2.4433443743801863e-06,4.073174793326469e-06,3.7469200944369914e-06,4.199572524084264e-06,3.635254555601572e-06,5.673155752661883e-06,3.6039322718759627e-06,4.325511819482502e-06,6.4496361073080835e-06,1.0129349498321669e-05,1.4261433913469208e-05,2.2696092385070054e-05,1.1607329252674191e-05,9.60728888899027e-06,1.07595530162579e-05,1.546340119637892e-05,2.8723952261371076e-06,3.629917307835206e-06,4.843098294252834e-06,9.442990841103922e-06,3.848839341823444e-06,5.447945452869884e-06,4.966089624167271e-06,5.112865448011942e-05,1.4679819267357137e-05,7.3700214149256526e-06,1.1972029198631951e-05,1.6380501942562763e-05,6.825004711528422e-06,-1.251528352628608e-06,3.474578878829356e-07,1.3811384750580942e-07,-2.451402860022056e-07,8.2155914775531e-07,2.5524497622308036e-06,2.5021162933827516e-06,2.4219258406806217e-06,2.8563141467474155e-06,4.72450207731815e-06,1.9194232139810573e-06,1.1164957278457478e-05,2.2762952875628988e-06,1.3737759588086688e-06,3.7514253027736433e-06,5.625515392262394e-07,1.242468370960309e-06,1.5366815857150278e-06,8.591420159685115e-06,4.2719523763787414e-06,4.9939322545828434e-06,3.0231047660389267e-06,4.800295050831617e-06,7.960033609616516e-06
058,1.2150657487166478e-06,-4.388279562983877e-06,1.2447804604927917e-06,-4.922309141039448e-06,1.62465952268563e-06,3.855529761456844e-06,3.4517595233307977e-06,4.483889423404164e-06,3.13113935791988e-06,3.880924500400847e-06,7.334540023693644e-07,4.3829118079429486e-06,3.106589456006286e-06,4.346627736258328e-06,3.0947554269591957e-06,3.615801425297331e-06,1.9745940839061316e-06,3.546887575206602e-06,3.868267199390663e-06,2.563087607255495e-06,-2.725244944963279e-06,2.6308036139469606e-06,-2.8561699820994425e-06,9.560668658373012e-07,-7.2228628106545704e-06,2.0766704929086246e-06,-4.9015154941429665e-06,3.986644984546025e-06,3.2558741746280408e-06,4.032272871992832e-06,1.7362916784058123e-06,4.1933756398763875e-06,5.167879022119249e-07,3.2520842704645057e-06,1.0785043056568251e-06,-3.495286927687796e-06,4.783235108550181e-07,1.5985721566254811e-06,-1.1489623618453665e-05,2.5243935971979616e-06,-2.4662479123638616e-06,2.0346131907786416e-06,1.3754590710411182e-07,1.1219068948304601e-06,2.2997949205950463e-06,1.7937249929623208e-06,2.208269188176484e-06,1.8843951743601567e-06,1.8212108949044355e-06,1.504105778721735e-06,3.3259084526258745e-08,-4.2649300689503314e-07,1.5708263110362438e-06,7.731101587705146e-07,-2.230250951402116e-07,1.4499598190488799e-06,8.92432604445855e-07,1.8967203857120613e-06,1.6097661402522094e-07,1.409372509779277e-06,9.929909276246187e-07,1.1787848441790443e-06,1.1679051630051102e-06,1.1389682884385619e-06
059,5.495338627994462e-07,2.973966304551593e-06,-3.8991870334171325e-07,2.3777161599589065e-06,7.207338878506385e-07,4.697445108918713e-07,-2.2145223920436722e-07,1.0893340633514212e-07,-5.612677443860916e-07,6.612798935432715e-07,-6.877095876210307e-07,-1.229467388399525e-06,-1.0031426596966812e-06,4.114414630048835e-07,-4.057604926407172e-07,-3.508605489405784e-07,3.442888650578768e-08,-1.4797328694070676e-06,4.900745939095389e-08,1.8102690422996576e-07,-2.454334585484313e-07,-1.584746006801716e-06,7.353639044171593e-07,-1.5821822489074017e-06,7.212374738278238e-07,-6.438138039708665e-06,2.814832122703816e-06,3.2091641611783013e-07,2.4467340670951387e-08,1.5932720728573507e-07,-7.009702362227846e-07,1.629067272990942e-07,-1.0026091719451661e-07,1.307582938370928e-08,5.436397820180879e-07,1.9289096061013104e-06,9.246535749807968e-07,-3.918308062686899e-06,1.70441942244649e-06,2.765784880750485e-07,-7.731817447921145e-07,-1.683376667619292e-07,-2.220378836355614e-06,-3.871927186889594e-07,-4.212961193368984e-06,-1.3151850902782472e-06,-2.840433217344105e-06,-5.5822353548957024e-06,1.5555600608310881e-06,-1.7248255701129188e-06,1.4204323824743604e-06,-5.264672425051564e-07,-5.166514200444528e-07,-3.2687107065502197e-06,1.2176744498938012e-07,-2.629225797939683e-06,-2.06638148922686e-06,-1.5277712977468086e-06,-6.019593531755771e-06,8.678887003977307e-07,4.2819764778228646e-08,4.099606821274826e-06,8.154758341804177e-07,-2.4714213654054625e-06
060,1.0748726270789917e-06,-4.4240632996500243e-07,2.492477694535077e-06,-2.99206935846395e-06,1.4263567064488164e-06,3.2600082575508275e-06,1.994731176519953e-06,3.145682095042622e-06,1.3402286775263467e-06,-2.877093112907799e-06,-3.759824030366663e-06,5.425406574419428e-06,2.6835936924186575e-06,4.2362583993381745e-06,2.3875429246161003e-06,1.5703761644385392e-06,-2.239604691413008e-06,4.471612608018469e-06,1.8267047178710636e-06,1.5725609831910585e-06,9.156534906822816e-07,1.8413007821749425e-06,-1.6667150170990446e-06,-9.252199063900711e-08,-1.941266466453606e-06,-8.117616850328636e-07,-9.989030180079304e-06,3.020498208643341e-06,1.1318442039134347e-06,2.9785251609439227e-06,6.741787717550452e-08,1.4108859089580195e-06,-5.817576244322545e-06,1.9526374939590375e-06,2.1810462417719218e-06,1.2947320071733455e-06,1.6269060001674332e-06,3.874830170718626e-06,-3.787284702322021e-06,1.468895599284756e-06,-5.908505789577211e-06,-8.235777066430018e-06,9.819547867912962e-07,-4.986899955178333e-06,5.99552735211558e-06,3.548067492605551e-06,3.942356340162422e-06,2.143566548841801e-06,-2.290949557379929e-08,8.131328113593971e-07,-2.5325159226045184e-06,7.394621134640112e-07,1.018680052016542e-06,6.726532929218988e-07,-6.358789725591228e-06,-1.9853769573541337e-06,5.616184005842764e-06,6.664452773657081e-06,-3.863509435691018e-07,2.5546810425972694e-05,-1.414315629235223e-05,1.798243361401404e-06,-6.116725944562787e-08,1.7807424103716781e-06
062,2.658101464196324e-06,1.8238177664544947e-06,2.628452758405549e-06,9.646834723085608e-07,2.6709653615609717e-06,2.409378181471025e-06,2.43963726608585e-06,2.3575298225576525e-06,2.05798754298527e-06,8.263284770434332e-07,1.8016947488002696e-06,1.900531739291209e-06,1.9709344095792204e-06,1.1411755681603699e-06,2.0433836955419758e-06,1.6012160242390233e-06,1.8182575688375757e-06,2.0204218669662453e-06,2.1303584690043317e-06,3.16151115974228e-06,2.6358204380314495e-06,2.6399957024716178e-06,2.4346013352377704e-06,5.89271548138996e-07,1.0908539413795685e-06,1.2317293122363423e-06,1.2518450730323248e-06,2.7388958777158253e-06,2.57985109121907e-06,2.725793695733395e-06,1.8049689938238335e-06,9.122248366294267e-07,1.2362628946078929e-06,2.707793503376255e-06,2.6654018865031285e-06,1.764044023572843e-06,1.9206724712958752e-06,7.748801986305615e-07,2.481911295564319e-06,2.9532466774372657e-06,4.360093465454799e-07,6.628911047376392e-07,3.586397572838715e-07,4.705575857453796e-07,1.4803183208047954e-06,1.7925357981511787e-06,1.3940484610301851e-06,1.661218872209202e-06,8.936541807997842e-07,1.2649562785173734e-06,5.844585687119719e-07,6.61179077468081e-07,1.4839498410239754e-06,-1.6189431218513027e-07,3.7578845398098645e-07,2.972118066964177e-07,1.6566451229653052e-06,1.4207326792976934e-06,6.332947537068749e-07,-1.223103155742268e-07,1.3077667824638014e-06,-3.072143048826995e-07,5.126331493247304e-08,1.3821245489880664e-06
063,8.721339451541241e-07,3.6643154608914395e-07,4.6669350414900514e-06,4.5515697152055445e-06,1.4986528117563396e-06,6.165440030371219e-08,9.996446051753753e-07,-2.435248894910643e-06,-2.763271643115085e-07,-1.0180494765859985e-05,-6.780979916680741e-07,-8.829695197480393e-07,-3.7708145701914774e-07,-2.6789742893116966e-06,-6.672148625744831e-07,-8.755235202884404e-06,-1.1837441280473682e-06,-2.0382718495184956e-07,1.052738762169632e-06,1.1779167135181389e-06,7.269260541808827e-07,1.2164458394173167e-06,6.401265436326711e-07,-4.580917180061406e-07,8.635419846546919e-07,6.680870284803473e-07,1.8214000068491443e-07,1.0291295257178131e-07,9.390780251515778e-07,3.641480163018803e-08,6.152126353982241e-07,-3.2630070288159405e-06,3.8530269590618467e-07,9.430790028323749e-07,3.7874949423141965e-06,-2.646637384448664e-07,1.1070514601390132e-06,-5.05408048778531e-06,-1.8106682281446946e-06,1.0338917563307663e-06,-1.265544628627006e-06,-1.495445329604952e-06,-3.3143520186068597e-07,-5.567294279856944e-07,-6.364139166624592e-07,-5.125784475370687e-08,-2.329527135852689e-06,-3.259528235695353e-07,-2.936146068242928e-06,-1.7902838854746949e-07,-2.4250941564761975e-06,-1.352610576326534e-06,-1.2905378827403042e-06,1.2905298005089643e-07,-3.6365306780348837e-06,-2.1906929355879513e-06,-1.2351843559100556e-07,-9.590745160309062e-08,-1.870141913098482e-06,-3.1066542042582704e-05,-1.981116497091778e-06,-1.041470611635219e-05,-1.219463649234936e-05,-3.794922921279388e-06
064,3.916434079983991e-07,7.626858785183885e-07,1.2567018998804134e-08,-2.1173024481629048e-07,4.0474385808937344e-07,9.698543315920335e-07,1.1364861318429657e-06,3.5110776676655144e-07,5.799697665680463e-07,-3.667403370183329e-07,-8.769605670305045e-07,7.690727327707837e-07,5.332845034140698e-07,4.4231286630314554e-07,6.070182927175672e-07,-1.4660364900252046e-07,-1.9859255645986815e-07,1.214379593546901e-06,1.1591862021095667e-06,9.283652520998633e-07,7.533500736296513e-07,6.784856495672528e-07,2.2420723298981765e-07,7.349517111299405e-07,-1.0501319781181362e-07,-4.836014804448672e-07,7.980960632397104e-08,1.262652988597162e-06,1.2108323162578561e-06,1.0251660237701633e-06,-3.1542801234376954e-07,5.145957450509868e-08,-3.4649771050258567e-07,1.4210685396224684e-06,7.55693702572812e-08,1.2389297241813674e-07,1.1298090976987652e-07,-1.269133591428026e-06,-5.531591747260143e-07,1.02245505315071e-06,3.015583578447352e-07,4.90883979333023e-07,2.5853412547073423e-07,1.0586751336680726e-07,6.942753531231943e-07,2.647560592067286e-07,7.102162731569018e-07,2.4098229357484594e-07,1.0880461141782125e-07,2.550786636358417e-07,1.2078235730454744e-07,1.3278074489411385e-07,6.621370928640142e-07,3.1322866523644896e-07,2.41947814946104e-07,3.2100367274565534e-07,2.264028281798433e-07,5.641124387425574e-07,-8.60649998457444e-07,-2.2521207387217962e-06,-2.109160291562437e-06,-4.660090371511592e-08,-2.135926611159504e-06,-5.394855934718947e-07
065,-5.107133195599054e-06,1.5725788753221644e-06,1.1244798121068894e-06,1.0103598582193165e-05,1.5644182514750161e-06,1.9578224971313823e-06,2.8804205863562573e-06,5.718356257277469e-07,1.0418798086020521e-06,4.7261477287186657e-07,1.1156695506723138e-06,3.519284988947155e-06,3.722951674065054e-06,1.0500066519855484e-06,2.244987025929555e-06,-5.419596307679717e-07,6.603896818219512e-07,3.5425082687273835e-06,3.3305117610718266e-06,9.457059961685518e-07,1.236891457311252e-06,3.212230804065038e-07,1.618555121285284e-06,-1.7342506053958718e-06,4.0680503661842074e-06,-1.2684268333069796e-06,3.7382493069164676e-06,2.290588873929138e-06,2.714541840451784e-06,2.2356134244472434e-06,2.2419061894560074e-06,1.1775350950934748e-06,2.0857829536049652e-06,2.927769892959025e-06,-3.06772667992375e-07,1.3390619233144327e-06,1.6516847751021576e-06,-1.9211835497522552e-07,-1.9280313906801236e-06,1.1223642061688058e-06,1.294005521797085e-08,-2.180547167976347e-06,-8.284451048880002e-07,-2.5228699920748273e-06,4.089003521727371e-06,1.885233532204819e-06,2.281442236389982e-06,1.747726619290563e-06,-2.424201996883407e-06,3.7150242336285776e-07,-1.9006891714347685e-06,1.885102379339644e-06,-2.7671028960955805e-06,1.4750855115016533e-06,-4.1628076521470945e-06,1.9863434722350422e-08,8.279153962664851e-08,2.7308963439567876e-06,-2.0245082845325342e-08,-4.029135667302765e-06,1.3194886141303584e-06,-3.1033263094555636e-06,-2.9277767242645233e-06,7.638256539659964e-07
066,-3.1387065693581353e-07,1.4299974914301203e-06,-5.765025537985583e-07,1.4092401633870632e-06,2.4722517254987463e-06,6.404037059236337e-06,4.742002205596218e-06,6.6100915576606215e-06,3.037458355787161e-06,7.966512622643433e-06,-1.5837192734857864e-06,6.1826915537154196e-06,4.623989211896336e-06,7.012669737140812e-06,3.6675362698558563e-06,8.061248977723466e-06,3.0298473318700016e-06,5.575516952750885e-06,5.417676677802081e-06,3.462875791988001e-06,1.4457502283162976e-06,2.292778422120463e-06,1.5054566776311519e-06,2.0399357830839914e-06,1.244666995888305e-06,2.475844790479347e-06,1.1891148254065208e-06,5.785948707543402e-06,4.291191766665068e-06,6.337930686543246e-06,8.165557018622239e-07,4.893209449177517e-06,-3.992479562011571e-08,5.427425924868307e-06,3.250191090105619e-06,2.3088678888782377e-06,2.1305710809147707e-06,2.972791762353332e-06,2.940960918558182e-06,2.4112300784185143e-06,7.391524852929206e-06,5.972425506309417e-06,4.028907579314115e-06,4.7875336181518375e-06,5.806992109349082e-06,4.9813361475697855e-06,6.694231545296213e-06,4.100972865087499e-06,7.494047208883234e-06,4.090239649191675e-06,7.99963013771285e-06,5.217372146697077e-06,6.34987018515399e-06,4.493042600002912e-06,7.062133133120193e-06,5.3826163822112105e-06,5.156879849901266e-06,5.092625865333778e-06,1.2953649265435664e-06,5.8455558736173006e-06,-3.622248684167104e-06,8.24870792256463e-06,7.242279680312938e-06,2.136841736249711e-06
067,-5.309312079561486e-06,4.133557896641177e-06,-5.3832629909025265e-05,-1.2976869146958707e-07,-5.236002668311894e-07,4.750287373158544e-07,8.750486171794043e-07,-2.2569592741207513e-07,-3.3142646318769814e-07,1.1053910135645456e-07,-1.0625882041449614e-06,2.882768710375172e-07,4.754374385876707e-07,1.998204523160519e-08,-1.7623839235708308e-07,1.6103831691030964e-08,-9.933068435891974e-07,6.118787765780374e-07,9.287873529142456e-07,-3.6362347473807764e-06,5.741340970052026e-07,-9.524922308715172e-06,1.8165505578735104e-06,-9.696197057713031e-06,1.1953842809264633e-08,-2.2715072493829666e-06,6.987111366117485e-07,-3.018100465106448e-07,7.5608745944348e-07,-1.763318423002522e-06,2.752788443781988e-07,-1.8965168185883916e-06,5.970964340233557e-08,6.608161441371536e-07,-7.47396904696881e-06,1.8500342360171765e-07,1.2227596026003733e-07,-4.173278592802095e-08,1.2702948390585714e-06,-4.5872703496392717e-07,4.4911385180023726e-07,6.434081679643337e-08,-3.906320667606428e-07,-2.390105542941781e-07,-1.3812047489860036e-07,-2.9181916735250004e-07,3.7797013613160426e-08,-7.425972216785451e-07,9.678324996905747e-07,-6.33343191201005e-07,2.0012367921811944e-06,-2.931741840304975e-07,-2.8503117514752617e-08,-6.409634348197762e-07,2.263134297043667e-08,-7.679048978233522e-07,-2.3215402570650183e-07,-9.445844400130292e-08,-1.1451499564408258e-06,-8.741456575384937e-07,-1.3885596018103024e-06,-8.55189655165617e-07,-1.519510860210995e-06,-1.2943936816181357e-06
068,3.355062280212683e-06,3.4034521961220696e-06,3.6587494876240653e-06,2.8415170551381942e-06,3.099161911443604e-06,2.421634333105655e-06,1.3786851769714293e-06,1.6941317414702956e-06,-1.762474630846139e-06,1.5512154612569933e-06,-5.961029361875883e-07,-7.539233664668707e-07,2.746237567887659e-06,1.968332977624386e-06,2.7050170981127746e-07,1.610214397577177e-06,-3.437281164108021e-07,1.947292653523382e-06,4.423259927696941e-06,3.2503413317080384e-06,2.8408132576877324e-06,3.2596529235637414e-06,2.990581377030177e-06,4.290296536142648e-06,2.370982202219883e-06,1.559487289044708e-06,2.0070439871270617e-06,3.7514758312945075e-06,2.2698121515831754e-06,2.810395331745359e-08,2.3836073435943048e-07,2.2492881163240175e-06,-7.194349450748972e-07,3.7596202529255543e-06,3.4825251158502418e-06,3.2464908432227147e-06,3.45177253010821e-06,4.839075338686042e-07,6.957775238718246e-07,3.9930378063185825e-06,5.332467723832786e-06,3.581286520679743e-06,4.2153205561834277e-07,3.329522145268921e-06,3.0618555707040053e-06,1.521972034886395e-06,2.3803256589574026e-06,7.711411370921708e-07,1.4499724213537247e-06,-1.0844303672767334e-07,3.744570875379137e-06,1.870031296606101e-07,3.3938457716748487e-06,7.430633166892037e-07,2.7975760771899934e-06,3.8965784972495595e-07,2.0846207592147465e-06,1.1219917360795996e-06,-7.320020259237714e-07,2.3839726961312296e-09,-2.235362563979614e-07,-7.877445228188854e-07,7.563398827984331e-07,1.0860690842158907e-07
069,-2.814856936427549e-06,-8.71927092078467e-07,-2.0662289768283454e-05,-1.6911511165784559e-06,-6.9482163414538315e-06,-9.413412461483609e-07,-2.3229041112747674e-07,1.0215066948167903e-06,-4.854606087727965e-07,-1.1754470527499547e-06,-1.705464656648433e-06,-9.491037325048269e-07,1.4003301465226102e-07,-6.17433246467589e-07,2.0939909677319831e-07,-1.7060596876633209e-06,-2.655596855124084e-06,-6.392973146792939e-07,-7.653420066344406e-07,-2.3916266154060708e-06,-1.7994534753121863e-06,-2.3365364747119527e-06,-2.9140124033844273e-06,-3.1753298706325325e-06,-4.619167879762634e-06,-4.061016662274624e-06,-3.974491584710132e-06,-5.318989521274151e-07,-1.7175868201544272e-07,-2.8213820465861113e-06,-1.4143160773035465e-06,-2.8354494142867866e-06,-2.6968456134557625e-06,-6.55474423265742e-07,-1.9489761572651913e-06,-3.440135998780324e-06,-2.215545361032552e-06,-1.1168793939478868e-06,-5.985657057943727e-06,-1.7369584571923805e-06,-3.050114724355301e-06,-3.111226809293726e-06,-2.436745479998193e-06,-2.9290311976677815e-06,-2.7121969394219834e-06,-1.4979672641378378e-06,-2.2171697684917536e-06,-1.5000287184148046e-06,-1.9881906443930316e-06,-2.912051048531969e-06,-2.4295601684666833e-06,-2.1368284556619368e-06,-2.5385462139726693e-06,-2.080279737391259e-06,-2.7194394797697525e-06,-2.0024280536269303e-06,-2.5481009927925963e-06,-1.3566902106533774e-06,-4.086461355584832e-06,2.108748635391557e-06,-3.2941917034835557e-06,-2.1937262501239688e-06,-7.047498691084249e-06,-3.968080240548225e-06
070,1.3530719522551832e-06,-6.598259786361099e-07,1.3881808241384247e-06,-4.012902889155048e-07,-1.0118923186199058e-06,4.504108680668185e-06,3.2557211174819624e-06,5.432105409108066e-06,3.4941984046291855e-06,6.427890243004011e-06,1.7308557406380314e-06,3.931114825313388e-06,2.750003459153031e-06,4.215285849177606e-06,2.714102087004952e-06,4.2340389640471636e-06,1.3174863363316372e-06,3.433909299530511e-06,3.6678584577524876e-06,1.8190294431750324e-06,8.652007496732333e-07,3.067610169395235e-06,2.4362080491004586e-07,5.310583582365124e-06,1.1032745226539643e-06,3.1209592369130153e-06,2.19207288841882e-06,3.6439493788089526e-06,2.69422420088085e-06,5.046435602409368e-06,2.2582285406583238e-06,5.617791476394453e-06,1.9980678603061116e-06,1.563351107183922e-06,-1.2119376998038235e-06,-1.119678578641298e-06,-2.498720775386325e-06,1.0941460722543764e-05,4.098113705448797e-06,1.2666851390279066e-06,3.0953611890486144e-06,4.3338405175069495e-06,3.038767361375915e-06,2.9195514319341965e-06,1.9036484209028492e-06,2.1266866339337022e-06,2.051116681155695e-06,1.4458851555016756e-06,2.301925229707194e-06,-4.871739452999059e-07,1.931968477982325e-06,-7.918344971528958e-07,2.8911086103761934e-06,1.029224022452176e-06,2.8975884260134485e-06,7.784331274471828e-07,2.0120138721015164e-06,2.0674916771466323e-06,1.3622103622001058e-06,9.6428911749627e-06,2.3487447974038896e-07,5.93221391095806e-06,6.080888207282931e-06,3.2621727697423473e-07
071,8.65006123993149e-06,2.010913741687917e-05,3.008377307464851e-05,3.7735306318721816e-05,1.0910216600351887e-05,5.621098252878339e-06,4.791568547429997e-06,3.071605105639045e-06,4.267684145993782e-06,3.950590052832797e-06,5.001077375118257e-06,3.381343856400613e-06,5.146601607489848e-06,4.311131436640362e-06,4.896555549872497e-06,3.719389251708099e-06,4.424030177287804e-06,4.467157872593081e-06,5.358830894368231e-06,1.101618480524264e-05,9.667858170254757e-06,9.812165842780986e-06,1.051588030666342e-05,1.4851758298537134e-05,1.618927327812594e-05,1.5047196139889226e-05,1.2572228822637776e-05,5.428242413386395e-06,5.431389068032321e-06,7.897063803910339e-06,4.620695434412916e-06,7.459518288748723e-06,6.228261227084346e-06,5.60882344641559e-06,3.3597559654432325e-05,1.4835699437151635e-05,3.851896134872565e-06,5.558429467330245e-06,1.3427141777937157e-05,8.234828089693843e-06,3.127828937369172e-06,3.2318164605261228e-06,8.106220431134342e-07,2.9138138020525176e-06,5.316544709001188e-06,2.886673008483383e-06,4.0130429935180885e-06,3.316325348375469e-06,3.519296623931086e-06,1.781873121811118e-06,3.546441044196608e-06,1.137768339303761e-06,3.6554888103749627e-06,8.98801776548719e-07,3.2347323458120387e-06,-2.3148821282332565e-07,3.7835643445031675e-06,4.738351255608695e-06,6.4751199351777025e-06,1.219737150486026e-06,1.0134983073009365e-05,2.0388670775708705e-06,3.171400393712615e-06,2.6550056895259166e-06
073,1.6521298023920408e-07,1.0273443770952296e-06,1.5555907018951544e-06,8.068157100975679e-07,1.6819248318801982e-06,1.9898330411773203e-06,1.1102286758725658e-06,2.1939813607944947e-06,2.389398360609062e-07,1.1248112863011535e-06,-3.377640750783719e-06,1.7363376659371737e-06,1.3124653534928935e-06,2.0204943008752206e-06,8.248553371832323e-07,1.7362174604806785e-06,-7.549035115359328e-08,1.5972076412619858e-06,1.6331234810969338e-06,1.2184070602650123e-06,1.1316552067857986e-06,1.2403914070887217e-06,1.1449886426554584e-06,1.307095247075247e-06,1.1213352054664747e-06,2.3745541084373797e-07,-4.475622103391599e-07,1.9537396979777292e-06,1.0845298350396588e-06,2.0972596448070313e-06,3.006266286193789e-07,1.4804757361994097e-06,-7.137957571701611e-07,1.6498010412442753e-06,1.4081838929180053e-06,1.255025200168637e-06,1.3243961348500282e-06,1.46009341470965e-06,-3.309103448095785e-06,1.2456827010712099e-06,1.7818818034010044e-06,9.786744904615153e-07,8.534265952589015e-07,1.0688638214731937e-06,1.574626433480238e-06,1.2882762292498447e-06,1.5271942463483756e-06,1.168297726238877e-06,1.3920359345104702e-06,8.558395789977195e-07,1.3211194381453821e-06,3.9439441086676557e-07,1.2936936934144002e-06,1.0540771405306186e-06,1.2233307431858774e-06,5.457892897001925e-07,1.1068532352401855e-06,1.349297826780085e-06,-2.645089308305636e-06,-2.3249729918711868e-07,-8.031555027580494e-06,8.58410974236769e-07,1.004304056078348e-06,-1.0951920506455656e-08
075,-2.176746621796197e-06,-1.2146409609564246e-06,-2.73324876054826e-06,1.1581122875965411e-06,-5.809419544835371e-06,-4.938624570967644e-07,1.7769616685517288e-06,1.6147414869022342e-07,-3.1397061501399474e-07,-9.057193104630724e-07,7.293271164063767e-07,2.0578220228814272e-06,2.2637790277175153e-06,-1.6386241457974348e-06,2.75001433358718e-06,-1.4759270800110192e-06,9.037346713827404e-07,-3.380570772835839e-07,1.3360395202529348e-06,-2.777173888752176e-06,-2.042163228373258e-06,-3.4849328503379236e-06,4.951025837224353e-07,-7.948887688473749e-06,7.772425035507044e-07,-1.6600752248759578e-06,1.2560134845520695e-06,-3.19750228907846e-06,-1.079888719085332e-06,-5.148114761873119e-06,-9.960894382564645e-06,-1.2802741867099463e-05,-7.649083481042497e-06,-3.4294120577656472e-06,-1.4844098958433582e-06,-1.6297255617611617e-06,-1.6528426014174838e-06,-6.962846128354903e-06,2.170565994956552e-06,5.184537257582903e-07,2.8333430324737623e-05,1.0228649891435845e-05,5.220778096582358e-06,8.783529611925974e-06,2.7346468949905204e-06,1.5264108246800415e-06,1.5568551938787495e-07,2.3766158498708253e-06,-3.334218581393598e-06,8.332308844242853e-07,-2.7777108450610867e-06,-2.843826982577412e-06,2.1742715946382374e-06,2.865370369002623e-06,3.840738461626282e-06,5.7238779499157814e-06,3.36907798440296e-06,4.741598014875646e-06,-1.9369534615230177e-06,1.749798607614638e-07,2.0885927611214502e-06,-1.8661243602010357e-06,-5.420552991371845e-06,8.142204033384066e-07
076,-3.514931998190798e-06,-3.582734297013612e-06,-3.3457732156753666e-06,-3.62039659157487e-06,-4.352818805396665e-06,-3.5388777108491424e-06,-3.885959588376882e-06,-3.871922485993653e-06,-3.959627467990621e-06,-3.943115252723002e-06,-3.982282748699888e-06,-3.6661713034208737e-06,-3.2390110675270233e-06,-3.6513543142950486e-06,-4.0678978652032555e-06,-4.121245755257829e-06,-4.020308050811414e-06,-3.6866462534190115e-06,-3.5335019076133446e-06,-4.133809399722678e-06,-4.802362342293253e-06,-3.717113048412988e-06,-4.922054201063866e-06,-3.9188387312899145e-06,-4.579184443704083e-06,-4.256011549421992e-06,-4.424893795246317e-06,-3.2439379728492734e-06,-3.929749309940415e-06,-3.3000797310955604e-06,-3.8388666577239475e-06,-2.3392269992385437e-06,-2.9762569693461505e-06,-3.6371992103524894e-06,-3.118381747655525e-06,-3.845986352148971e-06,-2.362604519645041e-06,-4.414533404168732e-06,-4.7494965225310396e-06,-4.6117598447414385e-06,-6.9728490457380125e-06,-7.3040828256436425e-06,-7.0615992962400045e-06,-7.42789469820609e-06,-6.463806158993121e-06,-6.384147887193855e-06,-6.206023855119731e-06,-6.3700192670593055e-06,-6.0855779962030855e-06,-6.7096989553560215e-06,-6.347939961032148e-06,-6.482952917646467e-06,-6.863458633243037e-06,-6.863166212192122e-06,-6.965617326565678e-06,-6.92666505581709e-06,-6.6022529953564265e-06,-5.820570891088709e-06,-3.4367590827328168e-06,-4.559684965964277e-06,-4.580003858830679e-06,-4.2699656887363705e-06,-5.950181163273345e-06,-6.0262301467014355e-06
077,-1.7857618544047435e-05,-1.7668129331300817e-05,-8.573326344229603e-06,-2.2664648076768335e-05,-6.71429533220824e-06,-1.148469841955142e-06,-1.052759714383425e-06,-1.1558501741341985e-06,-2.9983235044259613e-06,-3.146627216641392e-06,-8.696927118517589e-06,-5.699328045823892e-07,-1.5590464819552164e-06,-1.3406922950426096e-06,-1.1626252604204407e-06,-2.729813589135983e-06,-8.84260948611239e-06,-1.975162754605403e-06,-5.869960299035998e-07,-3.991925779387492e-06,-3.011563838564385e-06,-9.150471860150745e-06,-8.166466032336034e-06,-2.1509161770043362e-05,-9.223318457872834e-06,-1.4745854439200803e-05,-3.4640154837242935e-05,-1.9289044497374402e-06,-2.1030349042800355e-06,-2.131836082122155e-06,-4.544805466358244e-06,-1.0680352584461184e-05,-1.8234398484475755e-05,-1.0900263291037787e-06,-1.5898074672809324e-05,-1.721867795449544e-05,-1.6381466696069835e-05,-8.968490939979475e-06,-1.4204003008041919e-05,-3.0298535003341302e-06,-8.631358367861987e-07,4.2197918114077573e-07,-2.262705514034116e-06,-2.542536713910498e-06,-7.643773532715038e-07,-1.829362289544335e-06,-3.755462956644703e-07,-2.1315595703989726e-06,-4.78981269177601e-06,-1.2530105542720768e-06,5.390730938676334e-07,-1.1333739905408573e-06,2.696424046485494e-07,-3.0757470627789564e-06,7.983035013027285e-07,-4.166857009462039e-06,-3.459845786194102e-06,-1.477145359350404e-06,-4.329260211168431e-06,-5.46594469593902e-06,-1.1409264039053373e-05,-8.967884926209004e-07,3.1631218032873335e-07,-3.924422323567097e-06
078,-5.946470818235677e-07,-1.58058760519118e-06,-9.154349822727479e-07,2.5608869665054313e-08,6.312583857204333e-08,2.1150318964188846e-06,1.1296099074893322e-06,4.107800899752598e-06,1.114335026909784e-06,4.649764329959576e-06,9.898497214878438e-07,1.9496199594163646e-06,9.021465620220222e-07,2.447238677813402e-06,1.1039390624817097e-06,1.1653929932817466e-06,1.0276413040788802e-06,1.2640783656502806e-06,1.483398981149298e-06,1.272397048969679e-06,5.778414269673929e-07,1.5564255305159563e-06,5.336058475893203e-07,-3.6589066989464657e-07,1.0628124670811892e-08,-1.425010396828668e-06,3.2818520778741316e-07,1.4995267681403749e-06,1.3626206985441069e-06,4.4439129525764435e-06,6.48897333727698e-07,1.1611159543994201e-05,-1.8057857158423894e-06,1.4794530813482577e-06,-7.126336595688694e-07,-3.4283522521678454e-07,-5.186785257474143e-07,2.4635853628468797e-06,1.0441335035646546e-07,1.2638933374693348e-06,1.049377969714832e-06,1.7804812096205002e-06,1.3892696900712913e-06,1.7011120244571012e-06,2.641925750098358e-07,1.30735350893821e-06,1.3894609638923005e-06,1.3698210720616085e-06,7.845512417061035e-07,8.429844570839793e-07,6.059380935695862e-07,1.4881740008038268e-06,1.1528661546005869e-06,1.4841783293275942e-06,1.181151394765029e-06,1.58767618009967e-06,1.315386102297532e-06,1.4163927550065882e-06,-2.0417125494353888e-07,5.052958301988018e-07,2.5494195728366576e-06,3.029659764540528e-07,1.735441182910244e-06,-6.07576345447992e-07
080,2.45254739505339e-06,1.4008242776565095e-06,1.3709218217834072e-06,2.5315076831186725e-06,9.488483575171603e-07,8.288587574011119e-07,4.5233096027316385e-07,3.779208822866056e-07,1.7080048725094938e-07,7.244955673735681e-07,-2.193028250290673e-07,2.7412049294177973e-07,9.630231521449999e-08,6.356729204624742e-07,1.616248782397751e-07,-1.8681296312946482e-08,-5.5241246866357346e-08,-8.007679307944575e-07,1.4972670577420213e-06,8.984432339351467e-08,6.839405077791445e-07,2.003839071519139e-06,1.0793254088454844e-06,5.6459347426548406e-08,6.008384168393318e-07,-2.1375721107432447e-06,2.4805692692929034e-06,-1.293803968116408e-06,6.975650577131264e-07,1.2134230790935619e-06,-5.685289219599019e-07,2.666118863807254e-06,2.5112085686656957e-08,-1.6128137967375208e-07,1.2916656935179522e-06,1.2791347204914685e-06,1.650698697684958e-06,-9.277366353453121e-07,5.558535492536141e-06,8.568747578355735e-07,-2.192723952672548e-06,-2.042595741505629e-06,-1.468523232180548e-06,-2.373599889906556e-06,-5.997133068553732e-07,-2.0899727500842485e-07,-3.592329293359437e-07,2.08012263979517e-07,-1.0833615197389889e-07,-1.1260653558816145e-07,-1.2485432064809572e-06,-1.3520862002722043e-06,-1.626919070252589e-07,-6.025355922856169e-07,-7.4091425012641e-07,-1.7293211564691914e-06,-5.53055556828334e-07,-3.885480407771053e-07,-9.141546174882747e-07,-5.459980029560666e-07,-6.835442766629171e-07,-4.112232272642812e-07,-1.0569948049673333e-07,-1.2734012626884202e-06
081,7.162857799075215e-07,2.4794671663766064e-07,2.8856825535603195e-07,6.179810966268609e-07,5.114757701918575e-07,1.6853907654993226e-06,1.134572691979706e-06,1.496063220179737e-06,1.1471753252101978e-06,1.0539078280586837e-06,4.5857151914946353e-07,1.0233350749760847e-06,1.0030621001078588e-06,1.3165147390144675e-06,9.832073676462464e-07,8.389365554648639e-07,8.664581488159184e-07,1.014112757528476e-06,1.1044166618008603e-06,7.422764783242359e-07,1.8275755284974016e-07,7.408962124573781e-07,1.8611023246660513e-07,4.502175075278984e-07,1.6108932407242357e-07,1.6307249256125947e-08,-1.3834390626257017e-06,1.4652952172940853e-06,1.1612117783238816e-06,1.1309424109058957e-06,2.1564275507648142e-07,8.937627916724582e-07,1.5330891974477885e-07,1.1374670659404634e-06,4.120208772183992e-07,2.3345894610349047e-07,1.5352676836093133e-07,5.092688283579241e-08,-4.802498771623137e-07,7.772232004737319e-07,1.6195359200378359e-06,4.1005085103627663e-07,8.978862735686227e-07,7.979171940375885e-07,8.228771407739884e-07,1.2824494539258588e-06,7.847309990700073e-07,1.3442618506776942e-06,1.6986393719429274e-08,7.391249855970996e-07,-8.447912279060994e-08,4.2434180647618576e-07,5.30862169438867e-07,1.1051989634788724e-06,4.735866230922038e-07,4.6413563588580654e-07,9.527859315121685e-07,9.859269351550476e-07,-6.872966387489777e-08,1.5693978901350875e-08,-1.6465110616753687e-07,3.954404001801238e-07,2.0655723979988795e-07,-8.327362368950287e-07
082,1.755242199047901e-06,8.017650032703046e-07,6.655051794974894e-07,1.0462872776754276e-06,3.1783527954665994e-07,7.345393779147368e-07,3.365638142107395e-07,1.1934452697731048e-06,5.557540029261052e-07,5.428561266146777e-07,2.2991862128200362e-06,-4.411648166119614e-07,-1.8065753438821442e-06,-3.526850394253658e-07,-1.908218366755896e-08,2.7685419772774707e-07,1.5664028621725343e-07,-3.2977586215299956e-07,1.6838906271495433e-07,1.3983097588303945e-06,8.076274612933788e-07,2.29073582790053e-06,1.3170370631523619e-06,2.305017213924878e-06,2.5900083208982275e-06,2.414100201969094e-06,2.4240473698521653e-06,1.0557262392489958e-06,1.0945093276357324e-06,1.3612304954524733e-06,1.2409357283574168e-06,1.7241222753031475e-06,3.034359951575112e-06,3.515828165350266e-07,7.207626345169995e-07,9.628706776274302e-08,-7.435757556432244e-08,2.9134727803353264e-06,2.9642105783976307e-06,1.0406072171251411e-06,2.5122200837625164e-07,-1.1794024316286798e-06,1.1142940883025948e-08,-6.940240948960067e-07,-8.363013525703053e-07,1.4853324756684752e-08,-7.561547089535554e-07,5.192932888071115e-09,-1.181915181791814e-06,-1.900062485852889e-06,-2.019366486001557e-07,4.4566774346797343e-07,-2.8722524071391678e-06,-6.357604704566665e-07,-7.394437133344749e-07,-9.395734062315124e-07,-9.973727451520582e-07,-5.585203423991583e-07,1.91548198239491e-06,1.3622012072041575e-06,1.4200014176114463e-06,-3.818787747789374e-05,6.064119356146331e-07,8.467069622972761e-07
083,3.436916878944795e-06,2.3318885476741803e-06,3.0078583887996045e-06,4.638788093647173e-06,2.4312177294700334e-06,5.816363270257429e-06,3.7337956753754353e-06,3.822960547677361e-06,1.7827518469606426e-06,3.4699807582684676e-06,-2.3479880234816023e-06,6.548388483743863e-06,4.443331469345076e-06,6.640170159247719e-06,3.955242958699378e-06,3.654049631386848e-06,2.9648620096270953e-06,6.202155447960543e-06,6.313192546278629e-06,9.632969506980448e-07,4.020173355686255e-06,-8.358036064424776e-06,5.210386939757722e-06,-1.4384983476526642e-06,4.401493185332034e-06,1.2601390115016438e-06,-2.4274807988255493e-06,4.109490368424473e-06,5.077330835211819e-06,1.4631224583841665e-06,2.8946070201339064e-06,1.6315068421046412e-06,1.2243879550376207e-06,4.8209465556934145e-06,-1.261402367655937e-06,2.0558283616756093e-06,1.5913474772018014e-06,1.5104137383761047e-06,-5.980420340888062e-06,3.5225000313144114e-06,5.248631691924798e-06,6.29145801995914e-06,4.732661426317768e-06,5.3471187812913085e-06,6.577342399543439e-06,4.9763516048655835e-06,5.45314553166754e-06,4.049395412439215e-06,2.721467550186351e-06,3.877014766532759e-06,4.371562977697533e-06,4.44222775979455e-06,4.732650114666649e-06,4.6486130151594744e-06,5.7103979156152565e-06,5.096083538838064e-06,4.78750714814743e-06,5.261873453028888e-06,2.3029332884134407e-06,9.805632410606123e-07,2.426460945272387e-06,2.765300978610161e-06,1.563906552737521e-06,2.913839406922526e-06
084,1.7519786602939664e-06,-4.739604448992709e-06,6.104449243349613e-07,-3.3908558210289395e-06,1.6849017470502492e-06,2.631902925374169e-06,5.114518970311204e-07,2.3350743209296097e-06,1.1335162887125258e-06,2.2883669898891982e-08,2.7253485425691806e-07,9.840293916463395e-07,1.2445927922073069e-06,-6.871158744007175e-07,-2.366942768466697e-07,-2.0861051149314588e-06,-3.772184479474265e-06,1.5914013606122996e-06,3.6414371339464936e-06,2.7173476266356635e-06,8.437363701119359e-07,3.0907854967608685e-06,-1.5951485243003814e-06,1.826955249116165e-06,-4.7330898787201626e-08,4.46244207096265e-06,-1.578748155067058e-06,3.28049744300585e-06,3.3899235620299783e-06,2.9538249678217368e-06,1.0658467892616587e-06,3.869166926903223e-06,-1.3467378005207127e-06,1.0067592678560869e-06,8.487160936172675e-07,-4.871791526740285e-06,-3.626231967190805e-06,1.4176363960006494e-05,-3.0215765095628723e-06,8.104963810619645e-07,-8.455156065367013e-07,-2.505134805735105e-06,-4.254631289908264e-06,-1.7075192836392087e-06,-1.8236576303605902e-06,-5.2979683421670684e-06,1.445059157358401e-07,-2.391182680342207e-06,-3.1113985776640613e-06,-2.902595194008932e-06,-5.8606223727061965e-06,-4.31310077837575e-06,-1.1216611102765073e-06,-9.557856311951286e-06,-1.4124907564087395e-05,-3.6577924586482105e-06,-1.0416069198339276e-06,-5.215361574413401e-06,-2.986572845605713e-06,3.555296327907328e-06,-5.242781141956627e-06,-5.740803545245585e-07,-4.194290438809735e-06,-7.615300321567506e-06
085,5.245958757882297e-07,1.0144711709239645e-06,1.0505795292489014e-06,-2.9366119945900555e-06,1.1591452888985343e-06,1.4700839592220519e-06,-1.3868932862458816e-06,3.4491748447235806e-07,1.451704558350414e-06,-3.661964759189533e-08,-2.525356867154604e-06,-1.0998216665235516e-06,-1.1696280415812045e-06,8.377897206939839e-07,1.3031951902657803e-06,-2.4502403729304723e-07,1.6491053924368038e-06,1.6994648274744896e-06,1.1186349336209873e-06,1.4561431664992137e-07,-7.298657690631929e-07,9.339600145014201e-07,1.6989950259091457e-06,2.3703564972030036e-06,1.0676047317381313e-06,1.4506200431406951e-07,1.1710978473890232e-06,1.4426793084562942e-06,4.632036652941499e-06,8.208753719143007e-07,-9.88119921626452e-07,6.152598869697459e-07,7.539999009661552e-07,-4.904976741770014e-06,6.04966936028056e-08,1.820788791532462e-06,8.694949210980648e-07,6.247588525848892e-07,5.495162761062692e-09,1.0849134994123637e-06,1.4798209031452601e-06,2.8779261989539306e-06,7.300400983719243e-08,2.674173318162699e-07,8.689710511723862e-07,1.304029154801271e-06,6.040272637699406e-07,7.715068673676699e-07,3.786824416695013e-07,-2.243964131272955e-06,-7.40987141961645e-08,1.267057856659658e-06,5.313741083534953e-07,4.4281919676150135e-07,-2.7443310504106065e-07,2.0052769079296238e-07,2.8416477165678365e-07,1.0729685219068769e-06,-1.0637242030822143e-07,-4.255841581227705e-06,-5.010927027693523e-06,4.258487691943624e-07,-1.3942236962082425e-07,1.1604400608789282e-07
086,-3.462521576542829e-06,-3.8214651566603486e-06,-6.63099307150922e-06,-1.4000580949899467e-05,-4.750337776313663e-06,-2.7424235479521677e-06,-2.5684792764096445e-06,-2.2190525128247485e-06,-2.294073906001094e-06,1.3790371214053043e-06,-2.6643768202048744e-06,-2.1851150808528407e-06,-2.483779735845383e-06,-1.8970104125802805e-06,-2.355563477724534e-06,-1.6639507118470896e-06,-2.1512478605989393e-06,-1.9877873662973246e-06,-2.0724353593640873e-06,-3.4846017186898653e-06,-3.5362413560520085e-06,-2.8000437933277723e-06,-2.985071015670178e-06,-5.469673322355183e-06,-6.747418734446948e-06,-4.428792364424577e-06,-3.2585903913368015e-06,-3.0571789095534913e-06,-3.1220369509507936e-06,-3.5374636164319527e-06,-3.0588340984289333e-06,-7.788162014536143e-06,-2.4081431256249256e-06,-3.084439427030868e-06,-3.7652597689972905e-07,-7.708434396613242e-06,-7.894120241455365e-06,-4.034938620160429e-06,-1.0675139238422404e-06,-3.224044862738912e-06,5.681585320358915e-06,-1.4408026664561638e-06,-5.570672183017536e-07,7.458366514240886e-07,-3.485778160949673e-05,-2.220579609301468e-06,-1.6614605073438372e-06,-1.8999760820973561e-06,-1.3591302730454739e-06,-1.4557626394407536e-06,-2.33618735741187e-06,-2.2875899795648313e-06,-1.7302032617360757e-06,-1.5132547550319262e-06,-1.4517933072112578e-06,-1.0027732552344575e-06,-1.8481192700937343e-06,-2.198715496807632e-06,-2.3039786890529916e-06,-5.144354337954445e-06,4.205367562677422e-06,-7.878484500832959e-06,-6.0752304225101115e-06,2.3563698075492054e-06
087,-4.579269380067975e-06,-3.247762851991205e-06,-3.470246690369599e-06,-1.7751586418594883e-06,-4.232916785398802e-06,-3.314267744470314e-06,-1.0962931252527076e-06,-4.540389449219789e-06,-3.3522855446199815e-07,-3.816080334166425e-06,2.9455289931265828e-06,-3.00924957954966e-06,-5.019422069559754e-07,-3.7062525317276617e-06,-1.8759566926187086e-06,-3.3670930297176537e-06,-1.019392992045323e-06,-1.9090415482567554e-06,-2.348125061604947e-06,-5.187877970960506e-06,-3.6563548775783972e-06,-7.058350558332852e-06,-2.713002626039809e-06,-6.848931751105983e-06,-2.4483632566937444e-06,-4.240942320950198e-06,-2.879844256401342e-06,-4.157528637738367e-06,-1.8302557274682888e-06,-4.735072546647283e-06,1.718255897454539e-07,-3.690907251801746e-06,-2.3160185944826388e-06,-2.9842966411208186e-06,-4.149129416819424e-06,-6.473287736844262e-06,-3.839850662803515e-06,-2.6785533354807834e-06,-3.359700800396227e-06,-2.875674501509064e-06,-1.0543971518627022e-06,-9.395481837849148e-07,3.1989509590090175e-07,-1.222034313856789e-06,-1.7320823725881779e-06,5.256213692018572e-07,-2.1517471157026316e-06,9.811252830083047e-07,-2.553741858506678e-06,2.3187375128200635e-06,-2.2997076181633195e-06,1.6868807232042518e-06,-1.9686699490799705e-06,9.406655055224219e-07,-2.2679820857919308e-06,8.209347383321555e-07,-5.96564970662227e-07,-5.346951646440207e-07,-1.248886427371254e-07,-3.9821452176914275e-06,-1.409651369589996e-07,-4.30770673323835e-06,-3.4377101320350346e-06,1.38855883282395e-06
090,7.173376230831683e-06,2.9920608486451515e-06,1.5302230124773346e-05,4.9455102637822705e-06,4.251551895199046e-06,2.683332200536145e-06,2.230827117173195e-06,2.170468646032131e-06,1.3571386645528853e-06,3.846121403977749e-06,1.751822285786205e-06,4.819047480131449e-06,3.727956543297962e-06,3.841391748639153e-06,2.1283471375650568e-06,4.048117286243082e-06,2.933537797404522e-07,3.832286018991707e-06,2.970947022128791e-06,3.244601412787419e-06,3.1065611713918276e-06,5.401622343602122e-06,3.6110217041049052e-06,4.750189258010329e-06,3.6699776388687733e-06,5.1167912809042555e-06,3.921634346034512e-06,1.3382837517146675e-06,1.844464845761085e-06,3.2180945805779966e-06,-1.7156144292689686e-06,4.955186861107866e-06,1.1408609661928909e-05,1.6225238655537321e-06,1.2463029050171793e-05,2.271192631606443e-06,4.509341507347536e-06,1.5440579389633999e-06,1.3896305036621495e-05,2.4118938196634088e-06,4.356735815665626e-06,6.790672214027377e-06,4.34126950288165e-06,4.948968373583832e-06,6.283600761394398e-06,5.296893593602491e-06,6.271511231505564e-06,3.967421457592634e-06,4.660559451882139e-06,2.3165649734424683e-06,5.30320592119816e-06,2.045353529885285e-06,6.851634650692088e-06,4.153558393076697e-06,6.869042779063879e-06,3.590255344525059e-06,5.390260144243265e-06,5.300790594795033e-06,5.077867758717345e-06,4.158057255063904e-06,-6.04097860156849e-07,6.450842473834453e-06,6.354540194945135e-06,-3.6142092872227383e-06
091,-1.1466335453110204e-05,-2.9132040179204135e-06,-5.2015371418189445e-06,2.110978430074199e-06,1.6779553232425012e-06,4.0634683835348356e-06,5.414137185641662e-06,3.3133405685449313e-06,6.140616531657771e-06,3.054874662759284e-06,5.279034940154627e-06,5.053849676269119e-06,5.0891434473350175e-06,4.891344710268952e-06,5.205639536520581e-06,5.154068602147196e-06,4.864638473134489e-06,4.975727281065924e-06,4.016346660584058e-06,2.058916873819819e-06,2.782646996575253e-06,2.0017826083695923e-06,1.2762469542623132e-06,-1.3252050587122814e-06,1.3034974478060976e-06,2.150227564069188e-06,-2.223024735923268e-07,2.0318172138889245e-06,4.89552595595909e-06,2.0804619190784508e-06,2.1912667455299865e-06,6.17323484110686e-06,7.113206755231317e-06,4.943695202787746e-06,-1.185878963128885e-06,-2.842324597127548e-08,-4.214976178253966e-06,2.0337237306341516e-06,3.068889438807627e-06,2.1582653508352575e-06,6.524998089337086e-06,4.107739135973859e-06,5.704086531485335e-06,5.398926141186081e-06,6.868995192036422e-06,6.1359293886294635e-06,7.571749579111938e-06,6.4245411453131605e-06,7.723468069868553e-06,6.7387856601516806e-06,7.699579516318585e-06,6.930933752467642e-06,6.646310392223808e-06,6.0222344154315825e-06,6.431307087213661e-06,5.419309546205702e-06,5.970965180626641e-06,6.552202324310567e-06,6.884624996621458e-07,1.9287347359391446e-06,4.212366745864007e-06,6.638178721995059e-06,6.721191975948439e-06,4.253371534445477e-06
094,4.597648717759356e-06,4.888447218602259e-06,2.720192735092954e-06,3.4433493340801007e-06,6.711780481218731e-06,5.812288676039039e-06,8.395422554085887e-06,4.473967850934471e-06,7.697155031704968e-06,-1.0373661277819792e-06,8.412182067881288e-06,5.543307204984696e-06,8.90172077740634e-06,5.995964258266641e-06,7.623285503131215e-06,6.677132587199791e-06,5.4565645380180175e-06,1.0132847876484728e-05,7.868212628160213e-06,7.619277034375477e-06,6.973463297438877e-06,7.920806035069966e-06,6.635930965435129e-06,7.849486605531386e-06,6.5197949902029996e-06,2.3538267432686593e-06,3.644788596881535e-06,6.0386086337234775e-06,7.852786600359791e-06,6.30466678164368e-06,6.8996382868843246e-06,4.104326691206055e-06,4.179100913821475e-06,6.6695228891851645e-06,2.9966029290053763e-06,4.2228721758386475e-06,4.269246139987247e-06,-1.2082494204947838e-06,3.892932862950473e-06,7.1696636029398974e-06,3.328541543254068e-06,2.1039798340519765e-06,4.980820463588933e-06,5.091161728084897e-06,7.427342837318398e-06,9.17938815943769e-06,5.54861112260992e-06,8.428258488562496e-06,4.9390308343123064e-06,6.141958338000896e-06,8.197815719860633e-06,5.050629386352328e-06,5.763420711497886e-06,7.1310441629940295e-06,2.609606406169472e-06,4.513872325419448e-06,8.770578284812159e-06,1.0924374492197156e-05,1.6692198196043127e-06,7.754811952284688e-06,2.193862492689088e-05,1.2266571952413755e-06,8.85178228410571e-06,3.8178239631603085e-06
095,-4.505975277149318e-06,2.5241626650464952e-06,-2.9056518163072486e-06,-2.5607609374302057e-06,-2.5866632568157133e-06,1.826939295896568e-06,-4.499476652242547e-05,5.049230277635365e-07,1.193475668923722e-06,-4.52570579679062e-06,1.077075998169654e-06,1.1572113978729889e-06,1.2609287852535282e-06,-9.063999747456658e-09,6.384785464930094e-07,2.182895689975956e-06,1.0558937958243826e-06,7.936395282704668e-07,1.2519169584385421e-06,-2.5281999912533758e-06,-5.432321986768847e-07,-5.67623385907771e-06,-1.1874667662350821e-06,-1.4289864865459156e-06,-9.80907994857303e-07,-2.5391026639168844e-06,-1.904649566199067e-06,-1.1589126914738557e-06,2.2851719419034436e-06,-4.4014386688073466e-07,1.8848159902643593e-07,-4.8002286658880144e-06,2.063316327883548e-07,-2.797376180368544e-06,-2.841958389084892e-06,-5.813313467386981e-06,-5.780976031813319e-06,1.2775689235898895e-07,1.781716199532231e-07,-4.6004002188052e-07,-2.8522883196041986e-06,-2.0031877291699703e-06,-4.0981752216728785e-06,-4.380314692973797e-06,1.3932064884389838e-06,-1.6405780767764225e-06,1.301110084922511e-06,-8.841646511883538e-07,6.780148339319851e-07,-5.254841956789539e-07,3.234685058755067e-06,1.0470309597738153e-06,-6.993380286485494e-07,-4.524573807442545e-06,3.5865342763928286e-07,-2.91353762826216e-06,-1.091885975168042e-06,-9.002784480677544e-07,-2.237305101964214e-06,1.6121694148601707e-05,-2.3612372491901964e-06,1.2661255356974173e-06,7.181688768132379e-06,2.4271778472439354e-06
096,5.618495699880904e-06,5.538395936260405e-06,8.893787557353889e-06,6.1297059569418676e-06,6.128127560309954e-06,8.651347140700363e-06,9.254780129817554e-06,8.935331850872631e-06,5.924637279063328e-06,7.89796306376798e-06,1.0698272136582823e-05,8.48612270655026e-06,8.6536171314895e-06,8.506408876138343e-06,8.049520597933393e-06,7.9328368770633e-06,9.51103777375193e-06,9.123302128825312e-06,9.297898047795913e-06,8.392112067069394e-06,8.764238005587931e-06,9.608831867969469e-06,9.919064758535273e-06,8.244065346948133e-06,5.564872450277344e-06,4.6818790411756235e-06,5.734318629882988e-06,9.645170448917967e-06,9.430165404871866e-06,9.831965461956773e-06,1.146447801202139e-05,5.525984934390051e-06,1.0225416322217009e-05,9.09805272454499e-06,5.319675800957513e-06,4.24097372537265e-06,4.860853965732694e-06,5.572799186586464e-06,6.310914866347727e-06,7.702033445305499e-06,7.864688478465939e-06,4.420678914539784e-06,6.070649782158958e-06,5.869113757479835e-06,7.197247283552564e-06,7.511512369333595e-06,6.309533837367022e-06,6.87412462413642e-06,4.829738829737154e-06,6.129111546665854e-06,4.75801139210531e-06,6.60539970012225e-06,4.781616602208555e-06,4.963174712861443e-06,2.4070110633254195e-06,4.947919756958265e-06,5.879067103166958e-06,7.902943344657092e-06,1.2305060354389963e-06,8.743530061755696e-06,1.4507172179295061e-05,1.0065463637862995e-05,7.74065553305858e-06,8.621930229485435e-06
097,1.6073108132835193e-06,2.499361197947882e-06,3.6265045959055916e-07,2.3637996071917844e-06,1.3850187236556051e-06,1.6586536770042063e-06,1.931172163890811e-06,-1.5847850740235072e-08,5.222604422019227e-07,-9.666542419554325e-08,-4.007144160111532e-07,1.2347036195875983e-06,1.763728445217501e-06,5.60733505484295e-07,1.473624212551216e-06,1.5930170536917629e-06,9.126279970115019e-07,1.891248665014538e-06,1.8187136173781936e-06,1.960958265434738e-06,2.1105653492500858e-06,1.8279481480457017e-06,2.6908965014900203e-06,1.7385263868724058e-06,1.8712263701477091e-06,8.755508631285893e-07,2.600416944103122e-07,1.181507692481187e-06,1.9706714996554456e-06,2.2046571202626376e-07,1.663252943271534e-06,-1.3528756644518366e-06,4.223766579391838e-07,1.1610428047888585e-06,1.6346024445879166e-06,2.2394396743633312e-06,1.8838594831640882e-06,1.7487848566727322e-06,-2.277922628454881e-07,3.042108863908019e-06,-1.2095483435317128e-06,-1.443236269243376e-09,-4.1955438445224454e-07,2.7484107380657274e-07,3.855508978941043e-07,1.2587829251966037e-06,3.9570773488869715e-07,5.09264591162497e-07,1.3435129465861998e-06,7.234364746675847e-07,2.5710806581279483e-06,1.3065091359661371e-06,1.1844406785269991e-06,-5.151072116587988e-07,-2.5322822151159705e-07,-1.1914204220135162e-06,-2.589223095940733e-07,5.470652976484441e-07,-2.3096265735528847e-06,-1.0723246357792106e-06,-5.721076534663274e-06,-6.820215068518652e-07,-8.749957166017265e-08,5.222379695310452e-07
098,-2.7801276371224717e-06,-4.000748532457058e-06,-5.664052642796017e-06,-7.476845955895382e-06,-3.8256721802740653e-07,-1.6118901491119645e-06,-8.16135806087608e-07,-2.2642140904303e-06,-6.157148138500326e-07,-3.7640766121959907e-06,-1.1520957614771908e-06,-1.578073756470422e-06,-1.3035243781636034e-06,-1.4655074939069522e-06,-1.3742346355128885e-06,-1.4023095327185683e-06,-1.3991383343820896e-06,-1.5113816881834077e-06,-1.032309263763156e-06,-6.994054413352123e-07,-6.487358214530893e-07,-6.130167176837043e-07,-3.0093162749490755e-06,-1.2340260620239294e-06,-3.638565653045346e-06,-9.613328723974537e-07,-1.5974618414614268e-06,-6.407883188675194e-07,-3.5481470382690935e-07,-1.1471399436201426e-06,-1.0883681285002232e-06,-1.8728067284393305e-06,-1.2226330968583037e-06,-3.379291071440245e-07,-1.78400541300307e-06,-1.3532186334736447e-06,-7.698645891310744e-07,-1.3202696882746193e-06,-1.5983520623127506e-06,-6.743992017780664e-07,-1.3940023722502517e-06,-2.142457504204735e-06,-2.3447020548284908e-06,-1.9626217758297572e-06,-2.1029248754191042e-06,-1.7111412493424677e-06,-2.1802022670869193e-06,-1.7447529254987565e-06,-1.9131784624227636e-06,-1.900133641484861e-06,-1.9455864266485593e-06,-1.8204839000597449e-06,-3.1322988157641424e-06,-2.3607145280489283e-06,-3.3112815529811775e-06,-2.311331996965856e-06,-2.634020445197337e-06,-1.7427270610285288e-06,-2.2963148718458867e-06,-7.682137913667862e-06,-3.1953472414824177e-06,-1.1449864386086838e-06,-2.9662074173446206e-06,-1.6055176450702922e-06
099,6.495859870408529e-06,6.83147531139862e-06,5.218554925114127e-06,7.754446816024483e-06,6.7880042397394164e-06,8.236249134298654e-06,8.780071603682784e-06,8.171077389640517e-06,8.93581730369872e-06,7.892950733192506e-06,9.497716464244702e-06,9.334330167948294e-06,9.990811311593256e-06,9.143473517905754e-06,1.0307683084683362e-05,1.0133279245063075e-05,1.1478810072103695e-05,1.0127014732607693e-05,8.684865722542585e-06,7.35471682848629e-06,7.3129258623768635e-06,7.641653274302269e-06,8.922287345911099e-06,6.691789871438015e-06,7.826978301884568e-06,6.648830395980458e-06,8.024612317541822e-06,7.035451818775229e-06,8.137524846745212e-06,7.702216447242454e-06,8.465736233001062e-06,6.8427949786623155e-06,8.794007277310067e-06,7.692289400948042e-06,6.927962168892094e-06,7.11575716289966e-06,6.771205681053461e-06,9.415394459994588e-06,1.7176759029361397e-05,6.9944789931666e-06,1.3849604729450029e-05,1.0535901547060853e-05,1.1836804347213304e-05,1.1410191975424965e-05,9.164707391253476e-06,1.0026882909996704e-05,8.046802109436902e-06,1.0175826957634103e-05,8.899072446114043e-06,1.092613657709581e-05,8.467452342632319e-06,1.1342717082521479e-05,9.681658664293642e-06,1.08642270233426e-05,9.261191298606684e-06,1.1028827796044648e-05,1.0289527997370597e-05,1.0093690035475157e-05,5.03543202924657e-06,5.20354444759117e-06,1.3672807368834422e-05,1.1516442634079227e-05,6.381578236934985e-06,1.191829905626298e-05
101,2.277684092390526e-06,5.282402100526134e-06,4.573361412207257e-06,4.045842113240473e-06,3.7653289744965604e-07,-1.0111082893138353e-06,-5.633418263472726e-07,8.315770606396852e-07,-7.840864478695083e-07,-4.489074303237432e-06,-4.943866138040637e-07,-1.898926337926341e-06,-2.2693950658853968e-06,-8.935282145903236e-07,-1.8780207493509038e-06,-2.1246077853872107e-06,-9.70281656318385e-07,-4.326842765744567e-06,-6.394695152956956e-07,1.4007748529597225e-06,4.0301657237736785e-06,1.066184317757802e-06,-3.0766543242516014e-07,5.684422471112073e-06,6.075257271144771e-06,4.395085011796193e-06,7.815976008876941e-06,-7.319808991888376e-07,1.6422318998892414e-06,8.62995969714044e-07,1.5957741358838917e-06,5.260317462257904e-06,5.792082463108168e-06,-1.0107638446437978e-06,3.256788812825238e-06,5.917048320263041e-06,2.0921686000229543e-06,-1.063260603440812e-06,1.2357315142849495e-05,4.1251706710581996e-06,-1.885211883617677e-06,-1.3274408771244966e-06,-2.1863769246810523e-06,-2.1727577743432534e-06,-6.979982669578697e-07,-1.2217440614236547e-06,-6.277799699815822e-07,-2.010021974846668e-06,-8.475584322929731e-07,-2.3424992439248083e-06,-3.6912826791121926e-06,-3.681543767665023e-06,-8.021585554191372e-07,-2.8475962327312884e-06,-2.1878535336914874e-06,-3.3897969252483254e-06,-3.488045855040751e-07,-2.852850530300738e-06,1.1894957950220191e-06,-1.5886273912404691e-06,-2.4480108027348256e-07,-1.8654293871659276e-06,-1.7288474176438463e-06,-5.054656020661371e-06
102,3.4340660565196766e-07,-2.2129109308696954e-06,1.6977189755146807e-06,-3.710669285938854e-07,1.1828961940296393e-06,2.1350022151450163e-06,2.387367149644918e-06,1.8857669325853126e-06,2.746635465300939e-06,1.411121645954179e-06,3.0969796644769694e-06,1.6010438606813955e-06,1.7399760881794172e-06,1.8076673440793166e-06,1.6388946785839804e-06,8.307270901102202e-07,1.955332342467711e-06,1.4757337315062838e-06,2.127564093054703e-06,1.62947052543232e-06,1.2659176717816753e-06,1.57496747969432e-06,1.2460310489164992e-06,1.982959594805372e-06,1.1894212660774415e-06,1.992978783071621e-06,1.8077994932915136e-06,1.9325348602580392e-06,2.107294173996958e-06,2.214520980681523e-06,2.1904981046303703e-06,1.8104865930727593e-06,2.4663118444715743e-06,1.9403604275625313e-06,4.589519733709291e-07,1.0668112787182712e-06,1.0502105975847879e-06,1.7869313761697595e-06,1.7648447403572943e-06,1.7497917048003103e-06,4.290279684707921e-07,4.1378312243135596e-07,1.1338724146711423e-06,7.502934908194356e-07,1.0864359268117781e-06,1.075689483624947e-06,1.072805778780515e-06,1.0380063054886772e-06,7.318593923967801e-07,9.619416524905155e-07,6.520666604782164e-07,5.580117250958857e-07,5.710629191428031e-07,1.2204334604318604e-06,4.6107182549055234e-07,1.1981938537728986e-06,7.705319557144772e-07,1.3989954619126302e-06,-6.461119977914251e-07,1.24105191053308e-06,1.1299898271086074e-06,1.3870378946752287e-06,6.459902996051455e-07,1.1475092100930313e-06
103,1.8199828660603867e-05,1.5341193335759326e-05,2.424771531699572e-05,1.2544066086612972e-05,1.2615567719434032e-05,1.2206592744157852e-05,1.141805349406643e-05,8.13159270302064e-06,7.914274647076295e-06,4.2495499479111455e-06,5.942759372114693e-06,9.112895672623072e-06,8.96551653464893e-06,8.433560198886316e-06,7.109609600561899e-06,6.303454615995367e-06,5.237089617757525e-06,1.0285459893026e-05,1.1407786398289496e-05,1.5590356673698444e-05,1.4912765831732539e-05,1.5526456088593714e-05,1.2951719934793999e-05,1.2912439834196732e-05,1.3520250424127174e-05,1.014748386506553e-05,1.1099595200860908e-05,1.5603582079948948e-05,1.285902014768269e-05,1.4223295839681424e-05,1.3540793617585386e-05,1.0259868041724271e-05,7.988629235581573e-06,1.5080416443191662e-05,1.3027470668709566e-05,9.909874218355409e-06,1.0751183853232622e-05,9.833323133865377e-06,1.3845884094105774e-05,1.4795205159394769e-05,7.341021819409372e-06,1.0236280136430637e-05,8.434918827952345e-06,8.251789295345289e-06,8.554575611918882e-06,6.719322933580719e-06,9.170354553395678e-06,6.165253456359423e-06,7.823388866516749e-06,5.130918565115664e-06,6.198945655086097e-06,2.4076930978576997e-06,7.929410778136666e-06,5.394545986001755e-06,7.584419060339008e-06,6.338757218007038e-06,7.521268498999204e-06,8.490045284809843e-06,9.565093917844958e-07,5.411785511130377e-06,3.873448492241558e-06,5.509676179702767e-06,2.630580152336382e-06,1.3753989913849694e-05
104,-1.3343203749044705e-06,-2.3272902603850243e-06,-6.747601307915489e-07,-2.6236925768843678e-06,-1.6932595870758016e-06,-7.722880815471106e-07,-2.585041365221762e-08,-2.0672094970839985e-06,-1.561520496871139e-06,-4.362448280184833e-06,-2.6618597457884228e-06,1.5175694272930736e-07,5.554836472911202e-07,-7.64271902823759e-07,-4.459788416090259e-07,-4.114442859293079e-06,-9.544994320937767e-07,4.38475685451531e-07,4.815401254043125e-07,-1.3838811617362541e-06,-1.5474430358780328e-06,-1.2306387051044703e-06,-1.3198930533005668e-06,-2.149654253978098e-06,-1.6747410178914743e-06,-1.7485313051410528e-06,-2.742061987105843e-06,-7.692605360003454e-07,-1.2951693705775964e-06,-1.2076299540576263e-06,-1.0440015011054144e-06,-2.032136310892985e-06,-2.1489609576239133e-06,-5.208802624879275e-07,-2.189207973219308e-06,-2.332300601544829e-06,-1.7705002025940076e-06,-2.7158705869576245e-06,-2.9541755437668036e-06,-9.808330315232223e-07,-2.575251283068808e-06,-7.055079229200099e-07,-3.11669223858365e-06,-1.6775017495636483e-06,5.53431643101022e-07,6.656494952474482e-07,1.6003458196356603e-07,-2.2791833749752e-07,-3.979551477109582e-07,-2.2916797479296974e-06,-3.852834719450104e-07,-2.0934834856586724e-06,-2.99573015388202e-08,-1.37282991440301e-06,-7.259706531906415e-07,-2.777195837927017e-06,-9.78978771717718e-08,1.0372437286827494e-06,-8.337432862130856e-06,-2.0324627989595193e-06,-3.1912158751956224e-06,-3.6219604302753145e-06,-1.9832985418096663e-06,-1.7111563716690428e-06
105,1.3416134037704409e-06,9.512682747104356e-07,4.350960971489714e-07,-8.41985851618036e-07,1.546471515574821e-06,1.9622637977553744e-06,2.0376885276555853e-06,8.590561991734724e-07,2.2124524101537686e-06,-1.790228856719315e-07,1.0079468995166675e-06,1.6020188958477556e-06,1.9343546153641537e-06,2.097443128197673e-06,2.110964617935483e-06,1.768909009429049e-06,1.7140970549873682e-06,1.4474687347930532e-06,2.2691096638448303e-06,1.4441181454116006e-06,1.538110052965366e-06,5.131236011915491e-07,1.3064168125123655e-06,8.151489228565743e-07,7.751953585239048e-07,-3.6582253929010294e-07,6.621207836158487e-07,3.0186366481378297e-07,1.833609834829565e-06,5.424240636123847e-07,1.4360293708406755e-06,7.701516933513501e-08,5.214865134788717e-07,2.2660751637147455e-06,1.5395532677166873e-06,9.529465597121632e-07,3.89711583802078e-07,-5.361671229761237e-08,-4.528167592634496e-06,1.4737185726050617e-06,2.1099122017445123e-06,3.307930154073746e-06,1.081855565425455e-06,2.701970513454937e-06,2.7473602000669806e-06,2.0231712827111585e-06,2.9276994991811235e-06,1.7517317134179748e-06,2.3570542860734223e-06,9.175782906926423e-07,1.0269137251775298e-06,5.888454114603753e-07,2.3999928502989023e-06,9.248817323110816e-07,2.6226739372487127e-06,1.4395825248830976e-06,2.9686205374629256e-06,2.671324710788201e-06,-2.152317271923876e-06,5.090666558429678e-07,-2.885369216389548e-07,-1.7024162681492224e-06,1.6934423429194683e-06,2.924141124941813e-07
106,-1.030679903638934e-05,-1.075104746094402e-05,-2.8158644730364552e-05,-1.4586895068454686e-05,-4.526149788067405e-06,-6.896009243273574e-07,1.601608235638723e-07,-1.8795197890505861e-06,-1.1332972513150163e-07,-3.4938317242846177e-06,-9.005017420084185e-07,7.432425460370419e-07,4.08679746054041e-08,-2.5649208590157365e-07,-8.554910509317643e-08,-2.173800228566705e-06,-1.1134800294874546e-06,-1.6855618978677573e-07,-4.0234251926045757e-07,-3.0932677877537304e-06,-4.247332014795994e-06,-1.0306225788157012e-05,-4.201273426275205e-06,-1.5774411387975746e-05,-1.709729792817778e-05,-7.742442142690932e-06,-8.295605273684452e-06,-9.204777649274402e-07,-3.9232839585011945e-07,-4.899587566584007e-06,-2.3613715641311276e-06,-6.387971661199364e-06,-5.708808087587582e-06,2.799023457286441e-07,-8.546197399968293e-06,-3.869739085570674e-06,-4.597728659686735e-06,-3.6236251519262024e-06,-3.738500941994756e-06,-2.816657122638246e-06,-1.614640822906094e-06,3.979873733002565e-06,-1.6283270067623795e-07,9.588865700952136e-06,1.2724741452775505e-06,-7.748970979816223e-07,-1.1555179507055474e-06,2.3860161381010777e-08,-5.285820665300065e-07,-6.877027389963963e-07,5.353957234468967e-07,-1.3227622715768037e-06,1.5395540500827733e-06,-1.1729893871739524e-06,1.0531424366838202e-06,2.8106124122105967e-07,-1.6177046729659358e-06,6.526533126891276e-07,-4.326684260879686e-06,-1.015315016655823e-05,-2.2220341059564794e-05,-2.9283792497937e-06,-2.926184928701584e-06,-2.5964157242418297e-06
107,-1.7566452587664146e-06,-2.2383619107256355e-06,-2.375373467514659e-06,-7.480932643238154e-06,-1.6761547672760079e-06,-1.3972026959005617e-06,1.1514630529601013e-07,-8.59080662696365e-08,-1.820396285498509e-06,-2.3086878931260563e-06,-2.4078213058741763e-06,-1.734009122289588e-06,-1.6504296764672543e-06,-1.9113391097899803e-06,-2.388755382439647e-06,-1.4343164274259243e-06,-2.720833147090422e-06,-2.1127032142765454e-06,-1.5256783787882952e-06,-1.8487210257623505e-06,-1.4946573461268268e-06,-1.6961541618353246e-06,-4.3368672941804986e-06,-1.676512099357654e-06,-5.893490604450042e-06,-1.7356468008943663e-06,-5.8522700587852015e-06,-1.8568551716015097e-06,-1.6643757553876026e-06,-1.0855245569821355e-06,-2.24397305931313e-06,-2.032085865702189e-06,-1.5772968270294646e-06,-1.3818956913098298e-06,-2.321336615504848e-06,-4.578617899689629e-06,-3.3320384448243483e-06,-1.0228212523385074e-06,-3.0108900554766753e-06,-1.6553579025450977e-06,-1.3766388587172847e-06,-1.6448358692975283e-06,-2.0377439958155013e-06,-1.6244934829076826e-06,-1.6723770638167407e-06,-2.066638755784448e-06,-2.310669820816777e-06,-2.795506288627382e-06,-2.2193684640779785e-06,-2.035553454989306e-06,-3.101380289950989e-06,-4.55159360125648e-06,-1.5565020060004982e-06,-1.7785082680743876e-06,-2.5516310602154685e-06,-2.9261315353882117e-06,-1.6768446338441765e-06,-1.6215512917968508e-06,-3.484335745737893e-06,-2.2753150599201744e-06,-3.930482808995611e-06,-9.970223864893756e-08,-3.1255874659300197e-06,-4.435439739638418e-06
108,2.6199289210546295e-07,1.2798899021052993e-06,-1.8102368848247558e-07,8.768085172805366e-07,1.7457616343565992e-06,3.022031049091873e-06,2.483639369856482e-06,2.199927353574722e-06,2.0760355650384814e-06,1.687340492009626e-06,5.740744338631404e-07,2.4820937780407685e-06,2.1780186089523334e-06,2.227437676773343e-06,2.333953424147146e-06,1.7463293766915746e-06,1.5713974950612737e-06,2.424573920151201e-06,2.9636604425633874e-06,1.1075909791797546e-06,1.542624215498822e-06,9.466988994606461e-07,1.7258441583004732e-06,7.184465048293265e-07,1.1883252973539466e-06,3.8441767841725684e-07,5.697789810649741e-07,2.4474927895496963e-06,2.855947824357391e-06,1.2465747576613628e-06,2.3875660928407205e-06,1.48622396572596e-06,1.7456627431518736e-06,3.2620227317743493e-06,3.7638986445626243e-07,7.920521539606222e-07,9.289495027990754e-07,1.377050251540652e-06,1.0669150868786184e-06,1.563636204099674e-06,4.085944526116642e-06,3.130659380168119e-06,2.3547976248100656e-06,3.0856030782314764e-06,1.911296169943062e-06,2.0633297099596247e-06,2.421142546783205e-06,2.0144625955442838e-06,2.1575888494858314e-06,2.0841996439159666e-06,5.45498478126506e-06,3.2358868075673637e-06,2.027881974931066e-06,2.1721084015744317e-06,2.706394258342497e-06,2.7396102100543206e-06,2.1592139669648566e-06,1.7131952356465599e-06,3.467570789614109e-06,2.512703559920906e-06,2.5937612239726552e-06,2.0223542771366645e-06,4.0200969168856594e-06,1.6478744370086917e-06
109,4.84957670187609e-07,-2.842247836167798e-07,1.70604184518067e-07,-3.122106923198985e-06,-1.9856268466758703e-06,-4.847417781944458e-06,-1.6200663334915304e-06,-5.722882142463259e-07,-5.9357709098908695e-05,2.375044318430038e-07,1.3849398190759068e-06,-2.2433645713483e-06,-4.34914697647467e-06,-2.252157440521324e-06,-3.02421755322106e-07,-2.736713764091511e-06,-9.07649937087847e-07,-2.5535286567965713e-06,-1.4375099578464898e-06,-1.1513889481669725e-06,8.531011889627568e-08,4.2958907653076393e-07,1.436480190762615e-07,-9.335005566552439e-07,-2.105186677264046e-05,-1.7635645488223532e-06,2.4136946107918708e-06,-8.511621977779753e-07,-7.778190015204136e-07,-8.568982779250697e-07,5.075824602604988e-06,-8.069272386407632e-06,5.7774468081724414e-09,-1.167275801241223e-06,-2.002618136943451e-06,-3.2583565572608284e-06,-3.9766935274774e-06,4.78088821051675e-07,5.605441908038474e-07,1.9184396869263975e-07,-2.7956362390950128e-06,-3.728849477021234e-06,-5.55959226707061e-06,-5.517403811992604e-06,-2.9596287195860126e-06,-6.341111559496466e-06,-2.138384581515685e-06,-3.1795069188254176e-06,-1.7005347518829442e-06,-3.12371557333399e-06,-8.069124826182144e-07,-3.280671953759999e-06,-3.2916517268086613e-06,-4.150322289247782e-06,-3.0491650725326163e-06,-3.5698250735157384e-06,-4.864352784031264e-06,-5.144970142926913e-06,3.572615155577992e-06,1.2026885440986847e-06,5.704828562106251e-07,-1.621373715698537e-06,2.938467421963276e-08,-2.0442277651387445e-06
