subject,Af3,Af4,Af7,Af8,Afz,C1,C2,C3,C4,C5,C6,Cp1,Cp2,Cp3,Cp4,Cp5,Cp6,Cpz,Cz,F1,F2,F3,F4,F5,F6,F7,F8,Fc1,Fc2,Fc3,Fc4,Fc5,Fc6,Fcz,Fp1,Fp2,Fpz,Ft7,Ft8,Fz,Iz,O1,O2,Oz,P1,P2,P3,P4,P5,P6,P7,P8,Po3,Po4,Po7,Po8,Poz,Pz,T10,T7,T8,T9,Tp7,Tp8
001,0.7175200941435192,-0.12386501063268424,1.238001030551227,0.0798131029681367,0.34345004466821905,1.4568323190975885,-0.14212322958887086,0.6409744886017039,-0.7132995716055788,0.0676192055867958,-3.1053120379523187,1.7466536348585882,1.3663644729497795,0.70850559732238,1.0416062306257174,0.7935925273204161,-0.25273525502121513,1.7875520434979209,2.8119974211634204,0.06422347565919218,0.034646456603092735,0.5755968071857596,-0.2332893123409298,0.5426268565879222,-0.7398010698813726,0.4594620472570436,-1.3190641683456659,0.8974540188898068,0.5685793479343639,0.90855748515189,-1.5912103462002078,-0.10436256334033805,-2.5561417854380464,1.5569193247062842,-0.1196369995343351,-0.9335576264848684,0.33657771348751564,0.3830096043602462,-2.2452957144493633,-0.10350772545623532,-0.7954988977735824,-1.198687175024082,-1.1554745251714902,-1.5509281128104817,1.0541134812529704,1.745942888363496,-0.649839123167498,1.176674739981156,-0.8008418414318044,0.8044528002604463,-0.4420843598241963,-0.58708455656753,-0.05194803524603614,1.1708405263252606,-1.1435375766909863,-0.5901162618293181,0.2581010340431244,1.3064276832671804,1.8636186928336045,-1.0545475421330008,-3.616121998665777,-1.0691094119634192,-1.8124148948643977,0.2931295319298594
002,-1.7462004948653123,-0.278711726600476,-0.6601318826193933,-0.8008282601202594,0.30070044846937594,-0.5830201055629777,1.2220764855050912,0.03916024341145358,0.8635446748101346,-0.006787329688533406,1.4475595120714373,0.1135521394418274,0.40755351484738245,0.846144835676661,-0.7200053669551614,-1.0735069614708899,0.5659803041774214,0.11620479386309035,-0.3701830044182932,-0.3821842944124012,-0.589558565778962,-1.161461976908266,0.0725093064143269,-1.8773339083876681,-0.6784726343644704,-1.688827495747028,-0.17102729310545284,-0.2818882200323819,-0.2575392755157742,0.06672159485524054,1.025780039938144,-2.2443310747935703,-0.936809146931084,0.3274652716644993,0.5215632519062932,-0.48111895349040823,-1.414187928573898,-2.7256495290023084,0.5492467761685158,-0.5341426131283296,0.6620912088468676,2.126625468140368,0.3090878336116495,0.7927166484669979,0.14371374667199777,0.5155311718145343,0.42719273532419527,0.7490421013954036,1.6481594061668179,0.07000523414109261,0.913919599945368,0.15008040185483978,1.074807176567945,0.5777966639560606,1.3129835715185036,1.0676766212195719,0.25945968248039414,-0.09216378822256699,0.0589528416271094,1.0962981952420037,0.61478175568336,-1.5681761763371742,-0.1534502786192103,0.4210130277562764
003,1.3671498344648487,0.742348742740953,0.01532841920406991,0.6338188853919181,0.9870273965681503,0.768048088546279,0.1490210250473265,0.7014613019195652,-1.3042393323780694,0.60634183955861,-0.06271797953646496,0.14604731985783292,0.35760798063682175,-0.004591790326567313,-0.8720840530012843,-0.9874933012800344,-0.3197297319531376,0.2340374815471915,0.5703866017312671,1.0798657895415926,0.7192558673462636,0.6806968643739059,0.9656968475984511,0.8292837974554658,0.49463916854910916,0.4627487200769136,1.0283391011964085,0.8908502987630862,0.3976129395138561,0.04978768454269633,0.8901452264753017,0.5940542509503743,1.0025608227363363,0.2837595724705593,0.8765166464665752,1.0006205594534892,0.4912708866246951,3.3255089130420394,-0.8972383163933868,0.4699169141167747,-1.0419013244482165,-2.0478668364950607,0.04346042766819336,-0.9770055128911435,-0.8746375208548671,-0.647905434940701,-0.799957692151783,-0.748603341140909,-1.3805556472430838,-0.04149472413415389,-1.8052854621154744,-1.2282241466508381,-1.3926890784303834,-0.5153756830833895,-2.0913470053818264,-0.7638748806388738,-0.5032356009130039,-0.010306261350521151,-1.2175223596560287,-0.4107529537813943,-1.6715626050757297,0.6007159716180881,-0.1258778067438997,0.28814419519520995
004,-3.152271767608004,0.7063802166185765,-0.2611663974195484,0.90592439651919,0.341753933994133,1.1312921210858091,0.38744907297003206,1.0937679854233688,0.53603758636074,0.6832740061853647,-0.43711178446831334,-0.1013244971306615,0.2692339342633173,0.39539715193761704,1.2040578849855148,0.7746824830702487,-1.070734823371681,-0.37921913612478025,0.49709091192929244,-0.35388483658318853,0.03653785959675848,0.68139929099091,-0.8855357018188728,-2.180933825805182,0.10712899686661903,0.131205785011265,-0.8254380613340634,0.9413984947186688,-0.27283484588781337,0.08016967969727407,-0.0034109188212964048,-0.27340172552395303,-0.5266042902678568,-0.10257527003847022,-1.352136389017708,0.47280489118893165,0.6461899453895318,-0.4073434969375771,-0.7713691711552962,-0.10548154476842508,-1.170780270142664,0.16209661564663513,0.6328438878453148,-0.6583907977948829,0.31363017561523165,-0.14910861246564233,0.5754212107793145,1.2473864681575044,0.7052334797266858,0.23522054609147935,0.4179687488661984,1.037294071322152,1.1846043755365647,0.07512368373336864,-0.32096198114576296,0.1748782877569005,0.22282490526308896,-0.5342667996995631,-1.0556571469509712,-0.6318597622533689,-1.483186071468448,-0.11966381853998243,0.9498235509428933,-0.37087289154251696
005,-0.8169480462329026,0.062090586421365,0.2705960774214408,1.3933997531673847,-1.2116772619940177,0.19655010572618803,-0.19055657690686378,-0.2052176943519432,-1.1513352408583768,-0.3864009362220009,-0.49053156256553876,-0.7045251306835932,-0.7810631605779026,-1.2960302711641076,-0.9584362751590676,1.3930890176550104,-0.7415179724375036,0.48402412769574554,0.8446922003734104,-0.14010676657442123,1.2564860680654597,-1.1273459317541228,1.4491095191074779,0.315182334891982,-0.23256877444014679,2.365795340987179,0.07120871052786937,-0.6798555802053217,1.6891639790741848,-2.0908393930232982,1.2364681746283628,1.5074120155024617,0.6971428459243966,-0.9369103882594079,-1.897472841871715,0.7062339180177813,-0.6705862152820823,-0.8789316186549914,-0.9438535945437998,0.7730604629457993,1.6928278153306755,-0.07326237162355798,-1.3395377742216055,0.10215717865093238,1.606171637127916,0.5967289626570462,-0.10425026948202687,0.1745110795164856,-1.4464505157066232,-0.517994669814424,-0.9436193914563886,-0.2119820320187663,0.6781353022090584,-0.9935627201674615,0.06105216317352957,2.9548104243692515,0.997306798004729,0.6247636760080163,-1.3369052236284644,2.4276873370781695,-0.06063254516530853,-1.3484998202340117,-0.6755566576593933,-1.0428923873181537
006,0.9929592467388928,1.6950069132750953,0.8355794400415169,0.84453569482476,0.8927407095009592,0.3090454598279182,-0.3144234091344413,0.9636689566349845,-1.2629759719844644,0.030072408406924156,0.9357147035689835,0.6941450056968059,0.06037988480811096,0.3217460593190171,-1.0416868915107877,-0.8049269041087856,-1.1695077808267966,-0.4648784135313104,-0.2441244614784545,-0.11597040216544596,0.9050842919832309,-0.5197251245743157,1.0804991876225194,-0.37466635103848156,1.798916718518012,-1.0474080001293733,1.0642024486810158,-0.20013300650836496,-0.12202189709845879,-0.046000673605970044,0.17145639025949233,-0.7410838816172602,0.09900533718839,0.9420030559477495,0.6330304413538703,1.2645728621472903,0.8157441417849052,-1.630119887447449,0.4609182925786035,-0.3753219662603371,-1.0840475536134528,-1.0518945095510235,0.13877641017021125,0.6348923390588084,-1.03513910024917,0.7704853105795313,-0.9127624277673426,-0.08303967382247834,-1.2299103263412214,0.20408175605386936,-1.0205322464894402,0.43689165092389226,-1.4876568655869928,0.6116474116888257,-1.8278443634028907,0.6529606494636297,-0.24123537047508692,-0.48994528447815233,0.8645600496129708,-1.289244959847621,0.31547708945919606,-0.7196555110180423,0.16675010268686397,0.34033279525656646
007,1.4001438070152648,1.5486676166360134,0.5926103286047805,1.5535042633462426,1.1855729090941205,0.4563444636072558,-0.9628155142207244,-0.8297215770691411,-0.8942429160760492,-4.434170023939907,-1.9365627496855533,0.02362637655296196,-0.31209342252646877,-0.8860752528933322,-0.07487151104682355,-1.1498867262826011,-0.7124299194281964,0.65855892244604,0.66320030293274,0.613492153559429,0.5804351209416707,0.06398977122345006,0.067481893550563,0.13966795895118095,0.8493178703964613,0.05144999651336457,2.0299690649670765,0.37757207826543854,0.07630874972257351,1.0745958442502515,0.04943774413971869,0.5106423217666356,-0.8251981800907107,0.18340431028026416,2.2423597648813365,1.8223264335713607,1.3420822497514773,-1.036101033829648,-2.1553372923076006,0.735885443456942,1.0872081310977215,0.10744001117453839,1.3382647128315006,1.0918664196021672,-0.029218239639369648,-0.9926443134541938,-0.430630501847705,-0.7724450490991408,0.807942548132534,-0.015224841215309093,0.4163854801166271,1.2121583830790106,-1.0887332594509334,0.3169328221473076,0.2260408582495313,0.5720889991756294,-0.3983475299456878,-0.6961364927140632,-0.9864990497839583,-3.654495061558329,0.2802001491143906,-3.6062201266863925,-0.49864330010159796,1.0295676097478672
008,-0.6156006219608963,-0.08936857165867751,-0.4563671598269321,-1.2115113830391446,-0.48142882866334036,0.35835994087683976,1.1576804198168722,1.3648357437804326,0.28167196031024166,0.24974915580756318,-0.21784126289591876,0.5774831630508853,0.7043464077831078,0.23747827149897538,-0.47619920922702574,0.6046202980514955,0.40547696758290197,0.15517842035055995,1.1158111072859422,0.5713148691242229,-0.9745366716676269,0.5619734850801578,-1.007461255794385,0.3605499413988392,-0.4848358227733516,1.084484452986851,-1.3542051713025383,-0.252035696685875,0.46378671216579914,0.314754748982669,0.34703086925259874,-2.0974292934407943,-1.5207158181556037,-0.3243098811170211,-1.3108400355805734,-0.8860875716511614,-0.5229118873432559,1.3939709765475108,0.19299396347953746,-0.3571638833549451,1.600204003477391,0.5583433286068024,-0.21736008002892326,0.9542625434326046,-0.7877352696444895,1.003006305533639,0.7738496500755517,0.2448562708595754,0.08767044241720934,1.4582927589587855,-1.0215983097341272,0.5622879373510676,0.12444912480274584,1.4812669819272661,0.9797876258916771,0.07620874918352516,-0.5346217396646495,0.6093801052496448,-1.884694679776822,-1.4833177174224907,-1.9329427311167473,-0.6794626991947907,0.13621142905820194,0.028954120682411988
009,-0.013432352122244917,2.399118149294142,1.5368069382066238,1.981538973604371,0.9271966078056514,1.2904412100249503,0.22778588545290085,-0.051726811631487235,0.6055354952498074,-1.5118385699757577,1.7541334596298537,-0.8836951870380115,-1.035658324914741,-0.5290016600495323,-1.1855030907012685,-1.5644453420732698,-0.5063561268020773,0.5673923444402491,1.0543588712197796,0.16935918681276096,1.8343078232899397,-0.3852607642438056,1.299224873158618,-0.12524785241669517,3.478734707601303,-0.4766851562322566,2.879049734357132,1.2851711493966707,1.2981839855072437,-0.10856280163742943,1.7740785917205626,-1.7857192783081182,-0.7338406258194144,1.1876573440564608,1.5423499883873504,1.5859208730021686,-0.6296175734477633,-1.1037073440599112,0.2120777355283337,0.8262443727906783,-1.258205393807077,-0.06685400426576743,-0.2678590370352793,-0.8315976815365268,-1.231211084878808,-0.5647099195465263,-0.5950618674202345,-0.6637840928879154,-2.2715486118008457,-0.9652954845123357,-1.7684065269546312,-0.3219086959333304,-0.9239833598586645,0.29316985685624797,-0.5516741228537044,-1.4132187318176008,0.05145873252344013,-0.02757808758292335,-0.5859154825833363,-1.2572443003582676,1.0474978360888216,-1.8462834695078851,-2.738825705763663,-0.3273302036269556
010,-1.516064263234191,-1.6995715347445128,-2.4179093205806095,-0.482386754316698,-1.6150920727895595,-1.2547586103408679,1.2841763658215843,-1.335056891043593,0.2418011883647897,-0.34353362550139543,1.1979210348708549,-0.12940431075801206,1.4910910668237491,0.8205416778010479,1.0895763009929191,0.16588582216233916,0.9983163929523347,1.3046619028880202,-0.2825338739934984,0.1604931377489096,-0.4667426134847883,-0.538891775771686,-0.6907049728532209,-1.5555042108145658,-2.2186356837169616,-1.0648458564761536,-1.006848933737237,-0.4010821417854564,0.5097902636920839,-0.0680053597843977,-0.5294471924393935,-1.1895445874019948,-1.224477557291579,-0.4149053730492849,-1.2610832841599584,-0.05141196447327734,-1.2134263496866793,-1.6378409114184298,-0.988246378576652,0.6315360159335575,0.8460418292720306,0.7309712325732094,1.168804698486444,1.1718954135460096,0.16738715828934114,1.9317210042811408,-0.9194437587613531,1.2576452214249323,1.7732762437878442,1.365500768133253,0.5657660196941747,1.1722778356251817,-0.24319572074079532,1.5370924352757909,0.872998335985971,2.2314666860197767,1.5933624648108786,1.6734104287455072,1.1420496745204374,-0.23695020140751932,-0.33964531324353064,0.04205950540058678,-1.8115981200364266,0.009271392489577979
011,-1.3503398995031608,-0.40815631240017014,-4.643344681715381,-3.8719988083724903,-1.328242833608603,1.529427113663913,0.9197150525369979,1.5535300628319755,0.701381562152422,0.41224222039192426,1.1291137847112092,0.28660558189219065,1.0228908208350607,0.3198749100328624,1.267539057911705,1.0760010506782232,-0.5364316225328949,0.544066302624099,1.1041383216525213,-0.09931570117648736,0.44330615110215543,-1.0875981822937208,-0.5535489950264343,-0.3490146586535179,-1.2876833802821186,-0.7481775595780733,-0.4782506952774668,0.9727289580362211,0.9348089942831024,1.1223199557475763,-0.4406524633626816,-1.2949039927338002,0.6302003985476077,0.46368637969727633,-0.9733146295170751,-2.3252154959634677,-1.0491248791581582,-3.573628758422502,-0.41530862943972835,-0.03767840109243714,-0.5244182192772637,-0.22636735799749141,-0.9867565913692427,0.3307079351373732,1.7845048295949875,1.8278424203932753,0.6871726432442951,1.8896629694353502,1.3085635166248375,-0.5336569946744363,2.0345781044472195,-0.303561449516661,-0.37144375056652157,-1.2337043846144744,0.5359404418448146,-1.3003437880690378,0.08164211127307919,2.180699692914838,0.7609813174489846,1.601493362635229,-0.9364713527096677,1.749567150449404,1.7158945005287043,-1.654173206396265
012,-0.20160473349994446,-0.9295918068151896,0.04820798328574227,-0.2701284489381943,-0.9835373310014437,0.8569050615114127,0.7614387140443517,-0.5849671812159949,-0.4308588823218802,0.3186068405875937,-1.257460587706297,-0.5460627292779119,0.6048747781355979,-0.24319933858376874,-0.24239520850248564,0.5185321624668524,0.14803967084968672,-0.2829697971770684,0.34341332145871295,-0.7302819678059391,-0.2736134904066976,-0.7947103527039148,-0.28770037060706244,-0.4886586921430949,-0.22752722517645996,-0.3045484213482914,-0.24930362605113476,0.5889025039885567,-0.27080104645319336,1.102333833376071,-0.9318817010914002,-0.5235344619888642,-1.183363128059654,1.0108451456987222,-0.631740015695498,0.5749083436074041,0.06824058351035545,-0.8180933385414355,-0.13681489378734923,-0.32140785956187035,-0.5099750230421258,0.09378781706264538,-0.41895084178726494,-0.9867217009834435,2.137455003679061,0.671147496068871,1.5973647836837275,0.8988685398159779,1.481534455676818,-0.8108895691011946,1.1698037808271569,-0.9093926487565591,1.9047204393524817,-0.25304741143513576,1.6164704522054245,0.03369676074621175,0.1720651054980027,0.4487727371184391,-0.9014144388435703,-0.3231738523825918,0.6512067152521948,0.6447110301250367,0.02151269549350676,-1.228044632332678
013,-0.25261486968676017,5.245935620563353,-0.01912997051472315,3.6746666405014543,2.5714598868374208,-1.0650116569035886,-0.08120443260936189,-0.9248108178219938,0.8276314528053893,-1.1187316459003482,-0.6976629002403734,-0.4693813807267476,-0.8893153450309079,-0.9828931086735994,-0.2934291951587685,-1.1859431855331999,-1.157236771402544,-0.6702733938793648,-0.8690456080119264,-1.0721338942659577,1.7669656081439609,-0.26943818440633865,4.880236763117461,-0.06569213077180386,5.240378060855865,-0.7262949050287044,5.880793071888063,-1.6697156000816618,0.6134140057068765,-0.5728259011071726,2.115789430897212,-1.7269485713317918,4.502828305342813,-0.3658335554926043,3.810371087646647,4.103377499182791,4.561576759894964,0.2429048001023958,0.3892880119705855,-0.5674875620530555,-1.6375327452111987,-0.7552588976394851,-0.7806069749915543,-0.39339578521399077,0.2428524433567082,-0.5351457744899786,-0.6638245555992137,-0.6412726654834733,-0.3685977593987078,-0.8472961932751615,-2.303871435932866,-3.351699632189173,0.311265437235544,-1.0364099636519422,-1.3572606548120567,-0.4456227084099823,-0.7615384723453328,-0.00748238968815107,-4.517230436913404,-3.048291013145802,1.491557302552561,-4.393963081882128,-3.6318883995986413,-3.2820480620965227
014,0.2861775932311572,1.6739560318213655,0.37835315184506746,1.9020456047464716,0.23374696440053122,0.40749743973785735,0.5624850703715574,0.5862023458898111,-1.0500403423645306,-0.005727040354789326,-0.9858398944093927,-0.7695204820917818,-2.0438365316346427,0.7564341474002201,-1.5102475785538496,0.37841530617892705,-0.762924563828937,-0.9775535746021105,0.7759085665305163,0.14166692049289065,1.7105238393386029,-0.36721443857899105,0.7802830226260691,0.632491986194012,1.492274514059836,1.8457715159676473,1.8088255655998209,0.5299605428902492,1.0901246883079958,-0.6884802823676419,0.7458584869996626,0.05332395379655264,1.1906996368315697,0.2333511879294392,1.6425779214782321,0.7687697105040692,1.4112915383927431,1.4080089048217599,0.33785456448164863,0.3191761660358916,-1.2566263533170015,-2.4722785947648287,-0.6087091252968537,-0.024076018806578503,0.019865332458166574,-2.0224587943770684,-1.5290866781476626,-1.0524168105551117,-1.5981844133064211,-1.3495015722380879,-1.9349750209328833,-2.0860257711175665,-0.41629687558237527,0.23855461196750327,-1.2257434021547364,-0.23201901508906753,0.2495298573349184,-0.3889855895255414,-0.18987144022689262,1.1145957037765715,0.8535883353226893,1.1538584145453203,-1.3372466484002856,-0.8281622916817091
015,-0.5031541054354416,1.1166866437733858,-0.07624237958801361,-0.10026622179967459,1.445471552673074,1.1052993398013893,-0.47827508073846703,-0.9782637722880425,-1.6242690105133128,-2.7207838278603234,-3.786664988071867,0.5686223299795192,1.3021785968089163,-0.7673042700658286,0.649476529925034,-1.8986324244444859,0.1834232047023363,1.128591999369271,0.5567629140487453,1.9555839911294834,1.6379230588437927,0.7448703355891995,0.880680300742271,1.2386125639931305,0.7555906799733458,-1.1302733156473517,1.23069081911657,1.4309109632345487,-0.20690316530637043,0.3291646522167859,-0.0714723996086919,-0.5353796045491745,-2.670579820835468,0.5867568778934318,0.1581616216588868,0.7026760541436086,0.01437931878822507,-1.5797482064433863,-1.7469988435801644,1.088390459920182,1.1231604436290108,1.7387930757557621,2.6875446804071843,1.8514005817654589,0.683959158149303,1.3817111582154837,0.21897914375245042,0.44733812510515136,-0.16211578296927875,1.8476569541386796,-1.643091977904672,1.0455468674077186,0.09276328458040295,1.501406876300497,0.3510094056038815,3.074807193599816,1.1049070426773144,1.0159984255188832,-4.122663622577894,-4.804175973880325,-2.491007013700636,-4.012315689652435,-2.956018474287611,0.08871274681677388
016,-0.39547849588010386,-0.6164784893643654,-0.1342908180939193,1.142306572327183,0.301200558711723,1.5180101123213716,1.3018644076266268,1.1170439573299156,-0.2520537535361965,-0.43989964291750827,-2.4231678879785767,-0.5617716877976701,-0.045281385514639894,-1.2747753108133382,-0.88199371306237,-1.1380685605402152,0.24070461094235757,-0.12823800114574901,0.7318732746915382,0.8787061185228563,0.5593547863201038,0.7341570171973548,-0.19866224930673726,-0.09192305906725817,-0.586563768078962,0.7751158999963401,0.08627111937399545,1.435890268163003,1.4168384466665525,1.4808419458151096,1.435486040764979,0.8213249696849505,-0.26932556733607427,0.7488730869841003,-0.4296042861201844,0.3976262347402396,0.3576288717051053,1.110826787675684,0.9674849387689681,0.5742787648778748,1.6506706810169502,0.5556366775387774,1.342548112248977,-0.1067458420167936,-1.5177094046012871,-0.40588953268587946,-2.13764374632219,0.09762975824638759,0.13626117279223676,-1.229002751097061,1.1439747743045676,-1.6724912818393673,-0.9574030171875486,1.293304523268361,1.0785000106419464,0.08504650253150015,-0.47214992042636716,-0.9645142813799584,-0.321438579918773,-1.3141122594357202,-2.261628602540037,-1.4319696216079465,-0.16061732537754658,-2.6963881608072935
017,0.7516621293184729,0.9881479669947539,0.8838844705207973,0.27950751937503004,0.9368825551825333,-0.9977472159947204,-0.8722313589471811,0.42484774709976736,2.311867237954192,-2.1053949139599117,3.315773942703405,-2.7200826748110325,-1.2450854327093284,-1.108302760845123,-0.9837687753718274,3.1092414698526065,-0.13619962407296105,-3.454128765388468,-1.7312378547830287,1.3895908334183409,0.8529648853352549,1.3408566242442876,0.7493280188991351,0.3805058152147771,1.267872084375598,-0.260276226675922,1.0362344013440448,0.11127113651389253,0.9137269952847775,-0.963824992280052,2.246794012952436,0.02504468809631155,1.9539221200686197,0.017703229074652382,-0.8260467037456194,-0.24700146881364382,0.21087094214424762,1.5530482480836845,1.2541592202718428,0.8190918903577076,-0.2934955136056203,-0.4588906428144298,-1.730585635988381,0.04570072632933031,-1.2065198626447513,-2.299448348263766,-0.29012738935336624,-2.2758825631289934,0.13185387212645705,-1.219942407512201,1.9358272208510037,-0.7806523219344097,-1.1090645217930868,-1.131878693679666,-0.5326549917542723,-1.1445843847357529,-0.7346647912318106,-1.191131557117176,-0.6264878833781802,1.4496926280573412,-0.245976744577312,1.9062448165964796,1.245750252942093,-0.9165526796718763
018,0.10231411423650938,-0.22437675703734217,0.4453656958691856,-0.6437035482970894,0.11804963988521777,1.1991954255026758,-1.149452758347977,0.9907939692952694,-0.07953956817658292,0.6334341758120452,-0.21779684849543757,-0.005774127023018716,-1.407448172425401,-0.09670530266310218,-0.21491991475288796,-0.24661932240344298,1.1159862411746642,-0.4444502849263857,-1.1712351537790981,-0.3714207422576221,0.5828104177915923,0.6819318275905355,0.8296045710998969,0.7994835962124816,-0.8577220204937848,0.8366308619572536,-0.36786259723840764,0.11753745315348807,0.1320105306151489,0.25996456341614094,0.13075033736818642,0.7635496475502377,-0.3413702802442571,-0.14549849670349935,0.19431561448388313,-1.1483781122682921,-0.8602090746425137,1.345496214583124,0.5430123530890771,0.271042983809217,-0.5989563656467592,0.13826019073548057,-0.5580912551981264,-0.11485606948975757,-0.20506466747644758,-0.6631455959878463,-0.7763183344877622,-0.18589386177936884,-0.3483075250397214,0.1100709795949748,-1.1731913310630189,0.2311489257717172,-0.7901173013644729,-0.2911987178626818,-0.7195275430720895,-0.88432209939575,-0.3908286754357705,-0.4308093893557804,1.4134384257115764,0.7126677441079763,0.8650138940075371,0.8907514582696141,2.0954926662520674,-0.42501270411528047
019,2.23405433243199,0.871761020993147,2.611591320564412,3.0030424979355677,0.5982658656696189,0.5186203111937613,-0.5196437092194628,-0.4519445706448216,-1.6954068154499768,-0.7922435286994707,-1.1711162628827834,-0.4615171643991793,-0.6169260335909306,0.13414082766052332,-1.501886761092484,-0.0021331970176426407,-0.8703366556703893,-0.8506482060383109,-0.09889863197958265,1.4495643687605047,-0.7582517431176916,1.6301670095454965,-1.230825822927539,1.3558419730105908,0.49966423468132026,1.885828701752805,0.8653252315702735,1.3127206840307013,-1.0886196688316334,1.7129180604175505,-1.0487661463623288,-0.14469077000759073,-0.8222551917734695,0.3705446458086334,1.225886799240841,1.0942421434450236,0.3783422552763647,1.1786321214684483,2.2471286010620863,0.10520842100267663,-1.5086376947881694,-0.7831770325852936,-0.8599541307452494,-0.8014667686918646,-1.2365195571480665,-1.0653085610479394,-1.6818439180050009,-1.8290128186208456,0.529421326498488,-1.4637145475538322,-0.18779129089543395,-1.067625137223114,0.034680773789944164,0.10564215409092853,-0.27846150401424913,0.06257720938739597,-1.2710113687149303,-1.2766771162252317,-1.4193025666036434,1.0241841065052064,-0.4619782567062081,1.9077199911634968,0.4900879220291269,-0.11921176171256304
020,-1.2100057639932729,-0.7578700237953653,-1.1763138285070094,-1.1809544328598132,-1.7875564111245081,-0.4371083614977962,-0.3761679124513375,1.2430899883137445,2.5699570586889386,1.9559596457852422,2.194255417706431,-0.2637075487563385,-1.0895563627093867,1.4448327309541535,0.7003442706035701,0.8809623498296655,1.7467372424807124,-0.9610026650607799,-0.7332384669806702,-0.7587282501643879,-1.1338688649576154,0.5722048005156757,-0.12499919566001028,-2.1647954567046774,-0.1868089561534909,0.23573253515252324,-1.3964330775765414,-0.5850563033793446,-0.06945477680763346,0.5405694108792658,1.7133995902201442,0.6294063522196929,4.357017239249217,0.2420953255681253,-2.307795110265362,-1.5084239694656865,-1.5857309478931991,0.3702613491372244,1.360720877623963,-1.1650627301115941,-2.585150408444429,-1.0366262130798414,-0.6107587162544642,-0.8130117470923308,-0.5730801355468489,-0.6899437616728341,-0.8788450077549406,0.9139092627328784,-0.6966861815937138,0.7874510234855285,-0.4504531523164217,0.9138030156371273,-0.7903322441633169,0.667621157892095,-0.9766644110500515,1.6943948860769944,-0.8470601208153157,-0.8355961603118969,0.04701549477573019,2.189123952401117,2.6332443560162524,0.7148736087540377,-0.09249786494133061,1.518362599213523
021,-1.7978448235977853,0.08909030771134052,-0.23119154256428798,-1.0933562392665728,-0.034318358338617516,-0.41543011552310793,0.4847182302005384,-0.28079548580062996,0.15385377533622568,2.894152688002798,-0.6545833410111276,0.306963286023471,-0.035630783600735905,0.321729827504432,-0.481797505303974,-1.1186189027805102,-0.1872882791693803,-0.26345065671671075,0.015583314050781727,-1.6141239739221214,-0.2811565877352846,-0.39656306586846435,-0.17898201865996666,-0.418742418024197,-0.7136961373487074,-0.31870158277634864,1.3034952797395853,-0.5256058751151246,0.33034226907961606,-0.3553637045571304,0.4155196678682185,-1.0070115018276156,-0.19835572734534723,-0.6041137373270984,0.382826183587063,-0.4214945446950453,-0.25649179185024995,0.9050165697570278,0.6418725859346546,-0.5432926476253727,0.24518660926932578,0.5677648668308841,-0.05645671265264185,0.7062705260129825,-0.27759875443351234,0.7292186165549428,0.10970419108973539,0.3734868586214499,-0.17372733706459875,0.09321490403383303,-0.055687975832740655,0.48860052306457225,0.2612120130387694,1.3307055726873809,1.2315974400135137,0.23399781601249603,0.14621780662361017,0.9673740024745643,1.004153960489856,-0.04479503114021721,-1.5449369500199017,0.005180998540196935,-0.29666201601272957,0.1388154353539901
022,0.6183653441981183,-0.522759174051275,0.0020640926349138264,1.6376566203308756,-0.3728019936135334,0.8234603750478883,1.6961384715999657,0.2913818388149828,0.581665826694781,-1.960604436101563,0.5927617637455433,0.5548507760930633,0.4950434830621985,-0.359204519518832,0.9707080936122645,1.0207939349866815,1.3626403570283945,1.345236002955177,1.2052704727982657,0.23699607044928492,-1.034533512279559,1.117967074242868,-0.6987768547989248,-0.1659181906478491,-0.4029502206121439,-0.8471539474355573,-0.7976614594027638,-0.33877776799430775,-0.3798120246375861,-0.6488129038369888,-1.9353106509719642,-1.5018588557311725,0.2583529690378743,-0.42831967406949645,-0.7172919430852942,-0.7627733198079727,-0.932886161531911,-0.3371403797062125,-0.6983089806713221,0.08281213735327966,-2.1105180182717973,-1.282797151469941,-0.6905650578417053,-0.40397130577039686,1.7302075156085908,1.2729468470364662,-1.2872372133823433,4.491443141075296,0.3968045824770184,1.02457233231919,-1.1443392387520273,1.2570602366642702,0.5023912333609962,0.27821970104634913,-1.1253497697811874,1.4938988776511843,0.22455709629426143,2.0816436270707204,-1.4696669373141222,-1.6509449561182266,-2.0070724063765786,-0.423588284221057,-0.981701397922953,0.7734978124378014
023,1.858813196797147,-0.9907355567960919,0.5877668414094793,0.0482772270199921,0.5467295208017773,-0.01254780623023033,0.3972920761983757,-1.753344207513229,-0.3033323639109717,-0.7076497005441179,-0.16110226479497852,-0.46335007143691787,-0.47437440338283643,-1.2950810268803297,0.5799773314103385,-1.6786856090687259,-1.6054564698761369,-0.4120749089191743,-0.38126953441231326,-0.0208420884327567,-0.5057252685499053,-0.12967349286485935,-0.36676707662237995,1.8358805271611445,-0.46046760306256385,2.253138684883051,0.7940721144353379,0.6585208560206374,0.4852885273542116,-0.13443152250880158,-0.1715383407349947,0.0300881585346649,1.3566720588411743,1.1269825637453468,2.416265324546569,1.283794500991576,2.6273019421677315,1.3261364511325557,1.055767516860595,0.35351990208898904,0.5790921775864568,-0.16279350596890413,-0.39972794053555394,0.02850583540782925,0.5497399808526549,-0.42746513172365674,0.46020738856343435,-0.8194350053019378,-0.7794686542667421,-0.7762000552657654,-0.6501748481140565,0.551607956748787,-0.2701087625688459,-0.4655425253117417,-1.7294572305104121,-1.5366817901099257,1.4190001755170925,-0.1212885660971611,-1.8205494166144938,-0.4576971803014219,-0.1730289527311617,-1.0932815279439776,0.0231027416279036,-1.5221911687967826
024,-0.707946496874484,0.3791713332668931,0.5285914309119546,0.29600330167495326,2.025861623027185,1.9855573545707568,0.3345345708369969,0.030497446692186236,0.23507226057765296,0.05983355893087339,-0.5474795301599837,-0.6692246946449001,0.6067925927829394,-0.576788047728379,-0.4124600729241549,-1.2922238471362606,-0.5617669985216205,-0.5875513894455724,1.4723884209821199,-1.210825966289216,2.1094428727488617,0.25621847245069795,1.4018419920215224,-1.478597247769248,0.3088772807289597,-1.3775574250396392,0.3482664207025119,3.4192107228920183,2.220590605929801,2.2330326539771286,1.6383230841021708,1.122705523609996,2.0730915229848144,3.071116976285827,1.8514922739925965,1.2195190012473196,1.5661498494727892,0.013467233923053268,-1.585907467766405,1.6319745460181365,-2.240691949592339,-1.346678462299917,0.7763773290336169,0.345994798185127,-0.1927659205480906,-0.7541481862271863,-1.6094888336990059,-0.1835956905549595,-1.3006480129056317,-0.6644293692831014,-1.9687635193535895,-0.8147091255528492,-1.4813994275083298,-1.3494073790329875,-1.4539369389339856,0.23929624030096575,-0.41027057111482823,-0.2364510322024509,0.23173342901452432,-1.6940760402009818,-2.1863305518772376,-1.1143719125386844,-2.103568196391717,-1.9189664197592138
025,2.4200440856693755,-1.3833040706849091,0.36628130586319396,0.811610018058189,-0.4823835000325212,-0.5161525669751621,-0.6063580693232122,0.3782948428833408,-0.7869596269017463,-0.03914072977889638,-0.04431448277470751,0.491162795031832,-0.3737392462664568,0.3470912861249986,-1.8677854049213247,0.9720032680023107,-1.3198084192894248,0.3003629721676606,-0.3287614151952898,-1.2421287991589687,-0.8999752544339803,-0.30425218200701987,-0.8415608004521087,-0.43325728407438957,-0.5468571415075905,1.799691342212796,-0.17034396902417037,0.0988214918940864,-1.3669345074256427,-0.3328391580344632,-0.647859256328654,0.26230098244051825,0.9269424787504112,-1.5152070748722826,-0.1314666368681514,-0.3818970933511949,0.5084308389904564,-0.48578878482319787,0.5932269756329801,-1.2788513658408427,1.0214125442466089,1.212593068225452,-2.2590121769501996,-0.4941910641948246,0.16696673512815052,-0.6908519912956606,0.37726577964575236,0.1367752625373606,0.09623622698919676,-0.526833616303547,0.6632931691155116,0.6094717637493232,0.3607812339364451,-0.586514447043659,1.3795891563092448,-1.0152951800055183,0.5026157472411614,0.30291923357016914,1.332956865782248,0.6591675403783634,2.302462366084799,1.464271703778364,-0.06893271111923194,1.104514946818651
026,0.7813102766609243,0.3560152274457038,0.651549982984422,3.052360255914275,-0.2549967380302758,-1.5999766200088454,-1.8194832624333999,0.35401171449500524,-0.20683607329719367,-0.45893565522286073,-0.32585196025414254,-0.4867800356625547,-0.41058104149419217,0.17981716762361444,-0.2491138568139175,1.1832386074703973,2.0032410636879225,-0.6575308254345074,-1.322020634132024,-1.2962366523842808,-0.938477831913104,-0.6889448977502552,-0.3470090819163354,0.20076232094632296,1.9355091447856188,1.6246263912790324,2.4516029073131254,-1.2018605680199905,-1.0719453982961542,-0.2637843460483489,-0.5457918209233763,1.2074277198983512,-0.4832750465937692,-0.584797190120327,0.7137515572335427,0.8974275435307506,0.6142669698395542,0.03463842730764766,-0.2101179528722965,-1.2956456219948218,1.4313497928386734,1.8482634608119093,0.22305049086932716,0.2435306863523108,-0.784922827828272,-1.0181092431518626,-0.21872892925505605,-1.3316523513933638,0.5810553604567521,-0.5052022293708869,1.295605148635734,-0.6245592812890304,0.655018950990327,0.03316431968192157,2.162610195825202,-0.37690179427705983,0.4760921203113817,-1.17582682174961,-0.46920241648462513,-1.9909398733506207,-0.08402855951105304,-1.3339274735516748,0.8068144559969728,-1.3641173483566411
027,1.308166542357732,4.153967330059749,-0.6917522509150708,3.5108438420354577,3.694897481529085,-0.6481608141481888,0.8531111446515168,-1.5183462325857084,0.5847236546168636,-0.44006672751939174,2.209185918949272,-0.13484669551012796,-1.1163995053412354,-1.8947066284670817,-0.044734384789121506,-2.2532949299426477,-0.3592887073583077,-1.3188640148825717,-0.6485398723248614,0.9980421837748118,2.6869137503855467,0.042153828169844254,2.4394242598721294,0.40000463942006415,2.6029100045818216,0.19375156561222961,2.9915349568121656,-0.5288559105150761,0.16843015310706588,-0.3216231578888142,3.048599165899123,-1.453689688074097,2.0435433352508494,0.13009698042575624,0.29619953653074826,4.339846670138876,3.004117499181128,-0.36260140258057566,2.797050667240577,1.5977516463614498,-2.322913025495946,-2.1128135966824697,-1.8327779433869362,-1.6285423929374385,-0.7583734875225274,-1.6725733747803155,-1.5347464393643437,-0.17387445276933788,-0.4090109623825232,-0.6549044303873959,-1.97629440742389,-0.4947458663841022,-0.896899730333393,-2.8338140419891045,-2.5081201293849458,-2.4779896193601583,-2.0751759058003647,-2.0335827806654465,1.3334076931029673,-2.0470734169233347,0.9986047397053207,-1.8734239681917257,-2.2292080216197756,-0.14465027314380063
028,-0.9658082501987733,-0.5700283923705864,-1.032761183960507,-1.1184407456158578,-0.09979647306516165,-0.26929836584782174,0.40463637975173916,0.5207059226457054,0.8373992737942315,0.4271520478368649,2.013492752773222,-0.5069851324559781,-0.2057055490746239,-0.3287184671854157,-0.6491931654668657,1.0826103401158744,-0.2026349142787231,-0.29672058658003936,0.5120639919199879,-0.6732328801141575,0.6563310323166385,-1.191089733969303,-0.22545904254571025,-1.0166240965740256,0.14365148114432924,0.26640019440358365,-0.4466255341186318,-0.9631090343233433,-0.823440006725862,-0.2901271209333628,1.5221780892461756,-1.1718961959371152,1.2802875217490182,-0.37595312647127044,-0.8070747488680707,-0.46081222973658553,0.5137153812108207,1.3717532228464582,6.074975827448396,-0.19327118338253535,-1.1102702538634455,0.6177100991566733,-0.3429932872179388,-0.1258412857057607,-1.1483214752027164,0.7176756068187666,-0.4468396065627378,0.5517644090361592,-0.5722559903204334,-0.11941125385637913,-1.0550858853553227,0.609899054747558,0.18017221615204704,0.4100505822445783,0.010115852560966254,0.2116844807428102,-0.24740060686835363,-0.6609228313718418,1.13092629582515,-0.11578389585411558,1.271915392843293,-1.8238206623326532,-0.3985753935822225,-0.28693886143679753
029,0.9031706340731984,0.4479106363568677,-0.48177838977468956,-0.9611625368629022,0.6911738472921745,-0.6557640394389916,0.5319486358095356,-0.925711750338984,-0.7206003633766376,-0.449452973218897,-1.2515059725704634,-0.08291070653904126,0.9205416630809565,-0.16914549205478352,0.6849048764928674,-0.9813437322447081,0.44213060196880954,-0.7085332033979235,-0.5834007360349754,1.8687264294246766,0.8502496895006066,1.2430422262964258,0.7116763058024032,1.1392444251532632,-0.38603659511682376,1.7293039152886756,0.1926553024691518,-0.34636140469253485,-0.5311693333053638,-1.3157545298042421,-0.8300196584191459,-0.7953774595923726,-1.0292466228520205,-0.38041087954574415,0.11931577628094814,0.7585235970890396,1.1765791882760521,-0.4602890607628304,-1.1110549172164514,-0.24495838159627092,0.6527295089566824,-1.00111492007684,-0.06695139886323931,-0.9176534340406597,0.40720687042113357,-0.32897999372725406,-0.12949887183498843,-0.2838158456155388,-0.969667984985302,0.10859948822932453,-1.3555119750597415,-0.23924625739441613,0.4338302574841319,0.6181218508355433,1.0526905423909363,-0.1305975120863384,0.36238898962521615,-0.09718048109060251,0.8184548733113507,0.6406506391703162,1.9707498913816137,0.13608597017829416,-1.21506195444564,0.5246627353371645
030,0.5564830331728834,-0.4241663277467571,1.0031971962171942,-0.3435335734137603,-0.10383883589990284,1.255016863485021,-0.06509161536621755,3.028982961984495,-0.9178148165514699,0.048056387182216054,-0.5318402197840507,1.120562393445551,0.18281286396078578,3.4369385181706305,-0.2565595095045147,1.9369078925686785,-0.37024680534169174,0.7384016586454651,0.555609414751123,-0.6531108945361369,-0.10736065324818311,0.4492878606928732,-0.1317058307239023,0.7533037662734896,-0.2279621720084294,0.5546040542400006,-1.637900900801162,1.201095421746417,-0.6355898871600372,1.8079074600168672,-0.4686344404891064,0.4809953840115053,-0.7943819329582644,-0.2713460513652166,-1.283789660208641,-0.968346130675428,-0.46301523733764915,-0.05605896390894871,-1.440784449169972,0.310495059671683,-1.4936889008287515,-0.27832266514376325,-1.3381170250690297,-0.07879106693757676,1.4333203860852384,-0.4662054755880715,1.8147102821438847,0.13305081455968593,0.22829020097521135,-0.36873487871949245,-0.33891193721669166,-1.2371899433122597,0.1991658750062245,0.13683871667587222,-0.4977707073623575,-0.0884372480639346,-0.4546995529547277,-0.47385408116450056,-0.7415178364208244,0.3079459333905177,-0.7625268960389282,-1.3441284668532014,0.04812460640346006,-1.6061294156034238
031,-0.6595000260819832,-0.5566245388452269,-1.953461013652761,-0.8818507242141593,-1.3323221762383652,0.6790523399102302,1.0941858451673987,-0.16178494955577838,1.6312822735500827,-1.3501028704978193,0.8846262636915585,0.49699305221186196,1.7463791170545615,0.1366455478721591,0.8288070282399893,-0.24092830884453376,0.9780628035363472,0.2228669511211434,0.6915570144961252,-0.713559888342095,-0.4598863030367122,-1.465106087278039,0.09989341385189054,-1.393819543155026,0.7269350475307323,-1.8356324886707007,0.7176617897748292,0.19689894514605144,0.2792361659039091,-0.7969586163798072,1.426365462386396,-0.6050239779147857,0.4796820221801963,0.4458245153361986,-1.279950761937645,-0.45722877214796753,-0.9086927807336949,-1.8154841487394093,-0.4559183031852787,-0.9627447009400636,0.9682821784489033,0.6876491709229748,-0.6222964534586839,0.4875490624659098,0.09656658494126291,1.6734507895891448,-0.1554957432737183,0.9571062490846116,1.243674248850756,0.067032884640432,1.5709192125154485,0.7111601855275405,-0.08246519569885269,0.7293227847435877,0.9363698557379572,0.19543504330537576,0.35404123004765453,1.4017532681385674,0.6833628948926829,-5.320083451728498,-0.09133051081362797,-0.8040757896297634,-0.35131954042014524,1.1870164226006765
032,-0.39737786142367154,1.5767021497518725,0.18711876603898564,1.662949570186837,0.2728401853831525,0.022429438291416415,0.35458545857042817,0.4904050934311642,-0.14225457357323318,-0.5147300320864663,0.045411830798868624,-0.08533528752489766,-1.1144500104966075,-0.12663442018889354,-0.7358594689616271,0.4515651717504351,0.5843066894747578,-0.31119772349662195,-0.6819262713516239,-0.26117658785922043,-1.2300127819260502,0.31477721256903624,0.6339713423418427,0.0470282719762079,0.8282552234331557,1.3464012510725865,0.7560957976143352,0.6418090515463843,-0.5300014093567327,-0.16711849987702992,-0.4895931015324823,-0.3232921785152501,-1.2865149551127717,-0.9033298088958661,1.3694145124875632,0.009927781935406998,-0.10302982724460569,-0.860129380087397,0.5869104145536663,-0.8028907901206077,0.6015216733317541,-0.0015638431841471512,-0.34296079920231765,-0.6562998247600491,0.5460749674942844,-0.6026872522514444,1.2257580097471257,1.163781479697751,0.9930402135160208,0.09778579144798133,-0.9900292469374647,-0.16650065029583322,0.30707905488988985,-0.3314267267602404,0.22243342675621103,-0.1257064452576137,-0.11734829578520029,-0.7963297052995435,-1.9034265132551684,-0.09314294810159435,-0.27080289309498834,0.07893974249093316,-0.2687145448802513,0.3144750861174603
035,-0.03589906991830638,-0.8774443009687639,-1.5093689140912177,-0.21341136512089032,-1.9228137126546905,1.728735747546036,0.46104749167975084,0.5265419583596136,0.4920940952254889,0.20861041717129442,-0.9959306241952818,0.5130832502039494,0.3103340890247153,0.6357574863001402,-1.0694504015341844,0.9718138349194593,-0.21159548772063996,2.1641070784784575,0.5628798580216188,-1.1781966107946555,0.8525867296215519,-0.023592806995051174,0.6623006892076222,-0.39662434546739733,-1.050624305538801,0.1755062702076502,-1.089817875512277,1.7035999108005493,0.5678939735253874,-0.20725267428471905,-1.0424056062406821,-0.7247087479584172,-0.7752708880328522,0.8799329034121048,-0.2099513439917915,-1.6644295820568051,-0.6620926576674274,-0.45079336253594093,-0.8440801242644621,-0.030142617518415293,2.2723968611669574,-0.3069518751454735,0.32807774588405214,1.8449940188355018,-0.08504856988288167,-0.7192258917841198,0.29567313403627776,-0.4824145803725991,1.3144540037089727,-1.4587756924129787,1.4328863861805288,-0.20344348266040868,0.8201010018588074,0.4196126001976305,0.4962805510537739,0.9528274031041264,-0.04656326455059634,-0.7733436140939719,-1.5276780671158208,-2.273399247328179,-0.3423698173967801,-0.7592885516050677,-0.19190756257227193,2.762178152252803
036,-0.5184997764957302,-0.5393305069531447,-1.0063884479921545,-0.8464320014971207,-0.7926631254469227,-0.43137000712263734,0.1068617976055507,-0.7159556613557141,-0.8593298043995243,1.1663365899064702,-0.033396411402430604,0.30450520188581076,0.25842258186617023,0.222892769024351,-0.5223963823380806,1.7485602402160019,-0.4468273395478746,-0.402850982309325,-0.6832214000631232,-2.042967160377769,-1.3006080069478452,-1.9110507669069858,-1.9698265238629449,-1.6609427679587685,-0.5773312764154648,0.5003030057851943,0.031190046271767913,-0.4405038066496885,-0.7868948736365382,-0.47870643878713764,-0.762943642751424,-0.19472934441909567,-0.8437043020565769,-1.0403524458080708,-0.5103601857917677,-0.7770840313421947,0.18623568258809503,-0.1293231472685435,-0.3016251634366032,-1.022545218757097,1.232730261029695,1.5119382740677674,1.6163471175156037,2.2327855449043397,0.644007416077166,0.5563536771308059,0.6181552010281935,0.6170447249235869,1.3133855136402746,0.749170895980219,0.5329366169444543,1.041479185783936,1.5533249213836653,0.30234561279151384,0.9140387611885769,0.854265941148614,0.19367088462743165,-0.3096095087521907,-0.45451169362715055,0.36023233200612614,-0.25329697513892696,1.9181064305582427,1.616760048643528,0.6631918510934183
038,0.2757694609246829,-0.2930939368231479,-2.214778041453217,-2.1928213868711075,-0.6708818189048253,-1.0984249325321407,-1.9282043256422048,0.8437966378991718,-0.27848810975579896,4.812801347549718,-0.7473216998325135,-1.5106968080927752,-0.8535046342645167,-0.6479758714153264,-0.4630320312803631,0.6169765618322981,-0.02200311265100674,-1.5662295837565834,-0.39417642140695097,-1.6687051213904995,-2.868074676589057,-2.427018548449581,-2.559317916393777,-1.2809074948469572,-0.9968396156529055,0.24065212967219785,-0.20999861128659975,-0.9785462284503061,-1.6900858623803887,-0.5776062707736238,-2.362549362879375,1.05501101477044,1.5907008441607036,-0.8255187396330999,-2.6404418293352427,-2.890590547543073,-2.123884857401276,1.5110992844809745,0.10927005230423181,-2.2643081424091456,3.3624276845798677,2.2743543194508686,1.9038377899675853,2.5075572088010434,-0.05282740346603154,0.03374542503512401,-0.34558574251741797,0.2977266555959016,1.4691634026305738,-0.5607061208667898,0.6970085223494203,1.8910164609648352,0.4946164055198371,0.8275072783140053,0.14884956423086082,1.6876705367374742,1.0502797830545627,0.6009938455681062,3.4796364802561714,6.456493358926406,0.21042316565449448,1.6952680610521038,0.2762876997789939,1.7842048248849687
039,0.8271458094504383,0.3784255593454279,1.8337122734578304,0.7565197325383135,0.23341975079353372,0.05829170766578229,-0.5167481241727518,-0.44507052703404737,-1.323579710101808,0.3338406144109567,-0.308100292939252,0.13996697187056106,-0.593403115890534,-0.2222619899760625,-1.070156695803729,-1.9061343098466166,-0.6754886342002755,-0.13448212054472986,-1.1309009529971987,0.06092740452843892,-0.13465473351016688,0.07554944621383564,0.882949259949533,-1.1540618438937835,0.6551588930815455,-0.2595553668279815,1.671597611495541,-0.6069769697631484,-1.1569480131916021,-1.1794661237016362,-1.1331020148878936,0.6810391158661457,0.5790328373796296,-0.15806347059107706,0.5332753307690564,0.4193083820252588,0.5769887594851351,0.41308722062660164,0.9505656545185519,0.5285132594629107,2.60556682977889,1.1454015524314831,0.9043187579167031,0.23272780488568512,0.24417951364013202,-0.9722219267590142,-0.2861970401088234,0.19910816551452648,1.3081653803223914,-0.7240622466831863,0.38517295396674234,-0.866211014704451,0.15402325817988438,0.2753861520746099,0.1279402871049944,-1.6460915266886342,-0.47180218215667447,-0.08969410256333532,1.37066777226872,-1.3565927905421975,-0.19415694637956993,0.2652883346757048,-0.3442579120987208,-0.7468196591365921
040,-0.9988418479499925,-1.979622054250362,0.13766818928948021,-3.163812901528545,-1.4384452383961714,0.19975231705701446,0.5983648573369776,-0.2608970051013779,-0.1235969964774247,1.1662144749778625,0.6392794094272964,1.1273476359656036,0.8325383906728624,-0.5515996258472131,0.3198447402374578,2.466343691682165,1.0587281375031314,-0.3986017296477713,-0.08607755120144067,-0.3941532573436542,-0.7094747109313198,-0.13700270740913328,-0.9152314927579156,1.7577619351149707,-0.5168866133253223,1.0668124778174572,-2.5956151240609526,-1.225177304901513,0.1978780678990565,0.8226567305200875,-0.09160312928382686,0.13676530417555938,0.11201031261764083,-0.7139425784386096,-1.3500869610870674,-1.1300787997363275,-0.4457856029825991,-0.20349114201641222,-0.584917939662716,-0.21235688153349092,-2.8888391028322293,-0.9046948729979826,-0.6751741389783269,-0.6628771569114631,1.1060770694678848,-0.005355439554365737,1.5226130518505379,2.041677301863134,0.5429001924969935,0.2853616512360866,0.990079375270332,-0.2736291886560663,-0.1992953226007803,0.7645635350202019,-0.4334767696319319,1.2509227643525365,-0.697462013533863,0.6813457559909116,1.5411928397987205,1.5599693257269904,0.17653696913314582,0.9691612339771166,0.9410303881883694,-0.04529492509941535
041,-1.565878274470479,0.6220804032946833,-0.36850768923725097,2.783695920926319,-1.457490268215524,-0.9294223460744848,0.5954849946699882,-0.25549825970877427,0.8755193311993276,-0.5581982393136085,0.14465377747846375,0.09512673345327904,0.4603363013969497,0.006059173085606995,0.8829592351826976,-0.914404881333108,-0.31197062721891156,0.5044623618420392,1.25854005370632,-2.101401591875493,-0.18931867888919163,-2.4606430357428595,-1.3766198462443522,-1.8419247081862218,-0.9673781257800025,-0.12083557853019533,-0.7943950150519266,-0.6396743361714543,0.894607334632359,-1.1575409783568804,1.4476563665597895,0.22276654793926132,-0.8805678055262778,-0.5659252331455349,0.37744862556669156,-0.6749447181904433,-0.3973603335179612,0.6509081438355357,-0.9460338637637538,-2.4086455406447604,-0.3167146915388863,0.6439691759386618,1.068888128872347,2.044237526875671,1.5370831459052328,0.7842059148147253,1.0282582597872763,0.3304847654309362,-0.22630984296880285,0.27423253822999194,0.17692023693109105,0.24406685851938204,1.0582084264414189,1.204590164084745,0.6887342895448696,0.10787459940578703,1.7899962823354527,0.7046391052259371,0.8876372044689307,-0.8276068720942413,-1.4535625969965285,1.101443586497002,-0.601724495491657,-0.18727703979920296
042,-0.34391705738830713,-0.4863952949771938,-0.20227371891447288,0.7136234259906711,0.03817170030245698,-0.13859143033137766,-0.619112499487858,1.3670690997676673,1.275116496906589,0.8227227857920338,0.981437048554323,-0.4434473086534828,0.5260311809728999,0.2739023065609784,0.7795838808829184,-0.27139141592484584,1.9440789672726764,-0.9263991209445682,-0.3851881042353045,-0.5439180948191004,0.3431022234656204,-0.19842010730243576,-0.24043368673683496,0.34811064888692356,-0.23032935211162497,0.0740472818011676,1.4447613706364582,0.9059314904754943,0.10172219717365633,1.352208002458787,1.091702579462162,0.441195091903421,0.5632549663817885,0.39813831582622805,0.4161251866556432,-0.38318599557907507,-0.20572065571534226,0.3639302819868609,-0.6059405378157804,0.7829041520254196,-1.7883429291807333,-1.3909607823412382,0.16869520155468154,-0.7337722643131791,0.27735533508391474,0.18948877511928403,-0.050926607864530626,0.1438160128708204,-1.277347487243353,1.4916288978273546,-3.266927977128855,-0.8867077144780148,-0.5362417084755503,0.865575820920509,-0.8005287847468564,-0.0345615784527088,-0.38930742605195234,-0.11622588069899298,-0.539634996258992,-0.1726884716700936,-2.5439286668938337,0.4802482817352063,-0.6626885621597302,0.4497772116416037
043,-0.627632383026303,1.5539571224547537,2.0779752086216847,5.615537437043126,-0.6371496585520807,-0.39767636527176,0.014399704559803272,-0.7208983732466321,-0.052107478666405416,0.003802354550739795,0.6110815904905131,-0.8322961740913761,-1.2117063905961891,-0.09946812374673092,-2.0905048114083638,-0.19157097826875724,-0.49078646179759144,-0.22771771765083493,-0.35387272361656563,0.1444380574731135,-1.506106357857878,-0.4320914742983213,-0.3616240295320341,-0.4815895862981645,2.1412921170436725,1.178014601507698,2.3015913906660366,-0.6025023825398423,0.2113361444386312,-0.30290742481938404,1.3349881609514336,0.3493321639932072,3.077372412206052,-0.8889774979268052,0.6134410799662108,2.096315473329474,0.27263651626009366,-0.04138805999139683,3.7127655552265804,-0.9404001868325764,0.02073845693929227,-1.2102622811379204,-1.9333716861018055,-1.5312409186396059,-1.0021642887205096,-1.6144205989273386,-0.47259320456662635,-0.5148597450340898,-0.46041203199472813,-0.9584447434807826,0.5024186933063657,0.981074261975086,0.33818093973448277,-0.5516643422401006,-0.34501145541671185,-0.7481425750300097,-1.7346441550762697,-1.0850597470270924,1.6705275809815407,-3.6907692725143644,0.6927691946692095,-3.0284774524022477,-0.5930379697375509,3.449564889694943
044,-0.6528721691051027,-1.5320384338189132,-0.2235340658981202,-2.3012473120279497,-1.1596274279907948,-0.30218155365005384,-0.19966323113349382,-0.8298186432039634,0.21375191181468,-1.4388784980392821,0.5824278546549907,-0.40916933846815406,-0.03874175158867943,-0.9066208997215672,0.51575147140285,-0.552513190303145,-0.8510217364947268,0.1718210659444166,0.4470408600863771,-0.5877709761489496,-0.5154752630593717,-1.378123019693653,-1.684480549821611,0.22594300911805543,-1.901481375465155,-0.8663691442209744,-1.853536135706281,-1.0358268085246305,0.15939494720502623,-0.5996160548543528,0.6605450819037233,-1.0066734748793622,-0.5680511649396365,0.027556929415247122,-1.101474588407119,-0.7793317709673402,-0.7925821147382126,0.6715754814164532,-0.013052123730325382,-0.4823694325756518,3.3039073012867988,2.989373428937325,2.2088646184500753,2.4837680127830275,1.0133787711207793,1.262154120909481,0.8533595193516945,-0.018695799481063258,-0.36647758059446867,0.41799176904848334,0.12966846044878477,-0.22896222446843284,2.2826854744638663,1.0929758995560725,1.3666264868709992,0.7633762111691387,1.683494893715568,0.9113568878126208,-1.251222477792222,-0.03898871431521522,2.746114616057874,-0.08238323438408557,-0.4801071779767705,-0.15392562675556642
045,-1.4525548552422864,1.170165514529677,-1.3061383617180353,-0.6654555861006868,-0.17640888381111997,1.2740170618976812,2.415483129066779,-0.542785238269758,0.08187000689574053,-0.9974439414205487,-1.2501323466548446,0.038746347598345166,0.7202317928894416,-1.170553080852197,0.6329077182873102,-0.7434947545462132,-0.863750892744306,0.2578985238455873,1.7049951513914727,-0.5489741950516929,1.8551708752150362,-0.6613031446357962,1.707465846831055,-0.8666948812998512,1.041881234345091,-0.17751989248225475,1.2254816672925144,1.4942175163381373,0.7726354465054603,-0.12057377783607759,0.30495255288350975,-0.4598189830659376,-0.24589350844331204,1.170513338678793,-1.6099240437843712,0.1900673675770228,-0.3344869464867317,-0.0653806907761898,-1.3183751084536786,1.754355610415911,-1.841421747281288,0.49368355338722214,0.1838880962273013,0.7786090567534408,0.3160738937898594,1.2375959795883058,-0.17775316698435395,-0.04302100870525405,-0.4632857486633619,0.23844471577227733,-0.49082615954079767,-0.8198717178859107,1.211960269238753,0.8649185495384877,-0.009235004428627347,0.017108124452277496,0.8680418393714455,0.6506574010403481,-3.5650982811131207,-1.7240708114727883,-0.24406683882224756,0.37334749482598384,-0.9706368770912799,-1.120435200805351
046,2.2243943519795764,0.5053671873466234,0.6328979791521041,-0.1472692331493013,-0.379169592737993,-0.09932729786362526,-0.5479186775819693,-0.07144800212170521,-0.06951878171636672,-0.5443939062456649,-0.5089057165497226,-0.051764429557362046,-0.9523365566045983,-0.207132551720286,-0.6259182538887907,0.3120739140830484,-0.5089454854089511,-1.0527798912889639,-0.012753526298944884,1.04434864068261,0.43815096742503057,1.242723085364382,0.15563442600540678,0.45222448216803324,2.341647953439307,0.28181359969903785,1.6827240217484505,-0.40610018691568284,0.48039552844449895,0.563848056035773,0.2559231217304019,0.4789001030896356,-0.05090554618290444,0.7189381231002092,0.5586685239095144,0.11887711340768647,0.812379296033718,0.6785146238782711,0.8856628669573827,0.25137267889933046,0.13191264285336235,-0.3258040157540538,0.16109185661700365,-1.4080877924449378,0.2506880451096327,-1.521727678419525,-0.5468524155463944,0.16119242100832487,-0.4695070533948522,-0.18284101619424598,-0.3697980566571344,0.6573549484575314,0.6019619625230899,-0.7638840457571467,-0.45823080064141153,-0.016165857336941425,-1.9523870000313577,-0.6216803740972454,-4.704852989631746,0.4808367938451166,-0.008252265578613027,0.8076952599484017,-0.16328226879664598,-0.6202733088274077
047,-0.24480808442550384,1.5042136063677423,0.7298697148888003,-1.2530989689054384,-0.553241343674262,0.22247960306619724,0.12214083877266102,-1.351011287476128,1.1207343423855687,0.4072868099744188,1.01356316203765,0.0026419400320011333,0.4736254325913338,-0.2637857755859071,-0.4192009498290499,-0.7993550765651332,0.5008903153770192,0.18548101280348206,-0.09032789759520565,0.16945089989944728,-1.063777597972225,0.0471185819407538,-0.14627972264113487,-0.8713612913279234,0.029872208438045944,0.3934276329294531,0.09545522567003262,-0.5654243552271145,0.05087360577111433,-0.7934229205243992,0.14497998801134315,0.03806177416798451,-0.7031601016407125,-0.3742073724954751,1.2297738153475293,-0.672011537204912,-0.7840272956253287,-0.20260660899092642,-0.1283318141201012,-0.8556846720593863,0.3744023367533921,-0.5407102854077013,0.8948625746230043,0.6872445162422149,-0.65602108998897,-0.5655308982308631,-1.0283135144676323,0.9581844365364052,-0.08766880988231462,-0.8179095833216246,-0.06314080868289684,0.6513449801335822,-0.07652232771079925,-0.025887496379792596,-1.9682132841505329,0.4396677384808901,0.12134943335382331,-0.7368507508752566,0.24197426107188474,1.1625478417582822,2.0749618892462305,1.408192587031709,0.8799567209842338,0.325263696296424
048,-1.226525640487488,0.6721354075218444,-0.7735890041336275,1.2172035767166365,-0.11457258078881183,2.144605125658192,0.21098511588085578,1.825701060626063,-0.7095760053339784,-0.4273413798940777,-0.4380921281186274,1.057481330687397,-0.03616608598960713,0.1397768642221835,-0.8522930605938046,-0.6401397542630289,-0.46977085517031547,0.6995406066628196,1.2413269060152925,0.636715126020607,-0.31229863847141215,0.7522253060636246,-0.8023404284671809,-0.5271907141386594,0.3390479499450261,0.3362520068683277,-0.27707938169236357,0.635942877437756,1.0238171238439047,1.1007751431213995,0.23436189461017132,0.6167462589494568,-0.6409324770698768,0.4563761102404098,0.5608822093583474,-0.16026164050478364,1.0080876233341702,-0.6517100181879321,1.0273979196679592,0.14594249396617487,0.4980420837110653,-0.2536903582802821,1.023344309538042,-0.6875511874696905,-0.8082213062791204,-0.39542466408813404,-0.9231869823963055,-0.9979605083813867,-0.8113312388584331,-0.3489576597926136,-0.40912664255584996,-1.2095939438820391,-0.6960876339318736,1.2303218814442731,-0.6495394520542082,1.053603331717534,0.17383797845306592,0.07496836909577187,0.6228850469591323,-3.134922663383844,-0.6983871565535709,-0.08988051706945788,-0.462401536544339,-1.1241857935107813
049,-2.4416774321530132,-0.5160215944908577,-3.3420251088615904,2.686565038242529,0.4386943379030369,-0.1238619140956363,2.595335167290269,0.08012609800717341,1.5160722566062321,0.014863022637445766,1.1721717595576244,-0.599799959495672,0.7050778768645403,-0.5711123638558926,0.6056129513908881,-1.3640104054299327,1.1287398969199516,0.2291805179816917,0.2105838376861986,-1.5226176451066715,0.14763124603140665,-1.6803586543345737,0.5186368533650857,-2.5532535648620787,-0.742462866908997,-2.003110594634836,-0.8969909493499819,-0.48733141126753754,1.9604620051886845,-0.6089482698106332,2.2569521965696673,0.11293565486698887,0.29344777861637195,0.9041227985881657,-3.2489692833921406,0.5173618652221483,-0.31355952432520384,3.0755554257167996,2.977927645350503,0.06933177688731385,0.05012119122284142,-1.5963158178809835,0.8169321583918651,-0.5765860812266221,-1.2496303652616945,0.2951483621561938,-0.6399407146460032,1.4895271222739763,-1.7665099411986804,1.082373432103184,-0.905945577869292,0.5079734484513199,-1.30999306536108,0.7958788269370234,-0.2911834641941269,0.8132756983973521,-0.18264176494753026,0.35421594992005423,1.9608780150362772,-0.19527228927705487,0.37638248716104594,-0.3853184044448952,-1.821162780159752,1.1765171093011242
050,1.0370657626904565,-0.08061388919523094,1.6064325795150958,-0.33174696948741467,0.590316295375457,0.30060771161264643,-0.4487571636482437,0.6164540635898013,0.023074931395760667,0.20361166528311858,0.1983393546759311,-0.8706385207585825,-0.7640419885279843,-0.3945073608680557,-1.016120954218333,-0.7511775631622193,0.743897991212054,0.31903049038283005,0.3971437071542572,-0.1468679574741728,-0.030406568581941018,0.5529213234956476,0.18478700832011763,1.3639128975226167,-0.15661133435451152,-0.7822164591175232,-0.1881293631144737,0.16921848519223848,0.18229212208756485,0.9443403641367645,-0.2962359367646771,-1.0310928957295236,0.17968224921123088,0.5062129799802864,0.6214532164754365,-0.1352782309400029,-0.0368736741045238,1.8464023710611728,1.9455489612868475,0.11262823156875224,-1.425120262426904,-1.7396528701607137,-0.9051045505989643,-0.7031311570097505,-0.8631489449917118,-0.4111369383022889,-0.5203422707040267,-1.2515685443708724,-0.6578604178382733,0.07870059226593851,-0.8309264012112689,-1.2227548808508701,-1.1627896392436616,-0.03788132183202564,-0.9842550906270876,-1.009760955737105,-0.6787792511805659,-0.28922548481608,0.6970037363895174,2.381156108296771,0.9542415040910721,1.6416507243372407,1.163700931008365,0.5929274523345924
051,-2.0203243668862334,-1.4487742740523941,-2.615613338794949,-0.7471445491573863,-0.9962753842961651,0.7389696848458499,1.9369012116779074,0.49746263873132684,1.7050292545636236,-1.276173690227503,1.5622940898843285,0.680817008975966,1.5036613969755408,0.5827674868158419,2.0768613363029367,-0.2817291780818427,-0.30389909968717665,0.9074362361067996,1.171231760343446,1.0459591881205412,-0.38130687612186853,1.095465013026332,-0.13339187965772253,0.09521678622852126,-0.5458876945527371,-1.0576343586396872,-1.922868346751474,0.6861536545412754,1.1612352065859923,-0.5382149493490485,1.4111812690052643,-1.1371855981478936,1.874994258451356,1.3775630227439226,-2.060816507032406,-0.9817680406291547,-2.0595505087809918,-0.8223544049623379,0.21829299733505936,0.09976733409689975,-0.6570276189717973,-1.363885351415497,-1.0376269335591797,-0.3206984887479596,2.2024053558427488,2.6372258894942573,0.5174955875855327,1.7805892071831502,0.1401847614888112,-0.14461314251471735,-1.6110940616212417,0.7665859013638556,1.1352484886332355,1.024893128361192,0.6929177798480782,1.0949665017085706,0.600611564576763,1.2519999074488846,0.33933573076502554,-4.628199229030594,-0.20143002201273752,-4.533951891195027,-2.956938600275979,2.1726577454948655
052,0.308835827419196,-0.21678155154526468,-1.37028450659919,-0.6329861304974234,0.1472139833517626,1.2761796324365908,0.14685929685829824,1.302866276772884,1.5460943591127723,1.6687618162140438,0.6248638843947342,0.7050555221769839,-0.023657520424327783,0.3834455034563712,0.09558593994672138,1.0660612557414313,0.8039053809184415,0.8620281919977419,-0.3794725343306916,-1.7724595675524681,-0.10720080289840106,0.4701760464113457,-0.13835628678981743,-1.3559888012075791,-0.7646075882091073,-1.1414645458197406,-0.6880283383004191,0.4640332286790161,-0.049524624905442516,-1.019819938750923,0.3071451328275485,0.4803250984268742,1.5237736314651433,0.1549495019125956,-1.1369303773919117,-1.0191910093124368,-1.7865620131371405,-0.6171972277016367,-0.20897442869029853,-0.5860417374833846,-0.2151224797672559,1.423570643624699,-0.9691326814991215,0.5046816185803809,0.47592442229692644,0.934713633557537,1.358015967283654,-0.637365467031598,0.7207741608385538,0.45059902886483627,-0.05408052893121784,-1.3449399015440024,0.34335578770941,-1.301566629055668,0.8557134579929462,-1.417996182700238,0.1250597486163405,0.9166250146079877,-0.30166458357799175,0.33893543063366727,0.234423953260401,-1.6081626328707979,-0.07473442923119125,-0.08025733063115237
053,0.27531550055045095,-0.5461708494317401,0.8645650165352552,-0.7184158865549273,0.04320679924760262,1.0138271102345715,-0.13029539845798344,-1.1638073309854513,0.0931760799691278,-0.2973459374515694,1.3428112419558231,0.25897431061228926,-0.05709217159989399,0.08935985211977604,1.5471244377293547,-0.8630337927150542,1.6409990373296557,-0.5391170561936356,0.0834527320063434,-0.21835081099187448,-0.5468713114877263,1.3218358791030944,-0.49761758104016557,-0.8030487641596797,-1.4889685657406415,1.218967858405353,-0.6374762317606472,0.024312610814160474,-1.1007729407943065,1.4082125136091634,0.6217478874246485,0.075779209508131,1.9718781682318576,-0.1876400862988537,0.37922897424112545,0.7691694065834196,-1.7325632518194038,1.701136569676974,-3.5451069298774587,0.5796533837372186,-0.45434134212478444,-1.136712327222226,0.35422413781676154,-1.128088478539258,-0.18932276432235895,0.9142148501118621,-1.5843355090194216,0.07537829820594177,0.021967225313048955,0.9664773555881816,-0.5473901595443045,-0.0505728272799979,-1.0079722527088049,-0.7678252747895236,-0.9246509283103603,-0.2858662785047782,-1.0981410675246999,-0.37513899195438666,1.4315782207751209,-0.2360215860690823,2.4438665666731874,0.570965467931456,0.26698184085631804,0.4896861423777348
054,-2.0542626937681967,-1.1460354957509022,-1.9973677989504435,-2.20746647424371,-1.3228335303220387,0.034563709284954,1.348065950252259,0.15876207376226859,0.3308482766570368,-0.8169358213320272,1.4262894632926213,-0.4202148877643384,0.8948270380722301,-0.15953725483547732,0.3891613712978712,-0.7380537048719453,0.14119107905122041,0.10548645223630343,0.9337773834988476,-1.0863892615656228,0.20851592980204042,-0.8339782959777979,-0.1112710024606004,-0.9977704734718202,0.5093711539986958,-1.7445171669295667,-0.39887783683644223,0.011337031148902055,1.0420209123068553,-0.9108174320696487,1.166007813302336,-0.45630213927925906,0.9205481934770012,-0.5382821942723519,-1.1005756193136085,-1.5235960566533875,-0.7002581488120396,0.6632389661047642,-0.37978182992631787,-0.8860323304854563,1.7787570478343124,0.18200148471171168,2.2781179183736078,1.8087764636234047,0.025578621974746973,-0.06688269437698602,0.5096170160317959,1.0701317385045954,-0.12226377371596825,1.1595546309504525,0.0545395178521601,0.840592326920053,0.9509767758109935,0.7811683267403908,0.45544506139648194,0.5658516177346333,0.38617228710021595,0.588085423013627,0.34214590239606,-0.7737375008139158,-0.5420983461861555,-0.30095418291874937,-0.2631799013399113,0.5387488907292353
055,0.10054286323473155,-1.290913128741259,0.0417312470182043,-0.8528096663767948,-0.6468841169802486,0.37051340458738447,-1.3197866122687616,-0.12989088098568574,-0.9236077491519272,0.044610521569990014,0.01672895715900119,1.041582099614746,0.9577934775225325,1.7920916517576906,-0.0855243546063773,-0.47804445035199983,-1.0150764302495054,0.07721813509856018,-0.8686536435755771,-0.16451353626944104,-0.21112521937842754,-0.20063746516266762,-0.6049052304428184,-0.6636591656712328,0.38352133308188185,-0.5800385196228288,-0.21849197889898303,-0.6031730274529958,-1.1087843766030705,-0.7485657542877162,-1.8478451640244267,-1.0230204225618045,-1.225350120641079,-1.2048964702987475,-0.25031938126203335,-1.3469146555147142,-0.7161169462539494,0.28712870419426295,1.6285892995691236,-1.0690420848203004,1.3878260757695253,1.498855990396991,0.28243178915073597,0.11676130205251128,1.4607598223709757,1.2560133916553973,1.5100440600576497,1.0404309254254651,1.3103050227116069,0.28331840618086435,1.198277328191211,0.27288640557962685,0.6889968413722645,1.713713138941047,1.557379374265211,1.9269680214919198,0.9736320633785693,1.0080802341723716,2.054335619450709,-1.6945344641282598,-2.7651964603640886,-0.2196128537406586,-0.505057971733583,-1.7000752046008007
056,-0.04732465980297085,-0.06555842543057966,-0.34148080307134826,0.1457494739000792,-0.8736517239352287,-0.3844212487741362,0.30481795598659434,0.558816720131993,1.404386891321845,-1.3519468017850613,0.3070296964683238,0.014313881951453,-0.7353241796354779,1.0175557523504444,-0.21022145817005722,-0.7162535407079298,0.5615552629829194,0.0838272801616542,0.5222823173044581,1.2999072894840786,0.6632826638767889,-0.3675382539054423,0.32414770832310735,-0.5314108749328439,0.26109143586228145,0.14702617230391812,0.049948038602107836,-0.17250261360668365,0.33039953669216315,-0.37949240346629043,1.0345727356508698,-0.8185626384065348,0.8940733977817122,-1.4563960273794043,-0.9170466161340077,-1.277096493500666,-0.7603549673229314,3.390010349313072,-1.3265381696428729,0.547282038619998,-1.7150734857584329,-0.8562917993711315,-1.0998843169418433,-1.1777291879085667,0.8339823197468331,0.45525590508940306,1.5308631786175262,0.7192319235490648,0.3745838408626302,-0.8892636276833249,-0.36475234086828595,-0.8181746600811268,-0.6905307923453534,-1.1560515978781805,-0.5860212866008714,-0.6092079733082921,0.3588956256190504,1.3392479285604248,2.5620000975293644,0.982476633067426,0.09066999190233604,-0.7375727462808984,-0.8621132043273261,1.186504875350182
057,3.8003761190563052,3.3302270911634704,8.56164845248109,7.036514066706423,-0.08733208589184116,-1.8995833005826008,-2.543960254083733,-2.6603889422601936,-0.7882339932793077,-2.1335898334864436,-0.6359804412253609,-3.233492480645133,-1.6950553797154067,-2.367649209590525,-0.670653667200479,-2.425861665091776,-0.1087739814352715,-2.6519289688995116,-3.339805804706157,0.07621736370209797,0.2500750613014957,2.731067982995226,3.2043658428619572,1.5152195304744485,0.937262210840899,1.5896442998553413,3.205968996679527,-1.3572614785041432,-1.3868020399967778,-1.5745393070440037,1.1676070844206219,-1.6015577422275338,0.7711156786804283,-1.28673656297297,6.531218968482492,4.376215577469462,1.2373494007773949,2.6290210615757417,4.17728105006358,-0.5897027901233287,-1.5305695311974108,-1.9217104076383111,-0.6944535739873712,-1.7477104252659539,-2.0082253838612685,-1.386251402494831,-2.3424769710026987,-1.2350799169530369,-3.3687520246005698,-0.05291683329626551,-0.6390885494045346,3.196233150134752,-1.873642234750241,-1.2034680445032684,-1.3767219224790201,-0.03709152521962533,-2.2954728853659123,-2.1584391674230248,0.04119196503074285,0.03204975566839208,-0.5645135282528806,1.4195604166461346,-1.6416596582078273,1.2997027877985374
058,-0.7665993526321284,-0.7442345689640686,-0.1781988103694484,-0.6412979352625302,-1.1952738929342905,-1.7102220705549163,-0.2507702203525744,0.4414627600418774,0.5787038073885977,0.9763273489444491,-0.4545277139301913,-0.40747813902639507,1.1811785582834602,0.43622144947501545,1.3952148280586976,0.9579434297937279,0.5504804119335025,-0.6420594445017551,-0.4455263752505074,-0.6027216150747653,-1.633255604001893,-0.28346161990776453,-1.4209598846853335,-0.8859116649361232,-1.7738067892541796,-0.6064496571549243,0.1093481356887927,0.668913299920912,-0.11961273029775915,0.5004375015304087,-0.006094225116907437,0.7054696857194276,0.9251760772903506,-0.35968544748028586,-0.8014102336606337,0.021844982388099066,0.04121341694500813,1.7457395156503184,2.515371781670745,-0.2637629175871105,1.2807848460437952,0.7441223507956145,1.5101755434896673,0.7548905609087189,-0.46398262950296965,-0.16238411496538258,0.24578508466650761,-0.45212718372141425,0.09156020935408793,-0.10787375986680037,-0.5861589782017809,0.22933766639517916,-0.6064263924988202,0.2582106468202655,-0.5498644602459557,-0.2580068941915583,-0.5511092538473377,-0.5540817778495256,-0.2163595326586697,1.4973691395847903,-0.6747840185159626,1.2049068286710418,0.738989304722097,-0.9306992631724926
059,0.5417778679737533,1.2639298698805463,0.3225547110890331,1.030201841585757,0.32445227931598875,-0.522895540214398,-0.1507627199697541,-0.5751247353967104,-0.6061939546753168,-1.2511934959985136,0.04164293993778795,0.4986955293219658,0.3139307304321549,0.14643357034697968,0.37969525122091463,-1.1128774332153903,0.4845792950954072,0.2549534229996434,0.6497461261668601,0.09658226028588379,-1.0307476568913687,-0.5790184530262368,0.347039661066854,-0.8242863583460989,-0.11312083103288817,-1.0810975999543428,1.9765450071650164,0.26946692539930983,-0.8893693292228004,0.2345928972941448,-0.3661331444963287,0.347620134944563,-0.47644903510751696,-0.7082752771508113,0.7585046727706996,0.4079389180434999,0.37074679780885056,-0.043211946288051695,1.269079252852598,-1.2952434420429748,0.5306575209419745,-0.1613526866222759,-0.24985447694352303,0.14630438408177904,0.6344461683863175,0.8698233920323278,-0.19446179049946644,-0.2385367229078116,-0.0904472720117126,-0.1213956007235156,0.14269285250746544,0.36325737896869625,-0.6399124980741293,0.935578001995106,-0.44432388648824334,-0.0063900430518532,0.9745618449158157,0.619935415152625,-3.4110567381680057,0.19967755146426447,-0.33321594084575157,1.3500122753745143,-0.7607395977706888,-0.8199685416826205
060,-0.7390394487170587,-1.7134999810372937,-1.8752106683988456,-0.5734941399277814,0.25932850311844885,0.8750344460825407,1.4553996733559815,-0.3104436394326283,1.921584387134905,-1.6300054297888718,-0.833523985419402,0.24508117465679055,0.26789065470367435,0.7017168809193081,0.016331871828591756,-0.023731192873407074,-1.4827380412685331,-0.5771620441693538,0.4902065952881537,-0.20039939274308655,0.22582512121893816,0.8487253068982313,0.14440449510830794,0.3569816522502042,-0.6804217749745719,-0.5393221619357657,0.7909926115690075,2.129326125801147,1.2039603081626737,0.25379794234982483,0.7815103500561954,-1.0266190385676661,-0.16751684750623835,0.375218665676087,0.5129056354979835,0.013776300582607766,0.786473090332072,1.968751906980503,-1.7539117975835168,1.0638372375836278,-0.6768328634784027,-2.0464282739196005,-0.18232540547034476,-2.676001722178623,0.8115460383263217,0.18973394702063967,2.0583731592203667,-0.16330779079965996,1.564605693569402,0.14809883287809938,0.19412320247232612,0.2689220611120616,0.8655381346881088,-0.3016316147633393,0.47615278027904995,0.14410288333329768,0.06371794360297622,0.8110480035573292,-1.2617347160053936,-1.320445015688662,-3.926128492525837,0.34208210593687993,0.948158962795891,0.10661079322532796
062,0.9519934311880431,0.8546208758304399,1.185980075975407,1.4732018083329317,-0.060739958139458206,1.2254728042486525,0.3057618926643741,0.8778475038339748,0.03596588775950035,-0.07027439429037602,-2.02562512564809,0.905203357682097,0.5307429538072934,0.4622958700141377,0.22721138486189923,0.20227514981877487,-0.5034324842397914,0.2694309266268713,1.6591958328975025,-0.3515569127531139,-0.03444797665361041,0.7830639207291188,0.26116993760000945,0.08298433512703496,-0.053173201775701506,-0.5379889256463638,0.22019579266934985,0.3865018047509526,0.8853322163097745,-0.33635826556628573,-1.1505738900447091,0.4309637705960871,-1.5716470698501923,-0.06354399542988387,1.1682820769758282,0.8617313875886865,0.8721022661819551,0.09822631733830889,-0.3955199443566307,0.7323938652768358,-0.8495563980532026,-1.459143821514882,-0.24081422989916906,-1.110065532448457,0.46361800920045165,0.27204114750337494,0.18922100668065872,-0.814473124131802,-0.12163533501857093,-1.5328318681818727,0.21083070374585572,-1.9090608637364657,0.4845025224628306,-0.18994429651915207,-0.6390500330376812,-1.1583696208698135,0.7775612094118285,0.17717148503887076,-1.9431405748980133,1.614703795641817,-1.1657655792700237,0.5004443300401433,0.5332599971901428,-2.8847682316285015
063,2.077779170906809,1.9527234577775971,0.6706441403349828,2.720849870932498,2.1771390192938185,0.01096527606145914,0.7672927305057822,-2.4470127231466203,0.9687071946825669,-5.143728349414687,0.009513398885564017,-0.7567472186772974,0.6236692744834106,-2.079006300627599,-0.18673661496855587,-4.296776588909831,-0.6677434073580137,1.1817850683280993,0.6499518614736273,0.7249611766020408,2.257466153002874,0.6570818682189282,2.0401426421757716,2.043811764019715,1.8630530764355373,1.6858783650487488,2.698829106330149,0.33452243220668565,0.4302243659623309,0.01683074396035189,0.24651363105250346,-1.894594382619172,0.47783088960971193,0.798523102132368,0.03827104084384536,0.42803182190464184,2.873256084655953,-1.981559836238219,1.9159731270961555,0.47351531156890714,1.2955651424818297,-1.0736741995637287,0.9441104347371496,1.4520288841698132,-0.7485211718440976,-0.22133393453016215,-1.4616121607542394,-0.11425609697216066,-1.5669535159862389,-0.75833900141195,-2.3468498003241742,-0.13653460006412654,-0.5621460634217743,0.11633822254717341,-0.6281659089034042,-0.6440985945372109,-0.05351203739463983,0.053351542546541064,-0.26842708943786975,-3.375201668522798,1.1840380674150213,-4.5206584208192435,-2.9596414861778664,0.03266171223471548
064,-0.37360474238340746,0.6222090627072971,0.6881441462496669,1.8669791370711775,1.6024929973090192,0.4702679493884867,0.3674103494589567,0.1478784220983893,-1.5259336889162616,0.7858436416673329,-0.20261385076082705,-1.273044120291257,-1.535556018893724,-1.9131060751222582,-0.5994397218350613,-0.8948898244418073,-0.5584100853212308,0.16050237371561704,0.40995958319335557,1.597435549029412,0.7179162223778652,0.7382441216099118,1.3937946716629068,0.09041343884619879,0.3462560446417382,0.7979769861292041,1.9971228550987554,0.6759993067674879,1.0069903751453393,0.844189989316942,0.3477390788174102,0.8612354224239098,-0.4921050486227063,2.1215667341055857,0.5042787449103607,-0.9080305896854015,0.8081932747439025,-1.2018178767273158,1.3988945696184893,1.9257086377598747,-0.6403761454991295,-0.9735659328969137,-0.3582297237042176,-0.5881397503429882,-0.9561133547287626,-0.49335187551074045,-0.4987154531333098,-0.10999577952056327,-0.8918096414443779,-0.2620769545052841,-0.7623278004229141,-0.28301976354893954,-0.6918094337366587,-0.789874470324277,-0.08461529770515397,0.4153757973938472,-0.010569385911440632,0.30483364731193263,0.9417491718247706,-0.8206344142062147,-1.581102087751478,-0.759310768318028,-3.7779335132399345,-0.1454791129425601
065,-2.1566446343732055,-0.28611284551694405,-0.7209743691482047,2.527435473862383,-0.40250475069551916,0.9704468116216567,1.2275956502330254,-0.03080686088800183,-0.3096464779988778,-0.6547554621457397,-0.41239747507404534,0.60428133360707,1.6235690081245695,1.6104318360279513,-0.24052532949754446,-1.326052147206232,0.6567052330575862,2.3803388780297623,1.1567130770523675,0.17191045252559273,0.03483857112267447,0.684405937393598,-0.10259560839366816,-1.5931208569859012,0.9590331634942246,-0.9689968911931839,0.6860760233977838,0.6692137644970291,-0.21243927169805227,0.24405590379250847,-0.7990557252147052,-1.7235057961825742,0.33850252101245876,-0.561766387925267,-0.7291428288740194,0.6112793017040503,0.19092273495834317,-1.130563644682107,0.6809461371669154,-0.14512673081890687,0.9883393400434832,-0.16605131389553535,1.862587793609239,-1.1140362615852017,0.665130522616622,0.14379932664405276,0.39299673347938363,-0.24974555054520112,-2.330223415628062,-0.4442449584581604,-1.1888610234659025,-0.2883950566814682,-0.1278426457157063,-0.8372841089448629,-0.8788005795434535,-0.20134028959227218,-0.7450906068438331,1.0921355937509245,1.1319059552817012,-2.081034369763691,1.0535722779322845,-0.22527528987494388,-1.6749402998093628,1.7007305088211189
066,-4.393777402206397,-3.231186244570221,-4.395559869683418,-2.389925482585056,-2.7485937272734553,0.12948869216641157,2.059421359789746,0.7758787085239582,2.096247488604102,1.9009080121090784,-3.855811984970891,1.6215773380708542,2.621965458690788,0.9022913675312969,2.0208611720690346,1.4462661404348305,1.9057006997255286,2.409502484824136,0.7682177250900177,-1.5607852884455733,-2.612463458322255,-3.0685410492499856,-2.784720278380677,-2.543139913125552,-3.2441961080049517,-2.864711807613741,-3.1169935750501594,-0.44017038812326614,0.6196453297544533,0.09286695702177195,-1.2612879411967695,-2.019451466618471,-1.8639801298935974,0.7271700461733648,-2.3219608867778168,-4.091543660249132,-4.4569972283507076,-3.419905207232257,-2.717626366217081,-2.768741316561966,4.999720006418818,2.890151539372754,1.8345578550187138,2.7237223005839004,1.566108850608268,1.700329089758016,2.3971268079033887,2.6662278148402248,3.2039416147099224,3.0431084090150016,2.7255851752521183,1.7873082678614933,2.996717154555345,2.206059006451251,1.8066883818987938,3.0699810328043338,2.675575603247349,1.0453252005564062,0.3914174103031325,-1.6801017277382706,-1.087885563763217,0.6207425770926673,1.8316215273534064,0.6600334660202019
067,-5.8093828770452625,1.2840339178961195,-8.036551605976234,0.9075416636469416,0.09536664086903168,1.083489892271965,2.1237879272049245,1.1609239127521513,0.7916133178261329,0.2557094974929335,-1.6721694683026258,2.8361547940254246,0.8367721108489045,-0.933679744860803,-0.8776775596661608,-1.3123914224530924,0.6054150420305269,4.25957079094654,3.0916384411771816,-2.6854021068691156,0.5500934248034747,-3.631685169173783,-0.7223906802505278,-3.406187875791709,0.22891693933708002,-1.7698251905124915,2.56902104332075,-0.31832744664924006,2.268646837515393,-1.5465999931185572,0.4519214882136081,-2.414410630070328,-0.16810901536173217,0.48727688111058653,-4.521006350705333,2.091789377519473,-0.11127025198869078,0.41090054635968704,0.029603282842995182,-1.1760176296064235,0.9549570874321074,0.03361973450563083,1.763255073586409,-0.2923253001575974,0.9513080493228632,1.0179030986534292,0.2650980621763721,-0.010862492560807957,1.192204485502852,1.6064851640617728,0.9376931440203784,-0.5933525079653628,1.0549508216947434,3.450037894403066,-0.6436244622853349,3.0323984820078715,-0.24870558289591216,-0.18541087536889056,-2.5306050263875166,-0.6513361769434498,2.6215940883763684,0.23186147237579913,0.14733815236697623,-1.411585137531477
068,0.36456086295058304,0.16578911222313236,0.20174435759156067,0.14900664638788763,-0.3019978425033532,0.43583519083036065,1.2820331424589444,-0.8258693313003387,-1.267530649641329,-1.3373186996421684,-0.16090535581789878,0.9585391498128086,2.1365245066345526,-0.32656707680648506,0.5746512853851993,-0.10148855081284075,-1.0560249495879483,2.015034782504072,-0.18992073690473976,0.44833306701851633,-0.719606721261532,-0.9476664325229727,-0.5051611566057255,-1.8088357379620985,-0.6234113161998422,0.917029178975197,0.8098256111341469,-0.46224280785654626,0.7958904596980003,-0.41019505547271073,0.16810404139055052,-0.628468531998841,1.6561045825752096,-0.10834352004475825,-0.24138382605280523,-0.12212145432473129,-0.4620915718694409,0.02333645515258259,-0.5691387823407534,0.04743874951965421,-0.017597607132863846,1.213376383638412,0.23547448469734206,0.3551204569602265,-1.1498447808592571,1.0654372175974725,-0.6735988152283117,-0.03126430568896993,-1.4698782227488212,-0.5362556699144019,0.3005655511390349,-2.163677502227724,0.6240259539906217,1.2016258723117679,0.4638520971634717,-0.21700681440928019,-0.13451906083628135,0.3726458151024184,-0.7940792578309352,1.189968270435024,-1.1015806984681578,0.11711014145472692,1.3273393411254888,-0.15072992498410287
069,0.29150999044607784,3.354644798511564,-2.415679221244317,3.162991034788173,-1.0617946339195112,0.14857465067624265,0.14082173859445368,-0.4406518996721027,0.6522303920511301,0.7682087077755804,0.9665223256017795,-0.34092136867191924,1.208078712602896,-2.0573334012240725,1.4470457400386512,-1.1358584014107642,0.3144059368136598,1.0242551020823518,0.16436578427032766,-1.3957602979256778,1.6333472334638295,-1.290952124391848,2.9689796038539527,-1.3044450335816855,0.5577178000733667,-0.5086825578909806,1.3077649365499604,1.4507379675015617,1.3467266010154106,-0.935239050615644,0.5379748647710654,-1.413204861523716,0.29027221623693555,0.7483068812122255,-0.4516951596930021,1.0508004723688,0.8275055148171688,0.4137745615921371,0.04349191282040232,0.5547738087371767,-1.677637598931003,-1.6906385227138985,-0.22772853787999536,-1.3078048395171609,-1.2465201855363166,-1.3185044939613866,-1.4608909060755157,-1.5272819647930158,-1.9318954538230295,-0.28560682651468006,-0.525931101126347,1.9824206596120368,-2.082044403233552,-0.8411489692953491,-2.6015138389641423,0.20118787700163954,-1.4449463171635226,-0.9165387598891297,3.381668127394997,0.4801825396056856,-0.7787330509449515,0.9863407356776747,0.21009009292383896,1.9998644606454785
070,0.6178761202137661,0.2435413208506116,0.20405412694640457,-0.3379960776068469,-0.4099445705054183,0.7046057990334548,-1.4395422418288937,0.4820177691170669,-1.578390542502044,0.05554230888907036,-1.6036357011361235,-0.21027859367936602,-1.162866382539695,-1.1313390368075518,-1.7791781342600093,-0.3741337296963312,-0.10270056838325631,-0.38601268854176696,0.31441138654707196,1.518013578196299,-0.1488727611322,1.042581918305713,-0.5382536202677304,1.3906374676911812,-0.6414191092824486,0.0648648036840303,-0.7658024670383596,0.8441780175877565,-0.3600612383549192,1.3897758623084928,-1.261022972789256,0.6963968829017857,-1.2246194707527978,0.9738867888185313,-0.21989639731314692,-0.6849797460361804,-1.0396948006663251,2.990224920080932,0.17348594991099814,1.1532660205785643,0.8554211383554404,0.21247485658735282,0.6201382171182397,-0.005367629962357623,-0.8550260869846367,-0.34657723248341177,-1.3020784297313146,-0.8157840559864105,-1.503880098565053,-0.4248456213736467,-0.7931588095832263,0.3772989574739046,-0.032960428030489874,0.2508491592234258,0.37656454760802177,0.6010915451406583,-0.3557575514010749,0.49901709182509413,-0.03824380580723524,2.2500547468752643,-1.2808460187096864,2.2207057971216546,0.7293110083730816,1.3028785123753395
071,-0.44972806648907154,1.8072401803135019,6.502342118259942,2.824771986489801,1.4933607404565328,-0.9103012779434463,-1.7349291403967426,-0.7216243806282234,-0.7093177561909662,-1.6325803293258414,0.0031171739011616184,-2.7640496259823024,-1.2560974599363086,-1.04227869167721,0.7377496561292924,-1.6672720361277207,-0.046795513099956665,-0.7224704541499563,-0.9896242174710869,1.6752825678590633,0.7759739707357829,0.481240977915541,1.2598774745115553,2.2521070673306163,2.5594080298502053,2.270607013495061,1.2151727880074,-1.2699253299397317,-0.8087941244513266,0.0012452523471288002,0.41176263655916656,-0.032582964722053465,0.14879444779146445,-0.0225394147163126,4.463758287868438,1.2190445883857326,-1.3465693516857733,-2.109396561549933,0.04790449549295406,1.2118525351375011,0.5411269540182917,-0.467309641652167,-0.20935483070228744,-0.06514847926541645,-0.20037173259503127,0.15780134499343768,-1.0186841142470078,-1.2062543442119906,-1.2786045491071203,-1.2084490174416438,0.023860723902104142,-1.3135581317317282,-0.5992836163125026,-0.4511648605221038,-0.12197164598360932,-1.1372870965606787,0.31448110608722746,-0.1533214407063369,-2.3297711865063615,-0.26711108811213086,0.5776557205089565,-1.4534547645303182,-0.38605847501921436,-0.8735041266562468
073,-1.2993597081616246,0.6028243752535907,0.6296853816899393,-0.024804226545827812,0.7506328448130186,-0.2473807121325955,1.2518794666273054,0.5550231421196447,-0.4444059237971958,-1.2452875038867068,-2.9794561234570933,1.8822419677036029,-0.4204591072970938,0.23722081499309144,0.5050134486936524,0.8306512160264157,-0.48828428114572087,1.3648416744560028,-0.07192655545856552,0.8128587060426671,1.1491156210126656,-0.5970569311252414,1.2176729563302797,-1.0064971275107293,1.3542019613291667,-0.46555996173478387,-0.3603009506816919,0.4891641444054202,0.9108399604996739,-1.0818349997411831,0.3231540933276998,-2.326344577769744,-1.1518416754122331,0.531928580196209,0.6243060908388476,0.4866448154230954,0.8064923441692473,-1.5780933896637908,-2.9011491147731645,1.3834399724980848,1.6943240871863638,0.4112453123122521,-0.4523421657988287,-0.1804904629241364,1.2360995980108405,0.7306915385392756,1.198248647077945,-0.2787472291645081,0.9169131004781959,-0.32055542939038606,0.6662983752787844,-0.062199173735867364,1.8055328161626236,-0.7809264523067008,1.0785829660074966,-0.6629623136673886,0.40537397265399666,0.7721090678057075,-3.7231183970726844,-1.6795848517511305,-3.8733709806649363,1.1018513849991658,0.9553203140050491,-0.9680844321954709
075,-0.5141890614446971,0.8402693172528173,0.4601068048053045,0.5837314190105427,0.0181985178889017,-0.6443676395767084,-0.05108220029415167,-0.7484663186088459,-1.261453706627331,0.13109341383730944,-0.06878280171068096,-0.6794847900298006,-0.5699160135650863,0.10073903256140104,-0.19217930727860844,-0.1828990553106371,-1.2170218444016658,-0.40624857541056847,-0.4483157444816819,-0.9369809764244955,0.7212590326867998,0.2695309094888514,1.484670975504211,0.9971873977808197,-0.1465029173754243,-0.23724519173209002,0.1599156657434624,0.5294396331343638,-0.16949586946465378,-1.0791071904476657,1.1621650688799419,0.11345981056712384,-0.9568910190591771,0.24949427498712962,0.24853766392982846,0.2905072181570052,0.5790248661018973,0.879685414104171,-1.2473566926003439,0.2940371743333492,1.8124422419898962,1.0348679135398664,0.2546105558683134,1.2091206044954157,-1.103244801602729,-1.102037773882494,0.5994055775242819,-0.2053048561872518,0.9374727734788098,-1.11726305383632,0.9909960008738115,-1.065020300305588,0.525256189949223,-0.32083353689746197,1.22383865850546,-0.4922282420554448,0.07073841071013343,-1.4151496512729276,-1.0524572899370492,1.7034664127723576,-0.7908090867510542,0.13902375660458288,1.0896905483549881,-1.2816477468497411
076,0.32094425726541864,0.9675558804863056,0.27563275194746506,0.6763869524523858,1.3208627764059044,0.4894367086083764,-0.25569919114632356,-0.4645747015562227,-0.20027548778463267,0.7031217670694021,0.14169501000699825,0.2769392727343831,0.4221929708666967,0.6791187230530706,-1.1774928313203303,0.6038802123074114,-1.0753924860397475,0.220800214404147,0.4966648992207432,0.18131715221717482,0.9068453312179865,-0.03798726027467891,1.0279761842210133,-0.4943960205734226,1.1334267508482427,0.623758782525516,0.3322056802075082,1.2011945277561948,0.11323220329431427,1.060634837706215,-0.1725629614669657,0.9659537379831176,0.47967533844124155,0.6419141577766667,0.35656127929166637,1.0131879403228736,0.5212221518943267,0.4651283547179017,0.9640662758588197,1.0929771331160891,-0.878086193359215,-1.3220918073328014,-1.4479617809794632,-1.3397372399420946,-1.184373914087796,-1.1398319973910325,-0.969604152683091,-1.028413794422089,-0.7389408217219269,-1.1886249702480645,-0.6045368905455182,-0.23509780895389953,-0.9080952086393732,-1.0665987604220226,0.011567012747426997,-1.3222866892430045,-1.365445582345583,-0.38000593568254004,0.0668225000124445,0.05287173424652769,2.765814541045742,-1.6526773907806853,-0.5612214865073004,-0.3615726388279046
077,-3.351693090782474,-3.0093666284149814,-2.2726013118127892,-1.2409317325852576,0.7250120702008074,0.8962336491591733,2.0460829858937295,-0.4565255695147439,2.497134172172515,0.8399653082138376,0.6641855513275865,1.9805233623503997,2.487120482646776,0.31132270239565574,2.3700060817271313,-1.2233302242235786,1.5579590354829806,1.5150781171198866,2.341681024248344,0.15477190943775243,2.282533145612059,0.09744833929341268,0.3205610727303707,-1.9384203894856142,-0.382002430934115,-3.4018406990794032,-1.553676097855889,1.8069255763126133,2.261290790399319,0.06920686910370355,0.8408317713537425,-0.7936649792052997,-0.7926064420917154,1.3833633151857267,-1.7586776012033094,-1.6906614868947951,-2.4133070842577276,-3.742947115260934,-1.893474716740776,1.0328503800028492,0.8966726120801396,-0.18719224920170086,-0.6175005687250668,0.6648387842388747,1.111789956704015,2.0082602058551617,0.3938470023079377,0.9046914193380355,0.8871727634384098,-1.3813780250545844,1.2188374044572852,-0.8728439712315783,0.21709529795584248,-0.4820561984379257,0.5637409479570175,0.1160280585180189,0.9805687549038573,0.6514324376445089,1.3387842923511395,-2.6259023247395215,-1.6511861568947115,-1.5566972390809068,-0.622662847852975,-0.5227004685582335
078,-1.0545240996957523,-0.11739266481859278,1.253014772783776,-0.21787608794429386,-1.955733914263964,-0.6574733560011161,0.5572294340439441,1.1000235708393762,0.4990255294705593,2.342239558972474,-1.0636726185824572,-0.27767226775360015,0.12303749777219053,0.6380857068256032,0.4895850450244798,-0.14429843428398093,-0.26863353336701173,-0.38723754350717926,0.4960905879587974,-0.7177829892978225,-1.0782944796669025,-1.7680111928684252,-1.4343414824301264,-0.6467429950624963,-0.40816373343887175,-0.21586259911188893,0.47522957445660363,-0.10547670210544613,0.9155439423165026,-0.19935807269187972,-1.1671187907626588,0.5962665434920701,-0.2639183015570779,-0.4678196476970244,-0.8646843079221314,-0.6185691564093492,-1.668344667540134,1.5768352810839754,-1.4208864651261872,-0.612102251916725,-0.9328505763573558,1.2662167773261304,1.60645898144225,0.4616508081168983,0.8926081936966912,0.6034855197244309,0.0526600288958175,0.924415189043233,1.3607632880984402,1.1665831721335551,1.0698777442416432,-1.2735686389734902,1.473472499799215,0.3451864460055288,0.2576204955992487,1.1072757515579246,2.2000957768772618,0.3527232607479361,-0.48409207433719187,-0.6443772184414631,-1.817592719829063,-0.78628984365259,0.9170531570525433,-1.379590707984851
080,1.2525193637152374,1.3455998950709072,0.3910205276727416,1.0245018986666297,0.6539282718218933,-0.5634795346412709,0.2780395005766098,-1.7111442748546606,-0.051478037385731895,0.2113734861133037,0.16890810520914312,-0.9472323991104703,-0.10452353048064406,-0.746835761199975,-1.4248316163748849,-0.15270234228119592,-1.2723613970739005,-1.2178681408629588,-0.042727733930281064,-0.7869415055767846,-0.5360917612079835,2.193732631848846,1.8906173244279552,0.4373963968363543,-0.24172613035503154,1.7641465266935044,1.742587721302027,0.5120278562648259,-0.4210043176234049,0.6179475479260066,-0.15678475388315416,1.3900408815065917,-0.8447942646519111,0.7053736269400976,1.53164455731893,0.8117490365024127,1.963461332401901,0.9877225690286473,1.8817573695267955,0.2196930061973385,-1.329776889299372,0.45476098058430553,-0.6255609092506278,-0.8479151323014329,-0.6738413733163173,-1.6416056697013819,-1.037387652865078,-1.8202568281737714,0.5327828876354799,-1.0600312085913022,-1.0389198649397309,0.11099229115885229,-0.030934507134625033,-1.1015771938003462,0.12997372876411745,-1.0422734287540616,-0.7790001915541925,-1.752749697608984,0.5272541251742673,-0.4477397353833789,-0.48709937872810394,0.7032587547684093,1.6420804207603839,-1.1376954595175632
081,-0.028595852847500575,0.46816009452969104,0.5219309767703837,2.3455028643704425,0.2551740295085602,0.5335982162122079,-0.9742182818752991,0.24395840078395387,-0.8314619096327946,-0.5075849071250295,-1.6956210467900952,-0.29989727809549677,-0.3448674986979422,1.063966179519561,0.31765012100262574,-0.6372339801959608,-0.4448838501193239,-1.0636279937460265,-0.6306007425872897,-0.7075533183873903,-0.9346456648594932,-0.6939481775804808,-1.120638929887225,0.556527488726946,-1.3339093067768013,2.3148308080351154,1.3481981813001178,-0.1311516992290665,-0.9497810311147148,-0.25678675988282945,-0.837127217969261,1.3900127215279223,-0.5347382540953738,-0.6260637633068369,-0.22261359269025477,0.18472325219616237,-0.12061553254964424,1.9805927039719748,0.593786108224593,-0.7962265279951186,1.1352930267360948,-0.10301915354777552,1.5522249284584317,-0.4612140226668399,-0.34156461376858904,0.220495446556219,0.38172651092192095,0.3983931463834759,0.10000269460223038,0.5653962736108049,0.565541159858129,0.9943459036976494,0.3409851460752604,0.6346351773032108,0.18319985703664038,1.9412370039540765,-0.4977265111756857,0.06331258739614742,-2.5890477178621536,-0.3999769249351837,-0.14140767021735912,0.038187076126161595,0.14886110333926697,-2.124099456525142
082,0.9132109936291977,0.32379336144984494,-0.2926270093055554,0.488327158894045,0.09023608259700855,0.10144134131322402,-0.38688219758681575,0.04075269748810362,-0.9796808312333707,-0.6366391281465014,0.7740887801580711,0.1498147750950587,-0.7804064505062847,0.18345036078399413,-0.9297091202529686,-0.6772775813932106,-0.1752212574851606,0.9230578671561369,1.4052461266371157,-0.8180270985269642,-0.16884827501192523,0.06653269544775742,0.1841078727760217,2.0958377038833387,1.3152033886208476,1.1416294162808829,1.8560034238932286,-0.7746141570328618,-0.0926771248487055,-0.26994269748118827,-0.39548353758931243,1.4292492189496844,1.4482709272116658,-0.14352809715232517,0.19751483098208822,0.8984718022991947,-0.36397658272071753,1.7730058505678115,2.106443636997552,-0.1962597215210915,0.7955935709605744,-1.5123798845663212,0.4706795128747847,-1.1067640299050705,0.13863686483935878,-0.5624407195526118,-0.8643548527696504,-0.825468836745163,-0.8814820702479789,-0.6679242713702407,-0.007016161679112898,-2.2869890759397067,-0.5409586829877454,-0.3660392401890451,-1.6271280891063518,-0.9267770045392265,-1.5303536333998689,-0.31385207932292836,1.1385867787692348,0.15792394416672706,1.7926005139518708,-1.9928490610098135,0.06078482227047988,-0.365917759819125
083,1.555052052609545,-0.1850039462200307,0.22542227238002854,-0.08903545100927934,-0.19169888926773615,0.2509638077074574,-0.9434606115428165,-1.4253309122485445,0.9073592224431912,-0.2880141222689886,-0.31765999964189506,-0.014734882769191215,-0.24434909066073196,-0.40242855124089394,0.5848664058517306,0.13496866899179727,0.07741878285010284,-1.3225855193972587,-1.3710775627871623,-0.87577614343179,-0.8319146182417169,-1.6296530969406224,0.15406222473459308,0.5964688059257134,0.10952731751823375,0.842557176069435,1.2054286915414336,-1.5891232393147932,-1.044032775454022,-1.1720704584541441,0.7858626080292733,-0.33601705367648393,0.47045446096848365,-0.7730217352422634,-0.19247517754810106,0.10214938496650039,0.736555280135125,1.4528048631928225,-0.23532379870387,-1.234106656640248,-0.3537755494815077,-0.8178797272601154,-0.06410937194816813,-0.12085286714263299,0.881478655819863,0.851839955072268,0.43634945682885656,0.7986396589831745,-0.30377066020759036,-0.05368583628121104,0.835139710434921,-0.9258452368285249,-0.041822540171779665,0.00695729327367639,-0.2808146350145746,-0.29984048012365727,-0.4355783714696434,0.8725569363358875,-0.3927186972586092,0.7980290729885369,2.033270819139331,1.4864265475281415,1.2505063808642611,0.35647175270621645
084,1.11360417924331,0.059405750100449586,0.33031765825350756,1.7496665459055272,1.130618144165036,-0.8910752982121904,-0.47554915794129643,-0.5919961288445812,-0.06722293403143766,1.1826466665367545,1.7043831764751085,-0.4395617558405175,-1.241411750570007,-1.266437225729529,0.9968855130410913,-0.9136387922393131,-0.3195143991584676,-0.8135974785588619,-1.0088505806329575,-0.1315818453678792,0.08990695729203034,0.016744813133629396,1.6244484481173942,1.2685358272187883,1.1050622393680987,0.6489039461961058,1.2473246742455406,-0.9175447370643851,-0.5311251855237307,-0.5282834238798861,0.16280007248474737,1.0825918609930023,0.14285062833746914,-1.2802775030649103,0.9156686107535829,0.22924877362808294,-0.11190119029058627,1.9249310492977096,-0.26423197895829953,0.0038334185114070746,-1.7813119398954385,-1.943502863744463,0.39496425850896844,-1.0435955144681504,-0.37029997011056326,0.9464790789368901,0.02965076697617898,0.1467243962902242,-0.7688911960178536,0.35007841656173694,0.7234924275606638,2.3932370480972254,-2.1144635268877505,-1.4097972292276342,-1.8999146529694821,-1.3494986666220592,-1.8851430386910444,-0.4684373402306405,-0.6501592591555442,2.930303459728158,-1.2797436960703834,1.3445269830560518,0.6014252619100431,0.1672992090753283
085,1.6400164696082127,1.38525833034226,0.42745059091877335,5.27898308251914,1.8039858396347788,-0.3852707095102271,0.7991093252166681,1.779562617334135,-1.1032935619205841,-0.14611826140337936,-0.20797566284777214,-0.3433270866364756,0.04230019339016022,1.0274751536938778,-1.5553536461492379,0.5142645026766695,-1.7796350535730638,-0.3963009440671726,-0.9664433120439897,1.3127585760430645,0.056447177691498096,2.7105618331386037,0.6546553179885115,1.7846698245498989,-0.5570399625492368,3.996220409680433,0.739690997960317,0.45476119715415186,-0.9799253335013782,0.06399867962026806,-1.3859005764213301,0.8884298949546712,-0.34077861251755615,1.1299335485347655,1.043179606515537,2.557115530175361,1.76464738133708,-1.1757072278510226,-2.60791315777933,1.7450034147950546,0.8375865848186936,-1.4918073846954305,-1.5873682113761054,-0.37649759170678737,-0.6382133930349208,-0.973960814538144,-0.1698862659079619,0.21485482957450053,-0.6075290225546579,0.3925479993257197,0.33125963729453045,-0.9047514726508823,-1.1616372231871808,-1.724022669150543,-0.047674551852583846,-1.2783662493631969,-0.577222761953502,-0.04652543675958587,-2.881014967277732,-2.7412469934696144,-3.131588452165956,-0.1736426301840232,-0.7658088803136731,-2.166980465573105
086,-0.8811687505968501,0.7037416425064024,0.04522053225319897,-2.6733164118333614,-0.24174948279140787,0.1625134552590464,0.6435223694979969,0.4600130514680833,0.6734404271685367,-0.008781401180511211,0.41464517991396366,0.6706704726660863,0.5034857814833472,0.1693485704376457,0.2303461304347196,-0.7114875237449262,0.29776527252996865,1.426852336051955,1.311870158541562,-0.7367382787111699,-0.010715276205351204,-0.5888473417894844,1.283572300499213,0.0842105869676055,2.508087173991671,0.613563644036961,-1.1284902153133274,0.644298149323581,-0.42753734632857865,-0.4456927858880455,0.23126602199474997,0.54987434014728,0.4148206791086636,-0.24545543904479314,-0.5608336555835541,-2.446445720356261,-2.470802210940433,0.6786763531627416,1.5977519622322967,-0.44721485685312834,2.517380361251188,1.3805128705032579,-0.7562623370030371,1.5383318564565829,-3.1993783371212414,0.5273750252370872,-0.06500949721384666,0.23219686372416118,-1.15379352941392,-1.1716036835721428,0.04220551806122383,-1.8789465959309761,-0.7079724819386949,-0.5668448449797493,-0.4194065325270254,-0.758368425193055,-0.15821130815332077,0.009054400164107607,1.8581572912373092,-2.765736190688979,-0.2053142695351922,2.5672708357927805,0.20864443423178466,0.6314386820956037
087,-0.19162953750188405,0.44480582345882164,0.711994427773702,1.676555311644229,0.753467932360244,-1.0636995976510437,0.5209576511721237,-0.029032183476426443,1.6377972292384484,-0.437616708412356,0.7632002444794632,0.0914635008086313,0.5940062981060457,0.39968309548537156,0.4712413199584829,-0.8709629875407436,0.3598273426027632,-0.6379994086847807,0.20796490662378647,-0.34421037672720173,1.0489084321259434,-0.8416445480962158,0.5219125005731562,0.4388888269487467,0.5997782095921893,0.714043492210003,0.31785683149826355,-0.7883828716713066,0.3988202776064131,0.11107703062943358,0.9585242595020105,0.2902130382020289,-0.14431113988766314,-1.4399625665266653,1.4423005930898152,-0.1949509199659794,-1.1222653801260232,-1.9536144186476039,-0.9532495976438837,-0.007343000786895704,0.819041097927766,-1.2237900055353264,-0.5434008833591126,0.8645595440728595,0.9791190062219479,0.23401715952063534,0.3634993595411538,0.2696135737213246,-0.9659548078677662,0.16096029629710312,-0.8694499766234285,-0.28055621040572104,-0.5324741169173479,-0.05132742663413481,0.7095644419254066,0.1549734886345276,1.283150794315772,0.29533151048477363,-0.4420334128798195,-2.7530365163272545,-0.11042439004216104,-0.49615335361033575,-1.4377262257197292,-0.8819162790845774
090,2.139489334498341,0.5847802052234103,1.59870561602268,2.1066228116174592,0.1739422046826038,-0.9396557061801135,-1.2036659125085634,0.40012073571221096,-0.8628452408021243,0.4267474892660357,1.0774793390165003,-0.783252023113806,-0.12536080868741784,0.45702854112602864,-0.5175200421522481,-0.8367949017129344,-2.4147586546181485,-0.7509113779416017,-1.1342605703796458,-0.37267955160125543,-0.5558434308036055,0.353574170503135,0.13360290078544845,0.6778250678249664,-0.28295463069585947,1.06864753075707,2.198137529917557,-0.4027876396128913,0.37055895364757707,0.378029473701313,-0.9517967216202853,0.9948320049081174,2.499303410531004,-0.34626280763842276,2.992361170838662,3.029080068048266,2.5383514234910622,-1.2555172115766662,3.1429650811334717,1.1267628077177216,-0.18046561294605645,0.2779847961899229,-0.8469138124942317,-1.4889419001605662,-0.3661052248998654,-0.2752569600193928,-1.2944096535749419,0.47148796473024324,-1.4784077738047523,-1.7910938395191778,-0.7652538088088967,-2.5494138806625175,-0.07321508938106713,0.5142696436762986,-0.7447352957620327,-0.8336190058374953,0.7862422846574308,-0.954003510794597,-0.6319563281184436,-0.76889686051811,-2.4077751229962527,-0.04840276117231035,0.470661119812247,-1.753860006920489
091,-3.042259916051675,-2.777389862176901,-2.944783029914385,-1.6105950649693033,-0.8498801071542196,-0.584383591268749,-0.5050524372625663,-1.2054344926820746,0.7680633325597459,-0.09583979547998883,0.3509908438706054,-0.140826247530618,0.8245754543704353,0.040796978154803876,0.24168103458220663,0.25843186596710666,-0.08604046772011598,-0.26991675054630104,-0.6213797489810905,-1.3002661933550614,-1.400446609142473,-1.8466039963995096,-1.6379978283106866,-1.4452717588073019,-1.4170169041400307,0.16893647722411514,-1.9249304623557069,-1.5483917749137759,-1.0561300398041342,-1.7222625023834044,-1.2512185332532422,0.18689955806404834,-0.6223605611868578,-0.52511320037607,-1.4239437981320098,-2.669910761952238,-2.2033843522612524,1.0842986690359773,-0.8877335195815047,-1.4611459050827897,0.6418816574066794,1.0590781379939966,1.1329836377598697,1.8712636722262697,0.5895937202211896,2.0012937493999696,2.4137038364017918,2.278196883452457,2.1498689380577805,2.6675284372967805,1.4080547957200844,2.6696625429789576,1.4383982691256674,2.67208882770096,0.8348610720275815,0.3209617018765237,1.2211003318879667,1.3613789830101282,0.8788453116731243,1.0187125088185267,1.1740692481617354,2.0874808002710576,2.278758671915111,0.9834702639627794
094,1.977949039417139,1.80291518134691,0.8896894241277848,1.2950246565801722,2.5058425480352913,0.01488433807178946,-1.5165123409353356,2.3501974061177653,-1.0040456877683765,-0.09844830239119817,3.8808764608887856,-3.335890615271856,-0.7716401114692856,-1.0315331070995941,-2.01440861769513,1.7523074138160837,-0.09118938880654992,-1.1968685529755065,-0.454217250962334,1.5479892214818678,-0.2635547731464353,0.4811902843504295,0.5206472205938761,0.9963507173756725,-0.09551019593366028,-1.0383021820464466,0.8149660294400201,0.5890933449038875,-1.1241232296342303,0.8947719551401645,-0.1297821312744024,-0.3446295455720879,0.9175696796720858,-0.7392726420042516,0.5588450861598409,1.0909518138091456,1.0312225216594655,-1.908322591783877,4.356021587567942,1.080907390734346,-1.6270605237999654,-1.9700727055098417,-1.1990244830541563,-1.062554403898874,-2.524469411430596,-1.8282398265501683,-0.5671611230614181,-2.379988496420917,1.0986479527992126,-1.7191642850357387,1.0264769434623238,0.1175600727489704,-1.0099688609335584,-1.7921710134755524,-0.5899998272739738,-0.0442836655915918,-2.1112206216327776,-1.9614428701318123,1.3601093253314431,-1.3187266678601008,4.978353602608508,-1.0645699211243849,1.5545476761325454,0.4424610791825162
095,-3.086632504232055,-3.4013413328928426,-0.8179232612101432,0.08366364591640041,-1.1154711351407152,0.7737419454722314,-4.037047125771798,2.100417475100173,0.8920584186556866,0.9695293293087972,-0.6798226125547617,0.29065869505049724,1.2643660449299983,0.7518174626168679,-0.2461644315763616,1.4505675007060659,2.074624102029753,0.9404974883642114,0.275069204487977,0.8068031851054904,-1.4608076568456558,-2.0187335843080545,-2.4154235903865273,0.1131087449640451,0.141760644503504,0.520756690061198,0.4112070563570498,0.7638393299017192,0.3511760534291688,1.1786793755474365,-1.493169038470576,-1.1289634547815526,1.0047378268528795,0.5862253831395372,-0.27752548962870094,-1.0792231003876425,-0.7935841511306629,-0.7928516357486917,0.4650308456659711,0.07981115985847342,1.1444011975863444,0.7360192798059666,-0.24116788404722245,-1.0625091356368213,0.36906136175286264,0.3122641107446018,0.4898915627157723,0.3851565067265881,1.2781436985723835,0.7423955635130923,0.7311103002174555,0.28104531891415974,-1.5021210248365167,-1.0530311842924724,-0.28957212646933694,-0.2021403156159045,-0.30272283318094084,0.556324903403532,0.40127159490394204,0.27279776906273323,1.8024155960391943,0.23665633971019284,-0.5280914884745207,1.9969373859265214
096,0.23400844165978896,0.45716879379272646,-0.11070916522473784,-0.7608291436949979,-0.09269829498945281,-0.0626180147492521,-0.2386309111513305,0.6680830845475731,1.4764045653756375,-1.576214996124849,-0.542990880401454,0.09464450698325777,0.9921547683200309,0.07484605025470081,1.382817822149037,-0.14858851774656978,1.2286842377945186,0.25026878974245426,0.18575476033018745,0.039050179291723275,0.38204494528152333,-0.037862160452006854,1.4406555093628786,-0.7591213341647025,0.7890981024931332,-0.6347018688899557,0.1515556557396609,-0.01756686821747433,1.0012839442546522,0.27173768442119073,0.866855378013665,-0.8040317191576167,-0.04628787578882054,-0.15488828936964083,-0.7843494728123552,-0.6134760247234974,-2.8488818745172084,-0.07308327708206619,0.5827748871945455,-0.07114182571573924,-1.9470960508416502,-1.4280535558544367,-0.7413919419961084,-1.3558385182438748,-0.25034517807243084,1.3006227523013614,0.9384198954314034,-0.4265210812265785,-0.28349594956917556,0.06190241070511604,-0.3799118011077871,0.08119473161562185,-0.5208637826744971,-1.041755360464423,-1.776146860160714,-0.7584174562722152,-0.3967207501947838,0.8576079505876972,2.574168827385024,-0.5859437599784729,1.5850048505407166,-0.949033387459195,0.1731987540327573,3.0781956694875214
097,-0.18230177979100504,0.9337418385697197,0.02408586971376303,0.8819820547669024,0.5672876120855456,-0.5957848303220358,-0.4776395615657162,0.7814577665487898,-0.218353464578655,-1.0417657673277132,1.0081520376595583,-1.102860792210489,1.354572562806669,0.9713941613314598,0.17176132259592813,-0.015246845285261768,-1.6457090221755992,-0.5025949682163448,-1.0880130792880363,0.5416371175932017,0.5808285280375953,0.06314881763030356,-0.10482019879992754,-0.8158329604048408,-0.2060878924350057,0.5933687169866004,-0.17030884380769595,0.7365595634013375,0.96634623637322,0.19797071668455513,0.06106861137737951,1.0220127880318433,0.2410339083917532,1.2359685245398062,-0.24927502136465063,-0.0363859375568788,-0.6505760040912091,0.061309637245201665,-2.144089115171045,1.6190742123771793,-0.1374599576965806,-1.0114338301291395,-1.390283959739393,-0.3598618318380288,0.8667975159807051,-0.10722246734764818,0.06702575870918248,0.1673606970275564,0.96211954767189,-1.6283159015107178,0.5682478883176358,-0.7661317037213841,0.12930688658931722,-0.0722086504644951,0.47724406895092153,-1.1197415672553985,-1.0258562300981127,0.45696863688058115,-0.4880485825006128,-0.808919819893276,-0.5770867921380621,0.08851553794957567,1.514716321213783,0.827151914685501
098,-2.5716101773080964,-2.3219914653971143,-0.760526522835923,0.015465644756059355,-1.167020233386154,1.0246700651484901,1.0772773146248313,0.46622690252825416,0.447906091579526,-0.18032165281623477,0.536731068546705,0.9122467491404307,1.0792042058663103,1.9702658252376715,0.7989051319317793,1.4548814365130884,0.2701093902532844,1.1777994559137008,2.314118961397382,-0.6029666613761381,-2.007988228659427,-0.6535343239414863,-3.373502984136618,-0.3723469998748322,-1.7491687590054594,-1.5530718809520856,-2.139852289953065,0.9178673131796029,0.07990158108727971,0.18034150142125707,-1.6778961062362356,-0.7419534299140231,-1.7714683907681927,1.33522896870352,-1.2959416219772963,-0.9401538920719643,-1.745981904530665,-0.6292991838407136,-2.4942554362949436,-0.7968762943875216,-0.36189003656722385,1.9352390661202277,1.5499118444389839,1.2392566751789025,0.7964816663579608,1.8069345697562593,1.5727074939594181,0.9931931227195421,2.113269401994264,0.7093807231866377,2.041116203454166,0.6894537606130284,1.1538008668786408,1.333029978780621,1.6392233456329521,0.9017290272072358,0.29700765219636793,1.9828577125175513,-4.126883364513486,-0.22613111101999658,-2.0179265480515496,-0.554921659461435,0.5499118855331534,-0.5281714450772057
099,0.600808740313473,-1.0684001783579162,-0.39844476514225474,0.5750704335743291,-0.27878409201777676,-1.223832059796348,-2.135008970156751,-0.37543900013185155,-1.2720895974125033,0.8041463841302012,1.259798646560028,-0.5127014188045664,-0.9285884411821232,0.38882590376090637,-0.12278108596296805,0.7617082288652552,0.9016310134465608,-2.2148730909890033,-1.1813221098532791,-0.19293934325130285,-1.8613507351556942,0.1592855479185073,-1.5689364938275605,0.307122772463483,-0.05803046743964679,0.5035595345917827,-0.04341561779194464,-1.3111498995194186,-1.3601446752971338,0.33296063340073484,-0.7944177149094991,1.1165508061491132,0.31257095478175817,-2.4232970553916737,0.6412242542770448,0.8579964577422019,0.813528317323307,1.4383714419249485,2.0901605651891706,-1.7906270054976505,0.295822757320164,-0.4437670450581736,0.5545977883661373,0.663630299917529,0.3354937157938424,-0.5683992910395257,0.6469948436054258,-0.7144066089428542,-0.30646045611212414,0.7360052767375334,0.8063797348840169,1.5637148873841733,-0.8567701682279727,0.7987844078843238,-0.10557949141889444,0.8485904194867804,0.887109356700226,-0.6338476223492466,1.0509921607244386,0.783124491876714,2.8238438815741214,-0.7702746341001137,0.6964921507148407,0.15918232575470453
101,0.6059090486545465,1.5695630939690983,-0.11550365968103982,1.281451610344324,0.1608784276696419,-1.832478038703389,-1.6126224624505672,-0.6835793170249468,-1.8509512451993717,0.6970859705197568,-1.5087093366040207,-1.5535873828220566,-2.0206542371151595,-0.4295264487783632,-2.0461377413202815,0.3903591924778752,-0.029347664793586636,-0.31805530436540197,-1.5989567709528956,0.5672683255916012,1.6397332435689957,-0.6957804526563411,0.8897571126772844,1.0561197705733432,3.1694081510933603,1.7878955197682265,2.9754725724520124,-0.5003214272900465,-0.031601867789690596,1.8428680988922461,-0.08131593306862606,1.436839229037644,1.4261140786571307,-1.6811319634208965,1.4695947718355074,-0.9515638573909949,0.052116108728987975,1.3080455850627648,-1.0381515248761408,1.8074740455499354,-0.1366906846994913,-0.48479141083808963,-0.6043432138361173,-1.6755769833189325,-0.876088006063416,-1.1004054649894526,-0.180128378712115,-0.4011137590701668,0.9278296908328786,-0.7714895371798787,0.02387469436667017,2.3034137425894157,-1.1385894081853367,-1.032219713379349,0.7188767103134585,0.4747048226697431,-2.391984843705394,-1.8012397185583198,0.5487782058126073,2.428273550763885,-0.7109238222193108,-0.23795311310365352,0.8629553358956156,-0.29914601620571907
102,-2.865386978701613,-3.2037383585564045,0.7193761023107399,-0.4238424001309959,-1.5774551419872007,0.8322874964971461,2.306178663970821,1.1456912872394318,1.7869860006985006,-0.3815412179123743,2.590853435485038,1.6927560860961375,1.5415337315094462,0.17103368867117547,2.1155321931904965,0.4787516406779094,0.6048280781103854,-0.056280040150274546,1.7573454589792457,-1.3123429649871146,-1.5592639953717842,-0.8699660681119576,-1.027900227336431,-0.5278224034169201,-0.43477967111455307,0.04431296063840945,1.172002051641444,-0.7855107323567145,0.4264907976968975,0.27428068817928514,1.1105877987172024,0.13133445682846673,0.598159868954018,0.04596471074992908,-1.5150837708097726,-0.14603605690744603,-0.39534429816103744,-0.22429737500524727,0.7078416733040869,-0.49887670858139777,0.35552797245578344,0.8742196778967779,-0.5626305231511205,0.5206862147095321,0.9473392694612341,0.633633608135507,0.693802854845754,0.01746836275121938,2.0010837891048325,0.11070190259683016,0.03896779798582278,-2.1238891483917763,0.2705367461113178,-1.1187316394487477,0.6122680609591513,-1.7418746492147286,0.22265019092038413,1.5702361530686502,-2.5210880292117075,-1.6047901538721139,-0.5316281374697043,-1.7517050534459817,0.1924153492660146,-1.5538610766099104
103,0.1233890944912217,2.2018315932233605,3.2672748137729823,2.916765245791303,-1.1623550754819785,-1.4038737948664437,-0.5178315537121705,-1.7044864862771587,-0.4551339615993404,-2.1038719408377613,-1.487816590785998,-0.6796218476946163,-0.6920150206634748,-1.655748903412917,-0.8734664267119023,0.15321709909911618,0.14110603482131334,-0.6952781476214926,-0.5692996157866208,-0.34751928974463975,0.4939042247947726,-0.24930811206118086,1.5797176928572632,-0.6128066720912515,1.7904027922620103,-1.0189046623115223,0.38615274871607175,-1.048750639503086,-0.8375807741649874,-0.8599868263116817,-0.43332157804679095,-1.388369599504347,-0.13045760443977805,-1.122661567325947,-0.1256101267151042,1.696431720994151,0.018963647198346756,-0.33369958991470483,1.3976594429970794,-0.38891151318579653,1.4257091998122529,0.7334077430281607,1.4495835753998727,0.9634057999727256,-0.6348730487177108,-0.6970706130339333,-1.3489353928918155,-0.3644836981713391,0.29557515535278145,0.327206828959852,1.3452248794708352,1.2982558951216725,0.7749333894885211,-0.02975544151521814,0.14959133783819256,0.20915056890021688,-0.8539397003047211,-1.072405884967556,-0.17986345509920643,0.29235862144757974,-0.7283369639069632,0.93557838862942,1.0691186879437509,1.3724358969963317
104,0.9700067542934602,0.2928494972173857,0.3699896832648236,-0.05352973763116686,1.4250635595776977,0.24565950463906638,1.3152264928217998,-0.8153357045246384,-0.1857024505555741,-1.2089038222226915,0.947326937801373,-0.0471449962947979,0.1299855741192829,-1.3863499663667023,0.3688732706030997,-0.49241010335393776,-0.07066292063288837,0.13806983810669632,0.7969309059638076,0.7018343452630208,1.5057203732273465,1.2248532416727929,0.7851377021157191,0.8826306811260366,0.4990128841788127,-0.887089794874473,-0.28037846114861387,1.0391121535355348,1.2244599031237944,0.7755496464884822,0.7045546029907919,-0.7443308573524977,0.21873336905065022,1.1315479136544946,1.0720822832706078,1.8708107262050322,1.8870429546272827,-0.8911274361595912,-0.6076440157682171,0.9725474872683884,-1.3758636139656537,0.21616273964431004,-0.08278945392114817,-0.19166483269421397,-1.0077972054115767,0.5822433299294685,-0.08287648973013051,-0.9963578816992084,-0.6372424826927278,-0.9348662790198797,-1.4926839051350638,-0.9943879299398285,-1.545925385336441,0.14846098434546434,-0.8990085716633988,-0.27360879851844544,-0.7106042465114605,-0.42535478977959085,-2.2033105096663634,-1.299505767936025,-0.6779205507017799,-1.0895478451101281,0.4366640540896395,-0.287216587897307
105,1.2972244391171905,-0.28655151583323857,-0.24141236104763564,0.013188155600054166,0.9068391788133353,0.3793570933108843,0.1403673475648593,0.26497311492477393,-0.1128860519711085,0.43220130965144576,-1.0445853935131755,0.6822441285315265,-0.456796913953772,0.5269779655039152,0.46094327065481133,0.8941007179967367,0.9578940407886866,0.4294395759213459,1.511784750547398,1.6388908283151233,0.9908990679846575,0.5807380978466147,-0.24965426530691487,-0.7014018239563059,-0.6030233835826725,-0.31393787817156255,0.45061718738021994,-0.08753521593840673,0.2513328813484954,1.2847209256852403,-0.2592981959112624,1.8325749937271496,-0.8038014350523642,1.1528114830028293,-1.5482774924294596,-0.4702841602595825,0.05642291586060162,-0.9453507801961406,-2.9254175053009623,1.1086856301015324,-0.009356090966765193,-0.9319813017329452,-1.1830020004054258,0.1311518251392645,0.11741974094298281,-0.2009601415447385,-0.39625629266777784,-0.08002998788198977,1.4555136320186177,0.1252147485058766,0.4928184435330353,1.1379365691651488,-0.01085034728916133,-0.8663071958885709,-0.38303236773548416,-0.6008930006693217,-0.7659881787830274,0.23966705585022408,-2.213425665693648,-0.6114463002523934,-0.8471299241414395,-2.4750685568350455,-0.16287305491508935,0.8438636644928111
106,1.3435846341206958,-0.5365983326281833,0.8102745273883363,-0.6515516955674441,0.32141364810397133,-1.2413320989702505,0.9904651949006539,0.27814768946151514,-0.32713123047577963,0.5053046028940221,-0.7252440545781396,-0.7944522873888957,1.181712004131338,-0.21370827400986792,-0.038207790043982115,0.58101477706535,0.42830645377790333,-0.47663269572908495,-1.3570670269201042,-0.13462979881130144,0.6408809032144517,0.39056616355229734,0.45821930048522885,-0.5245448706683071,-0.7210452283552515,-1.0513136833994818,-0.24692636805463564,0.9392538890780067,0.05574059711175372,-0.5890918536474756,0.8905973024338969,-1.6317493244840966,0.10401861188197947,1.1346908704651175,0.339088869827729,0.7368365087334798,1.4679298932001237,-0.9912355775188235,1.7684337831738055,0.8735709756317956,0.2474642284265025,1.9713386796119021,-0.36590831533055823,0.6199887629540369,0.23268741046990027,-0.21884449957969143,-0.08483967997198238,-0.35086048767564026,2.000716877166737,-0.004896286850851306,-0.4055399022306365,1.328359739752085,-0.20726898540653638,1.0786289971442486,-0.17325240784372964,-0.07212306412262293,1.3146778154784258,0.4573913400033591,-2.7866561060122055,-2.3847779204005706,-4.276413495969059,-2.756770740741441,0.12782438369149807,0.7214846480544882
107,0.9663450002520874,-0.21262937883469157,0.416054510062162,-2.3485418850638045,0.008647102031278608,0.07960895284014757,-0.11267090240599686,1.41808543719024,-0.2661497378862123,0.29983680430030235,-0.5428660406757999,1.4724840130318182,-0.15934700608538566,0.4052684690366197,-0.10603845989568361,0.7214326697160613,-1.0868484907567886,-0.7765056893936066,-0.02732080055317443,0.050771825306764384,-0.08035532806246604,0.2566881593592174,-0.5843554133819544,1.236736531503169,-1.7607819371430502,1.1947257104982598,-1.8013261718494233,0.23167012796200592,-0.9592514484606178,0.13894170296014408,0.06513148833484839,0.4983980488116406,-0.18092748937820735,-0.059400203488035874,0.2489786853525937,-1.4447284980389086,-0.43280370202459406,0.7032121387038119,-0.6341162647174958,-0.3120351205860026,-1.0626154764804767,0.5351616973266038,0.10553065581548071,-0.5615817609502016,0.42169432029085707,0.20924921193120238,0.6280417370318714,-0.8738939368548888,0.5261301345309176,-0.6872560462602133,-1.019778538198626,-1.2312668891541307,1.4753481697614848,0.17331459824425344,0.4329423674660383,0.6809763478966865,0.013678996368259755,0.0899888206995747,1.5207015698274504,1.1484636842280274,-0.1365694831776305,1.2164663501972313,0.3821318825900708,-0.5108758217011045
108,0.2946917722226824,-0.5549757478513009,0.25778318407281753,-1.536125441815618,0.2240234914042546,-0.3527657571021279,0.16903080967248274,1.0944115935881538,-1.164725153301247,0.5263812009332401,-0.8526293954125983,0.28212884297554397,-1.2811622034663657,0.2510263309603066,-0.6607756596242808,0.25566574898305594,0.0325592818771227,-0.6777185387494615,-0.44299518907596236,0.5297289149404817,-0.9182045205251989,1.4852161334074476,-1.407907294319375,0.5098236408447246,-1.90650694753836,1.4855480110510522,-0.6931742404654574,1.2627378199688484,-1.438247232040414,2.263237433580428,-1.9278301617155988,1.3874567743932316,-0.6366993942264381,0.49385211869578594,0.4290152971992286,-0.9773421057924553,0.040433886482014736,1.4399031143189878,-1.407434948487737,0.47758172589068293,0.6702772131970794,1.252865980926952,-1.1760711286318153,-0.23037604396814376,-0.21797637112273088,-0.7220242340931896,-0.2861528669012114,0.33719668304951267,0.24330191593785966,0.32680818713837134,-0.07683419075287995,-0.007002586325395854,-0.2870591448552696,-0.6566177019745234,-0.14788639256381986,0.756055731646777,-0.10531107545290158,0.08579076483838466,1.9151712660345264,-0.6392288860299861,-0.2563154913239101,1.0126111951278807,2.259414177632129,-0.40565419748627496
109,1.3014210543881062,0.14428326883687986,1.4032936462871375,-2.059447746741112,-1.5105247328165903,0.35228416016457853,-0.40875346113775063,1.2144806176691025,-2.6892916733950143,-1.9605536446268998,1.6148012331983883,0.8173384028671264,-1.0794677462980307,0.4779610573852615,-0.13773037173759423,0.5238272596943874,0.1068230016991239,-0.10987473136387321,-0.1665620173798299,-1.9421984299366333,-1.492632068627441,-0.23944028192323957,-0.6460515599699691,-0.7055874973732581,1.7510825800590957,0.852409759558376,-0.3926334756605966,0.06781296742296766,0.8713057522303118,1.2129434858116515,-0.1461419616247942,-1.1356241101225915,1.2156169924443345,0.1915299701219505,-1.6287511301609483,-2.6907757288308427,-1.5485312940081155,0.25084974607600846,0.4341879174229992,-0.41580539753991036,0.7968576738111699,0.9479209333134095,0.8226291792427538,0.5092828087335048,0.607255626258214,1.321867273686179,0.8363777823667358,0.7192412572944511,-0.6424181770127328,1.8656195965176794,-0.7875470861285561,0.029871166037136437,1.0775889014449183,0.6212951189079077,-0.6109941214698726,0.3750838876004696,0.49907205321015335,-0.9559980735845919,1.140690407775316,-1.2512727957996388,-0.05669883198312489,0.5025986534582019,-0.026376578747733748,-0.03982046699470154
