subject,Af3,Af4,Af7,Af8,Afz,C1,C2,C3,C4,C5,C6,Cp1,Cp2,Cp3,Cp4,Cp5,Cp6,Cpz,Cz,F1,F2,F3,F4,F5,F6,F7,F8,Fc1,Fc2,Fc3,Fc4,Fc5,Fc6,Fcz,Fp1,Fp2,Fpz,Ft7,Ft8,Fz,Iz,O1,O2,Oz,P1,P2,P3,P4,P5,P6,P7,P8,Po3,Po4,Po7,Po8,Poz,Pz,T10,T7,T8,T9,Tp7,Tp8
001,9.117799604485486e-07,1.738271521543522e-06,8.623077394494832e-07,7.65529382431087e-07,1.759807429681024e-06,1.5928268796445817e-06,2.636403769559835e-06,4.493009750547892e-07,1.9417518289749327e-06,-2.5686319961100697e-06,-1.2930226163994671e-06,8.843707332245079e-07,1.176929741872875e-06,2.7141319442691293e-07,1.6535732363186102e-06,-1.1715472855715118e-06,1.271175320496374e-06,7.721275363596207e-07,2.789119807012375e-06,1.9545964114410955e-06,1.4603803886018193e-06,2.0737394764080643e-06,2.1802066503675226e-06,1.404642246772704e-07,1.2687058730806295e-06,4.2196745403641886e-07,-1.6423197882794528e-06,1.6559380112769586e-06,2.9085165669485993e-06,2.0091836775768398e-07,1.485766008009869e-06,-4.6543693157615017e-07,-6.161311138087297e-07,3.0579242883458563e-06,1.2916961786340848e-06,1.91052410609941e-06,2.4857388975813057e-06,-1.6004624485216646e-06,-1.3114109751058304e-06,2.2497642004541077e-06,-2.1875361537236423e-06,-4.652688132421727e-06,-2.556573519536238e-06,-3.6093133442986935e-06,-6.188452359034392e-07,1.4720455174652903e-07,-8.061802497783685e-07,9.438522624315997e-07,-1.5969944070616838e-06,8.291360484721736e-07,-4.024331785010489e-06,-5.427779003264842e-07,-2.329626959744411e-06,-3.7380928932222536e-07,-3.1598697110761554e-06,-1.0464886745434591e-06,-1.8400800209913537e-06,-1.9438957586933043e-07,1.8779102030625382e-06,-1.950977621209403e-06,-1.399649251302609e-06,-3.437504806836845e-06,-3.0105326927037364e-06,-2.0145067388994347e-06
002,-4.140499863296737e-06,-9.810045650891616e-08,-1.6261924061591106e-05,-1.8320267065625907e-06,-1.5602415775139163e-07,1.956689669411604e-06,6.192034035425785e-07,2.023770754181716e-06,1.7913083533313968e-06,-2.06886433981695e-08,8.04949888453168e-07,1.6589839959323209e-06,1.1075520592865187e-06,1.9518135603456866e-06,2.283309201136832e-06,3.208298797569247e-06,1.6351245907754253e-06,1.3073467775024815e-06,3.722877378062387e-07,1.295311626618856e-06,1.63244476752511e-06,-9.200812820482353e-07,1.4351839054556298e-06,-7.119193176206926e-06,-6.81665398128355e-07,-2.7886642138473842e-06,6.439088851300757e-08,1.438126462771164e-06,1.5689806339365538e-06,1.5012159810580946e-06,1.472762503871264e-06,-1.2903907505108831e-06,1.1439529369695094e-06,1.7541159785800422e-06,1.025810701429169e-06,1.7254923955711754e-07,-8.496880187290928e-07,-2.9535931467286308e-06,-1.605535339311168e-06,1.7699858354295547e-06,2.1350428372576146e-06,-1.951699622273963e-07,8.009321809325996e-07,2.1966518357888777e-06,1.589635037681725e-06,1.9002059509793757e-06,9.825000493692883e-07,2.3843992829440387e-06,4.794015025346559e-07,1.243609806656205e-06,7.060323364846773e-07,1.572669721261097e-06,5.353408464759122e-07,1.8142765400362208e-06,5.716761751022529e-07,1.2458460153218075e-06,1.5416452538732555e-06,2.0870856431628993e-06,7.41363629744483e-07,-2.2564947544308722e-05,-3.5425211233761386e-06,9.349888427287594e-07,2.9270552104865987e-06,1.6348848947192166e-06
003,2.6658103194428015e-06,2.3203746390597013e-06,3.482410557239513e-06,2.438906062384873e-06,2.202206535858503e-06,-3.303136272140804e-07,1.0503800915168155e-07,-1.011240871827349e-06,-1.233994551042104e-06,-1.881036081548515e-06,-6.113618897895093e-06,4.677085963255673e-07,-6.66255171478023e-07,2.3609767228682248e-07,9.629600067416848e-07,-1.0087670309677424e-06,-6.9131760754226e-08,-1.2180226514207485e-07,1.813498261751236e-07,3.880252515720019e-07,1.2441531925180736e-06,8.751388997099119e-07,1.2729814954136306e-06,2.3209578125171544e-06,1.9711065921909965e-06,4.495647964242412e-07,1.79914208950659e-06,-1.9431169110700328e-07,7.075680943939926e-07,-8.943061276499122e-07,8.283354150104986e-07,-3.2605333129789423e-06,7.203960706662603e-07,3.4509883601901917e-07,3.5409891450415855e-06,4.297247727852005e-06,3.610398164047238e-06,-8.337152963268748e-07,-2.635430654400151e-06,4.2120717361846276e-07,-4.1172749446786455e-06,4.014132379869066e-07,-1.2601523453962755e-06,-2.108847927150578e-06,4.629234707347698e-07,2.006711834256762e-07,1.2359414915174958e-06,9.326621991286221e-07,7.091804719012176e-07,1.4535584891904897e-06,3.112914471827811e-07,2.2891344369391925e-07,1.618772439319899e-06,8.74089773306099e-07,1.808671506329146e-06,7.078989759099563e-07,5.955866043685127e-07,-3.3841819726629515e-08,-1.0835588584950727e-06,-1.7551514060928338e-06,-1.6662509148407338e-05,-1.7049638433966605e-06,-1.7539761619386335e-06,-6.620139195487613e-07
004,6.452418403270445e-06,3.7431117382788824e-07,1.0696649002440851e-07,1.0188638972191703e-06,2.1520904869590334e-07,7.676663325356604e-07,7.29621201174127e-07,-1.0402447704639034e-07,4.126746995351142e-07,-7.498430466875455e-07,-6.154957789389757e-07,7.137371656764702e-07,9.032275688950611e-07,2.702474514301003e-07,-4.108891346788568e-08,1.4425727781659833e-07,5.828829005074728e-07,7.000412068466453e-07,1.2223176427962584e-06,6.675246084656445e-07,-1.5612113805086295e-08,8.205902628169515e-08,2.1993538215845406e-08,-1.1958508548276444e-06,2.633219594796127e-07,-2.0159824293297173e-06,2.255270780417365e-07,5.349678505659531e-07,7.693911401443734e-07,-1.9741566743000187e-07,-1.8502100454451025e-07,-5.595201916933021e-07,-2.2441391121379374e-07,7.058236479297751e-07,-4.996507703414792e-09,-6.104421447795968e-07,-4.3462311372746284e-07,3.7679172092293045e-07,-2.7541628883207035e-06,8.844738570822656e-07,-1.8939705464816357e-06,-8.714273424326812e-07,-2.9733401228559126e-07,-3.996723365486591e-07,4.608824256776684e-07,1.6165071562780962e-07,3.2737663759874047e-07,3.3690868058142575e-07,-7.592605137686046e-08,4.646579741331301e-07,-7.089136587946535e-07,5.1477888933368895e-08,-2.53597599831784e-07,5.019797207996162e-07,-5.801469688809718e-07,2.2814908509769202e-07,-3.144431838595709e-08,2.6043216151941803e-07,-9.677386833160338e-07,-4.995798776573832e-07,-1.8200539463336136e-07,-1.5549242485847797e-06,-1.0743095562082341e-06,-2.8403485384154017e-06
005,1.5851420011509869e-06,-6.739987913381493e-06,-8.281415815610313e-06,-3.904352200545545e-06,-9.174201118873895e-07,3.393141668429261e-06,4.405127976916693e-06,2.422248032158351e-06,3.973364475302435e-06,7.277070269682975e-07,-2.295514137996488e-07,3.7684616830145775e-06,4.593366772290807e-06,3.7742894232532576e-06,4.060895638955395e-06,2.94573067964254e-06,-6.143496648389386e-06,4.976048211026679e-06,4.337439308354312e-06,1.976749846920374e-06,1.609484759494383e-06,8.629011765036547e-07,8.191739002182883e-07,-6.96167412967861e-06,-1.5203662464880206e-06,-6.1569134415115505e-06,-2.659300394552192e-06,2.9491390331021694e-06,3.6895846323253826e-06,1.9396929440787513e-06,-3.6044314683937026e-07,-5.111315113006691e-06,-2.0562728290038863e-06,3.700725758579475e-06,-3.842099561869691e-06,6.387194361042576e-07,1.906512777028094e-06,-8.089620579451532e-06,-7.960040193848634e-06,2.4886104455118297e-06,2.3625502404690254e-06,2.327283239037507e-06,3.0200154531605406e-06,2.5341176503318077e-06,3.985459662011148e-06,4.460338776057353e-06,3.838496970638034e-06,3.4956836938864203e-06,3.334908809838646e-07,2.678214737369382e-07,-2.2051101093584737e-06,-4.471096545085755e-06,2.9687788610303582e-06,3.449646253940111e-06,1.533008329132578e-06,-5.976795525864794e-06,3.9451327213397595e-06,4.656101258996663e-06,-6.098703710942725e-06,-2.6117455761791234e-06,-3.5553142351018482e-06,-1.2651399632880922e-07,-9.703744131152947e-06,-5.038889502203929e-06
006,4.0007087935301136e-06,1.0159027627340904e-06,4.0058733350878394e-06,9.130043322380726e-07,1.7541766275311008e-06,1.0777144927948332e-06,5.700184858957954e-07,1.3583778062701135e-06,5.621086100578826e-07,1.813424087345831e-06,-2.7287658684622605e-06,7.675017281961031e-07,5.427643738094183e-07,6.291369131567104e-07,1.7422089468692897e-06,1.0743439232897634e-06,7.505831595569365e-07,-1.3683857415091212e-08,6.375982800853752e-07,1.685810459550103e-06,4.158166305741785e-07,1.6868377112986035e-06,3.1486046704209246e-07,1.7877470218199339e-06,-2.3707532740574e-07,1.6296783206764938e-06,-5.873136457052688e-07,3.2331561340006557e-06,8.740797417480376e-07,2.589334069618859e-06,7.48810505371907e-07,5.52719593933881e-08,-1.922685482428099e-06,2.3989831023191545e-06,3.7471286025829394e-06,2.050197229893184e-06,2.5910725672356316e-06,-5.29012890540015e-07,-2.8218905649730775e-06,1.6960284271004397e-06,-2.351127032047852e-06,-8.466663570216137e-07,-2.4967050084392837e-06,-2.41057110026263e-06,-6.312755324627798e-08,-2.6278442374786506e-07,2.987695125379082e-08,-8.048422099517292e-07,-6.280492163517143e-07,-8.025566572510247e-07,-7.22876936013031e-07,-2.6519182819403583e-06,-9.813018261328314e-07,-2.0510079919486365e-06,-1.8085323716228387e-06,-2.0241305747956832e-06,-1.0992671176014756e-06,-3.104884443987533e-07,-3.2946012409516064e-06,-6.880741396360321e-06,-2.777512321874366e-06,-7.959340611744488e-07,-3.114821857522387e-06,-2.73014494234238e-06
007,3.1634554082339895e-07,2.384856944547858e-06,8.483033290314367e-07,5.090920367317466e-06,1.743202556943486e-06,1.8750085961179228e-06,7.871364494276532e-07,1.0140503961307759e-08,6.65598358226722e-07,-9.06681491262807e-06,-9.006331757399804e-06,1.4466390229485612e-06,1.3401001370377432e-06,1.3590165380632423e-06,1.2977919352358004e-06,-6.200934257745774e-07,1.0238361171961494e-06,1.4195499336563426e-06,1.85414924208894e-06,7.199487452950963e-07,6.583618136786956e-07,7.081600839973875e-07,6.916095100741404e-07,-1.2330056034094201e-06,6.461487052742301e-07,-1.8605143293687697e-07,1.3716622151150677e-06,1.852767961990656e-06,2.3374019118360098e-06,1.6377055725948576e-06,2.1942899334469358e-06,-1.7343422909170997e-06,-2.452603532984397e-06,2.230034021023073e-06,2.4458352810971343e-06,4.448366056829479e-06,2.62461228473808e-06,-5.246113997235716e-06,-1.1933290110651484e-06,7.512455359653792e-07,1.0894378503353088e-06,-4.039418840445371e-08,7.180901961650098e-07,1.1500134445911552e-06,1.6178945405638263e-06,1.4970474221774078e-06,1.4300576319197628e-06,1.5884034886029675e-06,9.045535626019324e-07,1.374266364882547e-06,6.110114535044669e-07,2.137096494887944e-06,1.321183600842864e-06,1.5703676700257736e-06,-1.0144094315064716e-08,1.572812678225045e-06,1.5411561145958614e-06,1.5262713633715562e-06,-1.558404740937166e-06,-2.2671713479531546e-05,-1.3067202073650507e-05,-3.698855914550078e-06,-1.835031024815126e-06,3.1900223976813743e-06
008,-7.224683829970428e-08,8.168763110897121e-07,-8.863966884321108e-07,8.202088503238549e-07,-8.993336546727952e-07,1.3546124587899535e-06,1.3997108668436337e-06,1.0926579843822662e-06,1.4576380167130023e-06,-1.4434351524359156e-07,-1.7157222868070995e-06,1.5907395712001415e-06,1.60428407756e-06,1.505216718521137e-06,1.870118715451938e-06,-2.253467405393797e-07,1.0335104636002487e-06,-6.77379435135284e-07,1.1984517968669847e-06,3.586155473981618e-08,8.421927606175952e-08,2.4026661614421972e-08,2.3066562278612396e-07,5.573232575710505e-08,3.873659411775528e-08,-1.0532485413765777e-06,-4.111630585938272e-06,9.364481074868002e-07,3.6315907394330804e-07,4.446034382285026e-07,3.4454470570330004e-07,-8.912624457975701e-07,-7.06518394146071e-06,4.3256504805386896e-07,-4.71273295661645e-07,1.1395588605151543e-06,3.968685263200709e-07,-8.249578143432082e-07,-6.76964193041613e-06,1.4161271429550884e-07,1.859260940513695e-06,4.041526158884672e-06,1.5369825382080862e-06,2.527806963047309e-06,1.3563169862332272e-06,1.3268229204353896e-06,1.2396069258551077e-06,1.3140194913652818e-06,2.1950847420933022e-07,7.372336820715991e-07,-4.172891264138228e-06,-1.451611073480965e-06,1.896471775412675e-06,1.028596804868803e-06,1.9193943693657116e-06,1.6349150127091424e-06,9.5641749593561e-07,1.247424849557668e-06,-9.006706526265261e-07,-1.0815751741935463e-06,-5.562271070247636e-06,-2.1968617742557672e-06,-2.7543000065883756e-06,-1.3267849999845575e-06
009,7.688587126349783e-06,-9.727094403367393e-06,-6.645585355259918e-08,-2.747498591734271e-06,2.9179185342524727e-06,9.03373022945128e-06,8.215781908999274e-06,6.971253340296233e-06,6.564213877742198e-06,8.75160661989908e-07,3.5244504412798165e-06,6.9554507179427955e-06,6.780212437548544e-06,5.371586748111461e-06,4.373560055709822e-06,-2.502472497114013e-07,1.0134492878980439e-06,6.8967946809832815e-06,8.446724176517008e-06,8.043542680064827e-06,5.424275848252375e-06,2.4487776185651896e-07,5.989579745209314e-06,2.9756590566052066e-06,1.9364372088092884e-06,-9.911656353346497e-06,6.535639366222186e-06,9.83070048096445e-06,9.698421352899412e-06,7.6291094518945405e-06,7.624923971708101e-06,5.428386482300279e-06,6.386201189520102e-06,1.0127492410588651e-05,1.2428971095424153e-06,8.156344278648392e-06,-4.0309047347009e-06,-4.245166119764048e-05,-3.746242502409715e-06,5.339813821151908e-06,6.031027214394943e-07,4.8503709947762445e-06,6.689653472678848e-06,5.717550032405905e-06,5.131161529553764e-06,4.56948419441688e-06,3.924384066901158e-06,2.008137229728886e-06,-2.746812352627817e-07,1.0398207362661789e-07,-1.4816911400726988e-05,-1.2114256012121353e-05,4.362870242565049e-06,3.908429386731354e-06,-1.1685867206786532e-06,-6.216887782868693e-06,5.581940313669559e-06,5.790024164241476e-06,8.705244084176784e-06,-9.745571271836548e-05,6.424608826957469e-06,-3.560679931000756e-05,-3.989565629687985e-06,-1.2038958078996694e-05
010,-3.270869175569447e-06,-2.2675017140105866e-06,-3.1096597201905986e-06,-3.3204466857123834e-06,-6.49194864697681e-06,1.9843676150542893e-06,4.0010914802513555e-06,1.1772243691060163e-06,1.4554996030789081e-06,2.3252514341887505e-06,1.6701947065003167e-06,4.634367982414817e-06,2.079261630458701e-06,2.432810435312771e-07,3.3583292179997522e-06,2.924572016260962e-06,1.6325364193336318e-06,3.452072361173468e-06,4.292543194324341e-06,-3.206065507477457e-06,4.221214271563611e-08,-2.9923231662975518e-06,-4.842741665733573e-07,-6.294694686295402e-06,-4.211066590007653e-06,-1.8742700692456084e-06,-4.387063138511708e-06,-6.966753007044469e-06,2.7801588932597544e-06,2.5420917075099688e-06,1.6301866240637037e-06,-1.1663543595084134e-06,6.73964781445241e-07,2.3642384709155284e-06,-4.2983313382617975e-07,-3.5333277562598536e-07,-1.6895306234529262e-06,8.018477403368164e-07,3.5377678501947336e-07,1.1515148855560602e-06,-3.7183473455469857e-08,3.637157243790573e-07,-6.27331124408348e-07,-2.696092938620797e-07,3.087277942548139e-06,3.2713975735340836e-06,-8.222115709938468e-07,3.1939861118898593e-06,1.5186591214034359e-06,-5.69922921699417e-06,6.385770801189795e-07,1.1999171232499026e-06,-1.0964813000987686e-06,1.222702896279993e-06,-5.10638327861779e-07,-1.0781972432356492e-06,4.76582835944664e-07,3.298889546558985e-06,-1.258585995188017e-06,-1.4535128981015823e-06,-2.9088502424002027e-07,4.5091475323373264e-07,-2.1774217945650402e-07,-4.156109994168322e-07
011,-6.000287049138144e-07,-7.09706973547373e-07,-1.485773941131964e-05,-1.4029778775123906e-05,-1.229223975088335e-06,2.590267785054437e-06,2.311687008852102e-06,2.8841391368429627e-06,2.122147593599722e-06,2.7665967398359826e-06,1.749528532782005e-06,2.5991489334006963e-06,-1.3090619579864822e-06,2.5258868252236173e-06,2.651318534696843e-06,2.7962945020310416e-06,2.3218628252526842e-06,2.386740592856286e-06,2.305951666111924e-06,6.750081419719073e-07,6.436193637419082e-07,-5.943952025090765e-07,-5.563523695902284e-10,-5.44761561262457e-07,-2.5222561745469724e-06,-5.587403960718702e-07,-2.7021151559758886e-07,1.8979897367703226e-06,1.2907117502028388e-06,1.8947399775637296e-06,1.2810555948659268e-06,-3.963413096839687e-07,2.0578104281907816e-07,1.502789382216561e-06,-3.6550996582472186e-06,-1.5202105158238967e-06,-4.284988291916641e-06,-6.968074101565258e-06,-1.826262524113377e-06,7.344933244617162e-07,1.5124498541162315e-06,1.792238422010246e-06,2.235416931909154e-06,2.2616786297363005e-06,3.421303685625657e-06,2.5858942099556494e-06,3.5692439973051782e-06,2.5621528879021973e-06,3.981474050789829e-06,1.6533237218831977e-06,2.9618585553526453e-06,1.2841772956948938e-06,2.818946941375643e-06,1.7450171030950186e-06,4.026551616648338e-06,1.6602731413579467e-06,2.7293012395903458e-06,3.1719831963222333e-06,-9.408578736938715e-06,2.5722734448530136e-06,-4.3825876532593346e-06,2.2197439290863157e-06,-2.3854214222215615e-05,6.197561683368008e-07
012,-6.496998139191159e-06,-8.265273718155405e-06,-6.0474332362355994e-06,-8.80866821427363e-06,-5.6357169951798006e-06,2.612666545653943e-06,2.8803860465650514e-06,2.498195045741161e-06,2.0289220221679664e-06,1.2134877182163242e-06,1.4199611690171948e-06,3.577097551501795e-06,4.302130830153965e-06,3.5740297046826206e-06,4.144398639002709e-06,2.4668682385401455e-06,4.146778645605634e-06,2.731531319704498e-06,2.9167965058369097e-06,-3.5785748409374835e-06,-5.405269601014573e-06,-4.041185939486831e-06,-5.252774770385128e-06,-6.794346997828669e-06,-5.289152462285318e-06,-6.278805130611871e-06,-5.370212031632721e-06,8.44583850449503e-07,7.125306295308554e-07,8.06849938342027e-07,-2.664082178215713e-07,-1.4759907069832722e-06,-1.439788176168577e-06,7.601955262638444e-07,-7.643018817260392e-06,-8.489622831656014e-06,-8.30583630196453e-06,-1.8237313336830432e-06,-4.061954059058666e-06,-2.0621423735344494e-06,1.0521250205334886e-06,3.4158677988108804e-06,3.6716789856705607e-06,3.546062915814336e-06,4.14594490898743e-06,4.044251607679235e-06,4.044624158255352e-06,4.045232093971216e-06,3.3574030157366974e-06,3.547191518600598e-06,3.4190544412713138e-06,2.643025080787601e-06,3.6968267165724535e-06,3.3617723120273e-06,3.361496901876174e-06,3.069534439731431e-06,4.102783222210409e-06,4.013204403845067e-06,6.15500055735902e-07,1.0359277613790959e-06,1.3362928302272452e-07,1.6894844701195615e-07,2.3892848355194204e-06,2.3141250433219525e-06
013,-2.7981525350839097e-06,9.361209324002876e-05,-3.2162574664090048e-06,2.732866905981175e-05,1.1926821078015075e-06,-3.249211294159407e-06,-2.889426222393387e-06,-4.637828537340689e-06,-3.052263326614788e-06,-1.0974801164138236e-05,-7.925632819257627e-06,-6.519235740602638e-06,-4.517301790437265e-06,-7.057636745109693e-06,-5.853239743202373e-06,-7.86331673028652e-06,-9.967626376614408e-06,-5.669963192244888e-06,-2.8191372897235905e-06,-8.112171640356922e-08,6.090188420068194e-06,1.800910079888428e-06,3.8819734283892217e-05,2.4134519062041067e-06,5.2463214012357975e-05,-4.133549211235029e-06,1.6971734267100563e-05,-9.28450100345428e-07,1.3979554766510565e-06,9.536815645426757e-07,7.806315753488534e-06,-1.8937342428086383e-06,8.352124248170255e-06,-2.6040237847957517e-06,4.309715531847886e-06,3.0488111784293217e-05,1.598496225268611e-05,9.104203283145413e-07,-8.304554290576554e-06,-1.2222513219368363e-06,-8.083679105757321e-06,-7.856176962905271e-06,-7.261688794360318e-06,-7.483141331341017e-06,-6.104377247814921e-06,-5.069229761539276e-06,-7.085998080445786e-06,-6.000930697987393e-06,-7.147651489635651e-06,-7.476039615639193e-06,-9.802153938089583e-06,-1.2941964907371194e-05,-7.402032755973612e-06,-7.667627152649348e-06,-7.967769492967582e-06,-8.247919164272314e-06,-6.028523374357577e-06,-5.3093968115681346e-06,-1.6496873930881966e-05,-8.538329144757336e-06,-7.66593408121438e-06,-1.1327207088363688e-05,-8.957067382074357e-06,-1.4795536363460182e-05
014,7.539774734734645e-07,2.2169583826963142e-07,-2.4397699946441966e-06,3.163640632621741e-07,7.936123152179013e-07,-3.533350462841941e-07,-3.8365318100355915e-07,1.0524945776852677e-08,-2.3638726558269264e-07,-7.896618644324014e-07,-8.116594048838268e-07,-4.944729946802309e-07,4.4146194202948663e-07,-4.805350969256731e-07,4.56356528898367e-07,-2.1824043915055783e-06,3.9457097518521123e-07,1.3483181681289622e-07,1.5205189387267682e-06,9.531473338343456e-07,2.8224680960783073e-07,3.8744024719792987e-07,1.9655512719919584e-06,8.625890853699663e-07,1.8935890109594725e-06,1.641868777672639e-06,1.7831519403090627e-06,1.719146043673224e-06,1.5189692024901886e-06,6.2964289998817e-07,9.551493890842174e-07,-6.265291774396313e-07,3.037404680055743e-07,1.8137600542646843e-06,1.4121520497389446e-06,6.454922109575624e-07,1.3489832263363319e-06,2.0181807080316925e-06,1.8133103685181042e-06,1.6805602943568124e-06,-2.188642617036471e-06,-2.20219402883624e-06,-1.2895991870597967e-06,-1.564831449464441e-06,-1.1945257154359894e-08,2.102237952859032e-07,-1.1202307018735406e-06,7.858439385111106e-07,-2.7807049261863123e-06,2.912147832950997e-07,-3.034688846275473e-06,-6.688154709471872e-07,-8.115699244738977e-07,2.4887383145396996e-07,-2.2187195362985297e-06,-4.6406493883328577e-07,-1.7051814125009913e-08,1.0679753092894327e-07,-4.9865553820144864e-08,1.424197730628627e-07,1.5245428571388837e-07,2.857165816134202e-07,-5.678255514881201e-06,3.4574347412148303e-09
015,-1.7973320304045278e-06,3.4737879297306593e-08,-1.3181834050448531e-06,2.0450452314035241e-07,3.771372413654465e-07,3.0723681352516786e-07,3.3325718611186367e-06,-3.121476918583898e-06,-9.168612318705552e-07,-1.9422038918042916e-05,-2.562009507977607e-05,2.764974423725353e-06,5.438105248644675e-06,-1.1327391052331484e-06,3.587558997985071e-06,-5.290559227852031e-06,-3.6600199217761713e-06,4.395228265431201e-06,2.7110541156923485e-06,1.0935258455524504e-06,9.395452816733907e-07,6.210715558462792e-07,1.6548983205265604e-06,-3.343049874351901e-06,1.964471410901375e-06,-3.3614199762232874e-06,1.250683230745744e-06,1.219951778817288e-06,5.891265516875157e-07,-8.006992854696582e-07,-1.1325629067723567e-06,-6.161935862750512e-06,-1.3799010632314491e-05,1.5832911236334924e-06,-7.503381228139938e-07,-1.922373670032732e-06,-4.819014218120517e-07,-7.887046894204368e-06,-1.0986674276304665e-05,1.3812089008128764e-06,1.393362254881685e-05,7.698343369603282e-06,1.0094171992112682e-05,7.764422829174179e-06,7.086788574400606e-06,8.538421993897932e-06,4.303488762707399e-06,7.514627164588215e-06,5.521863617981055e-06,5.205871863095138e-06,2.9483457420820406e-06,4.944836877200945e-06,6.722329363224183e-06,7.4868451698579655e-06,6.724219185876365e-06,5.591445918370421e-06,1.0160871233872543e-05,8.243803981705037e-06,-9.384447191295259e-06,-2.4740807576960078e-05,-1.830349426983454e-06,-9.171272832269104e-06,-1.1241768103733906e-05,3.3397603341866328e-06
016,3.2833042309513316e-07,2.805186869319123e-07,-7.0615558887511e-07,-5.394273653822151e-07,3.901299994767e-07,4.5724133508279785e-07,5.737932308431274e-07,3.4991280040144373e-07,2.4604810146296836e-07,-2.2054994165764257e-07,-1.8840109375180016e-06,1.5535447153022245e-07,8.160243905629351e-08,3.008799609393933e-07,2.3537520169600204e-07,5.293178711598123e-07,3.079237112853891e-07,2.8214511254924648e-08,4.18410723789376e-07,5.367165092852432e-07,4.5186724759565575e-07,3.011998728224344e-07,3.054491446059063e-07,1.7788185076355697e-07,4.032376740378664e-07,4.872743498507222e-07,-4.219093261183373e-08,5.474816355570805e-07,6.68372894942527e-07,5.429907671859053e-07,5.011676244621738e-07,4.151178215898881e-07,5.471743388723878e-07,5.671953909711646e-07,-8.182017488110533e-09,1.5065473144371392e-07,3.2332864977624036e-07,3.246923532274556e-06,8.173914077691316e-07,3.787527512827331e-07,2.3627786734925997e-06,7.292722863388187e-07,1.2146529517522895e-06,1.0358986421119535e-06,6.046304125376093e-08,1.7395147354789303e-07,5.758018738295277e-07,6.994275501722935e-07,2.6675740588949884e-07,9.779105890931605e-07,6.781146153119702e-07,-3.108299933023555e-07,7.099649308800018e-07,9.223466803350197e-07,6.357785860600102e-07,1.4235053423887753e-06,8.147948486145153e-07,9.826941365281584e-08,-1.519259379924466e-06,-1.9494406769158502e-06,-8.755371186335461e-06,-1.3015240248870977e-06,7.363926421031627e-07,-1.2932371165024306e-05
017,-2.3731657780689584e-06,-2.9796916873188093e-06,-3.385053312606019e-06,-3.3435237740739056e-06,-2.746283942095081e-06,-2.119020564530596e-06,-2.2412876321723128e-08,3.4059760219214145e-06,8.132341817905685e-06,-2.819420322323689e-06,2.5150171542266104e-05,-1.8791647996450931e-06,-1.215964328862615e-06,2.9564389198839793e-06,-1.1970074478535087e-06,1.121417155607429e-05,7.501056061898171e-06,-2.282950942149072e-06,-2.5185759682871653e-06,-1.1867475079471443e-06,-1.7345632454081918e-06,9.086015512775561e-07,-1.8001779212856635e-06,9.071117399595601e-07,-3.0149974819753275e-06,-4.461172479919402e-07,-8.250337712675611e-07,-2.7060442386727082e-06,2.236457422104809e-08,-4.008618332446528e-06,5.33442545480915e-06,-5.2342284637035255e-06,9.923046603756329e-06,-1.938406664574969e-06,-4.6542922618588205e-06,-5.026150289537777e-06,-3.925286167652025e-06,2.681507934641205e-05,-5.422039684882248e-06,-1.133233055068578e-06,-7.407028735249368e-06,-2.888970416607665e-06,-6.359022589326365e-06,-5.973188503213651e-06,-2.0568964547760548e-06,-3.974754681245364e-06,-3.690595770271218e-07,-4.316685436953429e-06,7.399540053471535e-07,-4.493035499343845e-06,2.4749965370121715e-06,1.987791770663625e-06,-2.679051832027666e-06,-7.0881213717531e-06,1.2933771382122674e-06,-8.086074395487356e-06,-4.962758645847577e-06,-2.9834583205606332e-06,2.328005393433109e-05,2.096800202864882e-06,-2.0506736157215275e-06,1.0120035533252245e-06,4.619169386964927e-06,-2.1479795655566683e-06
018,-2.566999056221836e-07,1.481932671140453e-07,-2.820271577030195e-07,3.051399016072672e-07,5.0783386888515204e-08,1.1100841682752399e-07,2.880642230034298e-07,1.8706271573880568e-07,9.918098318391985e-07,2.890200802185905e-07,2.946354360528171e-06,-8.162086353391384e-08,1.7189744928067618e-07,-1.6298643638709945e-07,6.761316455752939e-07,-9.779022090438071e-08,1.1679851042544947e-06,3.89799515728545e-08,2.970078677522611e-07,8.97067340765462e-08,2.519397688025069e-07,8.922115554135496e-08,2.224747313562988e-07,-2.182154692789364e-08,2.4665739425391076e-07,-8.297868058484665e-08,-2.0254674018778287e-07,1.8022807056481465e-07,6.508902363602572e-08,2.1515877294253e-07,6.229881019726968e-08,-9.965561293599682e-08,1.2311262422858368e-06,4.972766578243018e-08,-5.202708026854346e-07,-5.43894543376485e-07,-7.130974978327612e-07,-3.002080464128289e-07,1.955300033756667e-06,1.0353609311875222e-07,-1.4100822209589643e-06,-5.634508983260166e-07,-9.651069883792084e-07,-9.037712551593105e-07,-3.0967752021479925e-07,-1.200817815619117e-07,-3.2446507504477254e-07,8.076210179928548e-08,-3.178206939377694e-07,-3.7578750815165793e-07,-3.942446058914633e-07,-1.1864176872389045e-06,-4.194270007407869e-07,-6.006997512993458e-07,-4.857332310147723e-07,-8.726476122528921e-07,-5.602341566924833e-07,-2.3102851965096218e-07,-8.885152280036073e-07,-7.808395635882388e-07,1.8994128653866586e-06,-3.756129076994891e-07,-1.4323389426416934e-07,1.1823984894641315e-06
019,3.8133658411575395e-06,5.919181959139064e-07,3.546252113722522e-06,1.1678989536985362e-05,1.7446897344108252e-06,4.91239306944361e-07,-7.867046210869888e-07,3.1089593664167694e-07,-2.572565537288348e-06,1.594678623923727e-06,-2.555928667505158e-06,3.486775681112041e-07,-6.550243268187683e-07,-7.232698563359932e-07,-2.081382179886657e-06,7.772920867778528e-07,-2.362896691959647e-06,4.000890105340809e-07,5.242444778988564e-07,1.8013550425056401e-06,-1.3566291930715541e-07,2.6400602304215364e-06,5.700538120976337e-07,3.0755637265978576e-06,3.804555546677986e-07,1.6549105196324894e-06,1.8417647096048532e-06,1.52272890357387e-06,-5.810520735520617e-07,2.173148985688047e-06,-3.45479876103497e-07,2.538294505487435e-06,-9.655537281078946e-07,3.880625986131754e-07,-9.523472721597878e-07,1.0098207086175779e-06,-1.0302673602464653e-06,5.836101746950686e-06,-9.153810335278475e-07,6.823915223013353e-07,-2.117610252002725e-06,-1.761335042898224e-06,-1.1396002503936877e-06,-1.6783112938924435e-06,-2.597122063110566e-07,-1.1061362661513194e-06,-4.196986820165727e-07,-1.4945781842590296e-06,-1.234846178732748e-06,-2.341300903151965e-06,-1.5596021864304812e-07,-2.3287085246774157e-06,-1.3928913834198747e-06,-2.01809661632206e-06,-2.047407411465359e-06,-1.5673154659869783e-06,-9.473914055914785e-07,2.704820792285101e-07,-7.003171403218831e-06,1.1785149332039457e-06,-3.390827433775079e-06,-4.604590627641813e-07,1.23121412068993e-06,-3.0883818033438294e-06
020,-9.61006440723067e-07,-1.1542846643542033e-06,-1.149885092293902e-06,-9.016837837306178e-07,-8.318281809713666e-07,7.90822093107702e-08,-2.2902077203292376e-07,1.1435901578371027e-06,2.1222390970048717e-06,1.343768856174144e-06,2.4635063725075523e-06,-6.977779128193675e-07,-1.8936465386094847e-07,7.531259593732426e-07,1.0193070713873112e-06,7.772630469836597e-07,1.6259636941114032e-06,-5.654399206247783e-07,-2.520551555930634e-07,-7.684383955846228e-07,-5.042911506172381e-07,-3.805702780752847e-07,-4.369480550660575e-07,-8.982009636688021e-07,-9.973213853691163e-07,-5.466189173523535e-07,-8.415203417626871e-07,-1.042921986096243e-07,-3.4608342687121635e-09,6.958280981066275e-07,8.649752817734851e-07,1.7399104626448622e-06,2.1515408063530794e-06,-1.393072029445353e-07,-9.155147174192846e-07,-1.0211179816242203e-06,-1.0015929752017405e-06,1.0420447548027993e-06,1.943467511945624e-06,-8.032253285803984e-07,-1.0102942038034208e-06,-6.182809102617576e-07,-7.061039276830662e-07,-9.598028321531088e-07,-4.1819026532753835e-07,-1.0093041475024685e-06,-5.30998846219976e-07,-2.4589657481264014e-07,4.48948855221902e-07,5.7891499937270844e-08,-1.33597010921192e-07,6.440052843743236e-08,-7.115150709013935e-08,-7.270006577441566e-07,-1.5922921293367508e-07,-5.539109535902475e-07,-1.2591841766833982e-06,-5.576864415128293e-07,-6.951758133768003e-07,1.7824115357119184e-06,2.1774712641167447e-06,-3.474514023901713e-07,1.2085204758635306e-06,7.927686475501644e-07
021,-2.4515094798206702e-06,-1.6786764911299288e-06,-1.5541057366097063e-06,-1.985198846189306e-06,-1.4948546175160994e-06,-2.13504438465931e-06,-2.5412571086819458e-06,-1.9536651590590373e-06,-2.3264178035308743e-06,3.512225659463305e-05,-2.0389551629098896e-06,-1.7359960238463774e-06,-2.5908342132430283e-06,-1.2807670746413893e-06,-2.3578063264398612e-06,-6.4045852608645e-07,-1.98179031821284e-06,-1.0975700408892445e-06,-2.1973336881135832e-06,5.3384740013246986e-05,-1.4529975935860216e-06,-1.4571245085324317e-06,-1.6313204075387561e-06,-1.410775353243864e-06,-1.5878500469375983e-06,-1.3545421055612862e-06,-1.4280373944514515e-06,-1.7003932524928596e-06,-2.2603778761002326e-06,-1.9514828780105708e-06,-2.0397845415851055e-06,-1.8141780520185392e-06,-1.8805246492592874e-06,-1.7414903559035879e-06,-1.5492400913708649e-06,-1.8376361810627296e-06,-1.6748510324594092e-06,6.786528018301149e-07,-1.4525452508605197e-06,-1.440730253284467e-06,-2.4922422974307764e-07,-2.3197548277186794e-07,-1.8904779359663196e-06,-1.0961543092223927e-06,-1.4797314593516837e-06,-2.4145614601316663e-06,-9.983873389820238e-07,-2.4180177561229333e-06,-3.377622679891532e-07,-1.8668367970639413e-06,3.0825334904020415e-07,-1.3464091527911731e-06,-7.317491363307203e-07,-2.2051376042960633e-06,-5.1721596285019237e-08,-2.11200932043441e-06,-1.892494290183374e-06,-2.18564634521679e-06,-1.2620545387864396e-06,7.002129144213503e-07,-2.3090776425714144e-06,8.680431281713105e-07,2.315320092955593e-06,-5.899274042190016e-07
022,-2.9797388505598334e-06,-1.8919485159197456e-06,-4.61258379700468e-06,7.761926305344256e-07,-1.875597376931475e-06,2.3622931898856195e-06,2.375854907048266e-06,1.5961977875314052e-06,2.3852856190913346e-06,1.746888830925681e-06,6.462334947899985e-07,3.8090029876781212e-06,3.695109078104312e-06,2.819395183254549e-06,2.908905177438092e-06,1.247405029496945e-06,1.3343964103116713e-06,3.875763493929275e-06,3.519686520154612e-06,-7.07117761920629e-07,-9.554282694176723e-07,-2.750107216045085e-06,-8.68540202820726e-07,-7.243944894220078e-06,-9.324117876169733e-07,-4.368821113211028e-06,-6.362644173158562e-07,-4.885027877760098e-07,6.76132781950559e-07,-1.1539917978744617e-06,4.801702675435181e-06,-2.7756903919930686e-06,-1.5921363206134064e-06,6.991841803281443e-07,-4.465515751610249e-06,-3.3144799402017546e-06,-3.8798934898131935e-06,-4.4487911101552e-06,-2.555988002367211e-06,5.6575008677572e-07,-1.1881467495157975e-06,2.7597177125321767e-06,2.0891946084691853e-06,1.951433297394467e-06,2.4648549264199734e-06,2.3591267167226105e-06,4.3108274661723e-06,-2.2999399979553366e-06,2.4797603295397768e-06,7.979322730023278e-07,1.2275666892145072e-06,-8.265588331505763e-07,2.6501540353571606e-06,2.1956592614901343e-06,3.115491282362511e-06,-3.4758767834186636e-08,2.528673077706599e-06,3.458090920828964e-06,-2.7137357239322356e-06,-4.401518014744425e-06,-7.530268016390869e-06,-1.6164660740356652e-06,5.13654149216389e-07,-1.6346308381455646e-06
023,6.037043882198924e-07,4.728845862813826e-07,-2.8813549984927043e-06,2.436678101044942e-06,-1.0120516794963822e-06,1.5250885030724954e-06,1.4910875044849708e-06,1.1447772524697387e-06,1.0831646901488132e-06,3.6141094718643497e-07,-2.4856658401138704e-06,2.429669192795927e-06,1.3335839137360011e-06,4.370939859992156e-06,2.3477709451368464e-06,3.2698045496353847e-06,1.9663984511412926e-06,2.786398615284015e-06,1.5732005361108189e-06,-5.417776719392846e-07,1.1403821249205995e-06,-7.06687352549484e-07,7.955273391016901e-07,1.0679489551212276e-06,4.671235222623358e-06,1.9325332153058454e-06,9.451350371559282e-07,4.581855034028181e-07,8.808496512311196e-07,2.0690167911096167e-07,9.830155304914968e-07,-6.005276584277031e-06,-4.914992261034268e-07,3.5898478006252684e-07,-1.4480187543392905e-06,1.0777329242244869e-06,-1.2178856085629856e-06,-5.050780053815852e-06,-3.5479232556372353e-06,1.255457959069742e-07,1.582088495146828e-06,2.5299893376922996e-06,-5.609482295362552e-07,-1.7151347196603877e-07,2.385681126675239e-06,3.0056555680933164e-07,3.2213319090196795e-06,6.792653191119478e-07,3.147509446290487e-06,-7.479365905857707e-07,7.392070791950365e-07,-1.606995099965815e-06,2.9432873426401014e-06,-1.6064660281756897e-06,3.226886536894942e-06,-1.4647637939519272e-06,-5.966124511664004e-07,1.510212490067958e-06,-1.0770000979762428e-05,-3.4315932228047707e-06,-4.82396868890672e-06,-8.619093199422907e-06,-2.7575894090551127e-06,-3.5601622443166125e-06
024,-1.6990973820725916e-05,3.813471033026345e-05,1.8892255092201666e-05,1.4413027705346754e-05,6.738218173293877e-05,-6.459404735650292e-07,-8.195760705669492e-07,-6.048891103352908e-06,-1.233036231854307e-06,-8.115044592605375e-06,-7.487743772306557e-06,-8.71333042731556e-06,-5.952495741778537e-06,-9.806433543481333e-06,-6.615366544612616e-06,-1.2269112322625992e-05,-8.234816243803477e-06,-6.136261391009282e-06,-8.147738209384749e-07,-9.40293017950535e-06,2.094742131419888e-05,-5.2288125077747586e-06,1.756507472276033e-05,-9.212775728828829e-05,1.397665760366958e-07,-4.486338859140018e-06,-1.7854443050879034e-07,1.2283890315416823e-05,1.690370805425824e-05,1.0676232299789404e-05,2.410995212065139e-05,-1.7811260867556895e-05,-2.5124822692320727e-06,9.252487036650117e-06,8.3929747558008e-05,5.26227148831083e-05,7.629009987096426e-05,-7.140146694061149e-06,-1.0046531401595035e-05,2.4000778506157892e-05,-1.095013541822901e-05,-1.0932278154072625e-05,-1.0014318953330125e-05,-9.99351775494566e-06,-7.4395878843833455e-06,-8.054027247634017e-06,-1.2389699162355994e-05,-8.096260533379191e-06,-1.2398991919284393e-05,-8.725577090105437e-06,-1.2943461352438323e-05,-8.779227522391539e-06,-1.0427856124799136e-05,-9.15116775896077e-06,-1.1387946235858942e-05,-9.6821797877115e-06,-9.235706652642464e-06,-8.429952494553757e-06,-8.04560513617517e-06,-1.2588931441459675e-05,-8.386539805999768e-06,-1.0212885943850027e-05,-1.3060272911886607e-05,-7.399320234098809e-06
025,-3.3989776900498345e-06,-9.353630304664612e-07,-2.455061209442838e-06,-5.880868951955998e-06,-8.407798887070119e-07,8.804613870412161e-07,6.742449984489012e-07,1.1942816688828977e-06,7.472840741340792e-07,6.997136770690393e-07,-2.136387044039938e-06,1.2274739923619128e-06,1.6128538307579258e-06,1.7829713841648653e-06,1.6389141032182085e-06,1.4094894431637748e-06,7.183180805249914e-07,1.501236188369013e-06,6.721903855038019e-07,-1.4076795951546355e-06,-1.0553706173898839e-06,-1.5898299995814742e-06,-1.291408837073926e-06,-7.791181357618929e-07,-3.355009480675528e-06,-1.754036356307417e-06,-1.0810723194502753e-06,-5.47323555446459e-07,-2.5274885924695206e-07,-9.517015854904995e-07,-4.5394478902794823e-07,-7.295639279361862e-07,-5.006858639071432e-07,-5.514506922370833e-07,-9.202078789677908e-07,-1.992138560968732e-06,-2.2905993500918354e-06,-1.198970150766159e-07,-7.066480861753708e-07,-6.750469906119988e-07,1.3721319705835313e-06,2.6932723179177864e-06,1.3672434486460395e-06,1.8846780950699782e-06,1.660876690751682e-06,1.75842660192933e-06,1.6358949106703023e-06,2.0293324577676246e-06,1.4656408017243615e-06,1.6313994775813588e-06,1.0646567489795809e-06,-1.3833399537039394e-07,1.7030488799200662e-06,1.984801316027154e-06,1.853009764962739e-06,1.954211204464251e-06,1.6700955170881177e-06,1.7884464712103122e-06,-7.653172817979688e-07,-5.485206150783727e-07,-3.6412867672435937e-06,-3.127781603800788e-07,-5.26226835404167e-09,-2.1218048946866186e-07
026,-7.764526269503597e-07,-5.885043227313564e-06,-5.446538016127382e-07,-2.6797507235197587e-06,1.0105953266467462e-06,1.4609995082121337e-06,1.4682890858522065e-06,5.734086993247967e-07,-5.135786905103389e-07,-1.2143335424683682e-06,-1.2509526554493811e-06,1.4543714440091551e-06,1.743534510950678e-06,7.355141657044589e-07,1.1510594804316915e-06,-7.900589169395926e-08,7.109829848372459e-07,1.991086839940737e-06,1.4328108588999e-06,7.71056464573638e-07,6.918561537844626e-07,6.035589534338824e-07,2.0513303439026474e-08,-6.700154768376545e-06,-4.820013280739928e-06,-1.2051944932491341e-06,2.632665945417912e-07,1.1365143815496344e-06,1.2407066244257094e-06,-9.044842725621687e-07,-1.0752919794564992e-06,-5.457773507843357e-07,1.2099596910071492e-07,1.265248941667178e-06,5.725823706842798e-07,5.178695423327023e-07,7.10231054226544e-07,1.9547450759220926e-07,-7.272316341860264e-07,1.2006115340439482e-06,1.1948162893660301e-07,3.4019468093319363e-07,1.1798970917611756e-06,1.0353572853031832e-06,1.6534539041722173e-06,2.0325598325629417e-06,1.007131901541617e-06,1.1650196615583018e-06,5.605813532809795e-07,9.908472172923271e-07,-3.2263570061871437e-07,-4.3170603041247724e-07,5.533899523750978e-07,1.3627323000789926e-06,5.51343569907946e-08,8.338634538765248e-07,1.7670446336395662e-06,2.033917602789348e-06,-6.093000867216523e-07,-3.094994796206812e-06,-7.120798124155675e-07,-1.5950360799811743e-06,-2.857562259714623e-06,-1.188512452354209e-06
027,2.486598709892759e-06,9.742614484520836e-06,2.041296225850748e-06,9.380711596690256e-06,7.30011920592418e-06,-2.0114863632254928e-06,2.002037858859756e-06,-1.735618025718998e-06,4.66230898704624e-06,2.1797691728322358e-07,7.678290443493498e-06,-1.6552286461133626e-06,-1.4825917682642944e-06,-2.164794896675522e-06,-3.8653866079639846e-07,-2.5856856293479556e-06,-1.71254824693338e-06,-1.0254279712098976e-06,-1.8973268526071041e-06,2.2270990518568694e-06,3.805824063521806e-06,3.76609803819527e-06,3.776312415542775e-06,5.741535655611424e-06,3.9333794937198884e-08,4.040773750570624e-06,4.91372149253112e-06,-1.4810082662571482e-07,1.7090051772936309e-06,-5.414125424786345e-07,2.9482063862056753e-06,-7.275947446344989e-07,7.825627568655673e-06,2.4364991435846137e-07,1.1259908951060506e-06,7.188146199796406e-06,4.577034674852075e-06,-3.8618000643022593e-07,5.696603676601433e-07,2.742366400098046e-06,-4.462144301111481e-06,-3.4803520249976936e-06,-4.639402625207083e-06,-3.6660649316995606e-06,-2.2649476922327442e-06,-2.3555970296466733e-06,-3.734067438039456e-06,-2.470681034685652e-06,-4.425095748531481e-06,-3.0652425058490428e-06,-4.223594121051967e-06,-4.5187171816398e-06,-3.795617952049762e-06,-3.5407728802891215e-06,-3.7601039599956486e-06,-3.6962942262508248e-06,-3.171177910873693e-06,-2.00794304109344e-06,-3.22213355591793e-06,-3.0342228726126116e-06,-2.332740587275987e-06,-4.6744094815808e-06,-3.7520552377019796e-06,-3.998426754958838e-06
028,-1.4390659690396357e-06,-6.817002233475679e-07,8.639964882215593e-07,6.810021355430046e-07,-7.112535599957057e-07,4.0572927301377485e-07,2.1551889761554305e-06,-4.926641077651637e-07,2.1437227764580178e-07,-5.362289877165285e-07,2.3569391253370325e-07,4.761000828613229e-07,-2.1786441879622215e-07,1.2957618621524103e-07,-4.776024677217562e-07,1.4556811753054785e-06,-2.4455587725744796e-06,-1.4054956753460693e-06,1.8349837676035867e-07,1.7971350029590105e-06,1.3020221288132217e-06,-4.7535780045492695e-06,2.1043069634436812e-07,-9.36829190736343e-07,1.3462436628525367e-06,-5.091915492418375e-07,-2.2683143097572484e-06,2.7534337119333284e-06,-2.4894494376903237e-07,2.066971709091081e-06,-3.131172364197947e-07,-1.7860108926763542e-07,1.341690164046121e-06,1.6763431684541255e-06,-2.4899492490738057e-06,2.7983524398900446e-07,-5.027651631414414e-07,8.2240338790311e-06,8.616797870545855e-06,1.7924379460043116e-06,-3.7528806013080074e-06,-2.358838219633134e-06,-7.259085508576018e-07,-2.9462038441392876e-06,-4.2291854495508697e-07,4.1984433905131473e-07,-9.334812683401876e-07,-7.029704566440335e-07,-1.6183980608896785e-06,-7.347252879450121e-07,-4.527308027290717e-06,2.796901502903952e-07,-1.6082903311438005e-06,-1.4144522392844411e-06,-2.7546900800734493e-06,-1.6022148260994117e-06,-1.0060060298387995e-06,3.44818324819288e-07,-3.813990797219156e-07,8.0011372624515e-06,-8.033898474349113e-07,2.6107283919581616e-06,-1.967236959085028e-07,-7.64908627122883e-07
029,-8.747666708545966e-07,4.221655560597617e-07,1.4257803414335431e-06,1.7365223016575698e-06,1.687800625369711e-07,4.221294399853184e-07,2.5857122453599627e-08,7.860779730819007e-07,-2.4457131629340584e-07,1.3825005665694198e-06,-8.958373743084754e-07,4.2867517266786786e-07,4.39833028128573e-07,4.414109764006427e-07,1.3495247906981655e-07,9.004513756527645e-07,-1.2618031412731118e-07,3.628719033435972e-07,3.6454737857033183e-07,-6.519084320033089e-07,7.384621315256436e-07,-5.934374808264292e-06,7.071688994674531e-07,-6.220528667657248e-06,4.687711352783262e-07,-3.6625432568754184e-07,5.540442718854297e-08,4.05805502604487e-07,3.1320511450221615e-08,1.5112999044433511e-06,3.256851757433064e-08,1.8954546597766594e-06,-8.825112695762819e-07,2.972281474255009e-07,1.1988399354421228e-07,8.83942539433058e-07,-2.0929944575953725e-07,5.686023808873463e-07,-7.083421459990507e-07,4.3510835172876384e-07,-6.717720685986798e-07,9.758845880288153e-07,2.1316170735149605e-07,2.9453548353049056e-07,4.592050519474292e-07,3.634597441054182e-07,3.584970419544888e-07,-2.4623119295151005e-07,6.489660980665985e-08,-5.418478513596359e-07,-6.25659103732235e-07,-1.2347556351603532e-06,2.422476558483782e-07,3.1817480745947786e-07,-3.3099357606720886e-07,9.023919366105414e-09,7.01956509207664e-07,6.028961366085129e-07,-9.77303213761556e-07,1.775835542040496e-06,-1.6780716957580178e-06,7.335656028657219e-08,9.555257673034743e-07,-1.5810247968648066e-06
030,-3.361485226228429e-07,1.2196648149820233e-06,4.857998739578957e-07,1.2180212947244884e-06,-3.25490353730878e-07,-2.2892238543407213e-07,-3.221187513724806e-07,5.70365452384989e-07,-3.020989546365828e-07,-6.796592422165918e-07,-6.141683077964461e-08,-1.7211953496064054e-07,-3.073228202303977e-07,2.3483515634789926e-07,-8.741906264610202e-08,1.063946850756539e-06,1.5456010248525139e-07,-3.1653766808920497e-07,-2.7862811891511524e-07,-4.807076625881017e-07,-4.885606577757782e-07,-1.390956629181507e-07,-4.5551548835293193e-07,-1.405342993800102e-07,-3.9237717745701467e-07,-1.201870712667631e-07,5.342123054827885e-07,-2.895976126304608e-07,-5.31205533077041e-07,2.330764961479574e-08,-5.002435169318804e-07,1.0688559243478479e-07,1.7605907321550125e-07,-4.494419530750466e-07,-1.5542379560516412e-07,2.2213021089621556e-07,1.0598992661988275e-07,-1.3818443695374902e-07,3.501279218193895e-07,-3.8399332557413765e-07,-5.33046513122383e-07,-1.5644498219482765e-07,2.2298518989210556e-07,2.6610390105922263e-07,-4.85131240653666e-08,9.626002150519201e-08,1.1373565389492251e-07,1.2001654941111307e-07,-1.1372115667287053e-07,1.9943256602611723e-07,-1.1070023522607019e-07,2.7860861202259664e-07,-6.233831942446992e-08,3.6682518968071874e-07,-7.996992359926356e-08,3.5421684029159684e-07,2.7140266053762904e-07,-2.74153878861617e-08,1.1709205172572986e-07,-1.072733284736076e-07,3.038790268176772e-07,-4.790813209793084e-09,-1.0768409473983706e-07,2.5838382924836677e-07
031,-2.1938858495476204e-07,-9.573096813950646e-07,-3.3307440677370927e-06,-1.1540812067612627e-06,3.952275082297453e-07,2.7741772595666585e-06,3.7139525482916527e-06,1.2692399623908485e-06,2.8776985340430203e-06,-2.0994261388102517e-06,8.593272078779248e-07,2.1076762460069327e-06,4.099370136601271e-06,6.750582660009865e-07,3.3657224821308148e-06,-7.377917243366604e-07,1.413591302302768e-06,3.5124893625591696e-06,3.7992829658354016e-06,1.6388544297536792e-06,2.125795174548125e-06,-7.339119237692059e-07,1.1333963993060391e-06,-1.545508446796522e-06,-4.483401096875016e-07,-2.9693614930855028e-06,-4.638009201230871e-07,3.066043938605619e-06,3.844764461267679e-06,1.0884432838183313e-06,2.676998140658727e-06,-1.099916639083289e-06,5.253247612546031e-07,3.6192737954828377e-06,-1.343442345390039e-06,-1.0882631936393549e-06,-1.3438106555157897e-06,-4.572043248813347e-06,-7.463830889996143e-07,2.0319708557963516e-06,-1.9616967100548406e-06,-1.1172535755871045e-06,-5.456245438387347e-08,-5.58916939986577e-07,1.2283744811525295e-06,2.872585476269507e-06,2.5444203901046444e-07,2.51541830203761e-06,-4.3219162754675054e-07,1.3632074408784805e-06,-1.5424891545691806e-06,1.1486705887745169e-07,-4.300185060683925e-07,1.5254801418831808e-06,-1.6601779155185403e-06,2.9531057529598495e-07,8.923499558739203e-07,2.4525223920207105e-06,-3.971740487054101e-06,-2.2227938358828718e-05,-1.4106207868398462e-06,-3.950697731100401e-06,-1.8130060259224532e-06,-1.434031432699073e-07
032,1.9618986716868088e-06,3.983360263165597e-06,-3.0327198917322833e-06,1.1982964997026805e-05,1.1024098819053253e-06,2.384494925554437e-06,1.3501000347790229e-06,1.3905376290400355e-06,2.5815968514625076e-06,-1.7129310977515763e-06,-4.310280281953257e-06,2.758123216822831e-06,1.0838946110489601e-06,3.7341910964004192e-06,2.8590120690511376e-06,-5.158912342754041e-07,2.1502305569799676e-06,3.1239924472619673e-06,2.1431877622571765e-06,-6.504003628453973e-07,1.5939609857269158e-06,-1.334247641136469e-06,2.0672150486082533e-06,-2.578270454727348e-06,3.8246430352426166e-07,-4.8643789564932195e-08,2.521140864578291e-07,5.262802684308606e-07,1.6894253644729777e-06,-1.268801090019563e-06,1.2666691758875175e-06,-2.943746003163451e-06,-9.814813519734666e-07,1.4195738728879692e-06,3.0189330003277165e-06,-7.624071322849645e-08,1.3571732505298357e-06,-3.898810997880499e-06,-4.628521596364928e-06,1.084666454234715e-06,-7.823941973880934e-06,5.074274459378805e-07,3.2038155536175418e-06,1.9826940721071617e-06,4.3195928964165824e-07,1.5468674955415385e-06,2.665626998256426e-06,1.2875185815974567e-06,-1.1350960589613733e-06,1.4885669188660405e-06,-9.417842694783527e-06,1.4055858541336358e-06,-6.858954685670485e-08,2.2404714798732117e-06,-4.786542818307841e-06,1.610037569798836e-06,4.934746573560142e-07,1.603643316866359e-06,-6.6829429927483656e-06,-3.999550362676672e-06,-5.076340265821593e-06,-3.339466572304472e-06,-3.4538481736255203e-06,-5.951012092541528e-06
035,-4.770063668799766e-07,-6.003196588504878e-07,-2.0033032488570337e-06,-6.465140307537083e-07,1.3275949441974426e-07,1.7966475413125643e-06,6.374122095957373e-07,6.536040646579598e-07,1.3301688270298288e-06,-4.597257784521245e-07,2.937177925728708e-07,1.3564047919744533e-06,1.6922348299491242e-06,9.068938022236945e-07,1.9984199333569337e-06,-2.5477613865870007e-07,6.826949926634285e-07,1.5432477066761135e-06,6.864771858858892e-07,7.331829671006387e-07,1.0091380506975142e-07,-3.01812524685374e-07,7.191637848209644e-08,-3.424456362944704e-07,-4.844005809235884e-07,-2.65091155851826e-07,-5.811460938754164e-07,1.206987419924818e-06,1.420567742585845e-06,-6.131018810821285e-07,4.034463838972881e-07,-6.002293601126602e-07,3.9546297279287155e-07,1.4925747083515255e-06,-1.8463736403659114e-06,-9.58927257924619e-07,-1.1292894146001185e-06,-3.2007423009749045e-07,-3.003643357635997e-07,9.457413670617812e-07,-5.55114401946827e-07,5.703619746362511e-07,9.026672523775654e-08,3.146551348498661e-07,1.3336158827464449e-06,1.5808985247437196e-06,1.122411247481386e-06,1.0846942289009316e-06,2.2226119520978902e-07,4.3712068107016945e-07,-7.179594678689645e-07,-7.359498019609226e-07,6.275681235036689e-07,1.8563227431752612e-07,6.0345116773427e-07,-9.368078534721818e-07,1.361999718023503e-06,1.4184507512754219e-06,-1.2407705556377886e-06,-2.7279216866588725e-06,-2.017303041608463e-06,-2.88088638254163e-06,-1.0591219144321387e-06,-6.37812810715864e-06
036,-4.259661814064058e-06,-6.057237317683747e-07,-5.3360918316764085e-06,-1.5263157950612777e-06,-3.31925328445805e-06,4.082054818078868e-06,4.505108310845615e-06,4.278390392297174e-06,3.215808567928658e-06,3.860306995135441e-07,1.1502443978434928e-06,5.9902603050389495e-06,5.5062104923256565e-06,5.231680988125676e-06,5.162364755400408e-06,1.8189663867166251e-06,1.3559181589002444e-06,6.068114938481374e-06,5.082327581556485e-06,-1.891810979844288e-06,-6.826872654122358e-07,-5.985176850757821e-06,2.682871429316225e-07,-1.0164435847443199e-05,-2.614504024797564e-06,-6.0870971157492645e-06,-3.4714221700935168e-06,8.318093132799448e-07,2.552432318903358e-06,8.167943946928934e-07,1.3864856273199394e-06,6.196156630532755e-07,-1.9926971916015637e-06,2.2839872167240606e-06,-4.654040174689976e-06,-3.1312190518879044e-06,-4.290823819115878e-06,-5.297105024076509e-06,-3.507462500838276e-06,-1.4423787118610576e-06,-2.8300703468408285e-08,2.3427409823730082e-07,-3.6643402581891195e-07,-4.0978642948976767e-07,5.1281914949188064e-06,4.759082285984648e-06,5.312742050983219e-06,3.0505149651368515e-06,1.1730296873991307e-06,2.849624613582491e-07,-1.5495052656778043e-06,-3.753218244292806e-06,2.2358148230183695e-06,6.91968306500601e-07,-6.038767506463344e-08,-2.0112262313935657e-06,3.1382007709331914e-06,5.276091129769073e-06,-3.1033842823097745e-06,-3.397552810560232e-06,-1.9361089327970493e-06,-1.9673181674598298e-06,-1.770311020837616e-06,-3.2643235698296417e-06
038,-6.632527415920729e-06,-2.1933637682231363e-06,-7.809663582785532e-06,-7.5206259456541255e-06,-2.93377519702488e-06,-9.915199611090077e-07,-1.1376963803765291e-06,1.8466343974117804e-06,4.32295473302329e-07,1.4923541279075234e-05,1.682801547518607e-07,-5.575928281606493e-07,-7.35412920377482e-07,-4.05327161098786e-07,-8.780392760140824e-07,1.2359426477824887e-06,1.8609536412053152e-06,-8.546510349280263e-07,-2.0235415219117746e-06,-3.507668515092897e-06,-3.334396079180735e-06,-2.974496730801302e-06,-4.572063460869055e-06,-1.4188889988688968e-06,-3.5633745198195332e-06,4.039470515460586e-07,-8.829409612821482e-07,-1.7794520452642206e-06,-2.685484212110671e-06,6.886608780294916e-07,-2.233264203455834e-06,3.0218541797915783e-06,6.634412945426292e-08,-2.1501664301971327e-06,-7.4201902586922425e-06,-8.233033990242752e-06,-4.993409716724669e-06,1.5350031650359719e-06,-7.66909377867121e-07,-3.013268561865229e-06,7.135674127491705e-06,1.278998210030672e-06,4.38985519017061e-07,1.982002387315369e-06,-1.542713883872888e-07,-2.255559587218471e-08,-9.831981249714821e-07,1.6660995808583677e-07,-1.5163773395558438e-07,2.499413950178443e-06,3.4142979500838436e-07,2.9543108064199194e-06,1.9729606327565206e-07,8.188035751042457e-07,2.62992620366999e-06,2.0048572351730396e-06,4.878590877871506e-08,5.015910492198563e-07,-1.763602188500446e-07,2.5112114526596065e-05,6.48776872139738e-07,1.8340346836114276e-06,-2.866282993700041e-07,1.3200328548823278e-05
039,4.290674130692805e-06,4.651334932228787e-06,1.8091742750374246e-05,6.9757299988528535e-06,1.964383638492833e-06,-1.6442585958832744e-07,1.6499851172903184e-06,-2.5400446281958797e-06,-7.604931882101887e-07,-3.374188600015847e-06,1.2520642268385125e-06,-3.7360361082270476e-07,4.3459804723460044e-07,-3.008737778873638e-06,7.865181051112348e-08,-5.5288486511925965e-06,-2.573424773328813e-07,7.544826466536215e-07,2.647557173431506e-06,2.077008058322733e-06,4.03262807779594e-06,2.818182087294262e-06,4.954343737729451e-06,-4.40634529481439e-07,5.460637884514722e-06,-1.0108800757308943e-06,4.741479629312679e-06,1.6708781422051896e-06,3.3944023568026354e-06,-2.6287968976919143e-08,4.621417233891314e-06,-2.377191030149913e-06,4.397761162910691e-06,2.839539662421026e-06,3.480435012785819e-06,1.0480031497502046e-06,9.281802532740195e-07,-1.907964299536054e-06,1.4926389232228185e-06,3.3154817978424223e-06,-2.6351440131219735e-06,-3.1303594538360206e-06,-3.270162270643488e-06,-1.8038623947088115e-06,-2.9665884367057086e-06,-9.371714218431388e-07,-3.6830510772908684e-06,2.4774113599249613e-06,-2.494990323477931e-06,-5.980765926248715e-07,-5.81084614264322e-06,-3.1132928514773762e-06,-2.70005357925234e-06,-3.589792865869751e-07,-3.3394037689973168e-06,-4.448023592736913e-06,-2.1760217913355597e-06,-1.4929858725088084e-06,-4.211452422607067e-06,-5.6565077924688195e-06,-2.024275042048937e-06,-3.3926488459530895e-06,-9.284574453039646e-06,-5.2425188785859e-06
040,-5.443786465123625e-06,-7.712125811499807e-06,-3.235989091904999e-06,-1.9066199198083074e-05,-1.2460200042943572e-06,2.2781009322000957e-06,8.117522677306214e-07,3.1329599097129693e-06,7.660898507577565e-07,1.6800214165429839e-06,2.1973654250536855e-06,1.712662900082004e-06,1.0868687591902948e-06,-8.340186914819106e-07,2.5280342564027417e-06,-8.820620411954895e-07,2.5438560076726806e-06,2.329723106615847e-06,2.0769301240291993e-06,3.1795761041360654e-08,-4.988212047798933e-07,-1.0552918422019336e-06,3.366445880613051e-07,-4.718517395476533e-06,-3.977406083983686e-06,-3.436110857042095e-06,-4.835629669064043e-06,4.6882394070689737e-07,1.9197168115394724e-06,2.7848158429145284e-06,1.1650275879028821e-06,2.2848885851229823e-06,4.015319408279058e-07,1.6068938916449554e-06,1.0758657958988492e-08,-2.965189435042089e-07,-1.900453953680053e-06,1.0522526396031356e-06,1.6419636745884603e-06,3.278254703592588e-07,-2.9404251854641317e-06,-3.10311987352288e-07,4.722522811356745e-07,-1.0247418462148568e-08,1.1991299031492707e-07,8.701858748126349e-07,1.737825837476849e-06,1.5648545625539707e-06,2.0081636172232187e-06,7.039016561340337e-07,-1.0432257360882907e-06,1.976212429158151e-06,2.078042074967654e-07,3.126325504794375e-07,-2.5436272955710985e-06,1.8626175973708606e-07,1.4830838447313135e-06,1.9149146365446238e-06,3.964507836469255e-06,2.5533456677232572e-06,1.194837564000751e-06,-6.401056622395185e-08,3.724212272306788e-06,3.87858550591587e-06
041,3.5534050937846427e-07,5.796371482138179e-07,1.9853317339054904e-07,-1.2377682044907799e-08,1.0255005160098655e-07,7.172116903949626e-07,4.844384733870805e-07,5.526912819729456e-07,1.8022021546849355e-07,-4.1365594719144424e-07,-2.9590484637795764e-07,8.122147024641377e-07,2.1300267603501865e-07,8.583608713014606e-07,3.24486488474611e-07,-1.9840500875811803e-07,-6.694685230378558e-08,4.079793908255842e-07,3.9492589419122344e-07,5.964212763674247e-08,6.931494112029958e-07,-2.721924857975953e-07,4.7094313000432207e-07,-2.0066041396347892e-07,4.223056809568869e-07,-1.369313002264019e-06,-2.988303807030659e-07,4.174785948534492e-07,7.034539357081825e-07,-1.5240347136107946e-07,3.030845710804131e-07,9.945686964120933e-08,-6.289655049369477e-07,7.536942284135829e-07,-8.029095087773413e-07,-8.214274419462459e-07,-5.445827895404978e-07,-2.3807908339016014e-07,-1.88131766164262e-07,8.08486557989988e-08,-2.994251261252962e-07,5.446778527961988e-07,7.597704875314512e-08,2.2583781051208717e-07,7.70190724885887e-07,1.7937029298886718e-07,7.791343080043261e-07,1.699927519509764e-07,6.792358782533337e-08,4.488183902454179e-08,-2.0379051891250264e-07,-3.0836183314937576e-07,7.812451343112632e-07,2.879132121564544e-07,2.85736881667196e-07,-6.345261147715817e-08,4.4846516786257906e-07,4.381087518463145e-07,-7.735973800602052e-07,-2.38951925355081e-06,-9.582862364327788e-07,-2.0309937635653797e-06,-1.1353572791070087e-06,-6.175349490798669e-07
042,-5.530883412957339e-07,-8.803469314037824e-07,3.1591738965739126e-07,-1.94389897053681e-07,-8.100585510263601e-07,2.482056437136197e-08,-4.2505452666368104e-07,3.6524757313506586e-07,-2.3472237563626848e-07,1.4128068542140382e-07,-3.742422407450358e-07,5.728894953740612e-07,2.739965107763676e-09,5.732191217912396e-07,-6.345053412490452e-08,9.77865417802295e-08,2.401684104081022e-07,1.7706153259585483e-07,-4.2345324066628284e-07,-3.5588562138400566e-07,-9.290246790172605e-07,-3.557223021810649e-07,-8.5231376244065e-07,-1.7346837924722435e-07,-8.730261466971292e-07,-1.517889403766616e-07,-3.8918508001953157e-07,-1.938954393410481e-07,-5.251243393343942e-07,-1.642373022780364e-07,-7.068668997786531e-07,-2.3175146726959134e-07,-9.175723803349058e-07,-5.568199118591062e-07,-5.15174739007309e-07,-5.44312982832606e-07,-5.106890394433589e-07,-7.685874382701603e-08,-5.585666181945934e-07,-5.529387058097877e-07,-1.201611568891875e-06,1.2701163069488438e-06,5.810315331988139e-07,4.978966489296971e-07,1.2076210520947756e-06,1.17068222099792e-06,9.420785107015185e-07,5.305167906508561e-07,3.8425715553324417e-07,1.0563177135067745e-06,-9.049487948637674e-07,9.043437166664449e-07,1.3243043156952788e-06,1.1744541425787978e-06,1.3114780535934e-06,1.0183737632899399e-06,1.2248478018902149e-06,1.4290711170281602e-06,-4.15119859953663e-07,-5.016501851228353e-07,2.8742702293050124e-07,-1.0427707433786117e-06,-6.541849692502243e-07,-1.1632905127017152e-08
043,-7.702022607864836e-07,7.091031543525445e-06,6.936001620867783e-06,1.8063737820642723e-05,1.8910787421836314e-06,9.064607788621571e-07,-1.0181238600087356e-07,1.4293482070705952e-09,4.7634190748610255e-07,-3.253561538926266e-06,3.089551700991163e-06,1.2204876065660371e-06,2.5356323697849547e-07,5.746370879485955e-07,9.605309803628762e-07,-6.7976081382815635e-06,-2.9745105387224217e-06,-1.2531462071494466e-06,-1.349300961679242e-06,-8.06755880072659e-07,2.265416096608889e-07,-4.915790192293468e-07,1.7488301259509664e-06,-1.2430909050657377e-06,5.813785115016514e-06,2.6023735672033423e-06,2.725443698687475e-06,9.575237865493655e-07,1.8680400924828205e-06,-2.650426364666687e-06,2.146048865034884e-06,-1.8006857206918741e-06,9.383170542093795e-06,-1.5649944459825242e-06,7.501182158829873e-07,2.3689223171702213e-06,-1.7838076167088606e-06,-8.412353070397131e-07,1.0931054372958373e-05,5.340038210822601e-07,-1.273956592130109e-06,-2.644267316538696e-06,-2.3194054514411544e-06,-2.4608916219864563e-06,1.1448026474851021e-07,4.552634486690807e-07,-2.338385838860594e-06,-1.9918691767480922e-06,-7.1030391672852e-06,-2.910693647390851e-06,-6.094190857744393e-06,-3.6353814240307383e-06,-2.8186812680754232e-06,-4.164309636792941e-06,-2.9491829082985278e-06,-3.1319387842206543e-06,-1.6358585267229634e-07,-1.2628740413526448e-06,-2.3062238853617536e-06,-8.875087016640362e-06,-1.2852900105593498e-06,-4.502440441161546e-06,-3.346444046270444e-06,1.1170404058752372e-05
044,-3.156139072873924e-06,-4.150490706823896e-06,-3.086484119081005e-06,-5.986953807960828e-06,-2.6596537635370708e-06,2.1844489034812916e-06,3.885185531346837e-06,2.149344369952631e-07,3.70350701403134e-07,-8.608490508638984e-07,-2.379410326864307e-06,3.5965191255279938e-06,3.1783871902042436e-06,4.532315959860779e-06,1.355587139120838e-06,4.30486021571927e-06,2.2960578876386156e-06,3.520113875892234e-06,4.123639135504671e-06,-2.913262444618158e-06,-2.5586915686214233e-06,-9.773829847588056e-06,-3.854850565708902e-06,-1.400114668328961e-06,-3.7535029928942224e-06,-2.263229564714545e-06,-4.052836477243021e-06,4.534144405552712e-07,2.463834783771384e-06,-7.970920196866674e-06,-3.2927701686023254e-06,-9.414342103660926e-06,-8.720395592666143e-06,2.6192485796528265e-06,-2.3670506466841596e-06,-6.883699368320786e-06,-3.389682750395857e-06,2.4876018722477687e-07,-1.3970740577350238e-06,2.779702030175744e-07,2.2296900150774958e-07,3.476766612392483e-06,-1.2619604595501896e-07,1.2079329372979403e-06,4.625681802578364e-06,3.2943248717789934e-06,6.514466973043589e-06,2.6644631967737065e-06,5.819196161417449e-06,3.6875035831433364e-06,3.8852875822607345e-06,2.552613918189447e-06,5.615593729782683e-06,2.0125819827863186e-06,2.903920819481449e-06,3.512172008881796e-06,3.8165935480718215e-06,4.287286129491586e-06,-1.7260492822668835e-06,-9.557672498392368e-07,-4.369154977610267e-06,-1.997327992437688e-06,3.5923675313746805e-06,2.14337872359208e-06
045,4.169545585744253e-06,3.0324038712213997e-06,4.388841126417514e-06,1.3101235300504569e-06,1.6439116934492303e-06,-4.5635670644226074e-07,3.903824477080771e-06,-1.124542814270722e-06,-1.055616315335922e-06,-2.862191959012557e-06,-8.206971269202804e-06,1.4480952970656662e-06,4.814920897762057e-06,-2.4460925049817867e-07,6.598424308153418e-07,-1.4427494357837473e-06,-2.4244579434056575e-06,1.5629138439212187e-06,4.1003919944393896e-07,-5.078658224445294e-07,1.5681764203299342e-06,-3.122042723795241e-07,1.5003386600181577e-06,3.616001948149231e-07,8.993392410972063e-08,-6.504783349925612e-07,-6.966318611030827e-08,8.061065801841682e-07,7.459136046032555e-07,-4.85063825688826e-07,6.118327627128067e-07,-2.3718813258558751e-07,-8.802329303540618e-07,2.7443379775066427e-06,3.1880131258028075e-06,1.429988783712048e-06,2.0456044807370026e-06,-8.082116752333566e-07,-8.877715607555046e-07,1.5543332349680934e-06,-2.5917557524449717e-06,-1.7801316902684985e-06,-4.7331371944871156e-07,-1.4105915823554788e-06,6.550639327309508e-07,1.438027017067389e-06,1.3746945682626818e-06,1.3934080517799043e-06,-1.4293196423067152e-06,1.1455062293366445e-06,-1.6332341575663821e-06,5.602104491877678e-07,4.2044792347219897e-07,-1.0200117071593165e-06,-1.4530309740102498e-06,-2.420761871695687e-06,2.8352571264729793e-08,9.813279150781049e-07,-2.735046828979969e-06,-5.3844128546443014e-06,-4.7160145966707673e-07,-1.0205811715731542e-06,-4.10367412857216e-06,-1.4040373854630013e-06
046,-1.3793198866748456e-06,4.05062723892539e-07,-9.167184085503868e-07,-1.1660185464744861e-07,4.999135301834665e-07,1.629839483613878e-06,1.718595590187236e-06,1.557964697608727e-06,1.678507640376689e-06,2.576716486492781e-07,2.4713348800229455e-06,1.2801289413905886e-06,8.651112183340343e-07,4.653914816952087e-07,1.067696556647648e-06,-7.2717309302697e-07,1.4705132581586365e-06,1.6710980864473512e-06,1.4869768998830889e-06,9.46943124263157e-07,1.067754860508942e-06,9.293571796793674e-07,1.1118111090585197e-06,-4.5749336157770857e-07,-4.3024004015460173e-07,-4.144849990432383e-07,-5.555969225135804e-07,1.9020487949130582e-06,1.0233081072106765e-06,1.3544461950845293e-06,1.2338401150678362e-06,8.122645855283639e-07,4.620332376952396e-07,3.2364277272910206e-06,-3.8961613385024756e-07,-1.3465969548850452e-07,1.8147929846145175e-07,-6.367852091590073e-07,1.0735472702338104e-06,1.3109924991086002e-06,-2.870878713753376e-06,-1.358601199575991e-06,-9.389603925247981e-07,-9.105223968908398e-07,1.595047057867382e-06,4.937475118801633e-08,5.708376005984893e-07,-4.3741575283474367e-07,-2.5942604420175575e-06,8.571641539506328e-08,-2.508262529408021e-06,-2.2025087620960596e-07,-4.2678488398468225e-07,-3.362532911189025e-07,-2.1819823566115484e-06,-3.871514729950089e-07,-2.4351893793667906e-07,7.927380628475386e-07,-6.504444086288439e-06,-3.891250885920613e-06,-4.965729461778159e-09,-1.9061046622175774e-06,-3.094889138837431e-06,-1.2905872758182466e-06
047,-4.3682530875472976e-08,2.8342529931417636e-07,-1.458682378954861e-06,-6.42737634219687e-07,1.20186217533109e-07,5.387761626785088e-07,1.7410006579036335e-07,3.6487387277293226e-07,-3.2000520003219315e-07,2.2435039734684928e-07,-1.2583042233697249e-06,6.148985137082686e-07,1.4853578650927363e-08,6.94123000544478e-07,-2.2033013169633648e-07,2.455762194418637e-07,-1.1810613038035712e-06,3.2362383057728504e-07,5.078121465219226e-07,2.20081137239078e-07,3.0418096692743625e-08,1.911165406371468e-07,2.096048255870435e-07,-1.464444409361567e-06,1.7708665024046728e-07,-5.175114507700196e-07,-5.036083770852867e-07,4.849993292813186e-07,3.713495900673071e-07,2.2597152631518518e-07,-1.3421819931644767e-07,-3.1637483686022505e-07,-6.898149871292344e-07,3.827892307783199e-07,-1.2088601218387376e-07,-2.843733850953292e-07,-8.150771145024016e-07,-8.945664137508474e-07,-2.4427566705116785e-07,5.6625719060298826e-08,4.0102474266283856e-07,5.938680802748487e-07,2.7997589946942057e-07,4.1586823066076105e-07,5.87484167631021e-07,7.134454779487656e-08,5.918480913856947e-07,-2.090812756399286e-07,5.694811449544447e-07,-3.8122179189539303e-07,2.307784099462295e-08,-1.5400688945275195e-07,6.995795299372372e-07,-7.428655332337389e-08,4.501827759443648e-07,1.7212896749560158e-07,4.74708542949488e-07,4.230237640189724e-07,-3.7258035681785434e-07,3.2757559345230863e-07,3.0774122017346e-07,7.858507521832353e-08,-6.3285029901040085e-09,-6.16680539620221e-07
048,-1.847556467791788e-05,-7.264215115338294e-06,-1.5596573739092756e-05,9.167835977684032e-06,1.3560570302485392e-06,2.1781810831771625e-05,4.724744065472035e-06,-6.999896233728074e-07,2.427971938805281e-06,-1.1468244796869117e-06,-1.2728451104849055e-06,3.400801751102798e-06,4.619422962291992e-06,1.3041911636901455e-06,2.903220012808546e-06,1.6352955493001238e-06,2.3147589186430823e-06,7.07522505466715e-06,6.77948605306946e-06,-1.4474675840868754e-06,1.2781651852354655e-06,-3.525269369879526e-06,-1.1505426142176778e-05,-2.9792717898150176e-05,5.417249564211572e-07,-5.879251658283263e-06,-2.8368819074049915e-06,-1.5968357914830811e-06,4.9078072483837126e-06,-8.999921412756556e-06,3.6737523173342972e-06,-3.470806994973779e-06,1.3381812581029312e-06,4.435698614676651e-06,1.8166379912699515e-06,2.6304554489126316e-06,-5.178869735126725e-06,-2.0827229153470038e-06,1.4016604463940032e-06,2.338630933228207e-06,4.1171719532410914e-07,3.0227768659799743e-07,2.1025619110196368e-06,-2.3219969342710083e-07,2.3542122612727172e-06,4.542669875230552e-06,1.839028596899741e-06,3.7808095600555275e-06,1.6402806587233917e-06,2.246141363888021e-06,1.9810767010592957e-06,-3.6213143869048445e-06,2.6331347933527974e-07,1.3019969783052235e-06,-6.049154599428216e-07,3.528854864338953e-06,9.0872699989422e-07,5.1107288638416655e-06,1.012249106595118e-06,1.8384819060367482e-07,-3.0283582995045666e-07,-2.1522331639559407e-06,2.8173701219892725e-06,-2.495717434744753e-06
049,8.59749381893921e-06,-2.6174806082517787e-06,-5.203926462177972e-06,2.899550771648652e-05,-5.105952026294598e-06,1.433631608695805e-07,-1.5131156058323095e-06,1.0435157939282374e-06,-2.344554920465893e-07,-3.8882598752769805e-06,2.73505314385282e-06,-2.383948576050773e-06,-4.04287093947407e-06,-2.4941730188885553e-06,-3.041474088629467e-06,-5.112893851805712e-06,-1.8274604847227437e-06,-3.302683320743262e-06,-3.3331788830077214e-06,-2.2744793233446573e-06,-1.0805433099108268e-06,-2.3126959223034404e-06,-9.404452247758086e-07,-3.2964880162476435e-06,-8.791334777335839e-07,-4.331634212707241e-06,-3.75906549015205e-06,-5.277305270885102e-07,-4.4047658298666995e-08,-4.7001834739520557e-07,3.3432854157243885e-07,1.2447697970470653e-06,3.385243471736691e-05,2.8829470999156433e-07,-5.691157279743517e-06,-5.060303533856866e-06,-5.9392799433661374e-06,1.3950968035535358e-05,7.275199759361962e-05,-1.2299579735234223e-06,-4.871422356917289e-06,-5.896453887792882e-07,-4.276906161902548e-06,-2.172263647134559e-06,-1.7815434404730135e-06,-2.969328739133792e-06,-1.8289324698002483e-06,-5.049056417940128e-06,-3.4652303326816064e-06,-6.0566899533093985e-06,-4.681745355592073e-06,-6.605616486607695e-06,-1.6063594057819558e-06,-4.234110361258654e-06,-2.3116583387453616e-06,-5.789187784392227e-06,7.682189208066072e-07,-1.0129542710639985e-06,-4.827887183510219e-06,-4.864230981004405e-06,-5.762278681559677e-06,-4.2120456908789974e-06,-3.6970661161689878e-06,-1.0093291172974325e-07
050,-1.067635581194807e-07,-1.5694353698275184e-06,-5.063751921458122e-08,-1.252492967044938e-07,-5.428510127551577e-07,-8.707816241271767e-07,-7.257843121173246e-07,-2.9625800786865606e-07,-5.785170214847763e-07,2.779453911563449e-06,3.435778270060617e-07,-6.568824185956011e-07,-1.3702787298771205e-06,-1.9659424838942874e-07,-9.862722893709284e-07,7.027166330148095e-07,-1.7182013824401144e-07,-5.47297615351573e-07,-8.644977917117312e-07,-1.7030730165736607e-07,-7.854592347186048e-07,-5.58106720359259e-07,-8.473994078026638e-07,5.942229931477347e-07,4.525118393616989e-08,9.616038487291575e-07,-2.633555371384624e-07,-5.456495479733076e-07,-5.051511331053899e-07,-3.716358353445092e-07,-8.126906650212476e-07,-1.7162175812328006e-07,1.1326858826692996e-06,-9.391092539409188e-07,2.1651435588339908e-07,-2.602361394241981e-07,-1.5405031270221752e-08,5.209188244777266e-06,4.644968787593894e-06,-8.5967263602992e-07,-4.748510791951988e-06,-3.818930792490214e-08,-2.669989841063867e-06,-2.2175424655981346e-06,-6.234629197221343e-07,-1.5350963078348244e-06,-2.888715729740486e-08,-2.1584227846361705e-06,9.148008687078064e-07,-7.775611545314781e-07,2.070192158166449e-06,9.328257667596241e-07,1.8391264422033462e-07,-2.031513351091011e-06,7.654372184965716e-07,-1.7496079436493611e-06,-9.937009685833182e-07,-1.738546184890903e-06,5.721673587945236e-07,3.044587495692187e-06,6.385227551113695e-06,2.338873431518098e-06,3.203937933323966e-06,1.0346062393299084e-06
051,2.281170540518577e-07,2.860491184272899e-07,-1.0517411786093804e-07,1.3099782112402556e-07,1.699850375790954e-07,3.681826025494325e-07,3.9379027547515285e-07,3.139619414368084e-07,2.803520600554226e-07,-6.199555039138029e-07,-1.3754135020799807e-07,3.415477221277552e-07,1.618432959305809e-07,2.3630962462719824e-07,1.65671658764087e-07,-2.4227083105288943e-07,-6.471134207073037e-08,3.2689767217594766e-07,5.587153042653248e-07,1.9433342156588243e-07,3.402341567263399e-07,5.49710020209583e-08,4.6100008660888593e-07,1.3298472474403544e-07,1.8238233956529294e-07,1.2842209928044787e-08,1.346533097020983e-07,-3.952574741385174e-09,3.728029424171679e-07,1.848980264995416e-07,3.834671972831558e-07,1.919179596630432e-07,3.487238896518253e-07,4.7006190604037535e-07,9.666009875044023e-08,1.807033580802958e-07,1.9763575646529793e-07,-1.810572869359605e-07,2.6169386088091123e-07,4.2609412603393586e-07,4.427027360907227e-08,7.893101450712027e-08,-7.726266701149983e-08,-4.26881318601921e-08,4.0900833149665805e-08,1.6440003262080053e-07,1.3489506559230723e-07,1.0429765858756841e-07,-1.0858161092557651e-08,-1.8114038376919708e-07,-1.5169083782023565e-07,-3.266051558938505e-07,-4.081006569709909e-08,-8.494825678491711e-08,-4.33475691985858e-07,-2.4876755933998696e-07,6.853451147052129e-09,1.0066129823988857e-07,1.520459997807941e-07,-1.5179401228534979e-06,-1.1918676921996307e-06,-2.3088232953994016e-06,-1.021293013824028e-06,-4.2490314613612066e-07
052,-2.3966840107217827e-06,2.1052368974435879e-07,-1.2155248253485382e-06,-1.0553769407106072e-06,1.3130665874157672e-06,6.579050832197424e-07,2.4940391656966514e-07,5.966175962910899e-07,3.0333449543720665e-07,-1.0372475987966998e-06,-1.844013016207941e-06,-1.0137955063592901e-06,1.639308070742373e-06,5.739814322640891e-07,1.5666942802063222e-07,1.456293821303709e-06,-2.0210573039002823e-06,6.412474378375275e-07,5.076837528464194e-07,2.4774206362157224e-06,2.96990634522121e-06,-3.4742466950441336e-06,2.4915190510784975e-07,2.024517318712372e-06,-1.1072127453702645e-06,-2.740901330926844e-06,-4.676588330367162e-06,1.5789836015106835e-06,2.4180647887124084e-06,4.290391040935526e-06,-1.4551462992982066e-06,-1.9888549813229006e-07,-1.7946047434834484e-06,3.284679944945306e-06,-1.0647646385835051e-06,-1.262447121860296e-06,-1.1760313634857029e-06,-2.5774831431314153e-06,-3.579183037360212e-06,3.863951755802262e-06,1.1374727259822539e-06,3.8486699762396506e-07,5.44712448635408e-07,1.8843553601598393e-06,6.722013568266113e-07,1.6815350059452868e-06,8.047399635566941e-07,1.026669718594681e-06,1.2053415108691381e-06,-2.797330155261786e-07,8.80292969959248e-07,-1.914238823883221e-06,1.3425855096658944e-07,1.543335358889038e-06,1.1721342847120341e-06,-7.13515006281838e-07,1.640498882199222e-06,1.1933746749601302e-06,-5.14754306606913e-06,-1.3690109152850654e-06,-1.4136822268528802e-06,-2.5874371803917106e-06,2.986057092628505e-06,-1.2385951679859119e-06
053,-7.289723533749439e-07,-1.0372036135651187e-05,-1.6624402770428436e-06,-1.0270355745872212e-05,-5.079885498125955e-06,-5.691286326500766e-08,1.898294884076498e-07,1.770563560027299e-06,7.169183389833811e-08,1.7160157159450896e-06,-5.145972012172163e-07,1.4371609264539338e-06,2.94941242420655e-07,1.4886915933992483e-06,3.142885343890623e-07,2.2714044045134445e-06,-1.7055803301127973e-06,-1.497620163331039e-07,8.484313203152427e-07,-7.155870050777212e-07,-7.236586356205225e-07,5.691295099899964e-06,-4.0343433006753594e-07,1.431902118584887e-06,-5.743859624610557e-06,3.2710292227145164e-06,-2.970973077976211e-06,1.2401155178672563e-06,-1.4925254076569048e-06,3.0178062883471125e-06,1.5453481605195382e-07,1.3117524411689253e-06,5.186517613093119e-07,2.3564289174353792e-07,-8.003427515357702e-06,-8.554620180941942e-06,-2.1933420229231595e-05,4.1422515896804976e-06,1.6823422580780994e-05,-2.4678194829133553e-06,1.0268881933189421e-06,4.981775553613904e-07,-3.730209325412881e-07,-4.64102200668251e-07,8.735619433083999e-07,3.7404705186001874e-07,1.78515267625209e-06,-3.710877557712987e-07,2.7316467394424507e-06,2.398849341116235e-07,-2.819837777477247e-07,2.980119795446082e-06,2.1690841157296505e-06,-7.965888318890466e-07,2.303529337887838e-06,9.139901434773197e-08,3.198124368256245e-07,-8.934772879630669e-08,3.0591484141906406e-06,1.80806194794029e-06,1.1591101704726905e-05,1.7225993072790437e-06,9.349449196314619e-07,3.175416102284123e-06
054,-6.846257691816769e-06,-7.1895180047081916e-06,-6.705248364940475e-06,-6.030802004621859e-06,-1.5606789158205005e-06,1.4543798229807253e-06,1.6191747096970473e-06,2.220920475719722e-06,3.2131466543813557e-06,-3.2023404625320187e-06,2.9326401641687693e-06,3.3283904216955217e-06,3.740256156820619e-06,2.713959551350236e-06,6.354813051632144e-06,-2.454075801392411e-07,4.562300194768669e-06,1.996831230780743e-06,1.3747579065247423e-06,-1.7182470068109646e-06,-8.152553223823842e-07,-2.555663469983646e-06,-9.314657584197693e-07,-2.994246116790487e-06,-3.965221303582841e-06,-3.0885989323942234e-06,-3.2914967577330174e-06,7.00381141986711e-07,4.245270073624588e-07,-7.175358672282973e-08,2.5955647331580077e-07,-1.970084287107158e-06,-1.4117764759704017e-06,1.5308098712493071e-07,-1.0615287359135237e-05,-3.0608614315170693e-06,-1.317126372451762e-05,-1.5990618353975246e-06,-1.3909553164028802e-06,-4.1271471505314507e-07,1.1701378343323322e-06,1.3788304084360515e-06,3.2278789108430337e-06,2.684620222760079e-06,2.956221083446795e-06,4.647116919135578e-06,2.9207264255620537e-06,6.134893042300613e-06,1.7349341433543037e-06,4.6984714710382736e-06,1.7166662556249283e-06,2.6972384399193115e-06,1.4868281794249515e-06,3.165633695368362e-06,1.3429277933866242e-06,4.4447890062230637e-07,2.635249074975589e-06,3.1538262342575783e-06,1.0943585386552638e-06,-4.4392147239652516e-06,3.17282933211276e-07,6.310188057421426e-07,-1.5671698543148717e-07,2.15168287118935e-06
055,8.558425259660382e-07,1.073366404442913e-06,9.920236806729255e-07,2.8766788586369663e-06,9.750109250358044e-07,-1.20449490821591e-07,1.456185049088838e-07,2.134578761361537e-08,5.3799065678451224e-08,-1.341498585767977e-07,-3.9556799462325263e-07,-4.243773733628611e-07,-1.896933084212942e-07,-4.921565082207486e-07,-3.010528627958125e-07,-4.2959633178502115e-07,-5.111215393894573e-07,-3.028116328211262e-07,1.619011873132257e-07,7.91516583276442e-07,9.460562228633207e-07,7.324707769825045e-07,8.913463318984255e-07,5.363944624630381e-07,1.136736226000971e-06,5.581599059679248e-07,9.326525534917908e-07,5.955014265398881e-07,3.970594868380627e-07,5.720893076031879e-07,6.13131481252166e-07,2.4118274612475107e-07,1.0198883502956345e-06,6.569354036763944e-07,1.052872744636578e-06,9.439763767065532e-07,9.752030556773595e-07,-5.772982638234022e-08,4.015513827761799e-06,8.297361106133778e-07,-1.761593215695412e-06,-1.3093567949151432e-06,-1.102230680949914e-06,-1.233412771501876e-06,-8.990955070342789e-07,-5.840512504676141e-07,-7.457367975940787e-07,-6.482068729812294e-07,-8.176309156951599e-07,-7.597162692926132e-07,-1.099382378767746e-06,-1.207660341257026e-06,-1.1756963352970167e-06,-7.503576951523556e-07,-1.0607996596099605e-06,-1.1261894560217819e-06,-7.937138874725667e-07,-6.371692855085508e-07,-4.265950747664285e-07,-4.836605871456074e-07,-7.644836396312056e-07,-7.125179963530688e-07,-1.2197966809661745e-06,-9.162494996618834e-07
056,-8.114789617549592e-07,-1.7272064584944255e-06,4.0121163074943454e-07,-5.869392519874092e-07,-6.549411481138971e-06,5.3218785015376436e-08,-3.972659314906724e-08,1.0235605779114954e-07,7.289500491496509e-07,2.501362769227463e-07,-1.0078536961154051e-06,7.268220331524415e-07,-1.3279142288090515e-06,4.16581128816913e-07,-1.2891186910641147e-06,-1.4870443521689387e-06,3.042709932993676e-07,4.0808173285769007e-07,-1.6603325705395708e-07,1.529221244127196e-07,-8.382402556795295e-07,4.6153754348511744e-07,-7.181490100229705e-07,4.950446121115678e-07,-4.696118987808244e-07,7.151632932036154e-06,-8.604066305967258e-07,1.2297723083730562e-06,-7.529189924903689e-08,1.2355513861809166e-06,1.415940666097813e-06,5.246223914572767e-07,7.45389379690079e-07,1.0558157260835638e-07,-1.6262182268769398e-06,-1.0816905015876847e-06,-9.94592471773444e-07,1.0822027608244476e-05,-1.1901912787758815e-06,-8.560116424826434e-07,-6.524522288840442e-07,1.6916271752361287e-07,-3.1997520386958415e-06,-8.338078488505903e-07,1.030707848042576e-06,-1.2972662508881683e-07,2.891857657067063e-07,-1.3596606902206044e-07,-5.651894099470538e-07,-8.864786315847765e-07,-9.404979337386057e-07,-5.992440553581341e-07,4.962898937951999e-07,-5.683561015628202e-07,4.906873040958942e-07,-2.6550771005684562e-06,-8.872482883378408e-07,3.5187390377440777e-07,-3.571748662177955e-06,2.3075373865860403e-06,3.272962439796009e-06,7.782022976314781e-08,1.4916820635647506e-06,1.6191150162783229e-06
057,7.368057708165694e-06,8.930923470884995e-06,6.503426121511792e-05,7.256489684346229e-05,-1.53388956037566e-06,-5.924424775584902e-06,-4.34885764618302e-06,-6.170645246974744e-06,-5.469016124547728e-06,-6.288577695416166e-06,-3.4542520151367715e-06,-6.408105075441307e-06,-4.778274656495025e-06,-5.104529355384502e-06,-4.65187692573723e-06,-5.216194894219922e-06,-3.1782936971596107e-06,-5.247517177945531e-06,-4.5259376303389916e-06,-2.4018133425134103e-06,1.277900048500175e-06,5.409984463647714e-06,1.384464293524856e-05,2.7558798028526974e-06,7.558394391687756e-07,1.9081035664364066e-06,6.611951746557428e-06,-5.979054223684386e-06,-5.221532141986288e-06,-4.00835115556866e-06,5.91541391282428e-07,-5.00261010799805e-06,-3.4035039969516095e-06,-3.885359825654223e-06,4.227720503029793e-05,5.828369817535643e-06,-1.4814280348958413e-06,3.1205797488104573e-06,7.529052492741269e-06,-2.0264447382930718e-06,-1.0102977802450102e-05,-8.503991561938558e-06,-8.713335602315685e-06,-9.0965897358237e-06,-8.029890302066184e-06,-6.29899968759069e-06,-6.349333156438743e-06,-6.429523609140872e-06,-5.995135303074078e-06,-4.126947372503344e-06,-6.9320262358404365e-06,2.3135078286359845e-06,-6.5751541622585955e-06,-7.477673491012825e-06,-5.1000241470478505e-06,-8.288897910595255e-06,-7.608981078861185e-06,-7.314767864106466e-06,-2.600292901363793e-07,-4.579497073442752e-06,-3.85751719523865e-06,-5.828344683782567e-06,-4.051154398989877e-06,-8.914158402049781e-07
058,1.4020315745485824e-07,-5.463142154245667e-06,1.6991786923100216e-07,-5.997171732301238e-06,5.497969314238405e-07,2.7806671701950548e-06,2.376896932069008e-06,3.4090268321423746e-06,2.0562767666580903e-06,2.8060619091390577e-06,-3.4140858889242507e-07,3.308049216681159e-06,2.0317268647444966e-06,3.2717651449965384e-06,2.019892835697406e-06,2.5409388340355417e-06,8.997314926443421e-07,2.4720249839448126e-06,2.793404608128873e-06,1.4882250159937054e-06,-3.8001075362250686e-06,1.555941022685171e-06,-3.931032573361232e-06,-1.1879572542448832e-07,-8.29772540191636e-06,1.001807901646835e-06,-5.976378085404756e-06,2.9117823932842357e-06,2.1810115833662513e-06,2.9574102807310422e-06,6.614290871440228e-07,3.118513048614598e-06,-5.580746890498646e-07,2.1772216792027162e-06,3.641714395035595e-09,-4.570149518949586e-06,-5.965390804067714e-07,5.237095653636916e-07,-1.2564486209715454e-05,1.4495310059361721e-06,-3.541110503625651e-06,9.59750599516852e-07,-9.373166841576777e-07,4.7044303568670625e-08,1.2249323293332568e-06,7.188624017005313e-07,1.1334065969146946e-06,8.095325830983672e-07,7.46348303642646e-07,4.292431874599456e-07,-1.0416035067355307e-06,-1.5013555981568227e-06,4.959637197744543e-07,-3.017524324912749e-07,-1.297887686402001e-06,3.7509722778709035e-07,-1.8242998681593453e-07,8.218577944502718e-07,-9.138859772365686e-07,3.345099185174875e-07,-8.187166363717082e-08,1.0392225291725474e-07,9.30425717433207e-08,6.410569717677235e-08
059,1.0395122034895218e-06,3.4639446452416683e-06,1.0005963734836222e-07,2.867694500648982e-06,1.210712228540714e-06,9.597228515819467e-07,2.6852610148570825e-07,5.989117470252176e-07,-7.128940369601613e-08,1.151258234233347e-06,-1.9773124693095526e-07,-7.394890477094495e-07,-5.131643190066058e-07,9.01419803694959e-07,8.421784804935828e-08,1.3911779174949708e-07,5.244072271958631e-07,-9.897545287169923e-07,5.389858000810294e-07,6.710052449200412e-07,2.4454488214164415e-07,-1.0947676661116405e-06,1.2253422451072348e-06,-1.0922039082173263e-06,1.2112158145178992e-06,-5.9481596990185895e-06,3.3048104633938915e-06,8.108947568079056e-07,5.144456813610268e-07,6.493055479758105e-07,-2.1099189553270908e-07,6.528850679891697e-07,3.897174234955589e-07,5.030541700737847e-07,1.0336181227081634e-06,2.4188879467913858e-06,1.4146319156708723e-06,-3.4283297219968235e-06,2.1943977631365656e-06,7.66556828765124e-07,-2.8320340410203905e-07,3.2164067392814627e-07,-1.7304004956655385e-06,1.0278562200111606e-07,-3.7229828526789086e-06,-8.252067495881717e-07,-2.3504548766540297e-06,-5.092257014205627e-06,2.0455384015211637e-06,-1.2348472294228432e-06,1.9104107231644358e-06,-3.648890181508092e-08,-2.6673079354377368e-08,-2.7787323658601443e-06,6.117457856794556e-07,-2.1392474572496078e-06,-1.5764031485367845e-06,-1.0377929570567332e-06,-5.529615191065696e-06,1.3578670410878063e-06,5.327981054683041e-07,4.589585161964902e-06,1.3054541748704933e-06,-1.981443024715387e-06
060,4.0460986152643245e-07,-1.1126690955175617e-06,1.8222149289825178e-06,-3.6623321240165092e-06,7.560939408962571e-07,2.589745491998268e-06,1.3244684109673937e-06,2.475419329490063e-06,6.699659119737875e-07,-3.5473558784603585e-06,-4.430086795919222e-06,4.755143808866869e-06,2.0133309268660984e-06,3.5659956337856154e-06,1.717280159063541e-06,9.001133988859799e-07,-2.909867456965567e-06,3.80134984246591e-06,1.1564419523185043e-06,9.022982176384992e-07,2.453907251297223e-07,1.1710380166223832e-06,-2.3369777826516037e-06,-7.627847561915663e-07,-2.611529232006165e-06,-1.482024450585423e-06,-1.0659292945631863e-05,2.3502354430907815e-06,4.615814383608754e-07,2.3082623953913636e-06,-6.028448883770548e-07,7.406231434054602e-07,-6.487839009875104e-06,1.2823747284064782e-06,1.5107834762193625e-06,6.244692416207862e-07,9.56643234614874e-07,3.2045674051660668e-06,-4.457547467874581e-06,7.986328337321967e-07,-6.57876855512977e-06,-8.906039831982577e-06,3.1169202123873696e-07,-5.657162720730892e-06,5.325264586563021e-06,2.8778047270529918e-06,3.272093574609863e-06,1.4733037832892418e-06,-6.931722611263585e-07,1.4287004580683786e-07,-3.202778688157078e-06,6.919934791145189e-08,3.484172864639828e-07,2.390527369339521e-09,-7.029052491143787e-06,-2.655639722906693e-06,4.945921240290205e-06,5.994190008104522e-06,-1.056613709121661e-06,2.4876547660420134e-05,-1.481341905790479e-05,1.1279805958488448e-06,-7.314300249981872e-07,1.1104796448191188e-06
062,1.1074099347699508e-06,2.7312623702812167e-07,1.077761228979176e-06,-5.860080571178122e-07,1.1202738321345987e-06,8.58686652044652e-07,8.88945736659477e-07,8.068382931312795e-07,5.072960135588969e-07,-7.243630523829398e-07,2.510032193738966e-07,3.4984020986483597e-07,4.2024288015284744e-07,-4.095159612660031e-07,4.926921661156028e-07,5.0524494812650293e-08,2.6756603941120266e-07,4.697303375398723e-07,5.796669395779587e-07,1.610819630315907e-06,1.0851289086050765e-06,1.0893041730452448e-06,8.839098058113974e-07,-9.614199812873769e-07,-4.598375880468045e-07,-3.1896221719003066e-07,-2.9884645639404816e-07,1.1882043482894523e-06,1.029159561792697e-06,1.175102166307022e-06,2.542774643974605e-07,-6.384666927969463e-07,-3.144286348184801e-07,1.157101973949882e-06,1.1147103570767555e-06,2.1335249414646998e-07,3.6998094186950225e-07,-7.758113307958115e-07,9.312197661379461e-07,1.4025551480108927e-06,-1.1146821828808931e-06,-8.878004246887338e-07,-1.1920517721425014e-06,-1.0801339436809933e-06,-7.037320862157756e-08,2.418442687248057e-07,-1.5664306839618787e-07,1.1052734278282903e-07,-6.570373486265888e-07,-2.857352509089996e-07,-9.66232960714401e-07,-8.89512451958292e-07,-6.674168840239757e-08,-1.7125858416115033e-06,-1.1749030754453867e-06,-1.2534797227299553e-06,1.0595359353893215e-07,-1.299588501286796e-07,-9.173967757194981e-07,-1.6730018450005998e-06,-2.4292474696257165e-07,-1.8579058343090724e-06,-1.4994282144938999e-06,-1.6856698043830655e-07
063,2.326660965202047e-06,1.8209585661370665e-06,6.121462061537974e-06,6.0060967352534675e-06,2.953179831804262e-06,1.5161814203516346e-06,2.454171625223298e-06,-9.807218748627206e-07,1.178199855736414e-06,-8.725967745812062e-06,7.764290283798485e-07,5.715575002998833e-07,1.0774455630287748e-06,-1.224447269263774e-06,7.873121574734394e-07,-7.300708182836481e-06,2.707828920005544e-07,1.250699835096073e-06,2.5072657822175548e-06,2.6324437335660617e-06,2.1814530742288052e-06,2.670972859465239e-06,2.0946535636805938e-06,9.964353020417819e-07,2.3180690047026144e-06,2.12261404852827e-06,1.636667020732837e-06,1.557439972619704e-06,2.3936050451995002e-06,1.4909418216781106e-06,2.069739655446147e-06,-1.808480008768018e-06,1.8398297159541073e-06,2.3976060228802974e-06,5.242021962362119e-06,1.189863281603056e-06,2.561578480186936e-06,-3.5995534677373876e-06,-3.561412080967721e-07,2.488418776378689e-06,1.8898239142091649e-07,-4.091830955702933e-08,1.1230918181872367e-06,8.977975920622282e-07,8.181131033854634e-07,1.4032691752942157e-06,-8.750001158047666e-07,1.1285741964783873e-06,-1.4816190481950056e-06,1.275498631500453e-06,-9.70567136428275e-07,1.019164437213886e-07,1.6398913730761835e-07,1.583580000098819e-06,-2.182003657986961e-06,-7.361659155400288e-07,1.331008584456917e-06,1.3586195684448319e-06,-4.156148930505594e-07,-2.961201502253478e-05,-5.265894770438556e-07,-8.960179096304267e-06,-1.0740109472301437e-05,-2.3403959012314656e-06
064,2.0046359844063383e-07,5.715060689606233e-07,-1.7861279055896116e-07,-4.0291005437405577e-07,2.1356404853160816e-07,7.786745220342683e-07,9.453063222852005e-07,1.5992795720878616e-07,3.8878995701028105e-07,-5.579201465760981e-07,-1.0681403765882698e-06,5.778929232130185e-07,3.421046938563045e-07,2.511330567453803e-07,4.158384831598019e-07,-3.377834585602857e-07,-3.897723660176334e-07,1.0231997839891356e-06,9.680063925518013e-07,7.37185442542098e-07,5.62170264071886e-07,4.873058400094875e-07,3.302742343205236e-08,5.437719015721752e-07,-2.961930073695789e-07,-6.747812900026325e-07,-1.1137020323379424e-07,1.0714731790393966e-06,1.0196525067000908e-06,8.33986214212398e-07,-5.066078219015348e-07,-1.397202350526666e-07,-5.376775200603509e-07,1.229888730064703e-06,-1.1561043930048408e-07,-6.728683713962854e-08,-7.819889978788877e-08,-1.4603134009857913e-06,-7.443389842837795e-07,8.312752435929448e-07,1.103785482869699e-07,2.9970416977525776e-07,6.735431591296894e-08,-8.531229619095802e-08,5.03095543565429e-07,7.357624964896332e-08,5.190364635991365e-07,4.980248401708065e-08,-8.237519813994403e-08,6.389885407807641e-08,-7.039745225321784e-08,-5.839906466365144e-08,4.7095728330624896e-07,1.2204885567868368e-07,5.076800538833873e-08,1.2982386318789006e-07,3.5223018622078026e-08,3.7293262918479215e-07,-1.0518298080152093e-06,-2.4433005482795614e-06,-2.3003401011202024e-06,-2.377807132728812e-07,-2.3271064207172693e-06,-7.306654030296599e-07
065,-5.933860450898395e-06,7.458516200228234e-07,2.977525568075484e-07,9.276871326893824e-06,7.376909961756751e-07,1.1310952418320414e-06,2.0536933310569164e-06,-2.5489162957159415e-07,2.1515255330271106e-07,-3.541124824274745e-07,2.8894229537297275e-07,2.692557733647814e-06,2.896224418765713e-06,2.232793966862074e-07,1.4182597706302141e-06,-1.3686868860673126e-06,-1.663375734773898e-07,2.7157810134280425e-06,2.5037845057724857e-06,1.1897874086921071e-07,4.1016420201191094e-07,-5.055041748928373e-07,7.91827865985943e-07,-2.5609778606952127e-06,3.2413231108848665e-06,-2.0951540886063208e-06,2.9115220516171266e-06,1.463861618629797e-06,1.8878145851524429e-06,1.4088861691479024e-06,1.4151789341566664e-06,3.508078397941338e-07,1.2590556983056243e-06,2.101042637659684e-06,-1.133499923291716e-06,5.123346680150916e-07,8.249575198028166e-07,-1.0188456102745665e-06,-2.7547586459794645e-06,2.956369508694648e-07,-8.137872000813702e-07,-3.007274423275688e-06,-1.6551723601873412e-06,-3.3495972473741683e-06,3.2622762664280296e-06,1.0585062769054778e-06,1.4547149810906408e-06,9.209993639912219e-07,-3.250929252182748e-06,-4.552248319364833e-07,-2.7274164267341095e-06,1.058375124040303e-06,-3.5938301513949215e-06,6.483582562023122e-07,-4.989534907446435e-06,-8.068638205769907e-07,-7.439357156726925e-07,1.9041690886574467e-06,-8.469723381446664e-07,-4.855862922602106e-06,4.927613588310173e-07,-3.930053564754905e-06,-3.7545039795638643e-06,-6.290160133334468e-08
066,-4.338885219784145e-06,-2.595017071418211e-06,-4.601517116646889e-06,-2.615774399461268e-06,-1.5527628373495849e-06,2.379022496388006e-06,7.169876427478868e-07,2.5850769948122904e-06,-9.875562070611703e-07,3.941498059795102e-06,-5.608733836334118e-06,2.1576769908670884e-06,5.989746490480051e-07,2.987655174292481e-06,-3.5747829299247485e-07,4.036234414875135e-06,-9.951672309783296e-07,1.5505023899025542e-06,1.3926621149537496e-06,-5.6213877086033e-07,-2.5792643345320337e-06,-1.732236140727868e-06,-2.5195578852171792e-06,-1.9850787797643397e-06,-2.780347566960026e-06,-1.549169772368984e-06,-2.8358997374418103e-06,1.7609341446950707e-06,2.661772038167368e-07,2.3129161236949148e-06,-3.2084588609861074e-06,8.681948863291857e-07,-4.064939358468447e-06,1.4024113620199763e-06,-7.748234727427122e-07,-1.7161466739700935e-06,-1.8944434819335604e-06,-1.0522228004949993e-06,-1.084053644290149e-06,-1.6137844844298169e-06,3.3665102900808753e-06,1.9474109434610855e-06,3.8930164657835755e-09,7.625190553035064e-07,1.7819775465007512e-06,9.563215847214544e-07,2.669216982447882e-06,7.595830223916773e-08,3.469032646034903e-06,6.52250863433435e-08,3.974615574864519e-06,1.1923575838487463e-06,2.324855622305659e-06,4.680280371545805e-07,3.0371185702718615e-06,1.3576018193628794e-06,1.1318652870529346e-06,1.0676113024854467e-06,-2.7296496363047647e-06,1.8205413107689694e-06,-7.647263247015435e-06,4.223693359716299e-06,3.217265117464607e-06,-1.88817282659862e-06
067,-3.851332024007852e-06,5.591537952194811e-06,-5.237464985347163e-05,1.3282113640840468e-06,9.343797887224445e-07,1.9330087928694883e-06,2.333028672733038e-06,1.2322841281415588e-06,1.1265535923659357e-06,1.5685191569100885e-06,3.9539185140867247e-07,1.746256926591151e-06,1.9334174941413047e-06,1.4779621007852392e-06,1.2817416631965508e-06,1.474083887244665e-06,4.6467321196443647e-07,2.0698588321316713e-06,2.3867674084678795e-06,-2.1782546918271425e-06,2.0321141525588364e-06,-8.066942253161538e-06,3.274530613427144e-06,-8.238217002159397e-06,1.4699338983628986e-06,-8.135271938293327e-07,2.1566911921653826e-06,1.156170009042989e-06,2.214067514997114e-06,-3.053383674488881e-07,1.7332588999318327e-06,-4.3853676303475775e-07,1.5176896989559694e-06,2.1187961996907874e-06,-6.015988991415176e-06,1.6429834791553514e-06,1.5802560158136712e-06,1.416247269625613e-06,2.7282748946122053e-06,9.992530205897066e-07,1.9070939073538713e-06,1.5223208723500672e-06,1.0673479887929911e-06,1.2189695012594558e-06,1.3198595806550336e-06,1.1661608882011338e-06,1.4957770691667942e-06,7.153828338750887e-07,2.4258125552442085e-06,8.246368643526289e-07,3.4592168477348283e-06,1.1648058715231365e-06,1.4294769380388814e-06,8.170166207338577e-07,1.4806113985240706e-06,6.900751577302817e-07,1.2258260298471321e-06,1.363521611552331e-06,3.128300991128081e-07,5.838343980151402e-07,6.942045374333144e-08,6.027904003880169e-07,-6.15308046573612e-08,1.6358637393549815e-07
068,1.5153565632423353e-06,1.563746479151722e-06,1.8190437706537176e-06,1.0018113381678465e-06,1.2594561944732565e-06,5.819286161353071e-07,-4.6102053999891843e-07,-1.4557397550005211e-07,-3.602180347816487e-06,-2.884902557133544e-07,-2.435808653157936e-06,-2.5936290834372187e-06,9.065318509173111e-07,1.286272606540383e-07,-1.5692040071590702e-06,-2.2949131939317072e-07,-2.18343383338115e-06,1.0758693655303425e-07,2.583554210726593e-06,1.4106356147376906e-06,1.0011075407173847e-06,1.4199472065933937e-06,1.1508756600598294e-06,2.4505908191723006e-06,5.312764852495351e-07,-2.8021842792563963e-07,1.67338270156714e-07,1.91177011432416e-06,4.3010643461282766e-07,-1.8116017636528941e-06,-1.6013449826109172e-06,4.095823993536698e-07,-2.559140662045245e-06,1.9199145359552066e-06,1.642819398879894e-06,1.406785126252367e-06,1.6120668131378622e-06,-1.3557981831017436e-06,-1.1439281930985231e-06,2.1533320893482348e-06,3.4927620068624382e-06,1.741580803709395e-06,-1.418173661352005e-06,1.4898164282985732e-06,1.2221498537336576e-06,-3.1773368208395276e-07,5.406199419870549e-07,-1.0685645798781768e-06,-3.8973329561662307e-07,-1.948148753698021e-06,1.9048651584087893e-06,-1.6527025873097375e-06,1.554140054704501e-06,-1.096642400281144e-06,9.578703602196456e-07,-1.4500478672453918e-06,2.4491504224439877e-07,-7.177139808907481e-07,-2.5717077428941193e-06,-1.8373217442742166e-06,-2.063241973368309e-06,-2.6274502397892334e-06,-1.0833658341719147e-06,-1.7310988085487587e-06
069,-3.62027914849856e-07,1.580901929499226e-06,-1.820946074670576e-05,7.616779049992373e-07,-4.495387319876138e-06,1.5114877754293323e-06,2.2205386104502165e-06,3.4743357163944835e-06,1.9673684128048966e-06,1.2773819688277384e-06,7.473643649292601e-07,1.5037252890728663e-06,2.5928620362299543e-06,1.8353957751101042e-06,2.6622281183508913e-06,7.467693339143723e-07,-2.0276783354639097e-07,1.8135317068983993e-06,1.6874870149432526e-06,6.120240617162241e-08,6.533755462655069e-07,1.1629254686574043e-07,-4.611833818067342e-07,-7.225008490548393e-07,-2.1663388581849412e-06,-1.6081876406969304e-06,-1.5216625631324387e-06,1.920930069450278e-06,2.2810703395622505e-06,-3.6855302500841815e-07,1.0385129442741467e-06,-3.8262039270909343e-07,-2.4401659187806935e-07,1.7973545983119512e-06,5.038528643125019e-07,-9.873069772026307e-07,2.3728366054514136e-07,1.3359496276298064e-06,-3.532828036366034e-06,7.158705643853127e-07,-5.972857027776078e-07,-6.58397787716033e-07,1.6083541579500188e-08,-4.7620217609008835e-07,-2.5936791784429024e-07,9.548617574398554e-07,2.3565925308593956e-07,9.528003031628886e-07,4.646383771846616e-07,-4.592220269542756e-07,2.3268853111009853e-08,3.160005659157564e-07,-8.57171923949761e-08,3.7254928418643437e-07,-2.6661045819205937e-07,4.504009679507629e-07,-9.527197121490309e-08,1.0961388109243157e-06,-1.6336323340071385e-06,4.5615776569692496e-06,-8.413626819058625e-07,2.591027714537244e-07,-4.5946696695065556e-06,-1.5152512189705316e-06
070,-1.1925865312705925e-06,-3.2054844621618856e-06,-1.157477659387351e-06,-2.9469487724412804e-06,-3.5575508021456817e-06,1.9584501971424096e-06,7.100626339561868e-07,2.88644692558229e-06,9.485399211034098e-07,3.882231759478235e-06,-8.148027428877443e-07,1.3854563417876123e-06,2.0434497562725552e-07,1.66962736565183e-06,1.684436034791761e-07,1.6883804805213879e-06,-1.2281721471941385e-06,8.882508160047353e-07,1.122199974226712e-06,-7.266290403507433e-07,-1.6804577338525424e-06,5.219516858694592e-07,-2.3020376786157297e-06,2.7649250988393484e-06,-1.4423839608718114e-06,5.753007533872396e-07,-3.535855951069555e-07,1.098290895283177e-06,1.485657173550743e-07,2.5007771188835926e-06,-2.874299428674519e-07,3.072132992868677e-06,-5.47590623219664e-07,-9.823073763418538e-07,-3.757596183329599e-06,-3.6653370621670737e-06,-5.044379258912101e-06,8.395802239017987e-06,1.5524552219230212e-06,-1.278973344497869e-06,5.497027055228387e-07,1.7881820339811738e-06,4.931088778501393e-07,3.7389294840842083e-07,-6.420100626229265e-07,-4.1897184959207347e-07,-4.945418023700809e-07,-1.0997733280241e-06,-2.4373325381858166e-07,-3.0328324288256817e-06,-6.136900055434506e-07,-3.3374929806786714e-06,3.4545012685041774e-07,-1.5164344610735997e-06,3.519299424876728e-07,-1.7672253560785929e-06,-5.336446114242593e-07,-4.781668063791434e-07,-1.18344812132567e-06,7.097232691436924e-06,-2.310784003785387e-06,3.386555427432284e-06,3.535229723757155e-06,-2.219441206551541e-06
071,1.3199696343765737e-06,1.2779045811324253e-05,2.2753681469093595e-05,3.04052147131669e-05,3.5801249947969713e-06,-1.7089933526765774e-06,-2.5385230581249195e-06,-4.258486499915871e-06,-3.0624074595611345e-06,-3.3795015527221194e-06,-2.3290142304366593e-06,-3.948747749154303e-06,-2.183489998065068e-06,-3.018960168914554e-06,-2.4335360556824194e-06,-3.610702353846817e-06,-2.906061428267112e-06,-2.862933732961835e-06,-1.9712607111866848e-06,3.6860931996877236e-06,2.3377665646998408e-06,2.4820742372260697e-06,3.1857887011085045e-06,7.521666692982218e-06,8.859181672571022e-06,7.71710453433431e-06,5.24213721708286e-06,-1.9018491921685213e-06,-1.898702537522595e-06,5.669721983554226e-07,-2.7093961711420005e-06,1.2942668319380654e-07,-1.10183037847057e-06,-1.721268159139326e-06,2.626746804887741e-05,7.505607831596719e-06,-3.478195470682351e-06,-1.7716621382246713e-06,6.097050172382241e-06,9.047364841389267e-07,-4.202262668185744e-06,-4.098275145028793e-06,-6.519469562441482e-06,-4.4162778035023986e-06,-2.0135468965537285e-06,-4.443418597071534e-06,-3.3170486120368276e-06,-4.013766257179448e-06,-3.81079498162383e-06,-5.548218483743798e-06,-3.783650561358308e-06,-6.192323266251155e-06,-3.6746027951799534e-06,-6.431289829006197e-06,-4.095359259742878e-06,-7.561579818378242e-06,-3.5465272610517486e-06,-2.591740349946221e-06,-8.549716703772136e-07,-6.1103544550688905e-06,2.804891467454449e-06,-5.291224527984046e-06,-4.1586912118423015e-06,-4.6750859160289995e-06
073,-6.037437032608587e-07,2.583876935951668e-07,7.866340183950916e-07,3.78590265975051e-08,9.129681483801354e-07,1.2208763576772576e-06,3.41271992372503e-07,1.425024677294432e-06,-5.300168474391565e-07,3.5585460280109075e-07,-4.1465974342837815e-06,9.67380982437111e-07,5.435086699928307e-07,1.2515376173751579e-06,5.58986536831695e-08,9.672607769806156e-07,-8.44447034653656e-07,8.28250957761923e-07,8.64166797596871e-07,4.494503767649495e-07,3.6269852328573585e-07,4.714347235886589e-07,3.760319591553956e-07,5.381385635751842e-07,3.523785219664119e-07,-5.315012726563248e-07,-1.2165188938392228e-06,1.1847830144776665e-06,3.15573151539596e-07,1.3283029613069687e-06,-4.683300548806839e-07,7.115190526993469e-07,-1.482752440670224e-06,8.808443577442125e-07,6.392272094179425e-07,4.860685166685743e-07,5.554394513499654e-07,6.911367312095872e-07,-4.078060131595848e-06,4.767260175711471e-07,1.0129251199009418e-06,2.0971780696145247e-07,8.446991175883872e-08,2.999071379731309e-07,8.056697499801752e-07,5.193195457497819e-07,7.582375628483128e-07,3.9934104273881416e-07,6.230792510104074e-07,8.68828954976567e-08,5.521627546453193e-07,-3.7456227263329723e-07,5.247370099143374e-07,2.851204570305558e-07,4.543740596858146e-07,-2.2316739379987028e-07,3.3789655174012274e-07,5.803411432800222e-07,-3.4140459918056985e-06,-1.0014539826871815e-06,-8.800511711080556e-06,8.945429073670621e-08,2.3534737257828516e-07,-7.799086040065185e-07
075,-2.1165911524945667e-06,-1.1544854916547943e-06,-2.67309329124663e-06,1.2182677568981715e-06,-5.749264075533741e-06,-4.337069877951342e-07,1.837117137853359e-06,2.2162961799185366e-07,-2.538151457123645e-07,-8.455638411614422e-07,7.89482585708007e-07,2.1179774921830573e-06,2.3239344970191455e-06,-1.5784686764958045e-06,2.81016980288881e-06,-1.415771610709389e-06,9.638901406843707e-07,-2.779016079819537e-07,1.396194989554565e-06,-2.7170184194505457e-06,-1.9820077590716278e-06,-3.4247773810362935e-06,5.552580530240656e-07,-7.888732219172118e-06,8.373979728523346e-07,-1.5999197555743276e-06,1.3161689538536997e-06,-3.1373468197768297e-06,-1.019733249783702e-06,-5.087959292571489e-06,-9.900738913263015e-06,-1.2742586397797833e-05,-7.588928011740867e-06,-3.369256588464017e-06,-1.424254426541728e-06,-1.5695700924595316e-06,-1.5926871321158537e-06,-6.9026906590532725e-06,2.230721464258182e-06,5.786091950599205e-07,2.8393585794039253e-05,1.0288805360737476e-05,5.280933565883988e-06,8.843685081227604e-06,2.7948023642921506e-06,1.5865662939816716e-06,2.158409886895052e-07,2.4367713191724554e-06,-3.274063112091968e-06,8.933863537259155e-07,-2.7175553757594566e-06,-2.7836715132757817e-06,2.2344270639398675e-06,2.925525838304253e-06,3.900893930927912e-06,5.7840334192174116e-06,3.42923345370459e-06,4.801753484177276e-06,-1.8767979922213876e-06,2.3513533006309403e-07,2.1487482304230804e-06,-1.8059688908994056e-06,-5.3603975220702144e-06,8.743758726400368e-07
076,1.1942566317710461e-06,1.1264543329482319e-06,1.3634154142864773e-06,1.088792038386974e-06,3.563698245651788e-07,1.1703109191127015e-06,8.232290415849616e-07,8.37266143968191e-07,7.495611619712228e-07,7.660733772388417e-07,7.269058812619562e-07,1.0430173265409703e-06,1.4701775624348206e-06,1.0578343156667953e-06,6.412907647585884e-07,5.87942874704015e-07,6.888805791504299e-07,1.0225423765428324e-06,1.1756867223484994e-06,5.753792302391655e-07,-9.3173712331409e-08,9.920755815488558e-07,-2.1286557110202242e-07,7.903498986719295e-07,1.3000418625776077e-07,4.5317708053985225e-07,2.842948347155265e-07,1.4652506571125705e-06,7.794393200214291e-07,1.4091088988662835e-06,8.703219722378964e-07,2.3699616307233e-06,1.7329316606156935e-06,1.0719894196093546e-06,1.5908068823063187e-06,8.632022778128731e-07,2.346584110316803e-06,2.946552257931121e-07,-4.0307892569195657e-08,9.742878522040542e-08,-2.2636604157761686e-06,-2.5948941956817986e-06,-2.3524106662781606e-06,-2.7187060682442465e-06,-1.7546175290312772e-06,-1.6749592572320108e-06,-1.496835225157887e-06,-1.6608306370974616e-06,-1.3763893662412416e-06,-2.0005103253941776e-06,-1.6387513310703038e-06,-1.7737642876846233e-06,-2.1542700032811933e-06,-2.153977582230278e-06,-2.2564286966038337e-06,-2.2174764258552465e-06,-1.8930643653945826e-06,-1.1113822611268652e-06,1.2724295472290271e-06,1.4950366399756707e-07,1.2918477113116506e-07,4.3922294122547346e-07,-1.240992533311501e-06,-1.3170415167395916e-06
077,-1.1840398521914897e-05,-1.165090930916828e-05,-2.5561063220970656e-06,-1.6647428054635796e-05,-6.970753100757028e-07,4.868750180177396e-06,4.964460307749112e-06,4.861369847998339e-06,3.0188965177065762e-06,2.8705928054911454e-06,-2.6797070963850513e-06,5.447287217550149e-06,4.458173540177321e-06,4.676527727089928e-06,4.854594761712097e-06,3.2874064329965547e-06,-2.8253894639798525e-06,4.042057267527134e-06,5.430223992228938e-06,2.025294242745046e-06,3.0056561835681527e-06,-3.133251838018208e-06,-2.1492460102034966e-06,-1.5491941747910826e-05,-3.2060984357402967e-06,-8.728634417068265e-06,-2.8622934815110396e-05,4.088315572395097e-06,3.914185117852502e-06,3.885383940010382e-06,1.4724145557742932e-06,-4.663132562328647e-06,-1.2217178462343217e-05,4.927193693028759e-06,-9.880854650676786e-06,-1.1201457932362902e-05,-1.0364246673937298e-05,-2.9512709178469375e-06,-8.186782985909381e-06,2.9873665217984073e-06,5.154084185346339e-06,6.439199203273313e-06,3.7545145080984213e-06,3.4746833082220395e-06,5.252842668861034e-06,4.187857732588202e-06,5.641673726468067e-06,3.885660451733565e-06,1.2274073303565276e-06,4.764209467860461e-06,6.5562931160001705e-06,4.88384603159168e-06,6.286862426781087e-06,2.941472959353581e-06,6.815523523435266e-06,1.8503630126704988e-06,2.5573742359384355e-06,4.540074662782134e-06,1.6879598109641068e-06,5.512753261935172e-07,-5.3920440169208356e-06,5.120431529511637e-06,6.3335322024612706e-06,2.0927976985654407e-06
078,-1.7325434386095255e-06,-2.7184839619771377e-06,-2.0533313390587055e-06,-1.1122874871209033e-06,-1.0747705182139144e-06,9.77135539632927e-07,-8.286449296625498e-09,2.9699045429666402e-06,-2.3561329876173723e-08,3.5118679731736184e-06,-1.4804663529811386e-07,8.117236026304069e-07,-2.3574979476393554e-07,1.3093423210274443e-06,-3.3957294304247986e-08,2.7496636495788952e-08,-1.1025505270707752e-07,1.2618200886432292e-07,3.455026243633404e-07,1.3450069218372136e-07,-5.600549298185648e-07,4.1852917372999856e-07,-6.042905091966374e-07,-1.5037870266806042e-06,-1.1272682321151458e-06,-2.5629067536146256e-06,-8.097111489985445e-07,3.6163041135441717e-07,2.2472434175814916e-07,3.306016595790486e-06,-4.889990230582597e-07,1.0473263187208243e-05,-2.9436820726283473e-06,3.4155672456230004e-07,-1.8505300163548271e-06,-1.4807315820027423e-06,-1.656574882533372e-06,1.325689006060922e-06,-1.0334830064294922e-06,1.2599698068337707e-07,-8.851838707112575e-08,6.425848528345425e-07,2.513733332853336e-07,5.632156676711435e-07,-8.737037817761219e-07,1.694571521522523e-07,2.5156460710634276e-07,2.319247152756508e-07,-3.533451150798542e-07,-2.9491189970197844e-07,-5.319582632163714e-07,3.502776440178691e-07,1.496979781462916e-08,3.462819725416365e-07,4.325503797907133e-08,4.497798233137123e-07,1.774897455115744e-07,2.784963982206305e-07,-1.3420676117294965e-06,-6.326005265871559e-07,1.4115232160506999e-06,-8.349303803319049e-07,5.975448261242864e-07,-1.7454727022339496e-06
080,2.2962186637398424e-06,1.2444955463429616e-06,1.2145930904698592e-06,2.375178951805125e-06,7.925196262036125e-07,6.725300260875641e-07,2.9600222895961605e-07,2.215921509730578e-07,1.4471755937401553e-08,5.681668360600203e-07,-3.7563155634261515e-07,1.177917616282319e-07,-6.002641609904784e-08,4.793441891489264e-07,5.296146926227269e-09,-1.750100276264943e-07,-2.1156997817990517e-07,-9.570966621080053e-07,1.3409383264284734e-06,-6.648440792003315e-08,5.276117764655967e-07,1.8475103402055911e-06,9.229966775319366e-07,-9.986938388699942e-08,4.4450968552578397e-07,-2.2939008420567923e-06,2.3242405379793557e-06,-1.4501326994299559e-06,5.412363263995786e-07,1.057094347780014e-06,-7.248576532734497e-07,2.509790132493706e-06,-1.3121664562689087e-07,-3.176101109872999e-07,1.1353369622044043e-06,1.1228059891779206e-06,1.4943699663714101e-06,-1.08406536665886e-06,5.4022067612225935e-06,7.005460265220257e-07,-2.3490526839860955e-06,-2.1989244728191766e-06,-1.624851963494096e-06,-2.5299286212201037e-06,-7.56042038168921e-07,-3.653260063219727e-07,-5.155616606494916e-07,5.168353266596917e-08,-2.6466488328744674e-07,-2.6893526690170925e-07,-1.404871937794505e-06,-1.5084149315857522e-06,-3.1902063833880677e-07,-7.588643235991647e-07,-8.972429814399578e-07,-1.8856498877827393e-06,-7.093842881418818e-07,-5.448767720906532e-07,-1.0704833488018225e-06,-7.023267342696144e-07,-8.398730079764649e-07,-5.67551958577829e-07,-2.620282118102812e-07,-1.429729994001968e-06
081,1.0646562019024886e-07,-3.61873443079612e-07,-3.2125190436124067e-07,8.160936909588285e-09,-9.834438952541512e-08,1.07557060578205e-06,5.247525322624335e-07,8.862430604624643e-07,5.373551654929251e-07,4.440876683414111e-07,-1.512486405678091e-07,4.135149152588121e-07,3.9324194039058615e-07,7.066945792971949e-07,3.733872079289738e-07,2.291163957475913e-07,2.5663798909864573e-07,4.042925978112035e-07,4.945965020835877e-07,1.3245631860696332e-07,-4.2706260686753246e-07,1.3107605274010547e-07,-4.237099272506675e-07,-1.5960265218937424e-07,-4.48730835644849e-07,-5.935129104611467e-07,-1.9932592223429744e-06,8.554750575768127e-07,5.51391618606609e-07,5.211222511886231e-07,-3.941774046407912e-07,2.839426319551856e-07,-4.5651123997249377e-07,5.276469062231908e-07,-1.9779928249887342e-07,-3.763612136137821e-07,-4.562933913563413e-07,-5.588932768814802e-07,-1.0900700368795862e-06,1.6740304075645928e-07,1.0097157603205633e-06,-1.9976930868099599e-07,2.880661138513501e-07,1.8809703432031587e-07,2.1305698105671577e-07,6.726292942085862e-07,1.7491083935273464e-07,7.344416909604216e-07,-5.928337659978434e-07,1.29304825879827e-07,-6.942992825078825e-07,-1.8547835324108686e-07,-7.895799027840562e-08,4.953788037615998e-07,-1.3623353662506882e-07,-1.4568452383146608e-07,3.429657717948959e-07,3.76106775437775e-07,-6.785498235921704e-07,-5.941261808159217e-07,-7.744712658848095e-07,-2.1437975953714882e-07,-4.0326291991738467e-07,-1.4425563966123012e-06
082,1.8150828586211226e-06,8.616056628435263e-07,7.253458390707111e-07,1.1061279372486494e-06,3.776759391198816e-07,7.943800374879585e-07,3.9640447378396113e-07,1.2532859293463264e-06,6.155946624993269e-07,6.026967861878994e-07,2.3590268723932578e-06,-3.8132415703873976e-07,-1.7467346843089224e-06,-2.928443798521441e-07,4.075847590566269e-08,3.366948573009687e-07,2.1648094579047508e-07,-2.699352025797779e-07,2.2822972228817598e-07,1.458150418403616e-06,8.674681208666005e-07,2.3505764874737514e-06,1.3768777227255834e-06,2.3648578734980994e-06,2.649848980471449e-06,2.4739408615423154e-06,2.483888029425387e-06,1.1155668988222174e-06,1.154349987208954e-06,1.421071155025695e-06,1.3007763879306384e-06,1.7839629348763693e-06,3.0942006111483334e-06,4.1142347610824824e-07,7.806032940902212e-07,1.5612772733596468e-07,-1.451691599110079e-08,2.973313439908548e-06,3.0240512379708522e-06,1.1004478766983627e-06,3.110626679494733e-07,-1.1195617720554583e-06,7.09836004562476e-08,-6.34183435322785e-07,-7.764606929970837e-07,7.46939843299064e-08,-6.963140493803337e-07,6.503359246129277e-08,-1.1220745222185924e-06,-1.8402218262796674e-06,-1.4209598902693405e-07,5.055084030411951e-07,-2.8124117475659462e-06,-5.759198108834448e-07,-6.796030537612533e-07,-8.797327466582907e-07,-9.375320855788365e-07,-4.986796828259366e-07,1.9753226419681314e-06,1.422041866777379e-06,1.4798420771846679e-06,-3.812803681832051e-05,6.662525951878547e-07,9.065476218704977e-07
083,3.0542364288758006e-07,-7.996046883830347e-07,-1.2363484725761052e-07,1.5072948575899583e-06,-7.002755065871816e-07,2.6848700342002143e-06,6.023024393182203e-07,6.91467311620146e-07,-1.3487413890965723e-06,3.3848752221125263e-07,-5.479481259538817e-06,3.416895247686648e-06,1.3118382332878612e-06,3.5086769231905043e-06,8.237497226421632e-07,5.225563953296328e-07,-1.6663122643011973e-07,3.0706622119033284e-06,3.1816993102214138e-06,-2.16819628535917e-06,8.886801196290402e-07,-1.148952930048199e-05,2.078893703700507e-06,-4.56999158370988e-06,1.2699999492748188e-06,-1.8713542245555712e-06,-5.558974034882764e-06,9.779971323672578e-07,1.945837599154604e-06,-1.6683707776730485e-06,-2.3688621592330856e-07,-1.4999863939525738e-06,-1.9071052810195943e-06,1.6894533196361995e-06,-4.392895603713152e-06,-1.0756648743816057e-06,-1.5401457588554135e-06,-1.6210794976811103e-06,-9.111913576945278e-06,3.910067952571964e-07,2.117138455867583e-06,3.1599647839019254e-06,1.6011681902605529e-06,2.2156255452340935e-06,3.4458491634862243e-06,1.8448583688083685e-06,2.3216522956103254e-06,9.17902176382e-07,-4.10025685870864e-07,7.455215304755441e-07,1.240069741640318e-06,1.310734523737335e-06,1.6011568786094344e-06,1.5171197791022594e-06,2.5789046795580415e-06,1.964590302780849e-06,1.656013912090215e-06,2.1303802169716728e-06,-8.285599476437743e-07,-2.1509299949966026e-06,-7.050322907848282e-07,-3.66192257447054e-07,-1.567586683319694e-06,-2.17653829134689e-07
084,2.6095856694482392e-06,-3.8819974398384355e-06,1.4680519334892342e-06,-2.5332488118746664e-06,2.542508756204522e-06,3.489509934528442e-06,1.3690589061853932e-06,3.1926813300838823e-06,1.991123297866799e-06,8.804906790531648e-07,1.1301418634111908e-06,1.8416364008006123e-06,2.1021998013615797e-06,1.7049113475355537e-07,6.209127323076031e-07,-1.228498105777186e-06,-2.914577470319992e-06,2.4490083697665724e-06,4.499044143100767e-06,3.5749546357899365e-06,1.7013433792662087e-06,3.948392505915142e-06,-7.375415151461086e-07,2.684562258270438e-06,8.102761103670712e-07,5.320049080116923e-06,-7.211411459127852e-07,4.138104452160123e-06,4.247530571184251e-06,3.8114319769760094e-06,1.9234537984159315e-06,4.726773936057496e-06,-4.891307913664399e-07,1.8643662770103597e-06,1.7063231027715403e-06,-4.014184517586012e-06,-2.768624958036532e-06,1.5033970969160766e-05,-2.1639695004085992e-06,1.6681033902162373e-06,1.2091402617571511e-08,-1.6475277965808322e-06,-3.3970242807539913e-06,-8.499122744849358e-07,-9.660506212063174e-07,-4.440361333012795e-06,1.002112924890113e-06,-1.5335756711879343e-06,-2.2537915685097887e-06,-2.044988184854659e-06,-5.003015363551923e-06,-3.455493769221477e-06,-2.6405410112223446e-07,-8.700249302797014e-06,-1.3267300554933123e-05,-2.800185449493938e-06,-1.8399991067965473e-07,-4.357754565259128e-06,-2.12896583645144e-06,4.412903337061601e-06,-4.385174132802354e-06,2.835266546297143e-07,-3.3366834296554617e-06,-6.757693312413233e-06
085,2.3201165340561315e-07,7.21886948541348e-07,7.579953068662848e-07,-3.229196216972672e-06,8.665610665159177e-07,1.1774997368394353e-06,-1.6794775086284981e-06,5.233326208974152e-08,1.1591203359677974e-06,-3.2920386997451184e-07,-2.8179410895372205e-06,-1.392405888906168e-06,-1.462212263963821e-06,5.452054983113673e-07,1.0106109678831638e-06,-5.376082596756637e-07,1.3565211700541872e-06,1.406880605091873e-06,8.260507112383708e-07,-1.4696990573269517e-07,-1.0224499914458094e-06,6.413757921188035e-07,1.4064108035265291e-06,2.077772274820387e-06,7.750205093555147e-07,-1.4752221806854703e-07,8.785136250064067e-07,1.1500950860736776e-06,4.339452430558883e-06,5.282911495316841e-07,-1.2807041440090686e-06,3.226756645871294e-07,4.6141567858353863e-07,-5.1975609641526305e-06,-2.3208752877981095e-07,1.5282045691498454e-06,5.769106987154483e-07,3.321746302022727e-07,-2.870890596215538e-07,7.923292770297472e-07,1.1872366807626436e-06,2.585341976571314e-06,-2.1958021254542412e-07,-2.5166890566346664e-08,5.763868287897697e-07,1.0114449324186544e-06,3.114430413873241e-07,4.789226449850533e-07,8.609821928688477e-08,-2.536548353655572e-06,-3.6668293657878106e-07,9.744736342770414e-07,2.387898859708788e-07,1.502349743788848e-07,-5.670173274236772e-07,-9.205653158965416e-08,-8.41945072583289e-09,7.803842995242603e-07,-3.9895664269083797e-07,-4.548425803610322e-06,-5.30351125007614e-06,1.3326454681174586e-07,-4.320065920034408e-07,-1.7654021629472372e-07
086,-1.5191982286298881e-07,-5.108634029805085e-07,-3.3203913178293797e-06,-1.0689979196219628e-05,-1.4397360226338229e-06,5.681782057276724e-07,7.421224772701956e-07,1.0915492408550916e-06,1.016527847678746e-06,4.689638875085144e-06,6.462249334749657e-07,1.1254866728269993e-06,8.26822017834457e-07,1.4135913410995596e-06,9.55038275955306e-07,1.6466510418327505e-06,1.1593538930809008e-06,1.3228143873825155e-06,1.2381663943157528e-06,-1.739999650100252e-07,-2.2563960237216837e-07,5.105579603520678e-07,3.255307380096621e-07,-2.1590715686753428e-06,-3.4368169807671082e-06,-1.1181906107447365e-06,5.201136234303862e-08,2.534228441263488e-07,1.8856480272904654e-07,-2.2686186275211257e-07,2.517676552509068e-07,-4.477560260856303e-06,9.024586280549145e-07,2.2616232664897206e-07,2.934075776780111e-06,-4.3978326429334025e-06,-4.583518487775526e-06,-7.243368664805888e-07,2.2430878298376e-06,8.655689094092808e-08,8.992187074038755e-06,1.8697990872236763e-06,2.7535345353780863e-06,4.0564384051039285e-06,-3.154717985581689e-05,1.0900221443783722e-06,1.6491412463360029e-06,1.410625671582484e-06,1.9514714806343664e-06,1.8548391142390865e-06,9.7441439626797e-07,1.0230117741150088e-06,1.5803984919437644e-06,1.7973469986479139e-06,1.8588084464685823e-06,2.3078284984453826e-06,1.4624824835861058e-06,1.111886256872208e-06,1.0066230646268485e-06,-1.8337525842746052e-06,7.515969316357262e-06,-4.567882747153119e-06,-2.7646286688302714e-06,5.666971561229046e-06
087,-2.337340885153466e-06,-1.0058343570766956e-06,-1.2283181954550898e-06,4.6676985305502086e-07,-1.9909882904842925e-06,-1.0723392495558047e-06,1.1456353696618016e-06,-2.2984609543052797e-06,1.906699940452511e-06,-1.5741518392519156e-06,5.187457488041092e-06,-7.673210846351507e-07,1.7399862879585338e-06,-1.4643240368131525e-06,3.659718022958006e-07,-1.1251645348031445e-06,1.2225355028691862e-06,3.328869466577538e-07,-1.061965666904377e-07,-2.945949476045997e-06,-1.414426382663888e-06,-4.816422063418343e-06,-4.710741311252998e-07,-4.6070032561914736e-06,-2.064347617792352e-07,-1.9990138260356887e-06,-6.379157614868328e-07,-1.915600142823858e-06,4.1167276744622036e-07,-2.493144051732774e-06,2.413754084659963e-06,-1.448978756887237e-06,-7.40900995681296e-08,-7.423681462063094e-07,-1.9072009219049145e-06,-4.231359241929753e-06,-1.597922167889006e-06,-4.366248405662742e-07,-1.1177723054817177e-06,-6.337460065945546e-07,1.187531343051807e-06,1.3023803111295944e-06,2.561823590815411e-06,1.0198941810577201e-06,5.098461223263313e-07,2.7675498641163665e-06,9.018137921187757e-08,3.2230537779228136e-06,-3.118133635921688e-07,4.560666007734573e-06,-5.777912324881029e-08,3.928809218118761e-06,2.7325854583453864e-07,3.182594000436931e-06,-2.6053590877421576e-08,3.0628632332466647e-06,1.6453635242522822e-06,1.7072333302704885e-06,2.117039852177384e-06,-1.7402167227769183e-06,2.1009633579555097e-06,-2.065778238323841e-06,-1.1957816371205254e-06,3.630487327738459e-06
090,2.8996738207735603e-06,-1.2816415614129714e-06,1.1028527714715224e-05,6.718078537241476e-07,-2.2150514859077155e-08,-1.590370209521978e-06,-2.042875292884928e-06,-2.1032337640259918e-06,-2.9165637455052376e-06,-4.2758100608037397e-07,-2.5218801242719177e-06,5.453450700733258e-07,-5.457458667601607e-07,-4.3231066141897013e-07,-2.145355272493066e-06,-2.2558512381504087e-07,-3.980348630317671e-06,-4.4141639106641625e-07,-1.302755387929332e-06,-1.0291009972707038e-06,-1.1671412386662953e-06,1.1279199335439993e-06,-6.626807059532177e-07,4.764868479522063e-07,-6.037247711893496e-07,8.430888708461326e-07,-3.520680640236108e-07,-2.9354186583434554e-06,-2.429237564297038e-06,-1.0556078294801263e-06,-5.989316839327091e-06,6.814844510497435e-07,7.134907251870786e-06,-2.6511785445043906e-06,8.18932664011367e-06,-2.00250977845168e-06,2.3563909728941312e-07,-2.729644471094723e-06,9.622602626563372e-06,-1.8618085903947141e-06,8.303340560750287e-08,2.5169698039692543e-06,6.756709282352741e-08,6.752659635257089e-07,2.009898351336275e-06,1.0231911835443683e-06,1.9978088214474412e-06,-3.0628095246548894e-07,3.868570418240165e-07,-1.9571374366156546e-06,1.0295035111400372e-06,-2.2283488801728377e-06,2.5779322406339647e-06,-1.2014401698142608e-07,2.595340369005756e-06,-6.834470655330637e-07,1.1165577341851417e-06,1.0270881847369104e-06,8.04165348659222e-07,-1.156451549942188e-07,-4.8778002702149715e-06,2.1771400637763303e-06,2.0808377848870124e-06,-7.88791169728086e-06
091,-1.5080789747499806e-05,-6.527658312310016e-06,-8.815991436208548e-06,-1.5034758643154035e-06,-1.9364989711471014e-06,4.4901408914523315e-07,1.7996828912520598e-06,-3.011137258446711e-07,2.5261622372681687e-06,-5.595796316303183e-07,1.6645806457650242e-06,1.4393953818795169e-06,1.474689152945415e-06,1.2768904158793499e-06,1.591185242130979e-06,1.5396143077575939e-06,1.2501841787448862e-06,1.361272986676322e-06,4.0189236619445586e-07,-1.5555374205697834e-06,-8.318072978143493e-07,-1.6126716860200101e-06,-2.3382073401272894e-06,-4.939659353101883e-06,-2.310956846583505e-06,-1.4642267303204144e-06,-3.8367567679819295e-06,-1.582637080500678e-06,1.2810716615694873e-06,-1.5339923753111517e-06,-1.423187548859616e-06,2.5587805467172577e-06,3.4987524608417146e-06,1.3292409083981433e-06,-4.800333257518488e-06,-3.642877540360878e-06,-7.829430472643568e-06,-1.5807305637554509e-06,-5.455648555819756e-07,-1.4561889435543449e-06,2.910543794947483e-06,4.932848415842566e-07,2.0896322370957327e-06,1.7844718467964788e-06,3.2545408976468193e-06,2.521475094239861e-06,3.957295284722336e-06,2.810086850923558e-06,4.109013775478951e-06,3.124331365762078e-06,4.0851252219289825e-06,3.31647945807804e-06,3.0318560978342055e-06,2.40778012104198e-06,2.816852792824059e-06,1.8048552518161e-06,2.356510886237039e-06,2.937748029920965e-06,-2.9259917947274566e-06,-1.6857195584504579e-06,5.979124514744047e-07,3.0237244276054568e-06,3.106737681558837e-06,6.389172400558743e-07
094,-1.380672411120887e-06,-1.0898739102779843e-06,-3.258128393787289e-06,-2.5349717948001423e-06,7.334593523384877e-07,-1.6603245284120384e-07,2.417101425205644e-06,-1.5043532779457718e-06,1.7188339028247254e-06,-7.015687256662222e-06,2.433860939001045e-06,-4.350139238955466e-07,2.9233996485260975e-06,1.7643129386398338e-08,1.6449643742509717e-06,6.988114583195481e-07,-5.217565908622254e-07,4.1545267476044846e-06,1.8898914992799699e-06,1.6409559054952344e-06,9.95142168558634e-07,1.9424849061897232e-06,6.576098365548862e-07,1.8711654766511427e-06,5.414738613227566e-07,-3.6244943856115837e-06,-2.333532531998708e-06,6.02875048432345e-08,1.874465471479548e-06,3.263456527634373e-07,9.213171580040816e-07,-1.8739944376741876e-06,-1.7992202150587678e-06,6.912017603049216e-07,-2.9817181998748667e-06,-1.7554489530415954e-06,-1.7090749888929961e-06,-7.186570549375027e-06,-2.08538826592977e-06,1.1913424740596545e-06,-2.649779585626175e-06,-3.8743412948282665e-06,-9.975006652913103e-07,-8.87159400795346e-07,1.4490217084381553e-06,3.2010670305574474e-06,-4.2971000627032334e-07,2.4499373596822526e-06,-1.0392902945679365e-06,1.6363720912065327e-07,2.2194945909803896e-06,-9.276917425279153e-07,-2.14900417382357e-07,1.1527230341137865e-06,-3.368714722710771e-06,-1.4644488034607953e-06,2.792257155931916e-06,4.9460533633169134e-06,-4.309101309275931e-06,1.7764908234044448e-06,1.5960303798010636e-05,-4.751663933638867e-06,2.873461155225468e-06,-2.1604971657199345e-06
095,-3.2462905368849937e-06,3.7838474053108196e-06,-1.6459670760429242e-06,-1.3010761971658813e-06,-1.326978516551389e-06,3.0866240361608924e-06,-4.373508178216115e-05,1.7646077680278608e-06,2.4531604091880463e-06,-3.2660210565262953e-06,2.336760738433978e-06,2.4168961381373132e-06,2.5206135255178525e-06,1.2506207405168678e-06,1.8981632867573338e-06,3.44258043024028e-06,2.3155785360887068e-06,2.053324268534791e-06,2.5116016987028665e-06,-1.2685152509890514e-06,7.164525415874396e-07,-4.416549118813386e-06,7.221797402924223e-08,-1.6930174628159123e-07,2.7877674540702136e-07,-1.27941792365256e-06,-6.449648259347427e-07,1.0077204879046871e-07,3.544856682167768e-06,8.195408733835898e-07,1.4481663392907603e-06,-3.54054392562369e-06,1.4660163730526791e-06,-1.5376914401042198e-06,-1.5822736488205676e-06,-4.553628727122657e-06,-4.521291291548994e-06,1.3874416326233132e-06,1.4378563602175474e-06,7.996447183838043e-07,-1.5926035793398743e-06,-7.435029889056459e-07,-2.838490481408554e-06,-3.1206299527094727e-06,2.652891228703308e-06,-3.808933365120981e-07,2.5607948251868354e-06,3.7552008907597057e-07,1.9376995741963097e-06,7.342005445853705e-07,4.494369799019392e-06,2.3067157000381394e-06,5.603467116157749e-07,-3.264889067178221e-06,1.6183381679036072e-06,-1.6538528879978356e-06,1.6779876509628242e-07,3.5940629219656994e-07,-9.776203616998896e-07,1.738137888886603e-05,-1.101552508925872e-06,2.5258102759617417e-06,8.441373508396703e-06,3.6868625875082597e-06
096,-1.7190082953301515e-06,-1.799108058950651e-06,1.5562835621428327e-06,-1.2077980382691883e-06,-1.2093764349011021e-06,1.3138431454893074e-06,1.917276134606498e-06,1.5978278556615752e-06,-1.412866716147728e-06,5.604590685569235e-07,3.3607681413717674e-06,1.1486187113392038e-06,1.3161131362784436e-06,1.1689048809272875e-06,7.12016602722337e-07,5.953328818522449e-07,2.1735337785408737e-06,1.7857981336142562e-06,1.9603940525848575e-06,1.0546080718583376e-06,1.4267340103768752e-06,2.271327872758413e-06,2.581560763324217e-06,9.065613517370771e-07,-1.7726315449337122e-06,-2.6556249540354324e-06,-1.603185365328068e-06,2.307666453706911e-06,2.0926614096608106e-06,2.494461466745717e-06,4.126974016810334e-06,-1.811519060821005e-06,2.8879123270059532e-06,1.7605487293339347e-06,-2.017828194253543e-06,-3.0965302698384063e-06,-2.476650029478362e-06,-1.7647048086245918e-06,-1.026589128863329e-06,3.6452945009444286e-07,5.271844832548827e-07,-2.916825080671272e-06,-1.266854213052098e-06,-1.468390237731221e-06,-1.4025671165849225e-07,1.7400837412253902e-07,-1.0279701578440338e-06,-4.633793710746358e-07,-2.507765165473902e-06,-1.208392448545202e-06,-2.579492603105746e-06,-7.321042950888056e-07,-2.555887393002501e-06,-2.3743292823496133e-06,-4.930492931885636e-06,-2.389584238252791e-06,-1.458436892044098e-06,5.654393494460366e-07,-6.1069979597720596e-06,1.4060260665446397e-06,7.169668184084005e-06,2.727959642651939e-06,4.031515378475239e-07,1.2844262342743794e-06
097,8.371668722435037e-07,1.7292172569078662e-06,-4.0749348144945647e-07,1.5936556661517688e-06,6.148747826155895e-07,8.885097359641906e-07,1.1610282228507955e-06,-7.859917917802507e-07,-2.478834988380929e-07,-8.668093652355589e-07,-1.170858357051169e-06,4.645596785475827e-07,9.935845041774854e-07,-2.0941043555572064e-07,7.034802715112003e-07,8.228731126517472e-07,1.4248405597148632e-07,1.1211047239745225e-06,1.048569676338178e-06,1.1908143243947224e-06,1.3404214082100702e-06,1.057804207005686e-06,1.9207525604500046e-06,9.683824458323902e-07,1.1010824291076935e-06,1.054069220885737e-07,-5.101022466297034e-07,4.113637514411713e-07,1.20052755861543e-06,-5.496782290137519e-07,8.931090022315185e-07,-2.1230196054918522e-06,-3.4776728310083185e-07,3.908988637488429e-07,8.64458503547901e-07,1.4692957333233156e-06,1.1137155421240726e-06,9.786409156327166e-07,-9.979362038855036e-07,2.2719649228680034e-06,-1.9796922845717284e-06,-7.715871773092591e-07,-1.1896983254922602e-06,-4.953028672334429e-07,-3.8459304314591133e-07,4.88638984156588e-07,-3.744362061513185e-07,-2.608793498775186e-07,5.733690055461842e-07,-4.6707466372430956e-08,1.8009367170879327e-06,5.363651949261215e-07,4.142967374869835e-07,-1.2852511526988145e-06,-1.0233721625516127e-06,-1.961564363053532e-06,-1.0290662506340889e-06,-2.2307864339157154e-07,-3.0797705145929003e-06,-1.8424685768192262e-06,-6.491220475703289e-06,-1.4521654478918808e-06,-8.576435127001883e-07,-2.479059715089704e-07
098,-8.159640123535098e-07,-2.0365849076880962e-06,-3.6998890180270548e-06,-5.51268233112642e-06,1.5815964067415554e-06,3.522734756569973e-07,1.148027818681354e-06,-3.00050465661338e-07,1.3484488109189292e-06,-1.7999129874270288e-06,8.120678632917711e-07,3.860898682985398e-07,6.606392466053585e-07,4.986561308620096e-07,5.899289892560734e-07,5.618540920503936e-07,5.650252903868723e-07,4.5278193658555413e-07,9.318543610058058e-07,1.2647581834337497e-06,1.3154278033158724e-06,1.3511469070852575e-06,-1.0451526501801137e-06,7.301375627450325e-07,-1.674402028276384e-06,1.0028307523715081e-06,3.6670178330753504e-07,1.3233753059014425e-06,1.6093489209420525e-06,8.170236811488192e-07,8.757954962687387e-07,9.135689632963135e-08,7.415305279106581e-07,1.6262345176249375e-06,1.8015821176589197e-07,6.109449912953172e-07,1.1942990356378875e-06,6.438939364943425e-07,3.658115624562113e-07,1.2897644229908954e-06,5.701612525187102e-07,-1.7829387943577302e-07,-3.805384300595289e-07,1.5418489392046169e-09,-1.3876125065014235e-07,2.530223754264941e-07,-2.1603864231795745e-07,2.1941069927020534e-07,5.098516234619823e-08,6.402998328410095e-08,1.8577198120402556e-08,1.43679724709217e-07,-1.1681351909951805e-06,-3.9655090327996645e-07,-1.3471179282122156e-06,-3.4716837219689395e-07,-6.698568204283753e-07,2.2143656374043309e-07,-3.321512470769248e-07,-5.7179742888989e-06,-1.2311836167134559e-06,8.191771861602781e-07,-1.0020437925756588e-06,3.586459796986697e-07
099,-2.456127494369299e-06,-2.120512053379208e-06,-3.7334324396637013e-06,-1.1975405487533453e-06,-2.1639831250384117e-06,-7.157382304791739e-07,-1.719157610950446e-07,-7.809099751373115e-07,-1.61700610791083e-08,-1.0590366315853226e-06,5.457290994668739e-07,3.8234280317046546e-07,1.038823946815428e-06,1.9148615312792553e-07,1.355695719905534e-06,1.181291880285247e-06,2.5268227073258667e-06,1.175027367829865e-06,-2.6712164223524297e-07,-1.5972705362915384e-06,-1.6390615024009647e-06,-1.3103340904755596e-06,-2.9700018866729607e-08,-2.2601974933398128e-06,-1.12500906289326e-06,-2.3031569687973706e-06,-9.273750472360058e-07,-1.916535546002599e-06,-8.14462518032616e-07,-1.2497709175353745e-06,-4.862511317767662e-07,-2.1091923861155126e-06,-1.579800874677607e-07,-1.259697963829786e-06,-2.0240251958857343e-06,-1.8362302018781683e-06,-2.1807816837243674e-06,4.6340709521675964e-07,8.224771664583569e-06,-1.9575083716112277e-06,4.8976173646722005e-06,1.5839141822830252e-06,2.8848169824354756e-06,2.4582046106471366e-06,2.1272002647564807e-07,1.0748955452188758e-06,-9.051852553409263e-07,1.2238395928562746e-06,-5.291491866378506e-08,1.9741492123179826e-06,-4.845350221455096e-07,2.390729717743651e-06,7.296712995158136e-07,1.9122396585647725e-06,3.0920393382885574e-07,2.0768404312668196e-06,1.3375406325927684e-06,1.1417026706973285e-06,-3.916555335531258e-06,-3.7484429171866582e-06,4.7208200040565936e-06,2.564455269301399e-06,-2.5704091278428433e-06,2.9663116914851526e-06
101,1.9513360183257107e-06,4.9560540264613185e-06,4.247013338142441e-06,3.7194940391756575e-06,5.018482338484102e-08,-1.3374563633786503e-06,-8.896899004120876e-07,5.052289865748702e-07,-1.1104345219343233e-06,-4.8154223773022475e-06,-8.207346878688787e-07,-2.2252744119911557e-06,-2.595743139950212e-06,-1.2198762886551386e-06,-2.204368823415719e-06,-2.450955859452026e-06,-1.2966297303832e-06,-4.6531908398093824e-06,-9.658175893605107e-07,1.0744267788949074e-06,3.7038176497088632e-06,7.39836243692987e-07,-6.340135064899752e-07,5.3580743970472574e-06,5.748909197079956e-06,4.0687369377313775e-06,7.489627934812126e-06,-1.0583289732536525e-06,1.3158838258244263e-06,5.36647895649229e-07,1.2694260618190767e-06,4.933969388193089e-06,5.465734389043353e-06,-1.3371119187086128e-06,2.930440738760423e-06,5.590700246198226e-06,1.7658205259581392e-06,-1.389608677505627e-06,1.203096706878468e-05,3.7988225969933843e-06,-2.211559957682492e-06,-1.6537889511893116e-06,-2.5127249987458675e-06,-2.4991058484080687e-06,-1.0243463410226848e-06,-1.5480921354884697e-06,-9.541280440463973e-07,-2.336370048911483e-06,-1.173906506357788e-06,-2.6688473179896235e-06,-4.017630753177007e-06,-4.007891841729838e-06,-1.1285066294839524e-06,-3.173944306796103e-06,-2.514201607756302e-06,-3.7161449993131406e-06,-6.751526595688901e-07,-3.1791986043655527e-06,8.631477209572041e-07,-1.914975465305284e-06,-5.711491543382976e-07,-2.1917774612307426e-06,-2.0551954917086613e-06,-5.381004094726186e-06
102,-9.556324768245615e-07,-3.5119500133462246e-06,3.9867989303815153e-07,-1.6701060110704145e-06,-1.161428884468899e-07,8.359631326684871e-07,1.088328067168389e-06,5.867278501087834e-07,1.4475963828244097e-06,1.1208256347764983e-07,1.7979405820004403e-06,3.0200477820486635e-07,4.40937005702888e-07,5.086282616027874e-07,3.398555961074512e-07,-4.6831199236630894e-07,6.56293259991182e-07,1.7669464902975468e-07,8.285250105781738e-07,3.304314429557909e-07,-3.3121410694853844e-08,2.7592839721779077e-07,-5.300803356003e-08,6.83920512328843e-07,-1.0961781639908764e-07,6.939397005950917e-07,5.087604108149845e-07,6.334957777815101e-07,8.082550915204287e-07,9.15481898204994e-07,8.914590221538412e-07,5.114475105962302e-07,1.1672727619950452e-06,6.413213450860022e-07,-8.400871091056001e-07,-2.32227803758258e-07,-2.488284848917413e-07,4.878922936932303e-07,4.658056578807651e-07,4.5075262232378117e-07,-8.700111140057371e-07,-8.852559600451733e-07,-1.651666678053869e-07,-5.487455916570936e-07,-2.1260315566475103e-07,-2.2334959885158212e-07,-2.2623330369601422e-07,-2.61032776987852e-07,-5.671796900797491e-07,-3.370974299860137e-07,-6.469724219983127e-07,-7.410273573806435e-07,-7.279761633337261e-07,-7.860562204466875e-08,-8.379672569859768e-07,-1.008452287036306e-07,-5.28507126762052e-07,9.9956379436101e-08,-1.9451510802679542e-06,-5.798717194344908e-08,-1.6904925536792172e-07,8.79988121986995e-08,-6.530487828713836e-07,-1.5152987238349787e-07
103,8.35803053197922e-06,5.4993952071346786e-06,1.4405917188371073e-05,2.702267957988325e-06,2.7737695908093845e-06,2.364794615533205e-06,1.576255365441783e-06,-1.710205425604008e-06,-1.927523481548352e-06,-5.592248180713502e-06,-3.899038756509954e-06,-7.289024560015758e-07,-8.762815939757168e-07,-1.4082379297383308e-06,-2.732188528062748e-06,-3.53834351262928e-06,-4.604708510867123e-06,4.436617644013533e-07,1.5659882696648485e-06,5.748558545073797e-06,5.070967703107891e-06,5.684657959969067e-06,3.1099218061693517e-06,3.070641705572085e-06,3.6784522955025267e-06,3.056857364408834e-07,1.2577970722362608e-06,5.7617839513243005e-06,3.017222019058042e-06,4.381497711056777e-06,3.698995488960739e-06,4.1806991309962366e-07,-1.8531688930430742e-06,5.238618314567015e-06,3.185672540084918e-06,6.80760897307618e-08,9.093857246079744e-07,-8.474994759269885e-09,4.004085965481127e-06,4.953407030770122e-06,-2.5007763092152753e-06,3.944820078059898e-07,-1.4068793006723027e-06,-1.5900088332793584e-06,-1.2872225167057649e-06,-3.122475195043928e-06,-6.714435752289693e-07,-3.6765446722652244e-06,-2.0184092621078984e-06,-4.7108795635089835e-06,-3.6428524735385505e-06,-7.434105030766948e-06,-1.9123873504879814e-06,-4.447252142622892e-06,-2.2573790682856395e-06,-3.5030409106176095e-06,-2.320529629625443e-06,-1.3517528438148047e-06,-8.885288736840151e-06,-4.43001261749427e-06,-5.9683496363830894e-06,-4.33212194892188e-06,-7.211217976288265e-06,3.912191785225046e-06
104,1.8834368498231324e-07,-8.046262004982405e-07,8.479039290952349e-07,-1.101028516997584e-06,-1.7059552718901782e-07,7.503759783396732e-07,1.4968136462345663e-06,-5.445454371972147e-07,-3.885643698435531e-08,-2.8397842202980495e-06,-1.139195685901639e-06,1.674421002616091e-06,2.078147707177904e-06,7.583921570630248e-07,1.076685218277758e-06,-2.591778799406295e-06,5.681646277930071e-07,1.961139745338315e-06,2.004204185291096e-06,1.3878289815052967e-07,-2.4778975991249017e-08,2.9202535478231347e-07,2.0277100658621695e-07,-6.269901940913143e-07,-1.520769580046905e-07,-2.2586724525426903e-07,-1.2193979272190592e-06,7.534035238864384e-07,2.274946893091874e-07,3.150341058291575e-07,4.786625587813694e-07,-5.094722510062013e-07,-6.262968977371295e-07,1.0017837973988562e-06,-6.665439133325242e-07,-8.096365416580452e-07,-2.478361427072238e-07,-1.1932065270708407e-06,-1.4315114838800198e-06,5.418310283635615e-07,-1.0525872231820242e-06,8.171561369667739e-07,-1.5940281786968661e-06,-1.5483768967686446e-07,2.0760957029878058e-06,2.188313555134232e-06,1.6826986418503498e-06,1.2947457223892639e-06,1.1247089121758256e-06,-7.690156880429136e-07,1.1373805879417735e-06,-5.708194257718886e-07,1.4927067583479635e-06,1.4983414548377388e-07,7.966934066961423e-07,-1.254531778040233e-06,1.424766182715012e-06,2.5599077885695332e-06,-6.814768802244071e-06,-5.097987390727355e-07,-1.6685518153088386e-06,-2.0992963703885308e-06,-4.6063448192288254e-07,-1.88492311782259e-07
105,1.753786148344655e-07,-2.149665142255398e-07,-7.31138691787004e-07,-2.0082206405540112e-06,3.802367266388456e-07,7.96029008819399e-07,8.714537387196099e-07,-3.071785897625029e-07,1.0462176212177932e-06,-1.345257674607907e-06,-1.5828788941930782e-07,4.357841069117802e-07,7.681198264281784e-07,9.312083392616978e-07,9.447298289995078e-07,6.026742204930736e-07,5.478622660513929e-07,2.8123394585707786e-07,1.1028748749088549e-06,2.778833564756252e-07,3.718752640293906e-07,-6.531111877444263e-07,1.401820235763901e-07,-3.5108586607940107e-07,-3.9103943041207055e-07,-1.5320573282260783e-06,-5.041140053201266e-07,-8.643711241221923e-07,6.673750458935896e-07,-6.238107253235906e-07,2.697945819047001e-07,-1.0892196196008403e-06,-6.447482754571037e-07,1.09984037477877e-06,3.7331847878071196e-07,-2.1328822922381216e-07,-7.765232051338974e-07,-1.2198515012335877e-06,-5.694402381570471e-06,3.074837836690863e-07,9.43677412808537e-07,2.141695365137771e-06,-8.437922351052042e-08,1.5357357245189616e-06,1.5811254111310052e-06,8.569364937751831e-07,1.7614647102451482e-06,5.854969244819994e-07,1.190819497137447e-06,-2.486564982433331e-07,-1.3932106375844553e-07,-5.773893774756001e-07,1.233758061362927e-06,-2.413530566248938e-07,1.4564391483127373e-06,2.733477359471222e-07,1.8023857485269503e-06,1.5050899218522254e-06,-3.318552060859851e-06,-6.571681330930076e-07,-1.45477171057493e-06,-2.868651057085198e-06,5.272075539834929e-07,-8.73820676441794e-07
106,-6.6776565332131755e-06,-7.121904957767855e-06,-2.4529502227188387e-05,-1.095775256527852e-05,-8.970072848912402e-07,2.939541578848807e-06,3.789303326740037e-06,1.7496227141255783e-06,3.515812778044663e-06,1.3531077889154678e-07,2.728640761167746e-06,4.372385049213207e-06,3.6700104777815685e-06,3.3726504172745907e-06,3.543593398082988e-06,1.4553422746094594e-06,2.51566247368871e-06,3.460586313389389e-06,3.2267999839157068e-06,5.358747154224341e-07,-6.181895116198299e-07,-6.677083284980847e-06,-5.721309230990406e-07,-1.2145268884799581e-05,-1.3468155425001615e-05,-4.1132996395147675e-06,-4.666462770508288e-06,2.7086647382487242e-06,3.236814107326045e-06,-1.2704450634078424e-06,1.2677709390450368e-06,-2.7588291580231992e-06,-2.0796655844114177e-06,3.9090448489048085e-06,-4.917054896792129e-06,-2.4059658239450937e-07,-9.685861565105708e-07,5.517351249962108e-09,-1.0935843881859166e-07,8.124853805379186e-07,2.0145016802700706e-06,7.609016236178729e-06,3.4663098024999264e-06,1.32180082041283e-05,4.901616648453715e-06,2.8542454051945423e-06,2.473624552470617e-06,3.6530026645571752e-06,3.100560436646158e-06,2.941439764179768e-06,4.164538226623061e-06,2.306380231599361e-06,5.168696553258938e-06,2.456153116002212e-06,4.682284939859985e-06,3.910203744397224e-06,2.0114378302102286e-06,4.281795815865292e-06,-6.975417577035213e-07,-6.524007663382066e-06,-1.8591198556388628e-05,7.007632533824643e-07,7.029575744745806e-07,1.0327267789343347e-06
107,5.575207214962017e-07,7.580406953698079e-08,-6.12074872520428e-08,-5.166766662975538e-06,6.380112129866084e-07,9.169632843620546e-07,2.4293122855586265e-06,2.2282579139929797e-06,4.937696947641074e-07,5.478087136559938e-09,-9.365532561156e-08,5.801568579730283e-07,6.63736303795362e-07,4.0282687047263596e-07,-7.458940217703072e-08,8.798495528366919e-07,-4.066671668278057e-07,2.014627659860709e-07,7.884876014743211e-07,4.6544495450026575e-07,8.195086341357895e-07,6.180118184272916e-07,-2.0227013139178823e-06,6.376538809049622e-07,-3.5793246241874257e-06,5.7851917936825e-07,-3.5381040785225853e-06,4.5731080866110654e-07,6.497902248750136e-07,1.2286414232804808e-06,7.019292094948616e-08,2.8208011456042737e-07,7.368691532331516e-07,9.322702889527864e-07,-7.170635242231522e-09,-2.264451919427013e-06,-1.017872464561732e-06,1.2913447279241089e-06,-6.96724075214059e-07,6.588080777175186e-07,9.375271215453316e-07,6.69330110965088e-07,2.7642198444711495e-07,6.896724973549337e-07,6.417889164458756e-07,2.4752722447816813e-07,3.49615944583938e-09,-4.813403083647659e-07,9.479751618463774e-08,2.786125252733102e-07,-7.872143096883726e-07,-2.2374276209938633e-06,7.576639742621181e-07,5.356577121882286e-07,-2.3746507995285226e-07,-6.119655551255954e-07,6.373213464184397e-07,6.926146884657655e-07,-1.1701697654752767e-06,3.885092034244188e-08,-1.616316828732995e-06,2.2144637416136786e-06,-8.114214856674034e-07,-2.121273759375802e-06
108,-1.7295198249558704e-06,-7.116228149560341e-07,-2.172536405543809e-06,-1.1147041997807969e-06,-2.457510827047342e-07,1.0305183320305395e-06,4.921266527951484e-07,2.084146365133885e-07,8.452284797714798e-08,-3.0417222505170747e-07,-1.417438283198193e-06,4.905810609794351e-07,1.86505891891e-07,2.359249597120097e-07,3.4244070708581276e-07,-2.451833403697588e-07,-4.201152220000597e-07,4.3306120308986777e-07,9.72147725502054e-07,-8.839217378815789e-07,-4.4888850156251136e-07,-1.0448138176006874e-06,-2.656685587608602e-07,-1.273066212232007e-06,-8.031874197073868e-07,-1.6070950386440765e-06,-1.4217337359963593e-06,4.5598007248836286e-07,8.644351072960576e-07,-7.449379593999707e-07,3.9605337577938706e-07,-5.052887513353734e-07,-2.4584997390945986e-07,1.2705100147130159e-06,-1.615122852605071e-06,-1.1994605631007113e-06,-1.0625632142622579e-06,-6.144624655206814e-07,-9.24597630182715e-07,-4.2787651296165947e-07,2.094431809055308e-06,1.1391466631067857e-06,3.632849077487322e-07,1.094090361170143e-06,-8.02165471182713e-08,7.181699289829126e-08,4.2962982972187174e-07,2.294987848295035e-08,1.6607613242449799e-07,9.268692685463315e-08,3.463472064203727e-06,1.2443740905060303e-06,3.6369257869732536e-08,1.8059568451309828e-07,7.148815412811637e-07,7.480974929929872e-07,1.6770124990352314e-07,-2.7831748141477355e-07,1.4760580725527755e-06,5.211908428595726e-07,6.022485069113218e-07,3.084156007533106e-08,2.028584199824326e-06,-3.4363828005264175e-07
109,3.3953121775238733e-06,2.6261297237194847e-06,3.0809586918543314e-06,-2.1175241586272053e-07,9.247276606603941e-07,-1.937063274608194e-06,1.290288173844734e-06,2.3380662930899385e-06,-5.644735459157243e-05,3.1478589391792684e-06,4.2952943264121715e-06,6.669899359879646e-07,-1.4387924691384058e-06,6.581970668149402e-07,2.6079327520141584e-06,1.7364074324475357e-07,2.0027045702484176e-06,3.5682585053969306e-07,1.4728445494897746e-06,1.758965559169292e-06,2.99566462623254e-06,3.3399435838670282e-06,3.0540025264125258e-06,1.9768539506810205e-06,-1.8141512265304196e-05,1.1467899585139112e-06,5.324049118128136e-06,2.0591923095582892e-06,2.132535505815851e-06,2.053456229411195e-06,7.986179109941252e-06,-5.158917879071368e-06,2.916131954144437e-06,1.7430787060950415e-06,9.077363703928135e-07,-3.48002049924564e-07,-1.0663390201411355e-06,3.3884433283879395e-06,3.4708986981401118e-06,3.1021984760289043e-06,1.1471826824125163e-07,-8.184949696849694e-07,-2.6492377597343452e-06,-2.60704930465634e-06,-4.9274212249748243e-08,-3.4307570521602014e-06,7.719699258205793e-07,-2.691524114891532e-07,1.2098197554533202e-06,-2.1336106599772567e-07,2.10344202471805e-06,-3.7031744642373463e-07,-3.8129721947239687e-07,-1.2399677819115179e-06,-1.3881056519635192e-07,-6.59470566179474e-07,-1.953998276695e-06,-2.234615635590648e-06,6.482969662914257e-06,4.1130430514349496e-06,3.4808373635468893e-06,1.2889807916377275e-06,2.9397391815558973e-06,8.661267421975199e-07
