subject,Af3,Af4,Af7,Af8,Afz,C1,C2,C3,C4,C5,C6,Cp1,Cp2,Cp3,Cp4,Cp5,Cp6,Cpz,Cz,F1,F2,F3,F4,F5,F6,F7,F8,Fc1,Fc2,Fc3,Fc4,Fc5,Fc6,Fcz,Fp1,Fp2,Fpz,Ft7,Ft8,Fz,Iz,O1,O2,Oz,P1,P2,P3,P4,P5,P6,P7,P8,Po3,Po4,Po7,Po8,Poz,Pz,T10,T7,T8,T9,Tp7,Tp8
001,0.4443798496452321,-0.3970052551309714,0.9648607860529399,-0.19332714153015046,0.07030980016993188,1.1836920745993014,-0.415263474087158,0.3678342441034167,-0.9864398161038659,-0.20552103891149137,-3.378452282450606,1.473513390360301,1.0932242284514924,0.4353653528240929,0.7684659861274303,0.5204522828221289,-0.5258754995195023,1.5144117989996337,2.5388571766651333,-0.208916768839095,-0.23849378789519443,0.3024565626874724,-0.506429556839217,0.2694866120896351,-1.0129413143796597,0.18632180275875643,-1.592204412843953,0.6243137743915197,0.2954391034360768,0.6354172406536028,-1.864350590698495,-0.3775028078386252,-2.8292820299363335,1.2837790802079971,-0.39277724403262226,-1.2066978709831555,0.06343746898922847,0.10986935986195906,-2.5184359589476504,-0.3766479699545225,-1.0686391422718695,-1.471827419522369,-1.4286147696697773,-1.8240683573087688,0.7809732367546833,1.4728026438652089,-0.9229793676657851,0.9035344954828688,-1.0739820859300915,0.5313125557621591,-0.7152246043224835,-0.8602248010658171,-0.3250882797443233,0.8977002818269735,-1.4166778211892734,-0.8632565063276052,-0.015039210455162766,1.0332874387688933,1.5904784483353174,-1.327687786631288,-3.889262243164064,-1.3422496564617064,-2.0855551393626848,0.019989287431572245
002,-1.9047239629593309,-0.4372351946944946,-0.8186553507134119,-0.959351728214278,0.1421769803753573,-0.7415435736569963,1.0635530174110726,-0.11936322468256505,0.705021206716116,-0.16531079778255203,1.2890360439774187,-0.04497132865219122,0.24903004675336382,0.6876213675826424,-0.87852883504918,-1.2320304295649085,0.4074568360834027,-0.04231867423092828,-0.5287064725123118,-0.5407077625064198,-0.7480820338729807,-1.3199854450022845,-0.08601416167969173,-2.0358573764816867,-0.836996102458489,-1.8473509638410466,-0.32955076119947146,-0.4404116881264005,-0.41606274360979284,-0.09180187323877809,0.8672565718441253,-2.4028545428875887,-1.0953326150251026,0.16894180357048066,0.36303978381227453,-0.6396424215844269,-1.5727113966679167,-2.8841729970963272,0.39072330807449723,-0.6926660812223482,0.5035677407528489,1.9681020000463496,0.15056436551763086,0.6341931803729792,-0.01480972142202086,0.3570077037205157,0.26866926723017664,0.590518633301385,1.4896359380727993,-0.08851823395292602,0.7553961318513494,-0.008443066239178842,0.9162837084739264,0.41927319586204187,1.154460103424485,0.9091531531255532,0.10093621438637551,-0.2506872563165856,-0.09957062646690923,0.937774727147985,0.4562582875893414,-1.7266996444311928,-0.3119737467132289,0.2624895596622578
003,-0.221050271447088,-0.8458513631709836,-1.5728716867078667,-0.9543812205200185,-0.6011727093437863,-0.8201520173656576,-1.43917908086461,-0.8867388039923714,-2.892439438290006,-0.9818582663533266,-1.6509180854484016,-1.4421527860541037,-1.2305921252751149,-1.592791896238504,-2.460284158913221,-2.575693407191971,-1.9079298378650742,-1.354162624364745,-1.0178135041806695,-0.508334316370344,-0.868944238565673,-0.9075032415380307,-0.6225032583134855,-0.7589163084564708,-1.0935609373628274,-1.125451385835023,-0.559861004715528,-0.6973498071488504,-1.1905871663980805,-1.5384124213692403,-0.6980548794366349,-0.9941458549615623,-0.5856392831756003,-1.3044405334413773,-0.7116834594453614,-0.5875795464584475,-1.0969292192872415,1.7373088071301028,-2.4854384223053234,-1.118283191795162,-2.630101430360153,-3.6360669424069973,-1.5447396782437433,-2.56520561880308,-2.4628376267668037,-2.2361055408526376,-2.3881577980637196,-2.3368034470528456,-2.9687557531550204,-1.6296948300460905,-3.393485568027411,-2.8164242525627747,-2.98088918434232,-2.103575788995326,-3.679547111293763,-2.3520749865508104,-2.0914357068249405,-1.5985063672624578,-2.8057224655679653,-1.998953059693331,-3.2597627109876663,-0.9874841342938485,-1.7140779126558363,-1.3000559107167267
004,-2.4824807535940816,1.376171230632499,0.408624616594374,1.5757154105331124,1.0115449480080554,1.8010831350997314,1.0572400869839544,1.7635589994372913,1.2058286003746623,1.353065020199287,0.23267922954560905,0.5684665168832609,0.9390249482772397,1.0651881659515394,1.8738488989994373,1.444473497084171,-0.4009438093577586,0.2905718778891421,1.1668819259432148,0.31590617743073385,0.7063288736106809,1.3511903050048324,-0.21574468780495037,-1.5111428117912595,0.7769200108805414,0.8009967990251874,-0.155647047320141,1.6111895087325911,0.396956168126109,0.7499606937111964,0.666380095192626,0.39638928848996935,0.14318672374606556,0.5672157439754522,-0.6823453750037856,1.142595905202854,1.3159809594034542,0.2624475170763453,-0.10157815714137386,0.5643094692454973,-0.5009892561287417,0.8318876296605575,1.3026349018592371,0.011400216219039472,0.983421189629154,0.52068240154828,1.245212224793237,1.9171774821714267,1.3750244937406082,0.9050115601054017,1.0877597628801208,1.7070850853360744,1.8543953895504872,0.744914697747291,0.3488290328681594,0.8446693017708229,0.8926159192770113,0.13552421431435924,-0.3858661329370488,0.03793125176055345,-0.8133950574545256,0.55012719547394,1.6196145649568157,0.2989181224714054
005,-1.1087701307945277,-0.22973149814026006,-0.021226007140184244,1.1015776686057597,-1.5034993465556428,-0.09527197883543703,-0.48237866146848885,-0.49703977891356826,-1.4431573254200019,-0.678223020783626,-0.7823536471271638,-0.9963472152452183,-1.0728852451395277,-1.5878523557257327,-1.2502583597206927,1.1012669330933853,-1.0333400569991287,0.19220204313412048,0.5528701158117854,-0.4319288511360463,0.9646639835038346,-1.4191680163157478,1.1572874345458528,0.023360250330356935,-0.5243908590017718,2.0739732564255537,-0.2206133740337557,-0.9716776647669467,1.3973418945125597,-2.3826614775849233,0.9446460900667376,1.2155899309408367,0.4053207613627715,-1.228732472821033,-2.18929492643334,0.4144118334561563,-0.9624082998437073,-1.1707537032166164,-1.2356756791054249,0.4812383783841743,1.4010057307690504,-0.36508445618518304,-1.6313598587832305,-0.18966490591069268,1.314349552566291,0.3049068780954212,-0.39607235404365193,-0.11731100504513947,-1.7382726002682483,-0.809816754376049,-1.2354414760180137,-0.5038041165803914,0.38631321764743326,-1.2853848047290866,-0.2307699213880955,2.6629883398076264,0.7054847134431039,0.33294159144639124,-1.6287273081900895,2.1358652525165445,-0.3524546297269336,-1.6403219047956368,-0.9673787422210184,-1.3347144718797788
006,1.7087083265505312,2.4107559930867337,1.5513285198531552,1.5602847746363984,1.6084897893125976,1.0247945396395566,0.4013256706771971,1.679418036446623,-0.547226892172826,0.7458214882185625,1.6514637833806218,1.4098940855084443,0.7761289646197493,1.0374951391306555,-0.32593781169914937,-0.08917782429714727,-0.4537587010151583,0.250870666280328,0.47162461833318386,0.5997786776461924,1.6208333717948693,0.19602395523732263,1.7962482674341578,0.3410827287731568,2.5146657983296503,-0.33165892031773503,1.7799515284926541,0.5156160733032734,0.5937271827131796,0.6697484062056683,0.8872054700711307,-0.02533480180562192,0.8147544170000284,1.6577521357593878,1.3487795211655087,1.9803219419589286,1.5314932215965436,-0.9143708076358106,1.1766673723902419,0.3404271135513013,-0.3682984738018146,-0.33614542973938516,0.8545254899818496,1.3506414188704468,-0.3193900204375317,1.4862343903911697,-0.19701334795570424,0.63270940598916,-0.5141612465295832,0.9198308358655077,-0.3047831666778017,1.1526407307355306,-0.7719077857753545,1.3273964915004641,-1.1120952835912523,1.3687097292752681,0.47451370933655146,0.22580379533348605,1.5803091294246092,-0.5734958800359827,1.0312261692708344,-0.0039064312064038265,0.8824991824985023,1.0560818750682048
007,0.7961468464403187,0.9446706560610675,-0.01138663197016554,0.9495073027712966,0.5815759485191746,-0.14765249696769023,-1.5668124747956704,-1.433718537644087,-1.4982398766509952,-5.038166984514853,-2.5405597102604993,-0.580370584021984,-0.9160903831014148,-1.4900722134682782,-0.6788684716217696,-1.7538836868575471,-1.3164268800031425,0.05456196187109402,0.05920334235779395,0.00949519298448298,-0.02356183963327535,-0.5400071893514959,-0.536515067024383,-0.46432900162376506,0.2453209098215153,-0.5525469640615814,1.4259721043921303,-0.22642488230950747,-0.5276882108523725,0.47059888367530556,-0.5545592164352273,-0.09335463880831035,-1.4291951406656567,-0.42059265029468185,1.6383628043063903,1.2183294729964147,0.7380852891765312,-1.640097994404594,-2.759334252882547,0.13188848288199595,0.4832111705227756,-0.4965569494004076,0.7342677522565546,0.48786945902722123,-0.6332152002143157,-1.5966412740291398,-1.034627462422651,-1.3764420096740868,0.20394558755758796,-0.6192218017902551,-0.18761148045831888,0.6081614225040646,-1.6927302200258794,-0.2870641384276384,-0.3779561023254147,-0.03190796139931662,-1.0023444905206338,-1.3001334532890092,-1.5904960103589043,-4.258492022133275,-0.3237968114605554,-4.210217087261339,-1.102640260676544,0.4255706491729212
008,-1.4716409895355373,-0.9454089392333186,-1.3124075274015732,-2.0675517506137857,-1.3374691962379814,-0.4976804266978013,0.3016400522422311,0.5087953762057916,-0.5743684072643994,-0.6062912117670779,-1.0738816304705598,-0.27855720452375576,-0.15169395979153333,-0.6185620960756657,-1.3322395768016668,-0.25142006952314555,-0.4505633999917391,-0.7008619472240811,0.25977073971130127,-0.28472549845041817,-1.830577039242268,-0.2940668824944833,-1.863501623369026,-0.49549042617580186,-1.3408761903479927,0.22844408541220973,-2.2102455388771793,-1.108076064260516,-0.39225365540884194,-0.5412856185919721,-0.5090094983220423,-2.9534696610154354,-2.376756185730245,-1.1803502486916622,-2.1668804031552145,-1.7421279392258024,-1.378952254917897,0.5379306089728698,-0.6630464040951036,-1.2132042509295862,0.7441636359027499,-0.2976970389678387,-1.0734004476035643,0.09822217585796356,-1.6437756372191306,0.14696593795899793,-0.08219071749908935,-0.6111840967150657,-0.7683699251574317,0.6022523913841444,-1.8776386773087683,-0.29375243022357345,-0.7315912427718952,0.625226614352625,0.12374725831703598,-0.7798316183911159,-1.3906621072392906,-0.24666026232499627,-2.740735047351463,-2.339358084997132,-2.7889830986913884,-1.5355030667694318,-0.7198289385164391,-0.8270862468922291
009,-0.16247739705164754,2.2500731043647395,1.3877618932772213,1.8324939286749684,0.7781515628762488,1.1413961650955475,0.07874084052349822,-0.20077185656088986,0.4564904503204048,-1.6608836149051602,1.605088414700451,-1.0327402319674142,-1.1847033698441438,-0.6780467049789349,-1.334548135630671,-1.7134903870026723,-0.6554011717314799,0.41834729951084654,0.9053138262903769,0.02031414188335834,1.685262778360537,-0.5343058091732082,1.1501798282292155,-0.2742928973460978,3.3296896626719006,-0.6257302011616592,2.7300046894277297,1.136126104467268,1.149138940577841,-0.25760784656683205,1.6250335467911599,-1.9347643232375207,-0.8828856707488171,1.0386122991270583,1.3933049434579479,1.436875828072766,-0.7786626183771659,-1.2527523889893137,0.06303269059893107,0.6771993278612757,-1.4072504387364797,-0.21589904919517006,-0.4169040819646819,-0.9806427264659294,-1.3802561298082108,-0.7137549644759289,-0.7441069123496371,-0.812829137817318,-2.420593656730248,-1.1143405294417383,-1.917451571884034,-0.470953740862733,-1.0730284047880672,0.14412481192684534,-0.700719167783107,-1.5622637767470033,-0.0975863124059625,-0.17662313251232598,-0.7349605275127389,-1.4062893452876701,0.8984527911594189,-1.9953285144372876,-2.8878707506930654,-0.4763752485563582
010,-3.144029522825891,-3.327536794336213,-4.04587458017231,-2.110352013908398,-3.2430573323812597,-2.882723869932568,-0.3437888937701159,-2.963022150635293,-1.3861640712269105,-1.9714988850930957,-0.43004422472084536,-1.7573695703497123,-0.1368741927679511,-0.8074235817906523,-0.538388958598781,-1.462079437429361,-0.6296488666393656,-0.32330335670368004,-1.9104991335851986,-1.4674721218427906,-2.0947078730764885,-2.1668570353633863,-2.318670232444921,-3.183469470406266,-3.846600943308662,-2.692811116067854,-2.6348141933289373,-2.0290474013771567,-1.1181749958996163,-1.695970619376098,-2.1574124520310938,-2.817509846993695,-2.852442816883279,-2.042870632640985,-2.8890485437516586,-1.6793772240649776,-2.8413916092783795,-3.26580617101013,-2.6162116381683522,-0.9964292436581428,-0.7819234303196696,-0.8969940270184908,-0.4591605611052564,-0.45606984604569056,-1.460578101302359,0.30375574468944055,-2.5474090183530533,-0.37032003816676784,0.1453109841961439,-0.2624644914584474,-1.0621992398975255,-0.45568742396651846,-1.8711609803324956,-0.09087282431590932,-0.7549669236057293,0.6035014264280764,-0.03460279478082173,0.04544516915380703,-0.48591558507126287,-1.8649154609992196,-1.9676105728352309,-1.5859057541911135,-3.439563379628127,-1.6186938671021223
011,1.9477360824434218,2.8899196695464124,-1.3452686997687984,-0.5739228264259078,1.9698331483379796,4.827503095610496,4.2177910344835805,4.851606044778558,3.9994575440990046,3.710318202338507,4.427189766657792,3.5846815638387732,4.320966802781643,3.617950891979445,4.5656150398582875,4.374077032624806,2.7616443594136877,3.8421422845706816,4.402214303599104,3.198760280770095,3.741382133048738,2.2104777996528617,2.7445269869201483,2.9490613232930647,2.010392601664464,2.5498984223685093,2.819825286669116,4.270804939982804,4.232884976229685,4.420395937694159,2.857423518583901,2.0031719892127824,3.9282763804941903,3.761762361643859,2.3247613524295074,0.9728604859831148,2.2489511027884244,-0.2755527764759193,2.8827673525068542,3.2603975808541454,2.773657762669319,3.071708623949091,2.31131939057734,3.6287839170839558,5.08258081154157,5.125918402339858,3.9852486251908776,5.187738951381933,4.60663949857142,2.7644189872721463,5.332654086393802,2.9945145324299216,2.926632231380061,2.064371597332108,3.834016423791397,1.9977321938775447,3.3797180932196618,5.478775674861421,4.059057299395567,4.899569344581812,2.361604629236915,5.0476431323959865,5.013970482475287,1.6439027755503175
012,-2.780256239034313,-3.508243312349558,-2.530443522248626,-2.8487799544725627,-3.562188836535812,-1.7217464440229557,-1.8172127914900167,-3.1636186867503633,-3.0095103878562486,-2.2600446649467747,-3.8361120932406654,-3.1247142348122803,-1.9737767273987705,-2.821850844118137,-2.821046714036854,-2.060119343067516,-2.4306118346846817,-2.8616213027114368,-2.2352381840756554,-3.3089334733403075,-2.852264995941066,-3.373361858238283,-2.866351876141431,-3.0673101976774633,-2.8061787307108284,-2.88319992688266,-2.827955131585503,-1.9897490015458117,-2.8494525519875618,-1.4763176721582973,-3.5105332066257686,-3.1021859675232326,-3.7620146335940223,-1.5678063598356462,-3.2103915212298664,-2.0037431619269643,-2.510410922024013,-3.396744844075804,-2.7154663993217176,-2.9000593650962387,-3.0886265285764942,-2.484863688471723,-2.9976023473216333,-3.565373206517812,-0.4411965018553074,-1.9075040094654974,-0.981286721850641,-1.6797829657183905,-1.0971170498575504,-3.389541074635563,-1.4088477247072115,-3.4880441542909275,-0.6739310661818867,-2.831698916969504,-0.9621810533289439,-2.5449547447881566,-2.4065864000363657,-2.1298787684159293,-3.4800659443779387,-2.90182535791696,-1.9274447902821736,-1.9339404754093317,-2.5571388100408616,-3.8066961378670463
013,0.15156104494648437,5.650111535196597,0.3850459441185214,4.078842555134699,2.9756358014706654,-0.6608357422703441,0.32297148202388265,-0.5206349031887493,1.2318073674386338,-0.7145557312671037,-0.29348698560712877,-0.06520546609350308,-0.48513943039766344,-0.5787171940403548,0.11074671947447606,-0.7817672708999555,-0.7530608567692995,-0.26609747924612026,-0.46486969337868195,-0.6679579796327131,2.1711415227772055,0.13473773022690588,5.284412677750705,0.3384837838614407,5.644553975489109,-0.32211899039545994,6.284968986521307,-1.265539685448417,1.017589920340121,-0.16864998647392798,2.5199653455304567,-1.3227726566985472,4.9070042199760575,0.038342359140640214,4.214547002279891,4.507553413816035,4.965752674528209,0.6470807147356403,0.79346392660383,-0.16331164741981097,-1.233356830577954,-0.3510829830062405,-0.37643106035830975,0.01078012941925377,0.6470283579899527,-0.13096985985673398,-0.25964864096596924,-0.2370967508502287,0.035578155234536724,-0.44312027864191694,-1.8996955212996212,-2.9475237175559283,0.7154413518687885,-0.6322340490186975,-0.9530847401788121,-0.04144679377673777,-0.35736255771208825,0.39669352494509347,-4.1130545222801596,-2.6441150985125574,1.8957332171858057,-3.989787167248884,-3.2277124849653966,-2.877872147463278
014,-0.5602687794128132,0.8275096591773952,-0.4680932207989029,1.0555992321025012,-0.6126994082434392,-0.43894893290611303,-0.28396130227241295,-0.2602440267541592,-1.896486715008501,-0.8521734129987597,-1.832286267053363,-1.6159668547357522,-2.890282904278613,-0.09001222524375027,-2.35669395119782,-0.46803106646504333,-1.6093709364729074,-1.8239999472460808,-0.07053780611345412,-0.7047794521510797,0.8640774666946325,-1.2136608112229614,-0.0661633500179013,-0.21395438644995834,0.6458281414158655,0.999325143323677,0.9623791929558504,-0.31648582975372125,0.24367831566402542,-1.5349266550116123,-0.10058788564430776,-0.7931224188474177,0.34425326418759916,-0.6130951847145312,0.7961315488342616,-0.07767666213990126,0.5648451657487727,0.5615625321777895,-0.5085918081623217,-0.5272702066080788,-2.103072725960972,-3.3187249674087993,-1.455155497940824,-0.8705223914505489,-0.8265810401858038,-2.868905167021039,-2.375533050791633,-1.898863183199082,-2.4446307859503915,-2.1959479448820582,-2.7814213935768537,-2.932472143761537,-1.2627432482263456,-0.6078917606764671,-2.072189774798707,-1.078465387733038,-0.596916515309052,-1.2354319621695118,-1.036317812870863,0.2681493311326011,0.007141962678718916,0.30741204190134985,-2.183693021044256,-1.6746086643256795
015,-2.9966717881965903,-1.376831038987763,-2.5697600623491623,-2.5937839045608233,-1.0480461300880748,-1.3882183429597594,-2.9717927634996157,-3.4717814550491912,-4.117786693274462,-5.214301510621472,-6.280182670833016,-1.9248953527816295,-1.1913390859522324,-3.2608219528269773,-1.8440411528361147,-4.392150107205635,-2.3100944780588124,-1.3649256833918777,-1.9367547687124034,-0.5379336916316653,-0.855594623917356,-1.7486473471719493,-1.6128373820188777,-1.2549051187680182,-1.7379270027878029,-3.6237909984085004,-1.2628268636445787,-1.0626067195266,-2.700420848067519,-2.164353030544363,-2.5649900823698406,-3.0288972873103233,-5.164097503596617,-1.906760804867717,-2.335356061102262,-1.7908416286175401,-2.4791383639729236,-4.073265889204535,-4.240516526341313,-1.4051272228409668,-1.370357239132138,-0.7547246070053866,0.1940269976460357,-0.6421171009956899,-1.8095585246118457,-1.111806524545665,-2.2745385390086983,-2.0461795576559973,-2.6556334657304275,-0.6458607286224691,-4.136609660665821,-1.44797081535343,-2.4007543981807458,-0.9921108064606516,-2.142508277157267,0.5812895108386673,-1.3886106400838343,-1.4775192572422655,-6.616181305339043,-7.297693656641473,-4.984524696461785,-6.5058333724135835,-5.44953615704876,-2.404804935944375
016,-0.8564847502878733,-1.0774847437721349,-0.5952970725016887,0.6813003179194136,-0.1598056956960464,1.0570038579136023,0.8408581532188575,0.656037702922146,-0.713060007943966,-0.9009058973252777,-2.884174142386346,-1.0227779422054395,-0.5062876399224093,-1.7357815652211075,-1.3429999674701394,-1.5990748149479845,-0.22030164346541187,-0.5892442555535184,0.27086702028376874,0.41769986411508686,0.09834853191233445,0.27315076278958533,-0.6596685037145067,-0.5529293134750276,-1.0475700224867315,0.31410964558857074,-0.374735135033774,0.9748840137552337,0.955832192258783,1.0198356914073403,0.9744797863572096,0.36031871527718107,-0.7303318217438437,0.2878668325763309,-0.8906105405279539,-0.06338001966752982,-0.10337738270266411,0.6498205332679148,0.5064786843611987,0.11327251047010534,1.189664426609181,0.094630423131008,0.8815418578412075,-0.567752096424563,-1.9787156590090564,-0.8668957870936489,-2.5986500007299593,-0.36337649616138185,-0.32474508161553267,-1.6900090055048302,0.6829685198967983,-2.1334975362471367,-1.418409271595318,0.8322982688605918,0.6174937562341769,-0.3759597518762693,-0.9331561748341366,-1.4255205357877279,-0.7824448343265424,-1.7751185138434895,-2.7226348569478063,-1.8929758760157158,-0.621623579785316,-3.157394415215063
017,1.8318687279009673,2.0683545655772484,1.9640910691032918,1.3597141179575245,2.0170891537650277,0.08245938258777408,0.2079752396353134,1.5050543456822618,3.392073836536686,-1.025188315377417,4.395980541285899,-1.639876076228538,-0.1648788341268338,-0.028096162262628455,0.09643782321066707,4.189448068435101,0.9440069745095334,-2.373922166805974,-0.6510312562005343,2.4697974320008353,1.9331714839177494,2.421063222826782,1.8295346174816296,1.4607124137972716,2.3480786829580924,0.8199303719065725,2.1164409999265392,1.191477735096387,1.993933593867272,0.11638160630244243,3.32700061153493,1.105251286678806,3.034128718651114,1.0979098276571468,0.25415989483687507,0.8332051297688506,1.291077540726742,2.633254846666179,2.3343658188543372,1.899298488940202,0.7867110849768741,0.6213159557680646,-0.6503790374058868,1.1259073249118248,-0.12631326406225696,-1.2192417496812715,0.7900792092291282,-1.1956759645464992,1.2120604707089515,-0.1397358089297065,3.016033819433498,0.29955427664808476,-0.02885792321059233,-0.05167209509717152,0.5475516068282221,-0.0643777861532584,0.34554180735068385,-0.11092495853468165,0.4537187152043142,2.5298992266398357,0.8342298540051825,2.986451415178974,2.3259568515245874,0.1636539189106182
018,1.3206366523423583,0.9939457810685067,1.6636882339750345,0.5746189898087595,1.3363721779910667,2.4175179636085247,0.0688697797578719,2.2091165074011183,1.138782969929266,1.851756713917894,1.0005256896104113,1.2125484110828302,-0.1891256343195521,1.1216172354427467,1.003402623352961,0.9717032157024059,2.334308779280513,0.7738722531794632,0.0470873843267508,0.8469017958482268,1.8011329558974412,1.9002543656963844,2.047927109205746,2.0178061343183304,0.36060051761206413,2.0549534000631025,0.8504599408674413,1.335859991259337,1.3503330687209978,1.4782871015219898,1.3490728754740353,1.9818721856560866,0.8769522578615918,1.0728240414023495,1.412638152589732,0.06994442583755689,0.3581134634633352,2.563818752688973,1.761334891194926,1.4893655219150659,0.6193661724590896,1.3565827288413295,0.6602312829077225,1.1034664686160913,1.0132578706294013,0.5551769421180026,0.4420042036180866,1.03242867632648,0.8700150130661275,1.3283935177008237,0.04513120704282991,1.449471463877566,0.428205236741376,0.9271238202431671,0.49879499503375935,0.3340004387100989,0.8274938626700784,0.7875131487500685,2.6317609638174253,1.9309902822138252,2.083336432113386,2.109073996375463,3.3138152043579163,0.7933098339905684
019,1.835400528200133,0.47310721676129025,2.2129375163325555,2.604388693703711,0.19961206143776222,0.11996650696190453,-0.9182975134513195,-0.8505983748766783,-2.0940606196818337,-1.1908973329313275,-1.5697700671146402,-0.860170968631036,-1.0155798378227874,-0.26451297657133344,-1.9005405653243408,-0.4007870012494994,-1.2689904599022461,-1.2493020102701677,-0.4975524362114394,1.0509105645286478,-1.1569055473495484,1.2315132053136397,-1.6294796271593959,0.9571881687787341,0.1010104304494635,1.4871748975209482,0.46667142733841677,0.9140668797988446,-1.4872734730634902,1.3142642561856936,-1.4474199505941856,-0.5433445742394475,-1.2209089960053263,-0.028109158423223368,0.8272329950089843,0.6955883392131668,-0.02031154895549203,0.7799783172365915,1.8484747968302295,-0.2934453832291801,-1.9072914990200263,-1.1818308368171504,-1.2586079349771062,-1.2001205729237214,-1.6351733613799233,-1.4639623652797962,-2.0804977222368577,-2.2276666228527024,0.1307675222666313,-1.862368351785689,-0.5864450951272907,-1.4662789414549708,-0.3639730304419126,-0.2930116501409282,-0.6771153082461059,-0.3360765948444608,-1.669665172946787,-1.6753309204570885,-1.8179563708355002,0.6255303022733496,-0.8606320609380649,1.50906618693164,0.09143411779727012,-0.5178655659444198
020,0.125447350885525,0.5775830910834325,0.15913928637178848,0.15449868201898476,-0.4521032962457103,0.8983447533810016,0.9592852024274603,2.5785431031925423,3.9054101735677365,3.29141276066404,3.5297085325852287,1.0717455661224593,0.2458967521694111,2.7802858458329514,2.035797385482368,2.2164154647084633,3.08219035735951,0.37445044981801784,0.6022146478981276,0.5767248647144099,0.2015842499211824,1.9076579153944735,1.2104539192187875,-0.8293423418258794,1.148644158725307,1.571185650031321,-0.060979962697743584,0.7503968114994533,1.2659983380711644,1.8760225257580636,3.048852705098942,1.9648594670984907,5.692470354128014,1.577548440446923,-0.9723419953865645,-0.17297085458688854,-0.2502778330144013,1.7057144640160222,2.696173992502761,0.1703903847672037,-1.2496972935656314,0.2988269017989563,0.7246943986243336,0.522441367786467,0.7623729793319489,0.6455093532059637,0.45660810712385724,2.2493623776116762,0.638766933285084,2.1229041383643263,0.8849999625623761,2.249256130515925,0.5451208707154809,2.003074272770893,0.3587887038287463,3.029848000955792,0.48839299406348213,0.4998569545669009,1.382468609654528,3.524577067279915,3.96869747089505,2.0503267236328355,1.2429552499374672,2.853815714092321
021,-0.6886627354538577,1.1982723958552681,0.8779905455796396,0.01582584887735483,1.07486372980531,0.6937519726208197,1.593900318344466,0.8283866023432976,1.2630358634801533,4.003334776146725,0.4545987471328,1.4161453741673986,1.0735513045431917,1.4309119156483596,0.6273845828399536,-0.00943681463658258,0.9218938089745473,0.8457314314272169,1.1247654021947093,-0.5049418857781939,0.828025500408643,0.7126190222754633,0.930200069483961,0.6904396701197306,0.3954859507952202,0.790480505367579,2.412677367883513,0.583576213028803,1.4395243572235437,0.7538183835867972,1.524701756012146,0.10217058631631198,0.9108263607985804,0.5050683508168292,1.4920082717309906,0.6876875434488823,0.8526902962936777,2.0141986579009554,1.7510546740785822,0.5658894405185549,1.3543686974132534,1.6769469549748117,1.0527253754912858,1.81545261415691,0.8315833337104153,1.8384007046988704,1.218886279233663,1.4826689467653775,0.9354547510793289,1.2023969921777606,1.053494112311187,1.5977826112084998,1.370394101182697,2.4398876608313085,2.3407795281574413,1.3431799041564236,1.2553998947675378,2.076556090618492,2.1133360486337835,1.0643870570037104,-0.435754861875974,1.1143630866841245,0.812520072131198,1.2479975234979177
022,0.6687807760074997,-0.47234374224189357,0.05247952444429527,1.688072052140257,-0.3223865618041519,0.8738758068572697,1.7465539034093471,0.34179727062436427,0.6320812585041624,-1.9101890042921816,0.6431771955549248,0.6052662079024448,0.5454589148715799,-0.3087890877094505,1.021123525421646,1.071209366796063,1.413055788837776,1.3956514347645586,1.2556859046076472,0.28741150225866635,-0.9841180804701776,1.1683825060522495,-0.6483614229895434,-0.11550275883846767,-0.35253478880276246,-0.7967385156261758,-0.7472460275933823,-0.2883623361849263,-0.32939659282820466,-0.5983974720276073,-1.8848952191625827,-1.451443423921791,0.30876840084725576,-0.377904242260115,-0.6668765112759127,-0.7123578879985912,-0.8824707297225295,-0.28672494789683106,-0.6478935488619406,0.1332275691626611,-2.060102586462416,-1.2323817196605595,-0.6401496260323238,-0.3535558739610154,1.7806229474179722,1.3233622788458477,-1.2368217815729619,4.541858572884677,0.44722001428639985,1.0749877641285714,-1.0939238069426458,1.3074756684736517,0.5528066651703777,0.3286351328557306,-1.074934337971806,1.5443143094605658,0.27497252810364287,2.1320590588801016,-1.4192515055047408,-1.600529524308845,-1.9566569745671973,-0.3731728524116755,-0.9312859661135715,0.8239132442471828
023,1.724775855894831,-1.124772897698408,0.4537295005071633,-0.08576011388232391,0.4126921798994613,-0.14658514713254633,0.2632547352960597,-1.887381548415545,-0.4373697048132877,-0.8416870414464339,-0.2951396056972945,-0.5973874123392339,-0.6084117442851524,-1.4291183677826456,0.4459399905080225,-1.8127229499710418,-1.7394938107784528,-0.5461122498214903,-0.5153068753146293,-0.1548794293350727,-0.6397626094522213,-0.26371083376717536,-0.500804417524696,1.7018431862588286,-0.5945049439648799,2.119101343980735,0.6600347735330219,0.5244835151183214,0.35125118645189557,-0.2684688634111176,-0.3055756816373107,-0.1039491823676511,1.2226347179388581,0.9929452228430309,2.282227983644253,1.1497571600892602,2.4932646012654156,1.1920991102302398,0.9217301759582789,0.21948256118667303,0.4450548366841408,-0.29683084687122013,-0.5337652814378699,-0.10553150549448675,0.41570263995033885,-0.5615024726259727,0.32617004766111835,-0.9534723462042538,-0.9135059951690581,-0.9102373961680814,-0.7842121890163725,0.41757061584647104,-0.4041461034711619,-0.5995798662140577,-1.863494571412728,-1.6707191310122416,1.2849628346147766,-0.2553259069994771,-1.9545867575168097,-0.5917345212037379,-0.3070662936334777,-1.2273188688462937,-0.1109345992744124,-1.6562285096990985
024,0.23632966159824237,1.3234474917396195,1.472867589384681,1.2402794601476796,2.9701377814999113,2.929833513043483,1.2788107293097233,0.9747736051649126,1.1793484190503793,1.0041097174035998,0.39679662831274265,0.27505146382782636,1.5510687512556658,0.3674881107443474,0.5318160855485715,-0.34794768866353415,0.38250915995110585,0.35672476902715405,2.4166645794548463,-0.2665498078164896,3.053719031221588,1.2004946309234243,2.3461181504942488,-0.5343210892965216,1.253153439201686,-0.4332812665669128,1.2925425791752383,4.363486881364745,3.1648667644025275,3.177308812449855,2.582599242574897,2.0669816820827225,3.0173676814575408,4.015393134758553,2.795768432465323,2.163795159720046,2.5104260079455156,0.9577433923957797,-0.6416313092936785,2.576250704490863,-1.2964157911196126,-0.40240230382719067,1.7206534875063433,1.2902709566578534,0.7515102379246358,0.19012797224554012,-0.6652126752262795,0.7606804679177669,-0.35637185443290537,0.279846789189625,-1.0244873608808631,0.12956703291987715,-0.5371232690356033,-0.4051312205602611,-0.5096607804612592,1.1835723987736921,0.5340055873578982,0.7078251262702755,1.1760095874872507,-0.7497998817282554,-1.2420543934045112,-0.17009575406595795,-1.1592920379189908,-0.9746902612864875
025,1.2031950282223973,-2.6001531281318875,-0.8505677515837844,-0.40523903938878936,-1.6992325574794995,-1.7330016244221405,-1.8232071267701906,-0.8385542145636375,-2.0038086843487246,-1.2559897872258747,-1.2611635402216859,-0.7256862624151463,-1.5905883037134352,-0.8697577713219797,-3.084634462368303,-0.24484578944466756,-2.536657476736403,-0.9164860852793177,-1.5456104726422681,-2.458977856605947,-2.1168243118809587,-1.5211012394539982,-2.058409857899087,-1.650106341521368,-1.7637061989545688,0.5828422847658177,-1.3871930264711487,-1.118027565552892,-2.583783564872621,-1.5496882154814415,-1.8647083137756324,-0.9545480750064601,-0.2899065786965671,-2.732056132319261,-1.3483156943151298,-1.5987461507981733,-0.708418218456522,-1.7026378422701762,-0.6236220818139983,-2.495700423287821,-0.19543651320036937,-0.004255989221526257,-3.475861234397178,-1.711040121641803,-1.0498823223188278,-1.907701048742639,-0.839583277801226,-1.0800737949096177,-1.1206128304577816,-1.7436826737505253,-0.5535558883314667,-0.6073772936976551,-0.8560678235105332,-1.8033635044906373,0.16274009886226654,-2.2321442374524967,-0.7142333102058169,-0.9139298238768092,0.11610780833526946,-0.5576815170686149,1.0856133086378208,0.2474226463313855,-1.2857817685662103,-0.11233411062832721
026,-3.1459357938108266,-3.571230843026047,-3.275696087487329,-0.8748858145574762,-4.182242808502027,-5.527222690480596,-5.746729332905151,-3.5732343559767457,-4.134082143768945,-4.386181725694612,-4.253098030725893,-4.414026106134306,-4.337827111965943,-3.7474289028481365,-4.176359927285668,-2.7440074630013536,-1.9240050067838281,-4.584776895906258,-5.249266704603775,-5.223482722856032,-4.865723902384855,-4.616190968222006,-4.274255152388086,-3.726483749525428,-1.9917369256861321,-2.3026196791927185,-1.4756431631586255,-5.129106638491741,-4.999191468767905,-4.1910304165201,-4.473037891395127,-2.7198183505733997,-4.41052111706552,-4.512043260592078,-3.2134945132382082,-3.0298185269410003,-3.3129791006321967,-3.8926076431641032,-4.137364023344047,-5.222891692466573,-2.4958962776330775,-2.0789826096598416,-3.7041955796024237,-3.68371538411944,-4.712168898300023,-4.9453553136236135,-4.145974999726807,-5.258898421865115,-3.346190710014999,-4.432448299842638,-2.631640921836017,-4.551805351760781,-3.272227119481424,-3.8940817507898293,-1.7646358746465485,-4.304147864748811,-3.451153950160369,-5.103072892221361,-4.396448486956376,-5.918185943822372,-4.011274629982804,-5.261173544023426,-3.120431614474778,-5.291363418828392
027,1.8674170580936404,4.713217845795658,-0.1325017351791622,4.070094357771366,4.254147997264994,-0.08891029841228026,1.4123616603874254,-0.9590957168497999,1.1439741703527722,0.11918378821651682,2.7684364346851806,0.4244038202257806,-0.5571489896053268,-1.335456112731173,0.514516130946787,-1.694044414206739,0.19996180837760086,-0.7596134991466631,-0.08928935658895282,1.5572926995107204,3.2461642661214554,0.6014043439057528,2.998674775608038,0.9592551551559727,3.1621605203177303,0.7530020813481382,3.5507854725480743,0.030394605220832538,0.7276806688429744,0.23762735784709438,3.607849681635032,-0.8944391723381886,2.602793850986758,0.6893474961616648,0.8554500522666568,4.899097185874784,3.5633680149170366,0.1966491131553329,3.3563011829764857,2.1570021620973585,-1.7636625097600374,-1.5535630809465613,-1.2735274276510276,-1.0692918772015299,-0.19912297178661886,-1.1133228590444069,-0.9754959236284353,0.3853760629665707,0.15023955335338535,-0.09565391465148737,-1.4170438916879815,0.06450464935180639,-0.33764921459748437,-2.274563526253196,-1.9488696136490373,-1.9187391036242496,-1.515925390064456,-1.4743322649295378,1.892658208838876,-1.4878229011874262,1.5578552554412293,-1.314173452455817,-1.669957505883867,0.4146002425921079
028,-1.0848556148156474,-0.6890757569874606,-1.1518085485773812,-1.237488110232732,-0.2188438376820358,-0.3883457304646959,0.285589015134865,0.40165855802883127,0.7183519091773574,0.30810468321999074,1.8944453881563474,-0.6260324970728522,-0.32475291369149806,-0.44776583180228985,-0.7682405300837398,0.9635629754990003,-0.32168227889559725,-0.4157679511969135,0.39301662730311376,-0.7922802447310316,0.5372836676997643,-1.310137098586177,-0.3445064071625844,-1.1356714611908998,0.02460411652745509,0.1473528297867095,-0.565672898735506,-1.0821563989402174,-0.9424873713427362,-0.40917448555023694,1.4031307246293014,-1.2909435605539894,1.161240157132144,-0.4950004910881446,-0.9261221134849449,-0.5798595943534597,0.39466801659394657,1.252705858229584,5.9559284628315226,-0.3123185479994095,-1.2293176184803196,0.4986627345397992,-0.46204065183481297,-0.24488865032263485,-1.2673688398195906,0.5986282422018925,-0.565886971179612,0.43271704441928505,-0.6913033549373075,-0.23845861847325328,-1.1741332499721968,0.4908516901306838,0.061124851535172886,0.29100321762770415,-0.1089315120559079,0.09263711612593606,-0.3664479714852278,-0.779970195988716,1.0118789312082759,-0.23483126047098973,1.1528680282264188,-1.9428680269495273,-0.5176227581990966,-0.4059862260536717
029,0.7676057778708736,0.31234578015454284,-0.6173432459770144,-1.096727393065227,0.5556089910898496,-0.7913288956413165,0.39638377960721066,-1.0612766065413088,-0.8561652195789624,-0.5850178294212218,-1.3870708287727882,-0.2184755627413661,0.7849768068786317,-0.30471034825710835,0.5493400202905425,-1.116908588447033,0.3065657457664847,-0.8440980596002483,-0.7189655922373003,1.7331615732223518,0.7146848332982818,1.107477370094101,0.5761114496000783,1.0036795689509384,-0.5216014513191486,1.5937390590863507,0.057090446266826966,-0.4819262608948597,-0.6667341895076886,-1.451319386006567,-0.9655845146214708,-0.9309423157946974,-1.1648114790543453,-0.515975735748069,-0.016249079921376697,0.6229587408867148,1.0410143320737273,-0.5958539169651552,-1.2466197734187763,-0.38052323779859576,0.5171646527543575,-1.136679776279165,-0.20251625506556414,-1.0532182902429845,0.27164201421880874,-0.4645448499295789,-0.26506372803731326,-0.41938070181786363,-1.1052328411876269,-0.02696536797300031,-1.4910768312620664,-0.37481111359674096,0.29826540128180706,0.48255699463321844,0.9171256861886115,-0.26616236828866324,0.22682413342289134,-0.23274533729292735,0.6828900171090259,0.5050857829679913,1.8351850351792889,0.0005211139759693229,-1.3506268106479649,0.38909787913483956
030,1.2307766193063068,0.2501272583866663,1.6774907823506175,0.3307600127196631,0.5704547502335205,1.9293104496184443,0.6092019707672058,3.7032765481179184,-0.24352123041804646,0.7223499733156394,0.14245336634937267,1.7948559795789745,0.8571064500942092,4.111232104304054,0.41773407662890866,2.611201478702102,0.30404678079173164,1.4126952447788885,1.2299030008845464,0.021182691597286474,0.5669329328852403,1.1235814468262966,0.5425877554095211,1.427597352406913,0.446331414124994,1.228897640373424,-0.9636073146677386,1.8753890078798403,0.03870369897338616,2.4822010461502906,0.20565914564431698,1.1552889701449287,-0.12008834682484099,0.40294753476820677,-0.6094960740752176,-0.2940525445420046,0.21127834879577423,0.6182346222244747,-0.7664908630365486,0.9847886458051064,-0.8193953146953281,0.39597092098966014,-0.6638234389356064,0.5955025191958466,2.1076139722186618,0.20808811054535187,2.489003868277308,0.8073444006931093,0.9025837871086347,0.30555870741393093,0.3353816489167317,-0.5628963571788365,0.8734594611396479,0.8111323028092956,0.17652287877106584,0.5858563380694888,0.2195940331786957,0.20043950496892282,-0.06722425028740098,0.9822395195239411,-0.08823330990550488,-0.669834880719778,0.7224181925368834,-0.9318358294700003
031,-2.504487663907944,-2.4016121766711875,-3.7984486514787217,-2.72683836204012,-3.177309814064326,-1.1659352979157305,-0.750801792658562,-2.006772587381739,-0.21370536427587805,-3.19509050832378,-0.9603613741344021,-1.3479945856140987,-0.09860852077139909,-1.7083420899538015,-1.0161806095859713,-2.0859159466704944,-0.8669248342896134,-1.6221206867048172,-1.1534306233298355,-2.5585475261680557,-2.304873940862673,-3.3100937251039997,-1.74509422397407,-3.2388071809809866,-1.1180525902952283,-3.6806201264966614,-1.1273258480511315,-1.6480886926799092,-1.5657514719220516,-2.641946254205768,-0.41862217543956465,-2.4500116157407463,-1.3653056156457644,-1.399163122489762,-3.1249383997636055,-2.302216409973928,-2.7536804185596555,-3.66047178656537,-2.3009059410112394,-2.8077323387660242,-0.8767054593770574,-1.1573384669029858,-2.4672840912846445,-1.3574385753600509,-1.7484210528846977,-0.1715368482368158,-2.000483381099679,-0.887881388741349,-0.6013133889752047,-1.7779547531855286,-0.2740684253105121,-1.1338274522984202,-1.9274528335248133,-1.115664853082373,-0.9086177820880035,-1.649552594520585,-1.4909464077783061,-0.44323436968739327,-1.1616247429332778,-7.165071089554458,-1.9363181486395886,-2.649063427455724,-2.196307178246106,-0.6579712152252841
032,-0.86791670001705,1.106163311158494,-0.28342007255439283,1.1924107315934587,-0.19769865321022595,-0.44810940030196206,-0.1159533800229503,0.019866254837785702,-0.6127934121666117,-0.9852688706798447,-0.42512700779450985,-0.5558741261182761,-1.584988849089986,-0.597173258782272,-1.2063983075550055,-0.018973666842943382,0.11376785088137936,-0.7817365620900004,-1.1524651099450023,-0.7317154264525989,-1.7005516205194287,-0.15576162602434224,0.1634325037484643,-0.42351056661717057,0.3577163848397773,0.875862412479208,0.2855569590209567,0.17127021295300587,-1.000540247950111,-0.6376573384704084,-0.9601319401258608,-0.7938310171086286,-1.7570537937061501,-1.3738686474892445,0.8988756738941848,-0.4606110566579715,-0.5735686658379842,-1.3306682186807754,0.1163715759602878,-1.2734296287139861,0.13098283473837563,-0.4721026817775256,-0.8134996377956961,-1.1268386633534275,0.07553612890090594,-1.0732260908448228,0.7552191711537473,0.6932426411043726,0.5225013749226423,-0.37275304714539714,-1.4605680855308432,-0.6370394888892117,-0.16345978370348863,-0.8019655653536188,-0.24810541183716744,-0.5962452838509922,-0.5878871343785788,-1.266868543892922,-2.373965351848547,-0.5636817866949728,-0.7413417316883668,-0.3915990961024453,-0.7392533834736298,-0.1560637524759182
035,-0.6126923349565735,-1.454237566007031,-2.086162179129485,-0.7902046301591574,-2.4996069776929577,1.151942482507769,-0.11574577335851627,-0.05025130667865357,-0.0846991698127782,-0.3681828478669727,-1.5727238892335489,-0.06371001483431771,-0.2664591760135518,0.05896422126187306,-1.6462436665724516,0.39502056988119216,-0.7883887527589071,1.5873138134401903,-0.013913407016648394,-1.7549898758329228,0.2757934645832848,-0.6003860720333183,0.08550742416935503,-0.9734176105056644,-1.6274175705770682,-0.4012869948306169,-1.666611140550544,1.126806645762282,-0.008899291512879659,-0.7840459393229862,-1.6191988712789493,-1.3015020129966843,-1.3520641530711193,0.3031396383738377,-0.7867446090300586,-2.2412228470950724,-1.2388859227056945,-1.027586627574208,-1.4208733893027292,-0.6069358825566824,1.6956035961286902,-0.8837451401837406,-0.24871551915421497,1.2682007537972348,-0.6618418349211488,-1.2960191568223869,-0.28112013100198935,-1.0592078454108662,0.7376607386707055,-2.035568957451246,0.8560931211422618,-0.7802367476986758,0.2433077368205403,-0.15718066484063659,-0.08051271398449322,0.37603413806585934,-0.6233565295888635,-1.350136879132239,-2.104471332154088,-2.8501925123664464,-0.9191630824350472,-1.3360818166433348,-0.768700827610539,2.1853848872145356
036,-0.9693578903731406,-0.990188620830555,-1.457246561869565,-1.297290115374531,-1.2435212393243331,-0.8822281210000477,-0.3439963162718596,-1.1668137752331245,-1.3101879182769347,0.7154784760290598,-0.4842545252798409,-0.14635291199159955,-0.19243553201124008,-0.2279653448530593,-0.973254496215491,1.2977021263385915,-0.8976854534252849,-0.8537090961867353,-1.1340795139405335,-2.493825274255179,-1.7514661208252555,-2.361908880784396,-2.4206846377403552,-2.111800881836179,-1.0281893902928751,0.049444891907783894,-0.4196680676056424,-0.8913619205270988,-1.2377529875139486,-0.929564552664548,-1.2138017566288344,-0.645587458296506,-1.2945624159339872,-1.4912105596854812,-0.961218299669178,-1.227942145219605,-0.2646224312893153,-0.5801812611459538,-0.7524832773140135,-1.4734033326345073,0.7818721471522847,1.061080160190357,1.1654890036381933,1.7819274310269293,0.19314930219975573,0.10549556325339554,0.16729708715078323,0.1661866110461765,0.8625273997628642,0.2983127821028087,0.0820785030670439,0.5906210719065257,1.102466807506255,-0.14851250108589648,0.46318064731116654,0.4034078272712037,-0.25718722924997867,-0.760467622629601,-0.9053698075045609,-0.09062578187128417,-0.7041550890163373,1.4672483166808323,1.1659019347661177,0.21233373721600796
038,0.9067545379211599,0.3378911401733291,-1.5837929644567403,-1.5618363098746306,-0.03989674190834841,-0.46743985553566364,-1.2972192486457277,1.4747817148956488,0.352496967240678,5.443786424546195,-0.11633662283603652,-0.8797117310962983,-0.22251955726803968,-0.01699079441884943,0.1679530457161139,1.247961638828775,0.6089819643454703,-0.9352445067601065,0.23680865558952602,-1.0377200443940224,-2.2370895995925797,-1.796033471453104,-1.9283328393973,-0.6499224178504801,-0.3658545386564285,0.8716372066686748,0.42098646570987724,-0.34756115145382915,-1.0591007853839116,0.053378806222853126,-1.731564285882898,1.6859960917669168,2.2216859211571807,-0.1945336626366228,-2.0094567523387656,-2.259605470546596,-1.4928997804047992,2.1420843614774516,0.7402551293007088,-1.6333230654126685,3.993412761576345,2.9053393964473457,2.5348228669640624,3.1385422857975205,0.5781576735304454,0.664730502031601,0.285399334479059,0.9287117325923786,2.100148479627051,0.0702789561296871,1.3279935993458973,2.5220015379613123,1.125601482516314,1.4584923553104823,0.7798346412273378,2.3186556137339513,1.6812648600510396,1.2319789225645832,4.1106215572526486,7.087478435922883,0.8414082426509715,2.326253138048581,0.9072727767754709,2.4151899018814458
039,0.12073305080421742,-0.3279871993007929,1.1272995148116096,0.05010697389209279,-0.47299300785268705,-0.6481210509804385,-1.2231608828189726,-1.1514832856802681,-2.029992468748029,-0.3725721442352641,-1.0145130515854728,-0.5664457867756597,-1.2998158745367547,-0.9286747486222833,-1.7765694544499497,-2.6125470684928374,-1.3819013928464963,-0.8408948791909506,-1.8373137116434195,-0.6454853541177819,-0.8410674921563877,-0.6308633124323851,0.17653650130331228,-1.8604746025400043,-0.051253865564675205,-0.9659681254742023,0.9651848528493204,-1.3133897284093692,-1.863360771837823,-1.885878882347857,-1.8395147735341144,-0.02537364278007509,-0.1273799212665912,-0.8644762292372978,-0.17313742787716435,-0.287104376620962,-0.12942399916108566,-0.29332553801961914,0.24415289587233108,-0.17789949918331,1.8991540711326693,0.43898879378526234,0.1979059992704824,-0.47368495376053565,-0.46223324500608876,-1.678634685405235,-0.9926097987550442,-0.5073045931316943,0.6017526216761706,-1.430475005329407,-0.32123980467947844,-1.5726237733506718,-0.5523895004663364,-0.43102660657161085,-0.5784724715412264,-2.352504285334855,-1.1782149408028952,-0.7961068612095561,0.6642550136224992,-2.0630055491884183,-0.9005697050257907,-0.441124423970516,-1.0506706707449416,-1.4532324177828129
040,-0.7164193795483894,-1.6971995858487587,0.42009065769108334,-2.881390433126942,-1.1560227699945682,0.4821747854586176,0.8807873257385808,0.0215254633002252,0.15882547192417842,1.4486369433794655,0.9217018778288996,1.4097701043672068,1.1149608590744655,-0.26917715744561005,0.6022672086390609,2.7487661600837683,1.3411506059047344,-0.11617926124616818,0.19634491720016245,-0.11173078894205107,-0.4270522425297166,0.14541976099246984,-0.6328090243563125,2.040184403516574,-0.23446414492371914,1.3492349462190605,-2.3131926556593494,-0.94275483649991,0.4803005363006596,1.1050791989216906,0.19081933911777627,0.4191877725771625,0.39443278101924395,-0.4315201100370065,-1.0676644926854642,-0.8476563313347245,-0.163363134580996,0.0789313263851909,-0.3024954712611129,0.0700655868681122,-2.606416634430626,-0.6222724045963794,-0.3927516705767238,-0.38045468850986,1.3884995378694878,0.2770670288472374,1.8050355202521409,2.3240997702647372,0.8253226608985966,0.5677841196376897,1.272501843671935,0.008793279745536842,0.08312714580082281,1.046986003421805,-0.15105430123032876,1.5333452327541395,-0.4150395451322599,0.9637682243925147,1.8236153082003237,1.8423917941285937,0.45895943753474894,1.2515837023787197,1.2234528565899725,0.23712754330218777
041,-2.671506561273176,-0.4835478835080137,-1.474135976039948,1.6780676341236218,-2.563118555018221,-2.035050632877182,-0.5101432921327088,-1.3611265465114712,-0.23010895560336941,-1.6638265261163054,-0.9609745093242332,-1.010501553349418,-0.6452919854057473,-1.09956911371709,-0.22266905161999945,-2.020033168135805,-1.4175989140216085,-0.6011659249606578,0.15291176690362313,-3.20702987867819,-1.2949469656918886,-3.5662713225455565,-2.482248133047049,-2.9475529949889188,-2.0730064125826995,-1.2264638653328923,-1.9000233018546235,-1.7453026229741513,-0.211020952170338,-2.2631692651595774,0.3420280797570926,-0.8828617388634357,-1.9861960923289748,-1.6715535199482319,-0.7281796612360054,-1.7805730049931403,-1.5029886203206582,-0.4547201429671612,-2.0516621505664507,-3.5142738274474574,-1.4223429783415833,-0.4616591108640352,-0.03674015793034985,0.9386092400729739,0.4314548591025359,-0.3214223719879716,-0.07737002701542062,-0.7751435213717608,-1.3319381297714998,-0.831395748572705,-0.9287080498716059,-0.861561428283315,-0.047419860361278154,0.09896187728204803,-0.41689399725782733,-0.99775368739691,0.6843679955327557,-0.40098918157675995,-0.2179910823337663,-1.9332351588969383,-2.5591908837992254,-0.0041847003056950105,-1.707352782294354,-1.2929053266019
042,-0.9339207458554297,-1.0763989834443164,-0.7922774073815955,0.12361973752354849,-0.5518319881646656,-0.7285951187985003,-1.2091161879549805,0.7770654113005446,0.6851128084394662,0.23271909732491125,0.3914333600872004,-1.0334509971206054,-0.06397250749422262,-0.3161013819061442,0.18958019241579582,-0.8613951043919684,1.354075278805554,-1.5164028094116908,-0.9751917927024271,-1.133921783286223,-0.24690146500150217,-0.7884237957695583,-0.8304373752039576,-0.24189303958019903,-0.8203330405787476,-0.515956406665955,0.8547576821693355,0.3159278020083717,-0.48828149129346626,0.7622043139916643,0.5016988909950395,-0.1488085965637016,-0.026748722085334076,-0.19186537264089454,-0.1738785018114794,-0.9731896840461977,-0.7957243441824648,-0.2260734064802617,-1.195944226282903,0.1929004635582971,-2.378346617647856,-1.980964470808361,-0.42130848691244105,-1.3237759527803017,-0.31264835338320784,-0.40051491334783856,-0.6409302963316532,-0.4461876755963022,-1.8673511757104757,0.9016252093602319,-3.8569316655959778,-1.4767114029451374,-1.126245396942673,0.2755721324533864,-1.390532473213979,-0.6245652669198314,-0.9793111145190749,-0.7062295691661156,-1.1296386847261146,-0.7626921601372162,-3.1339323553609564,-0.1097554067319163,-1.2526922506268527,-0.14022647682551886
043,-0.9900247710328979,1.1915647344481588,1.7155828206150896,5.253145049036531,-0.9995420465586756,-0.7600687532783549,-0.34799268344679163,-1.083290761253227,-0.4144998666730003,-0.3585900334558551,0.24868920248391824,-1.194688562097971,-1.574098778602784,-0.4618605117533258,-2.4528971994149584,-0.5539633662753521,-0.8531788498041863,-0.5901101056574298,-0.7162651116231605,-0.2179543305334814,-1.8684987458644728,-0.7944838623049162,-0.724016417538629,-0.8439819743047594,1.7788997290370774,0.8156222135011031,1.939199002659442,-0.9648947705464372,-0.1510562435679637,-0.6652998128259789,0.9725957729448387,-0.013060224013387689,2.7149800241994573,-1.2513698859334002,0.2510486919596159,1.7339230853228789,-0.08975587174650124,-0.40378044799799173,3.3503731672199852,-1.3027925748391713,-0.34165393106730263,-1.5726546691445153,-2.2957640741084004,-1.8936333066462008,-1.3645566767271045,-1.9768129869339335,-0.8349855925732212,-0.8772521330406847,-0.822804420001323,-1.3208371314873775,0.14002630529977078,0.6186818739684911,-0.024211448272112135,-0.9140567302466955,-0.7074038434233068,-1.1105349630366046,-2.0970365430828646,-1.4474521350336873,1.3081351929749458,-4.053161660520959,0.3303768066626146,-3.390869840408843,-0.9554303577441458,3.087172501688348
044,-2.004120473527273,-2.8832867382410834,-1.5747823703202903,-3.65249561645012,-2.510875732412965,-1.653429858072224,-1.550911535555664,-2.1810669476261335,-1.1374963926074901,-2.7901268024614523,-0.7688204497671794,-1.7604176428903242,-1.3899900560108496,-2.2578692041437374,-0.8354968330193201,-1.9037614947253152,-2.202270040916897,-1.1794272384777535,-0.904207444335793,-1.9390192805711197,-1.866723567481542,-2.729371324115823,-3.0357288542437812,-1.1253052953041147,-3.252729679887325,-2.2176174486431446,-3.204784440128451,-2.3870751129468006,-1.191853357217144,-1.950864359276523,-0.6907032225184468,-2.3579217793015324,-1.9192994693618066,-1.323691375006923,-2.4527228928292892,-2.1305800753895103,-2.1438304191603827,-0.679672823005717,-1.3643004281524955,-1.833617736997822,1.9526589968646284,1.6381251245151547,0.8576163140279054,1.1325197083608574,-0.33786953330139086,-0.0890941835126891,-0.49788878507047557,-1.3699441039032334,-1.7177258850166388,-0.9332565353736868,-1.2215798439733854,-1.580210528890603,0.9314371700416963,-0.2582724048660976,0.015378182448828992,-0.5878720932530315,0.3322465892933979,-0.4398914166095494,-2.602470782214392,-1.3902370187373854,1.3948663116357038,-1.4336315388062557,-1.8313554823989406,-1.5051739311777366
045,-2.6702257420656395,-0.04750537229367596,-2.5238092485413883,-1.8831264729240398,-1.394079770634473,0.05634617507432821,1.197812242243426,-1.760456125093111,-1.1358008799276125,-2.2151148282439017,-2.4678032334781976,-1.1789245392250078,-0.4974390939339114,-2.38822396767555,-0.5847631685360428,-1.9611656413695662,-2.081421779567659,-0.9597723629777657,0.48732426456811967,-1.7666450818750459,0.6374999883916833,-1.8789740314591492,0.4897949600077022,-2.084365768123204,-0.17578965247826206,-1.3951907793056078,0.007810780469161394,0.2765466295147842,-0.44503544031789266,-1.3382446646594306,-0.9127183339398433,-1.6774898698892906,-1.463564395266665,-0.047157548144560135,-2.827594930607724,-1.0276035192463302,-1.5521578333100847,-1.2830515775995428,-2.5360459952770316,0.536684723592558,-3.059092634104641,-0.7239873334361309,-1.0337827905960517,-0.4390618300699122,-0.9015969930334936,0.019925092764952912,-1.395424053807707,-1.260691895528607,-1.680956635486715,-0.9792261710510757,-1.7084970463641507,-2.0375426047092637,-0.0057106175846000085,-0.3527523372848654,-1.2269058912519804,-1.2005627623710755,-0.3496290474519074,-0.5670134857830049,-4.782769167936474,-2.9417416982961413,-1.4617377256456006,-0.8443233919973692,-2.188307763914633,-2.338106087628704
046,3.7006682655564136,1.9816411009234607,2.1091718927289413,1.329004680427536,1.0971043208388442,1.376946615713212,0.9283552359948679,1.404825911455132,1.4067551318604705,0.9318800073311724,0.9673681970271146,1.4245094840194752,0.523937356972239,1.2691413618565512,0.8503556596880465,1.7883478276598856,0.9673284281678861,0.4234940222878733,1.4635203872778924,2.520622554259447,1.9144248810018678,2.7189969989412193,1.631908339582244,1.9284983957448705,3.8179218670161443,1.758087513275875,3.1589979353252877,1.0701737266611544,1.9566694420213362,2.0401219696126103,1.7321970353072391,1.9551740166664728,1.4253683673939328,2.1952120366770465,2.0349424374863516,1.5951510269845237,2.288653209610555,2.1547885374551083,2.36193678053422,1.7276465924761677,1.6081865564301996,1.1504698978227834,1.6373657701938409,0.06818612113189948,1.72696195868647,-0.045453764842687816,0.9294214980304428,1.637466334585162,1.006766860181985,1.2934328973825913,1.1064758569197028,2.1336288620343686,2.078235876099927,0.7123898678196905,1.0180431129354257,1.4601080562398958,-0.4761130864545205,0.8545935394795918,-3.2285790760549093,1.9571107074219538,1.4680216479982242,2.283969173525239,1.3129916447801913,0.8560006047494295
047,-0.9304938099501765,0.8185278808430696,0.04418398936412765,-1.938784694430111,-1.2389270691989347,-0.4632061224584754,-0.5635448867520116,-2.0366970130008006,0.4350486168608961,-0.27839891555025387,0.32787743651297735,-0.6830437854926715,-0.2120602929333389,-0.9494715011105798,-1.1048866753537225,-1.4850408020898058,-0.18479541014765338,-0.5002047127211906,-0.7760136231198783,-0.5162348256252254,-1.7494633234968977,-0.6385671435839189,-0.8319654481658075,-1.557047016852596,-0.6558135170866267,-0.29225809259521957,-0.59023049985464,-1.2511100807517872,-0.6348121197535583,-1.4791086460490719,-0.5407057375133295,-0.6476239513566882,-1.3888458271653852,-1.0598930980201478,0.5440880898228565,-1.3576972627295847,-1.4697130211500014,-0.8882923345155991,-0.8140175396447739,-1.541370397584059,-0.3112833887712806,-1.226396010932374,0.20917684909833173,0.00155879071754228,-1.3417068155136427,-1.2512166237555358,-1.713999239992305,0.27249871101173245,-0.7733545354069873,-1.5035953088462972,-0.7488265342075695,-0.034340745391090444,-0.7622080532354719,-0.7115732219044653,-2.6538990096752055,-0.24601798704378258,-0.5643362921708494,-1.4225364763999293,-0.4437114644527879,0.4768621162336095,1.389276163721558,0.7225068615070362,0.19427099545956122,-0.3604220292282487
048,-2.8343015908535527,-0.9356405428442203,-2.381364954499692,-0.39057237364942826,-1.7223485311548765,0.5368291752921275,-1.396790834485209,0.2179251102599984,-2.317351955700043,-2.0351173302601424,-2.045868078484692,-0.5502946196786678,-1.6439420363556718,-1.4679990861438812,-2.4600690109598693,-2.2479157046290936,-2.07754680553638,-0.9082353437032451,-0.3664490443507723,-0.9710608243454577,-1.9200745888374768,-0.8555506443024401,-2.4101163788332456,-2.134966664504724,-1.2687280004210386,-1.271523943497737,-1.8848553320584283,-0.9718330729283087,-0.5839588265221599,-0.5070008072446652,-1.3734140557558934,-0.9910296914166079,-2.2487084274359415,-1.1513998401256549,-1.0468937410077173,-1.7680375908708483,-0.5996883270318945,-2.2594859685539967,-0.5803780306981055,-1.4618334563998898,-1.1097338666549994,-1.8614663086463468,-0.5844316408280228,-2.295327137835755,-2.415997256645185,-2.0032006144541987,-2.53096293276237,-2.6057364587474514,-2.4191071892244977,-1.9567336101586783,-2.0169025929219146,-2.817369894248104,-2.3038635842979382,-0.3774540689217915,-2.257315402420273,-0.5541726186485307,-1.4339379719129988,-1.5328075812702928,-0.9848909034069324,-4.7426986137499085,-2.3061631069196356,-1.6976564674355226,-2.0701774869104037,-2.731961743876846
049,-3.6958954385699494,-1.7702396009077939,-4.596243115278527,1.4323470318255926,-0.8155236685138992,-1.3780799205125724,1.3411171608733328,-1.1740919084097627,0.2618542501892961,-1.2393549837794904,-0.08204624685931172,-1.8540179659126081,-0.5491401295523959,-1.8253303702728287,-0.648605055026048,-2.618228411846869,-0.1254781094969845,-1.0250374884352444,-1.0436341687307376,-2.7768356515236077,-1.1065867603855295,-2.93457666075151,-0.7355811530518505,-3.807471571279015,-1.9966808733259331,-3.257328601051772,-2.151208955766918,-1.7415494176844737,0.7062439987717484,-1.8631662762275694,1.0027341901527314,-1.1412823515499473,-0.9607702278005642,-0.35009520782877046,-4.503187289809077,-0.7368561411947878,-1.56777753074214,1.8213374192998635,1.7237096389335667,-1.1848862295296223,-1.2040968151940947,-2.8505338242979197,-0.4372858480250711,-1.8308040876435583,-2.5038483716786306,-0.9590696442607424,-1.8941587210629394,0.23530911585704017,-3.0207279476156166,-0.17184457431375227,-2.160163584286228,-0.7462445579656163,-2.564211071778016,-0.45833917947991276,-1.545401470611063,-0.44094230801958395,-1.4368597713644664,-0.9000020564968819,0.7066600086193412,-1.449490295693991,-0.8778355192558902,-1.6395364108618313,-3.0753807865766882,-0.07770089711581207
050,1.682377786718556,0.5646981348328687,2.2517446035431954,0.31356505454068495,1.2356283194035567,0.945919735640746,0.19655486037985592,1.2617660876179009,0.6683869554238603,0.8489236893112182,0.8436513787040307,-0.22532649673048283,-0.11872996449988477,0.2508046631600439,-0.37080893019023337,-0.10586553913411972,1.3892100152401536,0.9643425144109297,1.0424557311823568,0.4984440665539268,0.6149054554461586,1.1982333475237472,0.8300990323482172,2.0092249215507163,0.4887006896735881,-0.13690443508942363,0.4571826609136259,0.8145305092203381,0.8276041461156645,1.589652388164864,0.34907608726342254,-0.38578087170142383,0.8249942732393305,1.151525004008386,1.2667652405035361,0.5100337930880967,0.6084383499235758,2.4917143950892724,2.590860985314947,0.7579402555968519,-0.7798082383988043,-1.094340846132614,-0.25979252657086477,-0.05781913298165081,-0.21783692096361218,0.2341750857258107,0.1249697533240729,-0.6062565203427728,-0.012548393810173697,0.7240126162940381,-0.18561437718316925,-0.5774428568227705,-0.5174776152155619,0.607430702196074,-0.338943066598988,-0.36444893170900533,-0.03346722715246636,0.3560865392120196,1.342315760417617,3.0264681323248706,1.5995535281191717,2.2869627483653403,1.8090129550364646,1.238239476362692
051,-2.333839154705079,-1.76228906187124,-2.929128126613795,-1.060659336976232,-1.309790172115011,0.4254548970270041,1.6233864238590616,0.18394785091248106,1.3915144667447779,-1.5896884780463487,1.2487793020654827,0.36730222115712025,1.190146609156695,0.26925269899699616,1.763346548484091,-0.5952439659006885,-0.6174138875060224,0.5939214482879538,0.8577169725246001,0.7324444003016953,-0.6948216639407143,0.7819502252074861,-0.4469066674765683,-0.21829800159032453,-0.8594024823715829,-1.371149146458533,-2.23638313457032,0.3726388667224297,0.8477204187671465,-0.8517297371678942,1.0976664811864185,-1.4507003859667393,1.5614794706325101,1.0640482349250768,-2.3743312948512516,-1.2952828284480005,-2.3730652965998376,-1.1358691927811837,-0.09522179048378643,-0.21374745372194603,-0.9705424067906431,-1.6774001392343427,-1.3511417213780255,-0.6342132765668054,1.8888905680239032,2.3237111016754115,0.20398079976668693,1.4670744193643044,-0.17333002633003458,-0.45812793033356314,-1.9246088494400875,0.45307111354500984,0.8217337008143898,0.7113783405423462,0.37940299202923244,0.7814517138897248,0.2870967767579172,0.9384851196300387,0.02582094294617976,-4.94171401684944,-0.5149448098315833,-4.8474666790138725,-3.270453388094825,1.8591429576760197
052,0.6233894231711721,0.09777204420671137,-1.055730910847214,-0.3184325347454473,0.46176757910373867,1.5907332281885669,0.4614128926102743,1.61741987252486,1.8606479548647483,1.98331541196602,0.9394174801467102,1.01960911792896,0.2908960753276483,0.6979990992083472,0.41013953569869743,1.3806148514934073,1.1184589766704176,1.176581787749718,-0.06491893857871556,-1.457905971800492,0.207352792853575,0.7847296421633218,0.17619730896215863,-1.041435205455603,-0.4500539924571313,-0.8269109500677645,-0.373474742548443,0.7785868244309921,0.26502897084653354,-0.705266342998947,0.6216987285795246,0.7948786941788503,1.8383272272171194,0.46950309766457166,-0.8223767816399357,-0.7046374135604607,-1.4720084173851644,-0.30264363194966065,0.10557916706167753,-0.27148814173140856,0.09943111598472015,1.7381242393766752,-0.6545790857471454,0.8192352143323569,0.7904780180489025,1.249267229309513,1.67256956303563,-0.322811871279622,1.03532775659053,0.7651526246168123,0.2604730668207582,-1.0303863057920264,0.657909383461386,-0.987013033303692,1.1702670537449222,-1.103442586948262,0.43961334436831656,1.2311786103599638,0.012889012173984304,0.6534890263856433,0.548977549012377,-1.2936090371188218,0.2398191665207848,0.2342962651208237
053,0.8700552258493987,0.048568875867207595,1.459304741834203,-0.12367616125597958,0.6379465245465503,1.6085668355335192,0.46444432684096426,-0.5690676056865036,0.6879158052680755,0.2973937878473783,1.9375509672547708,0.853714035911237,0.5376475536990537,0.6840995774187237,2.1418641630283024,-0.26829406741610645,2.2357387626286034,0.055622669105312106,0.6781924573052911,0.3763889143070732,0.04786841381122142,1.916575604402042,0.09712214425878213,-0.208309038860732,-0.8942288404416938,1.8137075837043006,-0.042736506461699464,0.6190523361131082,-0.5060332154953588,2.002952238908111,1.2164876127235962,0.6705189348070787,2.5666178935308053,0.407099639000094,0.9739686995400731,1.3639091318823673,-1.1378235265204562,2.2958762949759217,-2.950367204578511,1.1743931090361663,0.14039838317416325,-0.5419726019232782,0.9489638631157092,-0.5333487532403103,0.40541696097658875,1.5089545754108098,-0.9895957837204739,0.6701180235048895,0.6167069506119967,1.5612170808871293,0.047349565754643164,0.5441668980189498,-0.41323252740985716,-0.17308554949057592,-0.3299112030114127,0.3088734467941695,-0.5034013422257522,0.21960073334456104,2.0263179460740686,0.3587181392298654,3.038606291972135,1.1657051932304037,0.8617215661552657,1.0844258676766825
054,-2.1940049308107525,-1.2857777327934583,-2.1371100359929995,-2.3472087112862656,-1.4625757673645947,-0.105178527757602,1.2083237132097029,0.01901983671971258,0.1911060396144808,-0.9566780583745833,1.2865472262500652,-0.5599571248068944,0.755084801029674,-0.2992794918780333,0.2494191342553152,-0.8777959419145014,0.0014488420086644083,-0.034255784806252576,0.7940351464562916,-1.2261314986081788,0.06877369275948442,-0.973720533020354,-0.2510132395031564,-1.1375127105143763,0.36962891695613986,-1.8842594039721228,-0.5386200738789982,-0.12840520589365395,0.9022786752642993,-1.0505596691122048,1.0262655762597799,-0.5960443763218151,0.7808059564344453,-0.678024431314908,-1.2403178563561645,-1.6633382936959435,-0.8400003858545957,0.5234967290622082,-0.5195240669688739,-1.0257745675280123,1.6390148107917564,0.042259247669155675,2.138375681331052,1.6690342265808487,-0.11416361506780903,-0.20662493141954202,0.3698747789892398,0.9303895014620395,-0.26200601075852425,1.0198123939078965,-0.0852027191903959,0.700850089877497,0.8112345387684374,0.6414260896978348,0.31570282435392594,0.42610938069207727,0.24643005005765994,0.4483431859710709,0.20240366535350404,-0.9134797378564717,-0.6818405832287114,-0.4406964199613054,-0.4029221383824673,0.3990066536866793
055,0.39285865621141886,-0.9985973357645717,0.3340470399948916,-0.5604938734001075,-0.35456832400356125,0.6628291975640718,-1.0274708192920743,0.16242491199100156,-0.6312919561752399,0.3369263145466773,0.3090447501356885,1.3338978925914333,1.2501092704992198,2.084407444734378,0.20679143837031,-0.18572865737531252,-0.7227606372728181,0.3695339280752475,-0.5763378505988898,0.12780225670724626,0.08119057359825976,0.09167832781401969,-0.31258943746613116,-0.37134337269454554,0.6758371260585692,-0.28772272664614146,0.07382381407770428,-0.3108572344763086,-0.8164685836263832,-0.45624996131102885,-1.5555293710477394,-0.7307046295851171,-0.9330343276643918,-0.9125806773220602,0.04199641171465396,-1.054598862538027,-0.42380115327726214,0.5794444971709503,1.9209050925458109,-0.7767262918436131,1.6801418687462126,1.7911717833736782,0.5747475821274233,0.4090770950291986,1.753075615347663,1.5483291846320846,1.802359853034337,1.3327467184021524,1.6026208156882942,0.5756341991575517,1.4905931211678982,0.5652021985563142,0.9813126343489518,2.0060289319177342,1.8496951672418982,2.219283814468607,1.2659478563552566,1.3003960271490589,2.3466514124273963,-1.4022186711515725,-2.4728806673874013,0.07270293923602872,-0.21274217875689577,-1.4077594116241134
056,0.3174130727959238,0.299179307168315,0.023256929527546377,0.5104872064989738,-0.5089139913363341,-0.019683516175241556,0.669555688585489,0.9235544527308877,1.7691246239207397,-0.9872090691861666,0.6717674290672184,0.37905161455034764,-0.3705864470365832,1.382293484949339,0.15451627442883742,-0.3515158081090351,0.926292995581814,0.44856501276054883,0.8870200499033527,1.6646450220829732,1.0280203964756836,-0.0028005213065476764,0.688885440922002,-0.16667314233394925,0.6258291684611761,0.5117639049028128,0.4146857712010025,0.192235118992211,0.6951372692910578,-0.014754670867395792,1.3993104682497646,-0.45382490580764007,1.2588111303806069,-1.0916582947805096,-0.5523088835351131,-0.9123587609017711,-0.39561723472403676,3.7547480819119667,-0.9618004370439781,0.9120197712188927,-1.3503357531595381,-0.4915540667722369,-0.7351465843429486,-0.8129914553096721,1.1987200523457278,0.8199936376882977,1.895600911216421,1.0839696561479595,0.7393215734615248,-0.5245258950844303,-1.46082693913141e-05,-0.45343692748223224,-0.3257930597464588,-0.7913138652792859,-0.2212835540019768,-0.2444702407093975,0.723633358217945,1.7039856611593194,2.926737830128259,1.3472143656663207,0.4554077245012307,-0.3728350136820038,-0.4973754717284315,1.5512426079490766
057,6.029815615005376,5.559666587112541,10.791087948430162,9.265953562655493,2.1421074100572293,0.32985619536646954,-0.3145207581346624,-0.4309494463111232,1.4412055026697628,0.09584966246262677,1.5934590547237095,-1.0040529846960626,0.5343841162336638,-0.1382097136414545,1.5587858287485914,-0.19642216914270583,2.120665514513799,-0.4224894729504413,-1.1103663087570865,2.3056568596511684,2.479514557250566,4.9605074789442964,5.433805338811028,3.744659026423519,3.1667017067899694,3.8190837958044117,5.435408492628597,0.8721780174449272,0.8426374559522928,0.6549001889050667,3.3970465803696923,0.6278817537215367,3.0005551746294987,0.9427029329761004,8.760658464431563,6.605655073418532,3.4667888967264653,4.858460557524812,6.40672054601265,1.6397367058257417,0.6988699647516595,0.30772908831075935,1.5349859219616993,0.4817290706831166,0.22121411208780206,0.8431880934542394,-0.11303747505362838,0.9943595789960336,-1.1393125286514993,2.176522662652805,1.5903509465445358,5.4256726460838225,0.3557972611988294,1.025971451445802,0.8527175734700503,2.192347970729445,-0.06603338941684167,0.07100032852604565,2.2706314609798133,2.2614892516174625,1.6649259676961898,3.648999912595205,0.5877798377412431,3.529142283747608
058,-0.9342406306371955,-0.9118758469691357,-0.3458400883745155,-0.8089392132675973,-1.3629151709393577,-1.8778633485599834,-0.4184114983576415,0.2738214820368103,0.41106252938353055,0.8086860709393819,-0.6221689919352584,-0.5751194170314622,1.013537280278393,0.26858017146994834,1.2275735500536304,0.7903021517886608,0.3828391339284354,-0.8097007225068222,-0.6131676532555745,-0.7703628930798324,-1.8008968820069602,-0.45110289791283165,-1.5886011626904006,-1.0535529429411903,-1.9414480672592467,-0.7740909351599914,-0.058293142316274416,0.5012720219158449,-0.28725400830282627,0.33279622352534155,-0.17373550312197455,0.5378284077143605,0.7575347992852834,-0.527326725485353,-0.9690515116657008,-0.14579629561696805,-0.126427861060059,1.5780982376452513,2.347730503665678,-0.43140419559217763,1.113143568038728,0.5764810727905474,1.3425342654846002,0.5872492829036517,-0.6316239075080368,-0.3300253929704497,0.0781438066614405,-0.6197684617264814,-0.07608106865097919,-0.2755150378718675,-0.753800256206848,0.061696388390112045,-0.7740676705038874,0.09056936881519839,-0.7175057382510228,-0.42564817219662543,-0.7187505318524048,-0.7217230558545927,-0.3840008106637368,1.3297278615797232,-0.8424252965210297,1.0372655506659747,0.5713480267170299,-1.0983405411775597
059,0.9088051870533193,1.6309571889601124,0.6895820301685991,1.397229160665323,0.6914795983955547,-0.155868221134832,0.21626459910981188,-0.20809741631714446,-0.23916663559575085,-0.8841661769189477,0.40867025901735393,0.8657228484015318,0.6809580495117209,0.5134608894265457,0.7467225703004806,-0.7458501141358242,0.8516066141749732,0.6219807420792094,1.016773445246426,0.4636095793654498,-0.6637203378118026,-0.2119911339466708,0.71406698014642,-0.45725903926653294,0.2539064880466778,-0.7140702808747769,2.3435723262445824,0.6364942444788758,-0.5223420101432344,0.6016202163737108,0.0008941745832372616,0.714647454024129,-0.10942171602795098,-0.3412479580712453,1.1255319918502655,0.7749662371230659,0.7377741168884165,0.3238153727915143,1.6361065719321641,-0.9282161229634089,0.8976848400215405,0.2056746324572901,0.11717284213604295,0.513331703161345,1.0014734874658835,1.2368507111118938,0.17256552858009955,0.12849059617175437,0.2765800470678534,0.24563171835605038,0.5097201715870314,0.7302846980482622,-0.2728851789945633,1.302605321074672,-0.07729656740867735,0.3606372760277128,1.3415891639953816,0.9869627342321909,-3.0440294190884396,0.5667048705438305,0.033811378233814415,1.7170395944540802,-0.39371227869112285,-0.45294122260305447
060,-0.7902781163164818,-1.764738648636717,-1.9264493359982688,-0.6247328075272045,0.20808983551902577,0.8237957784831176,1.4041610057565583,-0.3616823070320514,1.8703457195354818,-1.681244097388295,-0.8847626530188251,0.19384250705736747,0.21665198710425126,0.650478213319885,-0.034906795770831334,-0.07496986047283016,-1.5339767088679563,-0.6284007117687769,0.4389679276887306,-0.25163806034250963,0.17458645361951508,0.7974866392988083,0.09316582750888486,0.3057429846507811,-0.731660442573995,-0.5905608295351887,0.7397539439695844,2.078087458201724,1.1527216405632505,0.20255927475040175,0.7302716824567723,-1.0778577061670893,-0.21875551510566144,0.32397999807666394,0.4616669678985604,-0.03746236701681532,0.7352344227326489,1.9175132393810799,-1.80515046518294,1.0125985699842046,-0.7280715310778257,-2.0976669415190234,-0.23356407306976784,-2.727240389778046,0.7603073707268986,0.1384952794212166,2.0071344916209437,-0.21454645839908304,1.5133670259699787,0.0968601652786763,0.14288453487290304,0.2176833935126385,0.8142994670886857,-0.35287028236276236,0.42491411267962687,0.0928642157338746,0.012479276003553141,0.7598093359579061,-1.3129733836048167,-1.3716836832880852,-3.97736716012526,0.29084343833745685,0.8969202951964679,0.05537212562590488
062,1.1194693433835539,1.0220967880259506,1.3534559881709178,1.6406777205284424,0.10673595405605246,1.3929487164441632,0.47323780485988476,1.0453234160294855,0.20344179995501102,0.09720151790513465,-1.8581492134525794,1.0726792698776078,0.6982188660028041,0.6297717822096484,0.3946872970574099,0.36975106201428554,-0.3359565720442807,0.43690683882238196,1.8266717450930132,-0.18408100055760324,0.13302793554190026,0.9505398329246295,0.4286458497955201,0.2504602473225456,0.11430271041980916,-0.37051301345085313,0.3876717048648605,0.5539777169464633,1.0528081285052853,-0.16888235337077506,-0.9830979778491985,0.5984396827915978,-1.4041711576546816,0.1039319167656268,1.335757989171339,1.0292072997841972,1.0395781783774658,0.26570222953381956,-0.22804403216112,0.8998697774723465,-0.6820804858576919,-1.2916679093193713,-0.0733383177036584,-0.9425896202529463,0.6310939213959623,0.4395170596988856,0.3566969188761694,-0.6469972119362912,0.045840577176939734,-1.365355955986362,0.3783066159413664,-1.741584951540955,0.6519784346583413,-0.0224683843236414,-0.47157412084217054,-0.9908937086743028,0.9450371216073391,0.3446473972343814,-1.7756646627025026,1.7821797078373278,-0.9982896670745129,0.6679202422356539,0.7007359093856536,-2.7172923194329908
063,1.424941092211413,1.2998853790822007,0.017806061639586312,2.0680117922371015,1.524300940598422,-0.6418728026339373,0.11445465181038578,-3.099850801842017,0.3158691159871705,-5.796566428110084,-0.6433246798098324,-1.409585297372694,-0.029168804211985866,-2.7318443793229954,-0.8395746936639523,-4.9496146676052275,-1.3205814860534102,0.5289469896327028,-0.0028862172217691273,0.0721230979066444,1.6046280743074774,0.004243789523531771,1.3873045634803751,1.3909736853243184,1.2102149977401409,1.0330402863533523,2.0459910276347526,-0.3183156464887108,-0.22261371273306557,-0.6360073347350446,-0.406324447642893,-2.5474324613145685,-0.17500718908568452,0.14568502343697154,-0.6145670378515511,-0.2248062567907546,2.2204180059605565,-2.6343979149336154,1.263135048400759,-0.1793227671264893,0.6427270637864333,-1.7265122782591251,0.2912723560417532,0.7991908054744168,-1.401359250539494,-0.8741720132255586,-2.114450239449636,-0.7670941756675571,-2.2197915946816353,-1.4111770801073464,-2.9996878790195707,-0.789372678759523,-1.2149841421171708,-0.536499856148223,-1.2810039875988006,-1.2969366732326073,-0.7063501160900363,-0.5994865361488554,-0.9212651681332662,-4.028039747218195,0.5311999887196247,-5.17349649951464,-3.612479564873263,-0.620176366460681
064,-2.1907915486386664,-1.1949777435479618,-1.129042660005592,0.04979233081591844,-0.21469380894623985,-1.3469188568667723,-1.4497764567963023,-1.6693083841568697,-3.3431204951715205,-1.031343164587926,-2.019800657016086,-3.090230926546516,-3.352742825148983,-3.730292881377517,-2.4166265280903203,-2.7120766306970663,-2.37559689157649,-1.656684432539642,-1.4072272230619034,-0.21975125722584676,-1.0992705838773937,-1.0789426846453471,-0.42339213459235214,-1.7267733674090602,-1.4709307616135208,-1.0192098201260549,0.17993604884349657,-1.141187499487771,-0.8101964311099197,-0.972996816938317,-1.4694477274378488,-0.9559513838313491,-2.3092918548779653,0.30437992785032675,-1.3129080613448982,-2.7252173959406605,-1.0089935315113565,-3.0190046829825747,-0.4182922366367696,0.10852183150461564,-2.4575629517543884,-2.7907527391521727,-2.1754165299594765,-2.405326556598247,-2.7733001609840215,-2.3105386817659994,-2.3159022593885688,-1.9271825857758222,-2.708996447699637,-2.079263760760543,-2.579514606678173,-2.1002065698041985,-2.5089962399919177,-2.607061276579536,-1.901802103960413,-1.4018110088614117,-1.8277561921666996,-1.5123531589433263,-0.8754376344304884,-2.6378212204614737,-3.398288894006737,-2.576497574573287,-5.5951203194951935,-1.962665919197819
065,-1.662409510541722,0.20812227831453928,-0.2267392453167214,3.0216705976938667,0.09173037313596416,1.46468193545314,1.7218307740645087,0.4634282629434815,0.18458864583260556,-0.16052033831425638,0.08183764875743799,1.0985164574385533,2.1178041319560528,2.1046669598594345,0.25370979433393887,-0.8318170233747488,1.1509403568890695,2.874574001861246,1.6509482008838507,0.666145576357076,0.5290736949541578,1.1786410612250813,0.39163951543781517,-1.098885733154418,1.453268287325708,-0.4747617673617005,1.180311147229267,1.1634488883285123,0.28179585213343106,0.7382910276239918,-0.304820601383222,-1.2292706723510909,0.8327376448439421,-0.06753126409378363,-0.234907705042536,1.1055144255355336,0.6851578587898265,-0.6363285208506237,1.1751812609983987,0.34910839301257646,1.4825744638749665,0.328183809935948,2.3568229174407223,-0.6198011377537185,1.1593656464481052,0.6380344504755361,0.887231857310867,0.2444895732862822,-1.8359882917965784,0.0499901653733229,-0.6946258996344191,0.20584006715001513,0.366392478115777,-0.3430489851133796,-0.3845654557119702,0.29289483423921114,-0.2508554830123498,1.5863707175824078,1.6261410791131845,-1.5867992459322078,1.5478074017637677,0.26895983395653944,-1.1807051759778795,2.194965632652602
066,-1.7923543726381885,-0.629763215002012,-1.7941368401152094,0.21149754698315243,-0.14717069770524638,2.7309117217346204,4.660844389357955,3.377301738092167,4.697670518172311,4.502331041677287,-1.2543889554026824,4.223000367639063,5.223388488258997,3.5037143970995057,4.622284201637243,4.047689170003039,4.507123729293737,5.010925514392345,3.3696407546582265,1.0406377411226355,-0.011040428754046039,-0.46711801968177674,-0.18329724881246812,0.05828311644265649,-0.6427730784367429,-0.2632887780455321,-0.5155705454819506,2.1612526414449427,3.221068359322662,2.6942899865899808,1.3401350883714394,0.5819715629497378,0.7374428996746114,3.3285930757415736,0.2794621427903921,-1.4901206306809238,-1.8555741987824985,-0.8184821776640483,-0.11620333664887228,-0.16731828699375711,7.601143035987027,5.491574568940963,4.435980884586923,5.325145330152109,4.167531880176477,4.301752119326225,4.9985498374715975,5.267650844408434,5.805364644278131,5.64453143858321,5.327008204820327,4.388731297429702,5.598140184123554,4.80748203601946,4.408111411467003,5.671404062372543,5.276998632815558,3.646748230124615,2.9928404398713413,0.9213213018299383,1.5135374658049918,3.222165606660876,4.433044556921615,3.2614564955884107
067,-6.565524306037954,0.5278924889034277,-8.792693034968925,0.1514002346542495,-0.6607747881236603,0.3273484632792728,1.3676464982122323,0.4047824837594593,0.03547188883344088,-0.5004319314997585,-2.428310897295318,2.0800133650327326,0.08063068185621247,-1.689821173853495,-1.6338189886588528,-2.0685328514457844,-0.15072638696216517,3.503429361953848,2.3354970121844896,-3.4415435358618076,-0.20604800418921732,-4.387826598166475,-1.4785321092432198,-4.162329304784401,-0.527224489655612,-2.5259666195051835,1.8128796143280577,-1.074468875641932,1.512505408522701,-2.302741422111249,-0.3042199407790839,-3.17055205906302,-0.9242504443544242,-0.26886454788210545,-5.277147779698025,1.335647948526781,-0.8674116809813828,-0.34524088263300495,-0.7265381461496968,-1.9321590585991155,0.1988156584394154,-0.7225216944870612,1.007113644593717,-1.0484667291502894,0.19516662033017113,0.26176166966073716,-0.4910433668163199,-0.7670039215535,0.4360630565101601,0.8503437350690807,0.18155171502768638,-1.3494939369580548,0.2988093927020514,2.693896465410374,-1.3997658912780269,2.2762570530151796,-1.0048470118886041,-0.9415523043615825,-3.2867464553802086,-1.4074776059361418,1.8654526593836762,-0.5242799566168929,-0.6088032766257158,-2.167726566524169
068,0.6675439730291122,0.4687722223016615,0.5047274676700898,0.45198975646641676,0.0009852675751759188,0.7388183009088898,1.5850162525374736,-0.5228862212218095,-0.9645475395627998,-1.0343355895636392,0.14207775426063035,1.2615222598913378,2.439507616713082,-0.02358396672795593,0.8776343954637283,0.20149455926568838,-0.7530418395094192,2.3180178925826014,0.11306237317378937,0.7513161770970455,-0.41662361118300284,-0.6446833224444435,-0.2021780465271964,-1.5058526278835693,-0.3204282061213132,1.2200122890537262,1.112808721212676,-0.15925969777801713,1.0988735697765295,-0.10721194539418161,0.47108715146907965,-0.3254854219203118,1.9590876926537388,0.19463959003377088,0.0615992840257239,0.18086165575379784,-0.15910846179091176,0.3263195652311117,-0.26615567226222436,0.35042185959818334,0.2853855029456653,1.5163594937169411,0.5384575947758712,0.6581035670387556,-0.8468616707807279,1.3684203276760016,-0.3706157051497826,0.2717188043895592,-1.166895112670292,-0.23327255983587275,0.603548661217564,-1.860694392149195,0.9270090640691507,1.504608982390297,0.7668352072420008,0.08597629566924894,0.16846404924224778,0.6756289251809475,-0.49109614775240606,1.4929513805135533,-0.7985975883896286,0.42009325153325605,1.630322451204018,0.15225318509442626
069,-1.6112110607714296,1.4519237472940563,-4.318400272461824,1.2602699835706654,-2.9645156851370187,-1.7541464005412648,-1.7618993126230538,-2.34337295088961,-1.2504906591663774,-1.134512343441927,-0.9361987256157279,-2.2436424198894267,-0.6946423386146114,-3.9600544524415797,-0.45567531117885623,-3.0385794526282717,-1.5883151144038476,-0.8784659491351556,-1.7383552669471798,-3.2984813491431852,-0.2693738177536779,-3.1936731756093555,1.066258552636445,-3.207166084799193,-1.3450032511441408,-2.411403609108488,-0.594956114667547,-0.4519830837159458,-0.5559944502020969,-2.8379601018331515,-1.364746186446442,-3.3159259127412235,-1.612448834980572,-1.154414170005282,-2.3544162109105096,-0.8519205788487074,-1.0752155364003386,-1.4889464896253704,-1.8592291383971051,-1.3479472424803307,-3.5803586501485105,-3.593359573931406,-2.130449589097503,-3.2105258907346683,-3.149241236753824,-3.221225545178894,-3.363611957293023,-3.4300030160105233,-3.834616505040537,-2.1883278777321875,-2.4286521523438545,0.07969960839452933,-3.9847654544510593,-2.7438700205128566,-4.50423489018165,-1.701533174215868,-3.34766736838103,-2.819259811106637,1.4789470761774897,-1.4225385116118219,-2.681454102162459,-0.9163803155398328,-1.6926309582936685,0.09714340942797106
070,0.3832871356297332,0.008952336266578598,-0.03053485763762842,-0.5725850621908799,-0.6445335550894513,0.4700168144494218,-1.6741312264129267,0.2474287845330339,-1.812979527086077,-0.17904667569496263,-1.8382246857201565,-0.444867578263399,-1.397455367123728,-1.3659280213915848,-2.0137671188440422,-0.6087227142803642,-0.3372895529672893,-0.6206016731258,0.07982240196303897,1.283424593612266,-0.383461745716233,0.80799293372168,-0.7728426048517634,1.1560484831071483,-0.8760080938664816,-0.16972418090000269,-1.0003914516223926,0.6095890330037235,-0.5946502229389522,1.1551868777244598,-1.495611957373289,0.4618078983177527,-1.4592084553368307,0.7392978042344983,-0.4544853818971799,-0.9195687306202134,-1.2742837852503581,2.755635935496899,-0.06110303467303485,0.9186770359945313,0.6208321537714074,-0.022114127996680166,0.38554923253420675,-0.2399566145463906,-1.0896150715686697,-0.5811662170674448,-1.5366674143153476,-1.0503730405704435,-1.7384690831490859,-0.6594346059576797,-1.0277477941672593,0.14270997288987158,-0.26754941261452286,0.016260174639392833,0.14197556302398878,0.36650256055662533,-0.5903465359851079,0.26442810724106114,-0.27283279039126823,2.0154657622912313,-1.5154350032937194,1.9861168125376216,0.49472202378904867,1.0682895277913065
071,0.040149078894670065,2.2971173256972435,6.992219263643683,3.3146491318735425,1.9832378858402744,-0.4204241325597046,-1.245051995013001,-0.23174723524448176,-0.21944061080722455,-1.1427031839420998,0.4929943192849032,-2.274172480598561,-0.766220314552567,-0.5524015462934684,1.227626801513034,-1.177394890743979,0.44308163228378494,-0.2325933087662146,-0.49974707208734526,2.165159713242805,1.2658511161195245,0.9711181232992826,1.749754619895297,2.7419842127143577,3.0492851752339467,2.760484158878803,1.7050499333911415,-0.7800481845559901,-0.31891697906758504,0.4911223977308704,0.9016397819429082,0.45729418066168814,0.638671593175206,0.467337730667429,4.953635433252179,1.7089217337694742,-0.8566922063020317,-1.6195194161661917,0.5377816408766957,1.7017296805212427,1.0310040994020333,0.022567503731574623,0.28052231468145417,0.42472866611832516,0.28950541278871034,0.6476784903771793,-0.5288069688632663,-0.716377198828249,-0.7887274037233788,-0.7185718720579022,0.5137378692858457,-0.8236809863479866,-0.10940647092876105,0.0387122848616378,0.3679054994001323,-0.6474099511769372,0.8043582514709691,0.3365557046774047,-1.83989404112262,0.22276605727161075,1.0675328658926981,-0.9635776191465766,0.10381867036452724,-0.38362698127250516
073,-2.014933473297558,-0.1127493898823429,-0.08588838344599431,-0.7403779916817613,0.03505907967708516,-0.962954477268529,0.5363057014913719,-0.16055062301628886,-1.1599796889331293,-1.9608612690226404,-3.6950298885930266,1.1666682025676693,-1.1360328724330273,-0.47835295014284207,-0.21056031644228107,0.1150774508904821,-1.2038580462816544,0.6492679093200694,-0.787500320594499,0.09728494090673362,0.43354185587673216,-1.312630696261175,0.5020991911943462,-1.7220708926466628,0.6386281961932332,-1.1811337268707174,-1.0758747158176254,-0.2264096207305133,0.19526619536374035,-1.7974087648771166,-0.3924196718082337,-3.0419183429056775,-1.8674154405481667,-0.18364518493972448,-0.09126767429708588,-0.22892894971283811,0.09091857903331374,-2.2936671547997243,-3.6167228799090982,0.6678662073621512,0.9787503220504304,-0.30432845282368143,-1.1679159309347622,-0.8960642280600699,0.520525832874907,0.015117773403342027,0.4826748819420116,-0.9943209943004416,0.2013393353422624,-1.0361291945263196,-0.04927538985714908,-0.7777729388718009,1.08995905102669,-1.4965002174426343,0.3630092008715631,-1.378536078803322,-0.31019979248193685,0.056535302669774024,-4.438692162208618,-2.395158616887064,-4.58894474580087,0.38627761986323217,0.23974654886911562,-1.6836581973314044
075,0.3923822957537948,1.7468406744513092,1.3666781620037964,1.4903027762090346,0.9247698750873936,0.26220371762178357,0.8554891569043402,0.15810503858964597,-0.35488234942883917,1.0376647710358013,0.837788555487811,0.22708656716869133,0.3366553436334057,1.007310389759893,0.7143920499198835,0.7236723018878548,-0.310450487203174,0.5003227817879234,0.45825561271681003,-0.030409619226003604,1.6278303898852917,1.1761022666873433,2.391242332702703,1.9037587549793116,0.7600684398230676,0.6693261654664019,1.0664870229419543,1.4360109903328557,0.7370754877338381,-0.17253583324917382,2.0687364260784338,1.0200311677656158,-0.050319661860685205,1.1560656321856215,1.1551090211283204,1.197078575355497,1.4855962233003892,1.786256771302663,-0.34078533540185196,1.200608531531841,2.719013599188388,1.9414392707383583,1.1611819130668053,2.1156919616939076,-0.19667344440423706,-0.19546641668400205,1.5059769347227738,0.7012665010112401,1.8440441306773017,-0.21069169663782805,1.8975673580723034,-0.15844894310709623,1.4318275471477149,0.5857378203010299,2.130410015703952,0.4143431151430471,0.9773097679086253,-0.5085782940744356,-0.14588593273855732,2.6100377699708495,0.11576227044743767,1.0455951138030748,1.99626190555348,-0.37507638965124923
076,-3.199277557009983,-2.552665933789096,-3.2445890623279365,-2.843834861823016,-2.199359037869497,-3.030785105667025,-3.775921005421725,-3.9847965158316243,-3.7204973020600343,-2.8171000472059995,-3.3785268042684033,-3.2432825415410185,-3.098028843408705,-2.841103091222331,-4.697714645595732,-2.91634160196799,-4.595614300315149,-3.2994215998712546,-3.0235569150546584,-3.338904662058227,-2.613376483057415,-3.5582090745500805,-2.4922456300543883,-4.014617834848824,-2.386795063427159,-2.8964630317498856,-3.1880161340678934,-2.3190272865192068,-3.4069896109810873,-2.4595869765691867,-3.6927847757423673,-2.554268076292284,-3.04054647583416,-2.878307656498735,-3.1636605349837352,-2.507033873952528,-2.998999662381075,-3.0550934595575,-2.556155538416582,-2.4272446811593125,-4.398308007634617,-4.842313621608203,-4.968183595254865,-4.859959054217496,-4.704595728363198,-4.660053811666434,-4.489825966958493,-4.548635608697491,-4.2591626359973285,-4.708846784523466,-4.12475870482092,-3.755319623229301,-4.428317022914775,-4.586820574697424,-3.5086548015279746,-4.842508503518406,-4.885667396620985,-3.9002277499579416,-3.453399314262957,-3.467350080028874,-0.7544072732296592,-5.172899205056087,-4.081443300782702,-3.881794453103306
077,-5.008359501762652,-4.66603303939516,-3.9292677227929675,-2.897598143565436,-0.9316543407793709,-0.760432761821005,0.3894165749135512,-2.113191980494922,0.8404677611923366,-0.8167011027663407,-0.9924808596525918,0.3238569513702213,0.8304540716665978,-1.3453437085845226,0.713339670746953,-2.879996635203757,-0.0987073754971976,-0.1415882938602916,0.6850146132681656,-1.5018945015424259,0.6258667346318805,-1.5592180716867656,-1.3361053382498076,-3.5950868004657925,-2.0386688419142933,-5.0585071100595815,-3.2103425088360673,0.15025916533243505,0.604624379419141,-1.5874595418764748,-0.8158346396264358,-2.450331390185478,-2.4492728530718937,-0.2733030957944516,-3.4153440121834877,-3.3473278978749734,-4.069973495237906,-5.3996135262411125,-3.5501411277209542,-0.6238160309773291,-0.7599937989000387,-1.8438586601818792,-2.274166979705245,-0.9918276267413036,-0.5448764542761633,0.3515937948749834,-1.2628194086722406,-0.7519749916421428,-0.7694936475417685,-3.0380444360347627,-0.43782900652289314,-2.5295103822117566,-1.4395711130243358,-2.138722609418104,-1.0929254630231608,-1.5406383524621594,-0.676097656076321,-1.0052339733356694,-0.31788211862903876,-4.2825687357197,-3.30785256787489,-3.213363650061085,-2.2793292588331533,-2.179366879538412
078,-1.3651312933797408,-0.4279998585025813,0.9424075790997875,-0.5284832816282824,-2.2663411079479525,-0.9680805496851046,0.2466222403599556,0.7894163771553876,0.18841833578657075,2.0316323652884853,-1.3742798122664457,-0.5882794614375887,-0.187569695911798,0.3274785131416146,0.17897785134049127,-0.45490562796796946,-0.5792407270510003,-0.6978447371911678,0.18548339427480887,-1.028390182981811,-1.388901673350891,-2.0786183865524137,-1.7449486761141149,-0.9573501887464848,-0.7187709271228603,-0.5264697927958775,0.16462238077261512,-0.41608389578943467,0.6049367486325141,-0.5099652663758683,-1.4777259844466473,0.28565934980808155,-0.5745254952410664,-0.7784268413810129,-1.1752915016061198,-0.9291763500933378,-1.9789518612241226,1.266228087399987,-1.7314936588101757,-0.9227094456007134,-1.2434577700413443,0.9556095836421419,1.2958517877582616,0.15104361443290976,0.5820010000127027,0.2928783260404424,-0.25794716478817103,0.6138079953592445,1.0501560944144517,0.8559759784495666,0.7592705505576547,-1.5841758326574786,1.1628653061152265,0.034579252321540244,-0.052986698084739825,0.796668557873936,1.8894885831932733,0.04211606706394755,-0.7946992680211804,-0.9549844121254517,-2.1281999135130514,-1.0968970373365785,0.6064459633685548,-1.6901979016688395
080,1.5464279286268117,1.6395084599824814,0.6849290925843159,1.318410463578204,0.9478368367334675,-0.2695709697296966,0.5719480654881841,-1.4172357099430863,0.2424305275258424,0.505282051024878,0.4628166701207174,-0.6533238341988961,0.18938503443093024,-0.45292719628840067,-1.1309230514633106,0.14120622263037838,-0.9784528321623263,-0.9239595759513846,0.25118083098129323,-0.4930329406652103,-0.24218319629640922,2.4876411967604204,2.1845258893395294,0.7313049617479286,0.052182434556542756,2.0580550916050786,2.0364962862136013,0.8059364211764002,-0.1270957527118306,0.911856112837581,0.13712381102842014,1.683949446418166,-0.5508856997403369,0.9992821918516719,1.8255531222305041,1.105657601413987,2.2573698973134753,1.2816311339402215,2.1756659344383698,0.5136015711089128,-1.0358683243877977,0.7486695454958798,-0.3316523443390535,-0.5540065673898585,-0.37993280840474297,-1.3476971047898076,-0.7434790879535038,-1.5263482632621972,0.8266914525470541,-0.7661226436797279,-0.7450113000281565,0.4049008560704266,0.26297405777694927,-0.8076686288887719,0.42388229367569175,-0.7483648638424873,-0.48509162664261823,-1.4588411326974098,0.8211626900858415,-0.1538311704718046,-0.19319081381652964,0.9971673196799835,1.935988985671958,-0.843786894605989
081,0.06173850946370499,0.5584944568408966,0.6122653390815893,2.435837226681648,0.3455083918197658,0.6239325785234134,-0.8838839195640935,0.33429276309515943,-0.741127547321589,-0.4172505448138239,-1.6052866844788896,-0.2095629157842912,-0.25453313638673664,1.1543005418307666,0.4079844833138313,-0.5468996178847552,-0.35454948780811835,-0.9732936314348208,-0.5402663802760841,-0.6172189560761847,-0.8443113025482876,-0.6036138152692753,-1.0303045675760194,0.6468618510381516,-1.2435749444655957,2.405165170346321,1.4385325436113234,-0.040817336917860936,-0.8594466688035092,-0.1664523975716239,-0.7467928556580555,1.480347083839128,-0.4444038917841683,-0.5357294009956314,-0.1322792303790492,0.27505761450736793,-0.03028117023843868,2.0709270662831805,0.6841204705357986,-0.705892165683913,1.2256273890473004,-0.012684791236569959,1.6425592907696374,-0.37087966035563436,-0.2512302514573835,0.31082980886742456,0.4720608732331265,0.48872750869468146,0.19033705691343594,0.6557306359220104,0.6558755221693346,1.084680266008855,0.431319508386466,0.7249695396144165,0.27353421934784594,2.031571366265282,-0.40739214886448016,0.153646949707353,-2.498713355550948,-0.30964256262397816,-0.05107330790615355,0.12852143843736716,0.23919546565047253,-2.0337650942139365
082,2.000914064593942,1.4114964324145893,0.795076061659189,1.5760302298587894,1.177939153561753,1.1891444122779684,0.7008208733779286,1.128455768452848,0.10802223973137365,0.451063942818243,1.8617918511228155,1.237517846059803,0.30729662045845973,1.2711534317487385,0.15799395071177585,0.41042548957153374,0.9124818134795838,2.0107609381208813,2.49294919760186,0.2696759724377802,0.9188547959528192,1.1542357664125018,1.271810943740766,3.1835407748480833,2.402906459585592,2.2293324872456273,2.943706494857973,0.31308891393188254,0.9950259461160389,0.8177603734835561,0.692219533375432,2.5169522899144288,2.5359739981764102,0.9441749738124192,1.2852179019468326,1.986174873263939,0.7237264882440269,2.860708921532556,3.1941467079622967,0.8914433494436529,1.8832966419253188,-0.4246768136015767,1.558382583839529,-0.019060958940326,1.2263399358041032,0.5252623514121326,0.22334821819509398,0.26223423421958136,0.20622100071676558,0.41977879959450376,1.0806869092856315,-1.1992860049749623,0.546744387976999,0.7216638307756993,-0.5394250181416074,0.1609260664255179,-0.4426505624351245,0.773850991641816,2.226289849733979,1.2456270151314714,2.880303584916615,-0.9051459900450691,1.1484878932352243,0.7217853111456194
083,1.0652137728542959,-0.67484222597528,-0.26441600737522075,-0.5788737307645286,-0.6815371690229854,-0.23887447204779189,-1.4332988912980658,-1.9151691920037939,0.41752094268794193,-0.7778524020242379,-0.8074982793971444,-0.5045731625244405,-0.7341873704159813,-0.8922668309961432,0.09502812609648131,-0.354869610763452,-0.41241949690514645,-1.812423799152508,-1.8609158425424117,-1.3656144231870393,-1.3217528979969662,-2.119491376695872,-0.3357760550206562,0.10663052617046409,-0.38031096223701555,0.3527188963141858,0.7155904117861843,-2.0789615190700426,-1.5338710552092714,-1.6619087382093936,0.29602432827402403,-0.8258553334317332,-0.01938381878676565,-1.2628600149975127,-0.6823134573033504,-0.3876888947887489,0.2467170003798757,0.9629665834375731,-0.7251620784591193,-1.7239449363954975,-0.843613829236757,-1.3077180070153647,-0.5539476517034174,-0.6106911468978823,0.39164037606461366,0.36200167531701866,-0.05348882292639273,0.30880137922792517,-0.7936089399628397,-0.5435241160364603,0.3453014306796716,-1.4156835165837742,-0.531660819927029,-0.4828809864815729,-0.7706529147698239,-0.7896787598789066,-0.9254166512248927,0.3827186565806382,-0.8825569770138585,0.30819079323328763,1.5434325393840815,0.9965882677728922,0.760668101109012,-0.13336652704903285
084,1.238001767153935,0.18380333801107443,0.4547152461641324,1.8740641338161521,1.255015732075661,-0.7666777103015656,-0.3511515700306716,-0.46759854093395636,0.05717465387918719,1.3070442544473795,1.8287807643857334,-0.31516416792989266,-1.1170141626593821,-1.1420396378189042,1.1212831009517161,-0.7892412043286883,-0.19511681124784275,-0.6891998906482371,-0.8844529927223326,-0.007184257457254345,0.21430454520265518,0.14114240104425424,1.7488460360280191,1.3929334151294133,1.2294598272787236,0.7733015341067306,1.3717222621561656,-0.7931471491537603,-0.4067275976131058,-0.4038858359692613,0.2871976603953722,1.2069894489036272,0.267248216248094,-1.1558799151542853,1.0400661986642077,0.35364636153870777,0.012496397620038568,2.0493286372083346,-0.1398343910476747,0.12823100642203192,-1.6569143519848135,-1.819105275833838,0.5193618464195933,-0.9191979265575254,-0.24590238219993843,1.070876666847515,0.15404835488680382,0.27112198420084904,-0.6444936081072288,0.47447600447236177,0.8478900154712886,2.51763463600785,-1.9900659389771258,-1.2853996413170092,-1.7755170650588572,-1.2251010787114343,-1.7607454507804194,-0.34403975232001566,-0.5257616712449193,3.054701047638783,-1.1553461081597585,1.4689245709666767,0.7258228498206679,0.29169679698595313
085,2.2334577020818953,1.9786995628159427,1.020891823392456,5.872424314992823,2.3974270721084614,0.20817052296345553,1.3925505576903507,2.3730038498078176,-0.5098523294469016,0.4473229710703033,0.3854655696259105,0.25011414583720704,0.6357414258638429,1.6209163861675604,-0.9619124136755551,1.107705735150352,-1.1861938210993812,0.19714028840651004,-0.37300207957030707,1.906199808516747,0.6498884101651807,3.304003065612286,1.2480965504621941,2.3781110570235815,0.03640126992444581,4.589661642154115,1.3331322304339996,1.0482024296278345,-0.3864841010276956,0.6574399120939507,-0.7924593439476475,1.4818711274283538,0.2526626199561265,1.723374781008448,1.6366208389892196,3.150556762649044,2.3580886138107626,-0.5822659953773399,-2.014471925305647,2.3384446472687372,1.4310278172923763,-0.8983661522217479,-0.9939269789024228,0.21694364076689526,-0.04477216056123812,-0.3805195820644613,0.4235549665657207,0.8082960620481832,-0.014087790080975271,0.9859892317994023,0.9247008697682131,-0.31131024017719966,-0.5681959907134981,-1.1305814366768603,0.5457666806210988,-0.6849250168895142,0.016218470520180717,0.5469157957140968,-2.2875737348040497,-2.1478057609959316,-2.538147219692273,0.41979860228965943,-0.17236764783999053,-1.5735392330994222
086,-1.1083451649645837,0.4765652281386688,-0.18195588211453462,-2.900492826201095,-0.46892589715914146,-0.06466295910868719,0.4163459551302633,0.2328366371003497,0.4462640128008031,-0.2359578155482448,0.18746876554623004,0.44349405829835264,0.27630936711561366,-0.057827843930087885,0.003169716066986017,-0.9386639381126598,0.07058885816223504,1.1996759216842214,1.0846937441738285,-0.9639146930789035,-0.2378916905730848,-0.816023756157218,1.0563958861314795,-0.1429658274001281,2.2809107596239375,0.3863872296692274,-1.3556666296810609,0.41712173495584737,-0.6547137606963123,-0.6728692002557791,0.004089607627016378,0.3226979257795464,0.18764426474093,-0.4726318534125267,-0.7880100699512878,-2.6736221347239946,-2.6979786253081666,0.451499938795008,1.3705755478645631,-0.674391271220862,2.2902039468834543,1.1533364561355244,-0.9834387513707707,1.3111554420888494,-3.426554751488975,0.3001986108693537,-0.29218591158158025,0.005020449356427592,-1.3809699437816536,-1.3987800979398763,-0.18497089630650976,-2.1061230102987096,-0.9351488963064285,-0.7940212593474829,-0.646582946894759,-0.9855448395607886,-0.38538772252105435,-0.21812201420362598,1.6309808768695757,-2.9929126050567123,-0.4324906839029258,2.340094421425047,-0.018531980135948922,0.4042622677278701
087,-0.003010123406149201,0.6334252375545565,0.9006138418694369,1.865174725739964,0.9420873464559789,-0.8750801835553088,0.7095770652678585,0.1595872306193084,1.8264166433341833,-0.24899729431662115,0.9518196585751981,0.28008291490436615,0.7826257122017806,0.5883025095811064,0.6598607340542177,-0.6823435734450088,0.5484467566984981,-0.4493799945890459,0.3965843207195213,-0.15559096263146688,1.2375278462216783,-0.653025134000481,0.7105319146688911,0.6275082410444816,0.7883976236879242,0.9026629063057379,0.5064762455939984,-0.5997634575755718,0.5874396917021479,0.29969644472516843,1.1471436735977454,0.4788324522977637,0.04430827420807171,-1.2513431524309304,1.63092000718555,-0.006331505870244558,-0.9336459660302883,-1.764995004551869,-0.7646301835481488,0.18127641330883915,1.007660512023501,-1.0351705914395914,-0.35478146926337784,1.0531789581685944,1.1677384203176828,0.4226365736163702,0.5521187736368887,0.45823298781705946,-0.7773353937720313,0.349579710392838,-0.6808305625276937,-0.09193679630998619,-0.3438547028216131,0.13729198746160004,0.8981838560211414,0.34359290273026244,1.471770208411507,0.4839509245805085,-0.25341399878408466,-2.56441710223152,0.07819502405357381,-0.3075339395146009,-1.2491068116239943,-0.6932968649888425
090,3.19415878466943,1.6394496553944995,2.653375066193769,3.161292261788548,1.228611654853693,0.11501374399097564,-0.1489964623374741,1.4547901858833001,0.19182420936896483,1.4814169394371248,2.1321487891875894,0.2714174270572831,0.9293086414836713,1.5116979912971178,0.537149408018841,0.2178745484581548,-1.3600892044470594,0.3037580722294875,-0.07959112020855663,0.6819898985698337,0.49882601936748355,1.4082436206742242,1.1882723509565376,1.7324945179960556,0.7717148194752297,2.123316980928159,3.2528069800886463,0.6518818105581978,1.4252284038186662,1.4326989238724022,0.10287272855080387,2.0495014550792066,3.553972860702093,0.7084066425326664,4.0470306210097515,4.0837495182193555,3.593020873662151,-0.20084776140557703,4.197634531304561,2.181432257888811,0.8742038372250327,1.332654246361012,0.2077556376768574,-0.43427244998947706,0.6885642252712237,0.7794124901516963,-0.23974020340385271,1.5261574149013324,-0.42373832363366315,-0.7364243893480885,0.2894156413621924,-1.4947444304914286,0.981454360790022,1.5689390938473877,0.3099341544090565,0.22105044433359383,1.84091173482852,0.10066593937649221,0.42271312205264555,0.28577258965297914,-1.3531056728251636,1.0062666889987788,1.5253305699833362,-0.6991905567493999
091,-3.416497299529184,-3.1516272456544097,-3.3190204133918937,-1.984832448446812,-1.2241174906317283,-0.9586209747462576,-0.879289820740075,-1.5796718761595832,0.3938259490822373,-0.4700771789574975,-0.02324653960690326,-0.5150636310081267,0.4503380708929267,-0.3334404053227048,-0.13255634889530205,-0.11580551751040202,-0.46027785119762465,-0.6441541340238097,-0.9956171324585992,-1.6745035768325702,-1.7746839926199818,-2.2208413798770184,-2.0122352117881954,-1.8195091422848104,-1.7912542876175395,-0.20530090625339353,-2.2991678458332157,-1.9226291583912845,-1.4303674232816428,-2.096499885860913,-1.6254559167307507,-0.18733782541346033,-0.9965979446643665,-0.8993505838535787,-1.7981811816095186,-3.0441481454297468,-2.577621735738761,0.7100612855584687,-1.2619709030590134,-1.8353832885602983,0.2676442739291707,0.6848407545164881,0.7587462542823611,1.497026288748761,0.21535633674368093,1.6270563659224608,2.039466452924283,1.903959499974948,1.7756315545802717,2.2932910538192717,1.0338174122425758,2.2954251595014488,1.0641608856481586,2.297851444223451,0.4606236885500728,-0.053275681600985,0.846862948410458,0.9871415995326196,0.5046079281956156,0.644475125341018,0.7998318646842268,1.7132434167935489,1.9045212884376022,0.6092328804852707
094,1.1695335465400545,0.9944996884698256,0.08127393125070043,0.4866091637030877,1.6974270551582067,-0.793531154805295,-2.32492783381242,1.541781913240681,-1.8124611806454611,-0.9068637952682826,3.072460968011701,-4.144306108148941,-1.58005560434637,-1.8399485999766787,-2.8228241105722147,0.9438919209389993,-0.8996048816836344,-2.005284045852591,-1.2626327438394185,0.7395737286047834,-1.0719702660235197,-0.327225208526655,-0.2877682722832083,0.18793522449858796,-0.9039256888107448,-1.8467176749235312,0.006550536562935583,-0.219322147973197,-1.9325387225113149,0.08635646226308002,-0.9381976241514869,-1.1530450384491724,0.10915418679500133,-1.547688134881336,-0.24957040671724362,0.2825363209320612,0.2228070287823809,-2.7167380846609617,3.5476060946908574,0.27249189785726147,-2.43547601667705,-2.7784881983869263,-2.007439975931241,-1.8709698967759585,-3.3328849043076807,-2.636655319427253,-1.3755766159385026,-3.1884039892980014,0.2902324599221282,-2.5275797779128233,0.21806145058523924,-0.6908554201281141,-1.818384353810643,-2.600586506352637,-1.3984153201510583,-0.8526991584686763,-2.919636114509862,-2.769858363008897,0.5516938324543585,-2.1271421607371854,4.169938109731424,-1.8729854140014695,0.7461321832554608,-0.36595441369456827
095,-0.36344161178242845,-0.678150440443216,1.9052676312394832,2.806854538366027,1.6077197573089113,3.496932837921858,-1.3138562333221715,4.8236083675498,3.615249311105313,3.6927202217584236,2.0433682798948647,3.0138495875001237,3.9875569373796247,3.4750083550664943,2.477026460873265,4.173758393155692,4.7978149944793795,3.663688380813838,2.9982600969376034,3.529994077555117,1.2623832356039706,0.704457308141572,0.3077673020630992,2.8362996374136715,2.8649515369531304,3.2439475825108244,3.134397948806676,3.4870302223513456,3.074366945878795,3.901870267997063,1.2300218539790504,1.5942274376680738,3.727928719302506,3.3094162755891636,2.4456654028209255,1.643967792061984,1.9296067413189635,1.9303392567009348,3.1882217381155975,2.8030020523081,3.867592090035971,3.459210172255593,2.482023008402404,1.6606817568128052,3.092252254202489,3.0354550031942282,3.2130824551653987,3.1083473991762145,4.00133459102201,3.4655864559627187,3.454301192667082,3.004236211363786,1.2210698676131098,1.670159708157154,2.4336187659802895,2.521050576833722,2.4204680592686856,3.2795157958531584,3.1244624873535685,2.9959886615123597,4.525606488488821,2.9598472321598193,2.1950994039751057,4.720128278376148
096,3.39614917323237,3.6193095253653076,3.0514315663478433,2.4013115878775833,3.0694424365831283,3.099522716823329,2.9235098204212506,3.8302238161201543,4.638545296948219,1.585925735447732,2.619149851171127,3.256785238555839,4.154295499892612,3.236986781827282,4.544958553721618,3.0135522138260114,4.3908249693671,3.4124095213150354,3.3478954919027686,3.2011909108643044,3.5441856768541045,3.1242785711205743,4.60279624093546,2.4030193974078786,3.9512388340657143,2.5274388626826254,3.313696387312242,3.144573863355107,4.163424675827233,3.433878415993772,4.028996109586246,2.3581090124149644,3.1158528557837606,3.0072524422029403,2.377791258760226,2.5486647068490837,0.3132588570553727,3.089057454490515,3.7449156187671266,3.090998905856842,1.215044680730931,1.7340871757181444,2.4207487895764728,1.8063022133287063,2.9117955535001503,4.4627634838739425,4.1005606270039845,2.7356196503460026,2.8786447820034056,3.224043142277697,2.782228930464794,3.243335463188203,2.641276948898084,2.120385371108158,1.3859938714118671,2.403723275300366,2.7654199813777973,4.019748682160278,5.736309558957605,2.576196971594108,4.747145582113298,2.213107344113386,3.3353394856053384,6.240336401060103
097,-0.845727954427514,0.2703156639332107,-0.639340304922746,0.21855588013039345,-0.09613856255096342,-1.2592110049585448,-1.1410657362022252,0.11803159191228091,-0.881779639215164,-1.7051919419642223,0.34472586302304936,-1.7662869668469978,0.69114638817016,0.30796798669495085,-0.49166485204058086,-0.6786730199217708,-2.3091351968121083,-1.1660211428528537,-1.7514392539245454,-0.12178905704330734,-0.08259764659891361,-0.6002773570062054,-0.7682463734364365,-1.4792591350413498,-0.8695140670715147,-0.07005745764990856,-0.833735018444205,0.07313338876482856,0.302920061736711,-0.46545545795195387,-0.6023575632591295,0.3585866133953342,-0.4223922662447558,0.5725423499032972,-0.9127011960011596,-0.6998121121933878,-1.314002178727718,-0.6021165373913073,-2.807515289807554,0.9556480377406703,-0.8008861323330896,-1.6748600047656486,-2.053710134375902,-1.0232880064745378,0.20337134134419604,-0.7706486419841572,-0.5964004159273265,-0.4960654776089526,0.298693373035381,-2.291742076147227,-0.0951782863188731,-1.429557878357893,-0.5341192880471918,-0.7356348251010041,-0.18618210568558746,-1.7831677418919076,-1.6892824047346218,-0.20645753775592784,-1.1514747571371218,-1.472345994529785,-1.2405129667745711,-0.5749106366869333,0.8512901465772742,0.16372574004899199
098,-2.3925508943985783,-2.142932182487596,-0.5814672399264049,0.1945249276655775,-0.9879609504766357,1.2037293480580082,1.2563365975343495,0.6452861854377723,0.6269653744890441,-0.0012623699067166316,0.7157903514562232,1.0913060320499488,1.2582634887758284,2.1493251081471896,0.9779644148412974,1.6339407194226065,0.44916867316280257,1.356858738823219,2.4931782443069,-0.4239073784666199,-1.828928945749909,-0.4744750410319681,-3.1944437012271,-0.1932877169653141,-1.5701094760959413,-1.3740125980425675,-1.9607930070435466,1.096926596089121,0.25896086399679785,0.3594007843307752,-1.4988368233267175,-0.562894147004505,-1.5924091078586746,1.514288251613038,-1.1168823390677782,-0.7610946091624462,-1.566922621621147,-0.4502399009311955,-2.3151961533854255,-0.6178170114780035,-0.18283075365770568,2.114298349029746,1.728971127348502,1.4183159580884206,0.9755409492674789,1.9859938526657774,1.7517667768689362,1.1722524056290602,2.292328684903782,0.8884400060961558,2.2201754863636842,0.8685130435225465,1.332860149788159,1.5120892616901391,1.8182826285424702,1.080788310116754,0.47606693510588605,2.1619169954270694,-3.9478240816039682,-0.04707182811047844,-1.8388672651420312,-0.37586237655191684,0.7289711684426715,-0.34911216216768753
099,1.033721106281058,-0.635487812390331,0.0344676008253304,1.0079827995419142,0.15412827394980838,-0.7909196938287628,-1.7020966041891659,0.05747336583573359,-0.8391772314449182,1.2370587500977863,1.692711012527613,-0.07978905283698134,-0.49567607521453816,0.8217382697284915,0.3101312800046171,1.1946205948328403,1.334543379414146,-1.7819607250214182,-0.748409743885694,0.2399730227162823,-1.428438369188109,0.5921979138860924,-1.1360241278599754,0.7400351384310682,0.37488189852793835,0.9364719005593678,0.3894967481756405,-0.8782375335518334,-0.9272323093295487,0.76587299936832,-0.36150534894191394,1.5494631721166983,0.7454833207493433,-1.9903846894240886,1.0741366202446299,1.290908823709787,1.246440683290892,1.8712838078925336,2.5230729311567557,-1.3577146395300654,0.7287351232877491,-0.01085467909058846,0.9875101543337224,1.096542665885114,0.7684060817614276,-0.1354869250719406,1.079907209573011,-0.28149424297526915,0.126451909855461,1.1689176427051184,1.239292100851602,1.9966272533517584,-0.4238578022603875,1.231696773851909,0.3273328745486907,1.2815027854543655,1.320021722667811,-0.20093525638166143,1.4839045266920237,1.216036857844299,3.2567562475417065,-0.3373622681325285,1.1294045166824258,0.5920946917222897
101,1.0624900326024438,2.0261440779169955,0.34107732426685744,1.7380325942922212,0.6174594116175391,-1.3758970547554918,-1.1560414785026698,-0.22699833307704953,-1.3943702612514746,1.153666954467654,-1.0521283526561236,-1.0970063988741594,-1.5640732531672623,0.027054535169534044,-1.589556757372384,0.8469401764257725,0.4272333191543106,0.1385256795824953,-1.1423757870049984,1.0238493095394985,2.096314227516893,-0.23919946870844389,1.3463380966251817,1.5127007545212403,3.6259891350412574,2.2444765037161236,3.4320535563999095,-0.04374044334214927,0.42497911615820666,2.2994490828401433,0.3752650508792712,1.893420212985541,1.8826950626050278,-1.2245509794729994,1.9261757557834045,-0.49498287344309766,0.5086970926768852,1.764626569010662,-0.5815705409282435,2.2640550294978325,0.31989029924840595,-0.028210426890192375,-0.14776222988822013,-1.218995999371035,-0.41950702211551866,-0.6438244810415553,0.27645260523578224,0.05546722487773048,1.3844106747807758,-0.3149085532319814,0.4804556783145674,2.759994726537313,-0.6820084242374396,-0.5756387294314516,1.1754576942613557,0.9312858066176404,-1.9354038597574967,-1.3446587346104226,1.0053591897605045,2.884854534711782,-0.2543428382714136,0.21862787084424373,1.3195363198435128,0.1574349677421782
102,-2.400497554028492,-2.7388489338832835,1.184265526983861,0.041047024542125055,-1.1125657173140797,1.297176921170267,2.771068088643942,1.6105807119125528,2.2518754253716216,0.08334820676074667,3.055742860158159,2.1576455107692585,2.006423156182567,0.6359231133442964,2.5804216178636175,0.9436410653510303,1.0697175027835064,0.4086093845228464,2.2222348836523667,-0.8474535403139936,-1.0943745706986632,-0.40507664343883676,-0.56301080266331,-0.0629329787437991,0.030109753558567875,0.5092023853115304,1.636891476314565,-0.32062130768359354,0.8913802223700185,0.7391701128524061,1.5754772233903234,0.5962238815015877,1.063049293627139,0.51085413542305,-1.0501943461366516,0.3188533677656749,0.0695451265120835,0.24059204966787368,1.1727310979772079,-0.03398728390827682,0.8204173971289044,1.339109102569899,-0.09774109847799956,0.9855756393826531,1.4122286941343551,1.098523032808628,1.158692279518875,0.4823577874243403,2.4659732137779535,0.5755913272699511,0.5038572226589437,-1.6589997237186553,0.7354261707844387,-0.6538422147756267,1.0771574856322723,-1.2769852245416076,0.6875396155935051,2.035125577741771,-2.0561986045385865,-1.1399007291989929,-0.06673871279658328,-1.2868156287728607,0.6573047739391356,-1.0889716519367894
103,-0.6983806183714913,1.3800618803606475,2.4455051009102693,2.09499553292859,-1.9841247883446915,-2.2256435077291568,-1.3396012665748835,-2.5262561991398718,-1.2769036744620534,-2.9256416537004744,-2.309586303648711,-1.5013915605573294,-1.5137847335261878,-2.47751861627563,-1.6952361395746154,-0.6685526137635969,-0.6806636780413997,-1.5170478604842057,-1.3910693286493339,-1.1692890026073528,-0.32786548806794047,-1.071077824923894,0.75794797999455,-1.4345763849539646,0.9686330793992972,-1.8406743751742354,-0.4356169641466413,-1.870520352365799,-1.6593504870277005,-1.6817565391743947,-1.255091290909504,-2.21013931236706,-0.9522273173024911,-1.94443128018866,-0.9473798395778172,0.874662008131438,-0.8028060656643663,-1.1554693027774179,0.5758897301343663,-1.2106812260485096,0.6039394869495398,-0.08836196983455236,0.6278138625371597,0.14163608711001252,-1.4566427615804238,-1.5188403258966463,-2.1707051057545286,-1.1862534110340521,-0.5261945575099316,-0.4945628839028611,0.5234551666081222,0.4764861822589594,-0.04683632337419197,-0.8515251543779312,-0.6721783750245205,-0.6126191439624962,-1.6757094131674342,-1.894175597830269,-1.0016331679619195,-0.5294110914151333,-1.5501066767696763,0.11380867576670689,0.24734897508103776,0.5506661841336187
104,0.6109544264655129,-0.06620283061056159,0.01093735543687635,-0.41258206545911413,1.0660112317497505,-0.11339282318888089,0.9561741649938524,-1.1743880323525857,-0.5447547783835214,-1.567956150050639,0.5882746099734257,-0.4061973241227452,-0.22906675370866436,-1.7454022941946494,0.009820942775152441,-0.851462431181885,-0.42971524846083564,-0.22098248972125095,0.4378785781358603,0.3427820174350735,1.1466680453993991,0.8658009138448456,0.4260853742877718,0.5235783532980893,0.1399605563508654,-1.2461421227024203,-0.6394307889765611,0.6800598257075875,0.865407575295847,0.41649731866053497,0.34550227516284465,-1.103383185180445,-0.14031895877729705,0.7724955858265473,0.7130299554426605,1.511758398377085,1.5279906267993353,-1.2501797639875385,-0.9666963435961644,0.6134951594404411,-1.7349159417936009,-0.14288958818363723,-0.44184178174909544,-0.5507171605221612,-1.3668495332395239,0.22319100210152126,-0.4419288175580778,-1.3554102095271556,-0.996294810520675,-1.293918606847827,-1.851736232963011,-1.3534402577677758,-1.9049777131643884,-0.21059134348248293,-1.258060899491346,-0.6326611263463927,-1.0696565743394078,-0.7844071176075381,-2.5623628374943106,-1.658558095763972,-1.0369728785297272,-1.4486001729380755,0.07761172626169222,-0.6462689157252542
105,1.3030204623033197,-0.2807554926471093,-0.23561633786150638,0.018984178786183414,0.9126352019994646,0.38515311649701356,0.14616337075098854,0.2707691381109032,-0.10709002878497925,0.437997332837575,-1.0387893703270463,0.6880401517176558,-0.4510008907676427,0.5327739886900444,0.4667392938409406,0.899896741182866,0.9636900639748158,0.43523559910747517,1.5175807737335272,1.6446868515012525,0.9966950911707868,0.5865341210327439,-0.2438582421207856,-0.6956058007701766,-0.5972273603965432,-0.3081418549854333,0.4564132105663492,-0.08173919275227748,0.25712890453462467,1.2905169488713695,-0.25350217272513315,1.8383710169132788,-0.798005411866235,1.1586075061889585,-1.5424814692433304,-0.4644881370734532,0.06221893904673087,-0.9395547570100113,-2.919621482114833,1.1144816532876616,-0.003560067780635945,-0.926185278546816,-1.1772059772192967,0.13694784832539375,0.12321576412911206,-0.19516411835860925,-0.3904602694816486,-0.07423396469586052,1.4613096552047469,0.13101077169200587,0.49861446671916454,1.143732592351278,-0.005054324103032082,-0.8605111727024416,-0.3772363445493549,-0.5950969774831925,-0.7601921555968981,0.2454630790363533,-2.207629642507519,-0.6056502770662642,-0.8413339009553102,-2.4692725336489163,-0.1570770317289601,0.8496596876789404
106,0.20533286116898658,-1.6748501055798926,-0.3279772455633729,-1.7898034685191533,-0.8168381248477379,-2.3795838719219597,-0.14778657805105533,-0.8601040834901941,-1.4653830034274888,-0.6329471700576871,-1.8634958275298488,-1.932704060340605,0.04346023117962872,-1.3519600469615771,-1.1764595629956913,-0.5572369958863592,-0.7099453191738059,-1.6148844686807942,-2.4953187998718134,-1.2728815717630106,-0.4973708697372575,-0.7476856093994119,-0.6800324724664804,-1.6627966436200163,-1.8592970013069607,-2.189565456351191,-1.3851781410063448,-0.19899788387370249,-1.0825111758399555,-1.7273436265991848,-0.2476544705178123,-2.770001097435806,-1.0342331610697297,-0.0035609024865916883,-0.7991629031239802,-0.4014152642182294,0.3296781202484145,-2.1294873504705327,0.6301820102220963,-0.26468079731991356,-0.8907875445252067,0.833086906660193,-1.5041600882822674,-0.5182630099976723,-0.9055643624818089,-1.3570962725314006,-1.2230914529236916,-1.4891122606273495,0.8624651042150279,-1.1431480598025605,-1.5437916751823457,0.19010796680037578,-1.3455207583582456,-0.059622775807460504,-1.3115041807954388,-1.2103748370743321,0.17642604252671645,-0.6808604329483501,-3.9249078789639147,-3.52302969335228,-5.414665268920769,-3.8950225136931502,-1.0104273892602111,-0.416767124897221
107,-0.4464372316934214,-1.6254116107802004,-0.9967277218833468,-3.7613241170093135,-1.4041351299142302,-1.3331732791053612,-1.5254531343515056,0.005303205244731213,-1.678931969831721,-1.1129454276452064,-1.9556482726213087,0.05970178108630936,-1.5721292380308944,-1.007513762908889,-1.5188206918411924,-0.6913495622294474,-2.4996307227022974,-2.1892879213391154,-1.4401030324986832,-1.3620104066387444,-1.4931375600079748,-1.1560940725862914,-1.9971376453274632,-0.1760457004423397,-3.173564169088559,-0.21805652144724885,-3.214108403794932,-1.1811121039835029,-2.3720336804061266,-1.2738405289853647,-1.3476507436106604,-0.9143841831338682,-1.5937097213237161,-1.4721824354335447,-1.163803546592915,-2.8575107299844174,-1.8455859339701028,-0.7095700932416968,-2.0468984966630046,-1.7248173525315114,-2.4753977084259855,-0.877620534618905,-1.307251576130028,-1.9743639928957104,-0.9910879116546517,-1.2035330200143064,-0.7847404949136374,-2.2866761688003976,-0.8866520974145912,-2.100038278205722,-2.4325607701441347,-2.6440491210996395,0.06256593781597608,-1.2394676337012553,-0.9798398644794705,-0.7318058840488223,-1.399103235577249,-1.322793411245934,0.10791933788194158,-0.2643185477174814,-1.5493517151231393,-0.1963158817482774,-1.030650349355438,-1.9236580536466132
108,0.7036604151913337,-0.14600710488264962,0.6667518270414688,-1.1271567988469666,0.6329921343729059,0.056202885866523444,0.5779994526411341,1.5033802365568052,-0.7557565103325956,0.9353498439018915,-0.4436607524439469,0.6910974859441953,-0.8721935604977145,0.6599949739289579,-0.25180701665562943,0.6646343919517073,0.441527924845774,-0.26874989578081027,-0.03402654610731104,0.938697557909133,-0.5092358775565475,1.894184776376099,-0.9989386513507236,0.918792283813376,-1.4975383045697088,1.8945166540197036,-0.2842055974968061,1.6717064629374998,-1.0292785890717626,2.6722060765490796,-1.5188615187469476,1.7964254173618828,-0.2277307512577868,0.9028207616644373,0.8379839401678799,-0.568373462823804,0.44940252945066606,1.8488717572876392,-0.9984663055190857,0.8865503688593342,1.0792458561657308,1.6618346238956034,-0.7671024856631639,0.17859259900050756,0.19099227184592044,-0.3130555911245383,0.12281577606743993,0.746165326018164,0.652270558906511,0.7357768301070227,0.33213445221577137,0.40196605664325546,0.1219094981133817,-0.24764905900587209,0.26108225040483146,1.1650243746154283,0.30365756751574974,0.494759407807036,2.324139909003178,-0.23026024306133475,0.1526531516447412,1.4215798380965319,2.6683828206007805,0.0033144454823763603
109,1.5067511597812617,0.3496133742300354,1.608623751680293,-1.8541176413479565,-1.3051946274234347,0.5576142655577341,-0.20342335574459508,1.419810723062258,-2.4839615680018587,-1.7552235392337443,1.8201313385915439,1.022668508260282,-0.874137640904875,0.6832911627784171,0.06759973365556132,0.7291573650875429,0.31215310709227945,0.09545537402928234,0.03876808801332565,-1.7368683245434777,-1.2873019632342855,-0.034110176530084024,-0.44072145457681355,-0.5002573919801026,1.9564126854522512,1.0577398649515315,-0.18730337026744104,0.2731430728161232,1.0766358576234674,1.418273591204807,0.059188143768361345,-0.9302940047294358,1.42094709783749,0.39686007551510605,-1.4234210247677928,-2.485445623437687,-1.34320118861496,0.456179851469164,0.6395180228161548,-0.2104752921467548,1.0021877792043254,1.153251038706565,1.0279592846359094,0.7146129141266604,0.8125857316513696,1.5271973790793345,1.0417078877598913,0.9245713626876066,-0.43708807161957736,2.070949701910835,-0.5822169807354005,0.23520127143029199,1.2829190068380738,0.8266252243010632,-0.4056640160767171,0.5804139929936252,0.7044021586033089,-0.7506679681914363,1.3460205131684715,-1.0459426904064832,0.14863127341003066,0.7079287588513574,0.1789535266454218,0.165509638398454
